id,fixed acidity,volatile acidity,citric acid,residual sugar,chlorides,free sulfur dioxide,total sulfur dioxide,density,pH,sulphates,alcohol,class
494,0.3809523809523805,0.708333333333333,0.14705882352941174,1.1428571428571423,0.2999999999999995,0.6428571428571429,1.036144578313253,1.556064073226531,0.894736842105263,0.7058823529411767,0.8750000000000004,1
355,-0.8571428571428577,-1.291666666666667,0.41176470588235303,-1.142857142857143,-0.6999999999999998,1.8928571428571428,3.0602409638554215,-2.5629290617849283,-0.3157894736842109,-0.17647058823529435,1.0625000000000009,1
343,1.4285714285714288,-0.5416666666666667,0.6176470588235293,-0.5714285714285715,1.8999999999999992,-0.5714285714285714,-0.5783132530120482,0.6407322654462067,-0.05263157894736965,0.7647058823529416,-0.24999999999999917,1
835,0.4285714285714288,0.6875000000000002,0.0,-0.8571428571428571,0.3999999999999996,0.14285714285714285,-0.3614457831325301,0.06407322654463592,0.052631578947367315,-0.8823529411764711,-0.49999999999999944,0
706,0.23809523809523814,2.145833333333333,-0.32352941176470595,5.428571428571427,-0.35000000000000026,-0.21428571428571427,0.3855421686746988,1.0068649885583465,0.3157894736842109,-0.7647058823529416,-0.18749999999999936,0
523,0.14285714285714238,-0.5416666666666667,0.6764705882352942,0.14285714285714232,0.95,2.357142857142857,2.289156626506024,0.5034324942791732,0.3684210526315782,2.176470588235295,-0.24999999999999917,0
1591,-0.7619047619047623,0.1250000000000001,-0.32352941176470595,-0.5714285714285715,-0.1500000000000001,0.8571428571428571,-0.07228915662650602,-1.6750572082379904,0.052631578947367315,1.1764705882352944,0.8750000000000004,1
1405,0.04761904761904746,-0.08333333333333341,0.3823529411764706,0.5714285714285712,0.09999999999999522,-0.14285714285714285,0.1927710843373494,0.7780320366132909,0.6315789473684218,0.0,0.31250000000000006,1
1056,0.14285714285714238,0.5,0.02941176470588238,-0.2857142857142859,0.7499999999999998,-0.6428571428571429,0.9397590361445783,0.30663615560638474,-0.9473684210526326,0.0,-0.6874999999999999,1
278,1.7142857142857144,-1.4166666666666667,0.7352941176470589,2.5714285714285707,1.1999999999999995,-0.7142857142857143,-0.3614457831325301,1.2814645308924641,-0.15789473684210661,2.0588235294117654,-0.06249999999999979,1
1240,-0.666666666666667,0.6250000000000001,-0.7647058823529412,2.9999999999999987,-1.1499999999999997,-0.21428571428571427,-0.43373493975903615,-0.8787185354691256,0.7368421052631587,-0.35294117647058804,1.000000000000001,0
949,0.4761904761904763,-1.6666666666666667,0.5588235294117647,-0.5714285714285715,-0.25000000000000017,-0.2857142857142857,-0.40963855421686746,-0.585812356979434,0.5263157894736848,0.8235294117647063,1.0625000000000009,1
793,-0.3809523809523814,0.3749999999999999,-0.7058823529411766,0.4285714285714282,0.05000000000000004,0.21428571428571427,1.180722891566265,0.29748283752857235,0.894736842105263,-0.11764705882352956,-0.31250000000000006,1
237,-0.3333333333333335,0.4583333333333333,-0.7647058823529412,-0.4285714285714288,0.8499999999999951,0.0,0.0,-0.022883295194505566,0.3157894736842109,-0.23529411764705913,-0.7499999999999997,1
670,1.6190476190476195,-0.75,0.5588235294117647,-0.2857142857142859,0.09999999999999522,-0.5714285714285714,-0.5542168674698795,0.9153318077803243,-1.9473684210526327,0.23529411764705913,-0.6250000000000001,1
1582,-0.8095238095238098,0.16666666666666682,-0.5000000000000001,-0.7142857142857144,-1.3499999999999999,0.7142857142857143,-0.14457831325301204,-1.2723112128146519,1.210526315789474,-0.11764705882352956,0.687500000000001,0
1541,-0.8095238095238098,0.0,-0.5294117647058824,3.1428571428571423,-0.4500000000000003,-0.21428571428571427,-0.14457831325301204,-0.15560640732265818,1.3157894736842108,0.05882352941176478,0.8750000000000004,1
340,2.1904761904761907,-1.0,0.8235294117647061,0.14285714285714232,0.09999999999999522,-0.14285714285714285,-0.21686746987951808,1.3272311212814754,-1.0526315789473697,4.3529411764705905,-0.24999999999999917,1
1395,-0.7142857142857144,0.20833333333333307,-0.35294117647058826,2.4285714285714275,-0.49999999999999967,0.9285714285714286,0.8433734939759037,-0.050343249427942736,0.052631578947367315,-0.8235294117647063,-0.6250000000000001,0
209,-0.04761904761904788,-0.3333333333333334,0.05882352941176476,0.7142857142857141,1.0,0.2857142857142857,1.3734939759036144,-0.09153318077802226,-0.47368421052631515,0.29411764705882393,-0.49999999999999944,0
1084,0.3809523809523805,-0.4166666666666668,0.5588235294117647,0.28571428571428525,-0.4000000000000003,1.2857142857142858,0.5060240963855421,-0.2883295194508108,0.10526315789473696,0.8823529411764711,1.1250000000000007,1
947,1.095238095238095,-0.3333333333333334,0.9411764705882353,2.7142857142857126,0.5999999999999998,-0.21428571428571427,-0.3373493975903614,0.29748283752857235,-0.10526315789473696,2.176470588235295,1.1250000000000007,1
1492,-1.0952380952380958,0.08333333333333341,-0.6470588235294118,-0.7142857142857144,-1.5499999999999996,-0.6428571428571429,-0.6024096385542169,-1.189931350114442,2.1578947368421066,-0.23529411764705913,0.7500000000000009,0
382,2.761904761904762,-0.43750000000000017,1.235294117647059,0.9999999999999993,0.25000000000000017,0.21428571428571427,0.12048192771084337,2.1052631578947665,-1.3157894736842108,1.0588235294117654,-0.12499999999999958,1
1204,0.9523809523809526,0.9166666666666666,-0.20588235294117652,5.1428571428571415,1.5499999999999996,1.3571428571428572,0.9156626506024096,0.9061784897025119,-0.894736842105263,-0.4117647058823528,-0.49999999999999944,0
1102,-0.23809523809523814,-0.1250000000000001,0.02941176470588238,-0.14285714285714296,-0.4500000000000003,0.0,-0.3132530120481928,-1.3363844393592876,0.21052631578947392,0.05882352941176478,1.1250000000000007,1
821,-0.4285714285714288,0.6875000000000002,-0.7647058823529412,-0.4285714285714288,0.95,-0.35714285714285715,-0.3855421686746988,-0.3386727688787535,0.15789473684210428,-0.11764705882352956,-0.31250000000000006,0
1266,-0.3333333333333335,0.20833333333333307,-0.6176470588235295,0.14285714285714232,0.05000000000000004,0.14285714285714285,-0.04819277108433735,-0.5308924485126104,0.3684210526315782,-0.11764705882352956,0.0625000000000009,1
1459,0.23809523809523814,-0.9583333333333335,0.41176470588235303,-0.7142857142857144,-0.6499999999999998,-0.42857142857142855,-0.43373493975903615,-0.3524027459954467,0.42105263157894784,-0.11764705882352956,0.1875000000000005,0
809,-0.23809523809523814,0.041666666666666706,-0.41176470588235303,-0.4285714285714288,4.249999999999999,-0.7142857142857143,-0.6265060240963856,0.10068649885583465,-0.2631578947368436,1.4117647058823535,-0.6250000000000001,0
1287,-0.3809523809523814,-1.5,0.5294117647058824,0.4285714285714282,-0.5999999999999998,0.21428571428571427,-0.1686746987951807,-1.6109839816933544,0.21052631578947392,-0.4705882352941176,1.3750000000000009,1
434,2.095238095238096,-0.5416666666666667,1.0882352941176472,0.14285714285714232,0.5499999999999997,-0.5714285714285714,-0.4819277108433735,1.6475972540045534,-0.7894736842105261,-0.7647058823529416,-0.43749999999999967,0
293,1.1904761904761907,0.1250000000000001,-0.08823529411764706,0.7142857142857141,0.5499999999999997,0.2857142857142857,0.24096385542168675,1.189931350114391,-0.47368421052631515,0.11764705882352956,0.0625000000000009,1
552,0.7142857142857144,-0.3750000000000001,-0.05882352941176476,0.8571428571428564,0.5999999999999998,0.0,0.1686746987951807,0.5491990846681845,-0.6315789473684218,0.6470588235294119,-0.12499999999999958,1
1228,0.5238095238095237,0.24999999999999978,-0.02941176470588238,-0.2857142857142859,1.1999999999999995,-0.42857142857142855,-0.40963855421686746,0.40732265446221944,-0.21052631578947392,0.5882352941176472,-0.37499999999999983,0
1396,0.33333333333333304,0.6875000000000002,-0.4705882352941177,-0.8571428571428571,0.5999999999999998,-0.7857142857142857,-0.6265060240963856,0.29748283752857235,0.0,0.17647058823529435,-0.4062499999999992,1
234,-0.4761904761904763,0.0,-0.02941176470588238,0.5714285714285712,0.05000000000000004,-0.2857142857142857,-0.024096385542168676,0.022883295194505566,0.7894736842105261,-0.7058823529411767,0.5000000000000006,0
1125,-0.666666666666667,0.24999999999999978,-0.7647058823529412,0.0,0.7999999999999998,-0.7857142857142857,-0.6024096385542169,-0.5629290617849284,1.6315789473684217,0.0,0.8125000000000007,0
197,-0.28571428571428603,0.24999999999999978,0.11764705882352937,0.28571428571428525,-0.3000000000000002,0.07142857142857142,0.40963855421686746,0.0,0.7894736842105261,-0.17647058823529435,0.0,0
1439,-0.4285714285714288,0.29166666666666646,-0.7647058823529412,-0.7142857142857144,-1.4,-0.7857142857142857,-0.7228915662650602,-0.3661327231121399,0.5263157894736848,-0.8823529411764711,0.0625000000000009,0
1341,-0.1904761904761907,-0.041666666666666706,-0.7058823529411766,-0.7142857142857144,0.20000000000000015,-0.07142857142857142,-0.1686746987951807,-0.649885583524019,0.26315789473684126,-0.4705882352941176,0.1875000000000005,1
1496,-0.4285714285714288,-0.3750000000000001,-0.7058823529411766,-0.4285714285714288,0.0,0.07142857142857142,-0.24096385542168675,-0.8604118993135008,0.21052631578947392,1.1176470588235303,0.2500000000000003,1
439,1.1904761904761907,-0.45833333333333354,0.8529411764705884,1.4285714285714282,-0.20000000000000015,0.5714285714285714,0.3855421686746988,1.2814645308924641,-0.8421052631578957,1.5882352941176479,-0.18749999999999936,1
1230,-0.1428571428571432,-0.3750000000000001,0.08823529411764698,-0.14285714285714296,-0.25000000000000017,0.35714285714285715,0.6746987951807228,0.17391304347823214,0.47368421052631515,0.11764705882352956,-0.43749999999999967,0
112,0.23809523809523814,0.4166666666666666,-0.5000000000000001,0.0,0.20000000000000015,-0.21428571428571427,1.6867469879518073,-0.18306636155609535,-0.8421052631578957,0.23529411764705913,-0.24999999999999917,0
1359,-0.23809523809523814,0.5,-0.2647058823529412,4.57142857142857,4.3999999999999995,2.7142857142857144,1.4457831325301205,0.2562929061784928,-0.15789473684210661,-0.7058823529411767,-0.43749999999999967,0
1189,-0.5714285714285716,0.5,-0.08823529411764706,-0.14285714285714296,0.0,-0.21428571428571427,1.9518072289156627,-0.649885583524019,0.26315789473684126,0.4705882352941176,0.4375000000000008,0
1349,-0.3333333333333335,0.5625000000000001,-0.6764705882352942,-0.5714285714285715,-0.10000000000000007,-0.5,-0.6265060240963856,-0.4256292906178442,0.15789473684210428,-1.3529411764705888,-0.43749999999999967,0
472,0.8095238095238093,0.08333333333333341,0.47058823529411764,0.28571428571428525,0.05000000000000004,0.7857142857142857,0.3373493975903614,0.09153318077802226,-0.5789473684210521,0.5294117647058824,0.7500000000000009,1
1347,-0.8571428571428577,0.29166666666666646,-0.7352941176470589,-0.14285714285714296,-1.200000000000005,-0.6428571428571429,-0.6024096385542169,-0.951945080091523,1.105263157894737,-0.35294117647058804,0.7500000000000009,0
933,-0.1428571428571432,-0.5,0.08823529411764698,-0.4285714285714288,-0.10000000000000007,1.0714285714285714,0.6746987951807228,0.1372997711670334,0.7368421052631587,-0.17647058823529435,-0.43749999999999967,1
910,-0.28571428571428603,-0.8958333333333335,0.3823529411764706,-1.4285714285714286,-1.05,-0.5,-0.6506024096385542,-1.5972540045766614,-0.10526315789473696,-0.5882352941176472,0.8125000000000007,1
311,1.1428571428571432,0.041666666666666706,0.6470588235294118,0.4285714285714282,-0.8499999999999999,-0.5714285714285714,-0.3132530120481928,1.3729977116704866,-1.0,-0.17647058823529435,-0.5624999999999992,1
1484,0.09523809523809491,-0.7916666666666667,0.5294117647058824,-1.0,-1.8999999999999997,-0.5714285714285714,-0.6265060240963856,-0.6315789473684451,0.21052631578947392,-0.05882352941176478,0.31250000000000006,0
479,0.8095238095238093,0.6666666666666669,-0.05882352941176476,0.0,0.34999999999999953,-0.6428571428571429,-0.24096385542168675,0.9153318077803243,-0.894736842105263,-0.11764705882352956,0.0,0
602,2.5238095238095237,-0.25,0.7647058823529412,0.0,-0.4500000000000003,-0.14285714285714285,-0.07228915662650602,1.7391304347825756,-1.105263157894737,-0.35294117647058804,-0.7499999999999997,1
1182,0.9047619047619051,-0.5416666666666667,0.5,-0.7857142857142859,-0.5999999999999998,-0.6428571428571429,-0.6506024096385542,-0.9244851258581367,-0.6315789473684218,-0.9411764705882355,0.7500000000000009,0
519,1.4285714285714288,-1.291666666666667,0.6764705882352942,0.8571428571428564,0.3999999999999996,-0.21428571428571427,-0.14457831325301204,0.18306636155604453,-0.47368421052631515,0.3529411764705887,0.9375000000000002,1
430,2.333333333333334,1.3333333333333333,1.0882352941176472,0.28571428571428525,0.3999999999999996,-0.07142857142857142,-0.07228915662650602,1.3272311212814754,-1.105263157894737,-0.11764705882352956,0.1250000000000007,1
1587,-0.1904761904761907,-0.8750000000000001,0.4411764705882352,0.28571428571428525,-0.7499999999999998,1.4285714285714286,0.5301204819277109,-0.8604118993135008,0.15789473684210428,1.3529411764705888,0.7500000000000009,1
1090,1.7619047619047619,-0.45833333333333354,0.8235294117647061,-1.0,0.7499999999999998,0.5714285714285714,0.07228915662650602,0.25171624713956126,-1.5263157894736847,0.8235294117647063,-0.18749999999999936,1
1220,0.5238095238095237,-0.5416666666666667,0.41176470588235303,-1.2857142857142856,-1.7999999999999998,0.7857142857142857,0.2891566265060241,-0.9244851258581367,-0.5789473684210521,1.235294117647059,0.4375000000000008,1
622,0.14285714285714238,0.16666666666666682,-0.08823529411764706,1.7142857142857135,-0.10000000000000007,0.0,1.5903614457831325,0.3661327231121399,-0.15789473684210661,0.0,-0.49999999999999944,0
1534,0.04761904761904746,-0.5416666666666667,0.11764705882352937,-0.4285714285714288,-0.3000000000000002,1.2857142857142858,1.108433734939759,0.16933638443935137,0.42105263157894784,-0.05882352941176478,-0.7499999999999997,0
889,-0.5238095238095242,0.20833333333333307,-0.7647058823529412,0.4285714285714282,-0.4000000000000003,1.2857142857142858,0.6265060240963856,-0.8649885583524324,0.6315789473684218,-0.35294117647058804,0.6250000000000001,1
810,-0.1428571428571432,-0.16666666666666682,0.14705882352941174,0.8571428571428564,-0.49999999999999967,-0.7142857142857143,-0.5542168674698795,0.05949656750570431,-0.47368421052631515,-0.4117647058823528,0.0625000000000009,1
708,-0.23809523809523814,-0.1250000000000001,-0.20588235294117652,1.1428571428571423,-0.1500000000000001,0.14285714285714285,-0.024096385542168676,-0.09153318077802226,0.3157894736842109,-0.6470588235294119,0.1875000000000005,0
1109,0.09523809523809491,1.0833333333333335,-0.4705882352941177,1.5714285714285705,0.49999999999999967,-0.7142857142857143,-0.6024096385542169,0.8009153318077965,0.26315789473684126,-0.7647058823529416,-0.43749999999999967,0
1314,-0.4285714285714288,-0.6666666666666669,-0.14705882352941183,0.14285714285714232,0.2999999999999995,0.42857142857142855,0.6506024096385542,-0.5583524027459968,0.47368421052631515,-0.4705882352941176,-0.06249999999999979,1
1112,-1.1904761904761907,-0.4166666666666668,0.02941176470588238,-0.2857142857142859,0.5999999999999998,0.6428571428571429,0.40963855421686746,-0.9565217391304547,2.473684210526315,0.11764705882352956,1.312500000000001,1
1566,-0.5714285714285716,0.6250000000000001,-0.7058823529411766,-0.4285714285714288,-0.95,0.8571428571428571,0.0963855421686747,-0.8741418764301939,0.42105263157894784,1.1764705882352944,0.4375000000000008,1
328,1.1428571428571432,-0.3333333333333334,0.7058823529411765,3.2857142857142847,1.3499999999999996,-0.6428571428571429,-0.6024096385542169,0.5491990846681845,-0.15789473684210661,1.235294117647059,0.8125000000000007,0
255,-0.3809523809523814,0.3333333333333332,-0.7647058823529412,-0.5714285714285715,-0.3000000000000002,0.14285714285714285,-0.0963855421686747,0.18306636155604453,0.8421052631578957,0.4705882352941176,-0.18749999999999936,1
1161,1.2857142857142856,-0.6666666666666669,0.9117647058823528,0.14285714285714232,0.34999999999999953,-0.5714285714285714,-0.43373493975903615,-0.018306636155624778,-0.894736842105263,0.5882352941176472,0.5625000000000003,1
583,1.8095238095238093,-0.1250000000000001,0.6764705882352942,0.0,0.1500000000000001,-0.6428571428571429,-0.5542168674698795,1.4645308924485088,-0.6315789473684218,-1.1176470588235299,-0.6250000000000001,0
627,0.4285714285714288,0.3333333333333332,0.08823529411764698,0.0,0.8999999999999999,-0.6428571428571429,-0.5542168674698795,0.9153318077803243,0.26315789473684126,-0.7647058823529416,-0.6874999999999999,0
1031,-0.3809523809523814,0.29166666666666646,-0.7647058823529412,-0.14285714285714296,0.5499999999999997,-0.35714285714285715,-0.5783132530120482,-0.8787185354691256,0.5789473684210521,-0.4117647058823528,0.8125000000000007,1
621,0.1904761904761907,0.08333333333333341,-0.05882352941176476,1.7142857142857135,-0.20000000000000015,0.14285714285714285,1.783132530120482,0.3661327231121399,-0.21052631578947392,-0.05882352941176478,-0.49999999999999944,0
491,0.666666666666667,1.0625,0.02941176470588238,0.8571428571428564,-0.10000000000000007,0.7142857142857143,0.43373493975903615,0.732265446224229,0.0,0.29411764705882393,0.2500000000000003,1
959,-0.7142857142857144,0.20833333333333307,-0.41176470588235303,0.14285714285714232,1.9999999999999993,0.7857142857142857,-0.04819277108433735,-0.7368421052631605,0.8421052631578957,0.5294117647058824,0.687500000000001,1
414,0.9523809523809526,-0.5,0.7941176470588237,6.428571428571427,0.8499999999999951,-0.5714285714285714,-0.4578313253012048,0.823798627002302,-0.21052631578947392,1.1764705882352944,0.9375000000000002,1
417,1.2857142857142856,-0.16666666666666682,1.1176470588235294,0.0,1.5499999999999996,-0.5714285714285714,-0.43373493975903615,0.09153318077802226,-0.2631578947368436,0.23529411764705913,0.9375000000000002,1
87,0.33333333333333304,-0.1250000000000001,0.05882352941176476,-0.4285714285714288,1.4999999999999996,0.42857142857142855,2.36144578313253,0.18306636155604453,-2.0,7.823529411764709,-0.18749999999999936,1
1261,0.33333333333333304,0.47916666666666663,1.235294117647059,-0.5714285714285715,16.14999999999999,0.35714285714285715,0.43373493975903615,-0.21967963386729408,-1.5263157894736847,3.1176470588235303,-0.5624999999999992,0
1514,-0.7142857142857144,0.16666666666666682,-0.32352941176470595,-0.5714285714285715,-0.10000000000000007,0.21428571428571427,0.6506024096385542,-1.7665903890160126,0.10526315789473696,-0.11764705882352956,0.1875000000000005,1
366,1.0,-0.4166666666666668,0.7058823529411765,1.7142857142857135,1.3499999999999996,-0.5,-0.40963855421686746,0.5034324942791732,-0.2631578947368436,1.823529411764707,1.000000000000001,1
266,1.8571428571428577,-1.0833333333333335,0.7647058823529412,-0.5714285714285715,-0.4500000000000003,-0.5714285714285714,-0.6746987951807228,0.0,-0.5789473684210521,0.5882352941176472,0.0,1
1583,-0.8571428571428577,0.8124999999999998,-0.4705882352941177,0.5714285714285712,-1.3499999999999999,-0.07142857142857142,-0.26506024096385544,-1.455377574370747,1.3684210526315783,-0.7058823529411767,1.0625000000000009,0
359,1.904761904761905,-0.3750000000000001,1.1764705882352944,1.2857142857142854,1.4499999999999995,-0.2857142857142857,-0.3614457831325301,1.4645308924485088,-0.8421052631578957,1.3529411764705888,0.1250000000000007,1
55,-0.1428571428571432,-0.041666666666666706,-0.32352941176470595,0.8571428571428564,1.4999999999999996,1.3571428571428572,0.8433734939759037,-0.5949656750571956,-0.7368421052631587,0.05882352941176478,0.0,1
1101,0.23809523809523814,-0.75,0.47058823529411764,-0.14285714285714296,-0.4000000000000003,0.6428571428571429,-0.04819277108433735,-1.3180778032036629,-1.0526315789473697,0.9411764705882358,1.3750000000000009,1
1201,-0.09523809523809534,0.20833333333333307,-0.14705882352941183,-1.0,-0.5499999999999997,-0.7142857142857143,-0.6987951807228916,-1.016018306636159,-0.7894736842105261,-0.4705882352941176,-0.24999999999999917,1
901,0.4761904761904763,-0.8750000000000001,0.2941176470588235,0.5714285714285712,-1.200000000000005,-0.2857142857142857,0.024096385542168676,-0.5400457665904228,0.47368421052631515,0.4117647058823528,1.000000000000001,0
1323,0.5714285714285712,-0.75,0.47058823529411764,-0.5714285714285715,-1.100000000000005,-0.35714285714285715,-0.4819277108433735,-1.3180778032036629,-0.6842105263157892,-0.4117647058823528,0.7500000000000009,0
1232,-0.04761904761904788,1.2291666666666665,-0.7352941176470589,0.5714285714285712,-0.3000000000000002,2.4285714285714284,1.2530120481927711,-0.27002288329518603,0.3684210526315782,0.0,0.375000000000001,0
222,-0.23809523809523814,0.041666666666666706,0.0,-0.2857142857142859,1.0499999999999945,0.14285714285714285,0.8192771084337349,-0.5034324942791732,-0.8421052631578957,-0.29411764705882393,-0.49999999999999944,0
114,1.0476190476190474,-0.8750000000000001,0.5294117647058824,0.14285714285714232,0.0,0.5714285714285714,0.1927710843373494,0.9153318077803243,0.052631578947367315,0.29411764705882393,-0.31250000000000006,1
1598,-0.9523809523809526,0.5208333333333334,-0.41176470588235303,-0.2857142857142859,-0.25000000000000017,1.2857142857142858,0.14457831325301204,-0.6086956521739395,1.3684210526315783,0.5294117647058824,0.0,0
655,0.33333333333333304,-0.20833333333333354,0.6176470588235293,0.28571428571428525,-0.3000000000000002,-0.5,-0.21686746987951808,0.5034324942791732,-1.210526315789474,-0.9411764705882355,-0.43749999999999967,0
175,-0.28571428571428603,-0.5833333333333334,-0.14705882352941183,-0.2857142857142859,0.0,-0.5,-0.07228915662650602,-0.32036613272312875,0.10526315789473696,-0.8823529411764711,-0.43749999999999967,0
905,-0.5238095238095242,0.29166666666666646,-0.5882352941176472,5.428571428571427,-1.0,-0.21428571428571427,-0.4819277108433735,-0.2745995423341176,0.5263157894736848,-0.17647058823529435,0.375000000000001,1
599,0.2857142857142856,0.27083333333333315,-0.2352941176470589,-0.14285714285714296,-0.10000000000000007,-0.6428571428571429,-0.1927710843373494,-0.04576659038901113,-0.5789473684210521,-0.8235294117647063,-0.24999999999999917,1
808,0.14285714285714238,-1.0,0.41176470588235303,0.28571428571428525,-1.4,-0.7142857142857143,-0.6746987951807228,-1.4828375286041335,0.10526315789473696,0.4705882352941176,1.6250000000000013,1
1319,-0.1904761904761907,0.4583333333333333,0.02941176470588238,-0.2857142857142859,0.1500000000000001,0.21428571428571427,1.2771084337349397,-0.2929061784896916,-0.2631578947368436,-0.23529411764705913,-0.24999999999999917,1
19,-0.23809523809523814,0.29166666666666646,-0.5294117647058824,3.1428571428571423,0.2999999999999995,-0.5714285714285714,-0.21686746987951808,0.2745995423340668,0.3684210526315782,-0.7058823529411767,-0.7499999999999997,0
1226,0.6190476190476186,-0.25,-0.08823529411764706,0.5714285714285712,0.5499999999999997,0.2857142857142857,0.9397590361445783,1.1075514874141812,-0.8421052631578957,-0.6470588235294119,-0.49999999999999944,0
1068,1.5238095238095237,-0.8750000000000001,0.7941176470588237,0.0,-1.0,-0.7857142857142857,-0.6746987951807228,-0.4942791762013609,-1.5263157894736847,1.235294117647059,0.4375000000000008,1
286,0.9523809523809526,0.29166666666666646,-0.5588235294117647,1.7142857142857135,1.0999999999999994,1.2857142857142858,0.7951807228915663,1.5331807780320763,0.0,0.5294117647058824,-0.24999999999999917,0
429,0.5714285714285712,0.0,0.20588235294117652,-1.2857142857142856,-0.49999999999999967,-0.35714285714285715,-0.1927710843373494,0.45766590389016215,-0.3684210526315782,-0.11764705882352956,-0.5624999999999992,0
989,-0.09523809523809534,-0.5416666666666667,-0.41176470588235303,-0.7142857142857144,0.8499999999999951,0.35714285714285715,-0.26506024096385544,-0.3844393592677647,-0.7894736842105261,-0.7647058823529416,-0.49999999999999944,0
701,1.2857142857142856,2.0833333333333335,0.5,0.9999999999999993,-0.20000000000000015,0.8571428571428571,1.2048192771084338,0.732265446224229,-1.210526315789474,-0.29411764705882393,-0.06249999999999979,1
1272,-0.28571428571428603,-0.3333333333333334,-0.17647058823529413,-0.8571428571428571,-1.5499999999999996,0.7142857142857143,0.6265060240963856,-1.51029748283752,0.3684210526315782,-0.29411764705882393,0.9375000000000002,1
32,-0.4761904761904763,0.6875000000000002,-0.7647058823529412,0.4285714285714282,1.2499999999999996,0.5714285714285714,-0.024096385542168676,-0.09153318077802226,0.7894736842105261,-0.29411764705882393,0.2500000000000003,1
618,1.7142857142857144,-0.8750000000000001,0.7352941176470589,0.0,-0.05000000000000004,0.0,-0.24096385542168675,0.6407322654462067,-1.4736842105263175,1.823529411764707,-0.24999999999999917,1
211,0.8571428571428568,0.041666666666666706,1.0,-0.2857142857142859,-2.05,-0.6428571428571429,-0.4578313253012048,-0.4347826086956566,-0.05263157894736965,1.4117647058823535,1.3750000000000009,1
440,-0.4285714285714288,0.4166666666666666,-0.2352941176470589,-1.0,-0.8999999999999999,-0.5,0.2891566265060241,-0.7780320366132909,-1.210526315789474,-0.11764705882352956,-0.5624999999999992,0
600,2.2857142857142856,0.29166666666666646,0.5588235294117647,0.14285714285714232,0.09999999999999522,-0.21428571428571427,-0.3855421686746988,1.4645308924485088,-1.6315789473684217,0.4705882352941176,-0.5624999999999992,1
652,0.9047619047619051,1.5,-0.02941176470588238,0.4285714285714282,1.1999999999999995,1.5,2.819277108433735,1.9221967963386202,0.5263157894736848,0.29411764705882393,0.6250000000000001,0
215,-0.04761904761904788,0.8958333333333333,-0.5294117647058824,0.28571428571428525,0.5999999999999998,-0.2857142857142857,0.07228915662650602,0.2745995423340668,-0.3684210526315782,0.5294117647058824,-0.24999999999999917,1
533,1.904761904761905,-0.5833333333333334,0.6764705882352942,0.7142857142857141,0.8999999999999999,-0.14285714285714285,0.0963855421686747,1.6475972540045534,-0.7894736842105261,-0.05882352941176478,0.0625000000000009,0
918,-0.5238095238095242,-0.45833333333333354,0.14705882352941174,9.428571428571427,0.20000000000000015,0.8571428571428571,0.1686746987951807,0.6590389016018314,0.3684210526315782,0.11764705882352956,-0.06249999999999979,1
755,-0.04761904761904788,-0.16666666666666682,1.235294117647059,-0.7142857142857144,16.749999999999996,0.0,-0.14457831325301204,-0.10983981693364704,-1.1578947368421066,2.5882352941176485,-0.6874999999999999,1
327,1.7619047619047619,0.041666666666666706,1.1764705882352944,2.0714285714285707,2.0499999999999994,-0.5714285714285714,-0.5783132530120482,0.45766590389016215,-1.3684210526315805,0.7058823529411767,0.8125000000000007,1
1424,-0.7142857142857144,0.041666666666666706,-0.5000000000000001,2.4285714285714275,2.1499999999999995,0.0,-0.1686746987951807,0.0,1.0,0.29411764705882393,0.5000000000000006,0
908,-0.8571428571428577,0.16666666666666682,-0.7647058823529412,0.0,-0.05000000000000004,-0.5714285714285714,-0.6987951807228916,-0.9153318077803243,1.4736842105263153,-0.4705882352941176,0.8125000000000007,1
189,0.0,-0.08333333333333341,0.20588235294117652,-0.2857142857142859,0.20000000000000015,0.07142857142857142,2.5301204819277108,0.0,-0.5789473684210521,-0.4117647058823528,-0.43749999999999967,0
469,1.666666666666667,-0.6666666666666669,1.2647058823529411,-0.14285714285714296,0.49999999999999967,-0.5714285714285714,-0.40963855421686746,1.4645308924485088,-0.7368421052631587,0.0,-0.6250000000000001,1
342,1.2857142857142856,-0.4166666666666668,0.6470588235294118,0.7142857142857141,-0.7499999999999998,-0.6428571428571429,-0.4819277108433735,0.18306636155604453,-0.5263157894736848,1.4705882352941182,0.687500000000001,1
941,0.8095238095238093,-0.7916666666666667,0.7647058823529412,0.0,-0.3000000000000002,-0.07142857142857142,-0.3132530120481928,-0.7826086956521717,0.26315789473684126,0.8235294117647063,1.3750000000000009,1
148,-0.1428571428571432,-0.1250000000000001,0.0,-0.8571428571428571,7.799999999999997,-0.2857142857142857,1.2048192771084338,0.0,-1.0526315789473697,1.0588235294117654,-0.5624999999999992,0
979,-0.4285714285714288,-0.5,0.17647058823529413,1.9999999999999993,-0.95,-0.35714285714285715,-0.21686746987951808,-1.2082379862700159,-0.15789473684210661,-0.7647058823529416,0.687500000000001,1
361,0.14285714285714238,0.7499999999999998,-0.08823529411764706,-0.2857142857142859,0.95,0.0,1.036144578313253,0.22883295194505568,-0.6315789473684218,0.4705882352941176,-0.49999999999999944,0
84,-0.28571428571428603,0.6250000000000001,0.0,-0.5714285714285715,16.049999999999997,0.14285714285714285,0.3132530120481928,0.04576659038901113,-0.7894736842105261,3.0588235294117654,-0.49999999999999944,0
757,-0.7619047619047623,1.9166666666666665,-0.7352941176470589,-0.2857142857142859,-1.1499999999999997,0.07142857142857142,-0.12048192771084337,-0.8787185354691256,1.5263157894736847,-0.9411764705882355,0.6250000000000001,1
1166,0.2857142857142856,-0.3333333333333334,0.7058823529411765,-0.4285714285714288,14.449999999999996,0.07142857142857142,0.0,-0.2105263157894817,-1.5789473684210544,2.8235294117647074,-0.49999999999999944,0
49,-0.7142857142857144,-0.5,-0.08823529411764706,-0.8571428571428571,-0.6999999999999998,-0.6428571428571429,-0.6265060240963856,-0.45766590389016215,0.15789473684210428,-0.35294117647058804,-0.6250000000000001,0
1186,-0.4285714285714288,-0.3750000000000001,0.11764705882352937,-0.2857142857142859,0.25000000000000017,-0.5714285714285714,0.024096385542168676,-1.5286041189931447,0.10526315789473696,-0.9411764705882355,1.0625000000000009,1
156,-0.3809523809523814,-0.3750000000000001,0.47058823529411764,4.714285714285713,-0.4500000000000003,1.0,2.1686746987951806,0.22883295194505568,0.5789473684210521,0.5294117647058824,0.1875000000000005,0
501,-0.04761904761904788,0.0,-0.02941176470588238,-0.4285714285714288,0.05000000000000004,0.0,0.0,0.732265446224229,0.6315789473684218,0.17647058823529435,-0.7499999999999997,1
1212,-0.6190476190476195,-0.3333333333333334,-0.32352941176470595,-0.14285714285714296,-0.20000000000000015,0.5714285714285714,0.3614457831325301,-0.5034324942791732,0.052631578947367315,0.0,-0.5624999999999992,0
498,-0.3333333333333335,-0.75,0.17647058823529413,0.4285714285714282,0.49999999999999967,2.0714285714285716,1.8072289156626506,-0.09153318077802226,0.052631578947367315,1.0000000000000007,0.5625000000000003,0
1119,-0.3809523809523814,-0.5416666666666667,-0.41176470588235303,-0.14285714285714296,-0.7499999999999998,0.0,-0.3373493975903614,-1.9588100686499204,-0.05263157894736965,-0.5294117647058824,1.9375000000000013,1
916,0.33333333333333304,-0.8541666666666667,0.41176470588235303,0.0,-0.05000000000000004,-0.7857142857142857,-0.7710843373493976,-0.7688787185354785,-0.21052631578947392,0.29411764705882393,1.0625000000000009,1
1580,-0.8095238095238098,0.16666666666666682,-0.5000000000000001,-0.7142857142857144,-1.3499999999999999,0.7142857142857143,-0.14457831325301204,-1.2723112128146519,1.210526315789474,-0.11764705882352956,0.687500000000001,0
180,0.4285714285714288,0.3749999999999999,-0.35294117647058826,0.28571428571428525,-0.6499999999999998,-0.2857142857142857,0.0963855421686747,0.04576659038901113,-0.6315789473684218,-0.17647058823529435,-0.43749999999999967,0
1469,-0.28571428571428603,-0.16666666666666682,0.17647058823529413,-0.14285714285714296,-0.8999999999999999,1.2142857142857142,0.3855421686746988,0.21967963386729408,-0.05263157894736965,0.17647058823529435,-0.12499999999999958,1
496,1.333333333333333,-0.7083333333333335,0.7941176470588237,0.5714285714285712,-0.49999999999999967,-0.6428571428571429,-0.5301204819277109,0.18306636155604453,-0.8421052631578957,0.17647058823529435,0.5000000000000006,1
1326,-0.5714285714285716,-0.25,-0.05882352941176476,-0.7142857142857144,-0.1500000000000001,0.2857142857142857,-0.0963855421686747,-0.9153318077803243,0.42105263157894784,-0.11764705882352956,0.2500000000000003,1
515,1.2380952380952381,-0.041666666666666706,1.1176470588235294,0.28571428571428525,1.3499999999999996,-0.5714285714285714,-0.5542168674698795,0.22883295194505568,-1.1578947368421066,0.23529411764705913,1.000000000000001,1
577,0.9523809523809526,-0.08333333333333341,-0.05882352941176476,0.14285714285714232,1.1499999999999995,-0.5714285714285714,-0.5783132530120482,0.45766590389016215,0.15789473684210428,-0.5882352941176472,-0.12499999999999958,0
926,0.33333333333333304,-1.2500000000000002,0.2941176470588235,-0.4285714285714288,-0.7999999999999998,2.7857142857142856,0.9397590361445783,-0.3478260869565151,0.8421052631578957,1.4705882352941182,0.5000000000000006,1
364,2.1904761904761907,-0.25,1.0882352941176472,-0.2857142857142859,-0.4500000000000003,-0.5714285714285714,-0.5542168674698795,0.9153318077803243,-1.6842105263157892,1.4705882352941182,0.0,0
427,-0.7142857142857144,0.6250000000000001,-0.5294117647058824,-0.14285714285714296,-1.7499999999999998,0.35714285714285715,0.24096385542168675,-0.8695652173913132,0.9473684210526326,-0.7647058823529416,0.7500000000000009,1
1252,-0.1904761904761907,0.24999999999999978,-0.35294117647058826,0.0,-0.1500000000000001,0.9285714285714286,0.5301204819277109,-0.22883295194510647,-0.15789473684210661,-0.17647058823529435,-0.24999999999999917,0
1275,-0.04761904761904788,0.24999999999999978,-0.3823529411764706,-0.14285714285714296,1.0999999999999994,0.21428571428571427,-0.04819277108433735,-1.0983981693364198,-0.3684210526315782,-0.5294117647058824,0.6250000000000001,1
347,-0.6190476190476195,1.2291666666666665,-0.7058823529411766,0.7142857142857141,-0.4000000000000003,0.21428571428571427,-0.0963855421686747,-0.5949656750571956,1.4210526315789478,1.5882352941176479,1.312500000000001,1
1106,-0.7619047619047623,0.20833333333333307,0.05882352941176476,-0.14285714285714296,-1.5999999999999996,-0.07142857142857142,0.26506024096385544,-1.4004576659039236,0.5263157894736848,-0.11764705882352956,1.6250000000000013,0
1565,-0.3333333333333335,0.7291666666666664,-0.3823529411764706,-0.2857142857142859,-0.20000000000000015,-0.14285714285714285,-0.43373493975903615,-0.6132723112128203,-0.10526315789473696,-0.4705882352941176,-0.06249999999999979,0
644,0.7619047619047619,0.29166666666666646,0.5294117647058824,0.14285714285714232,-0.4500000000000003,0.5,0.7228915662650602,1.098398169336369,0.7894736842105261,0.05882352941176478,-0.43749999999999967,0
845,0.9523809523809526,-1.1250000000000002,0.5882352941176472,-0.7142857142857144,-0.8999999999999999,0.8571428571428571,0.0963855421686747,-0.411899313501151,-0.6842105263157892,1.235294117647059,0.2500000000000003,1
1051,-0.3809523809523814,-0.3750000000000001,-0.2647058823529412,-0.5714285714285715,0.09999999999999522,0.9285714285714286,0.3132530120481928,-0.2105263157894817,0.9473684210526326,0.11764705882352956,0.1250000000000007,0
1376,-0.3333333333333335,0.16666666666666682,0.0,-0.2857142857142859,0.1500000000000001,-0.07142857142857142,1.4939759036144578,-0.4302059496567758,-0.2631578947368436,-0.5882352941176472,-0.18749999999999936,0
1454,-0.1428571428571432,-0.1250000000000001,0.20588235294117652,-0.4285714285714288,-0.3000000000000002,0.9285714285714286,1.1325301204819278,0.11899313501140862,0.5263157894736848,-0.23529411764705913,-0.7499999999999997,0
1567,-0.5714285714285716,-1.5,1.1176470588235294,-0.14285714285714296,-1.05,0.7142857142857143,0.3373493975903614,-0.8512585812356884,0.15789473684210428,0.5294117647058824,0.6250000000000001,1
711,1.2857142857142856,2.1041666666666665,0.5,0.8571428571428564,0.0,0.5,1.108433734939759,0.7780320366132909,-1.3157894736842108,-0.29411764705882393,-0.06249999999999979,0
244,3.3809523809523814,-1.291666666666667,0.5294117647058824,0.0,-0.25000000000000017,-0.2857142857142857,-0.3373493975903614,1.487414187643065,-1.2631578947368436,1.2941176470588238,-0.6250000000000001,1
1367,-0.28571428571428603,0.9166666666666666,-0.5294117647058824,-0.7142857142857144,0.6999999999999998,-0.2857142857142857,0.1686746987951807,-0.47597254004578693,-0.3684210526315782,-0.7058823529411767,-0.24999999999999917,0
603,-0.09523809523809534,1.3124999999999998,-0.7647058823529412,0.5714285714285712,0.05000000000000004,-0.5714285714285714,-0.5783132530120482,0.32036613272312875,-0.05263157894736965,-0.5882352941176472,-0.5624999999999992,0
695,0.5238095238095237,-0.20833333333333354,0.14705882352941174,0.7142857142857141,0.20000000000000015,0.7142857142857143,2.0963855421686746,0.732265446224229,0.0,-0.05882352941176478,-0.49999999999999944,0
865,-0.3333333333333335,0.4166666666666666,-0.5882352941176472,0.7142857142857141,-0.1500000000000001,0.07142857142857142,1.1325301204819278,0.30205949656750397,1.0526315789473673,-0.4705882352941176,-0.43749999999999967,0
1175,-0.1428571428571432,-0.6666666666666669,0.14705882352941174,-0.7142857142857144,-0.05000000000000004,0.8571428571428571,0.6506024096385542,0.16475972540047057,0.7894736842105261,0.0,-0.43749999999999967,1
313,0.5238095238095237,-0.25,0.14705882352941174,0.8571428571428564,0.6499999999999998,0.35714285714285715,1.4457831325301205,0.6178489702517012,0.052631578947367315,0.05882352941176478,-0.43749999999999967,1
436,2.095238095238096,-0.5416666666666667,1.0882352941176472,0.14285714285714232,0.5499999999999997,-0.5714285714285714,-0.4819277108433735,1.6475972540045534,-0.7894736842105261,-0.7647058823529416,-0.43749999999999967,0
1513,-0.7142857142857144,1.1250000000000002,-0.6470588235294118,0.0,-0.95,-0.21428571428571427,-0.5060240963855421,-0.4210526315789634,1.1578947368421042,0.17647058823529435,0.1250000000000007,1
753,-0.1428571428571432,0.08333333333333341,-0.3823529411764706,0.4285714285714282,0.8499999999999951,0.7142857142857143,0.6746987951807228,0.4805491990846677,0.42105263157894784,-0.05882352941176478,-0.49999999999999944,0
309,1.1428571428571432,-0.3750000000000001,0.5294117647058824,0.28571428571428525,6.699999999999999,-0.6428571428571429,-0.6265060240963856,1.189931350114391,-0.6315789473684218,0.05882352941176478,-0.43749999999999967,1
1342,-0.1904761904761907,-0.041666666666666706,-0.7058823529411766,-0.7142857142857144,0.20000000000000015,-0.07142857142857142,-0.1686746987951807,-0.649885583524019,0.26315789473684126,-0.4705882352941176,0.1875000000000005,1
431,1.2380952380952381,-1.1666666666666667,0.6176470588235293,-0.14285714285714296,-0.6999999999999998,-0.5714285714285714,-0.3373493975903614,0.45766590389016215,-0.8421052631578957,1.6470588235294126,0.5000000000000006,1
1199,-0.09523809523809534,-1.0833333333333335,0.0,-0.2857142857142859,-1.4,0.35714285714285715,0.9397590361445783,-0.7780320366132909,-0.8421052631578957,1.0000000000000007,0.4375000000000008,1
399,1.7142857142857144,0.29166666666666646,0.9705882352941176,0.5714285714285712,0.34999999999999953,-0.07142857142857142,0.26506024096385544,0.9153318077803243,-0.6842105263157892,0.17647058823529435,0.5000000000000006,1
424,1.2380952380952381,-1.1666666666666667,0.6176470588235293,-0.14285714285714296,-0.6999999999999998,-0.5714285714285714,-0.3373493975903614,0.45766590389016215,-0.8421052631578957,1.6470588235294126,0.5000000000000006,1
1300,-0.1428571428571432,4.416666666666667,-0.7647058823529412,-0.14285714285714296,2.8499999999999943,-0.6428571428571429,-0.6987951807228916,-0.9336384439359491,1.0,-1.2941176470588238,0.4375000000000008,0
182,0.4761904761904763,0.3749999999999999,0.6764705882352942,-0.2857142857142859,9.499999999999998,0.6428571428571429,1.7349397590361446,0.18306636155604453,-1.0,2.352941176470589,-0.5624999999999992,0
1062,0.5714285714285712,-0.5,0.7058823529411765,-0.5714285714285715,-0.4500000000000003,-0.5,-0.5301204819277109,-0.997711670480585,-0.5263157894736848,0.4117647058823528,1.4375000000000007,1
1236,-0.9047619047619051,-0.7916666666666667,0.17647058823529413,15.285714285714281,-1.2999999999999998,-0.5714285714285714,1.8072289156626506,-0.4942791762013609,-0.05263157894736965,-0.35294117647058804,0.8125000000000007,0
778,-0.4761904761904763,0.47916666666666663,-0.2647058823529412,0.28571428571428525,8.049999999999997,-0.5714285714285714,-0.4819277108433735,-0.32036613272312875,0.47368421052631515,-0.17647058823529435,0.0625000000000009,1
1467,-0.28571428571428603,-0.16666666666666682,0.17647058823529413,-0.14285714285714296,-0.8999999999999999,1.2142857142857142,0.3855421686746988,0.21967963386729408,-0.05263157894736965,0.17647058823529435,-0.12499999999999958,1
462,0.1904761904761907,0.39583333333333326,-0.11764705882352945,0.5714285714285712,0.34999999999999953,-0.5714285714285714,-0.4578313253012048,0.6407322654462067,-0.2631578947368436,-0.05882352941176478,-0.5624999999999992,0
1044,0.7619047619047619,-0.5416666666666667,0.4411764705882352,9.57142857142857,-0.5499999999999997,0.2857142857142857,0.024096385542168676,0.8192219679633704,-0.10526315789473696,1.1176470588235303,0.4375000000000008,1
814,-0.4761904761904763,-0.5416666666666667,-0.05882352941176476,-0.14285714285714296,1.0999999999999994,-0.7142857142857143,-0.7469879518072289,-0.997711670480585,0.6842105263157892,-0.23529411764705913,0.7500000000000009,0
378,0.7142857142857144,-1.0416666666666667,0.7941176470588237,0.28571428571428525,-0.3000000000000002,-0.5714285714285714,-0.4819277108433735,-0.2745995423341176,-0.5789473684210521,3.0000000000000004,1.1250000000000007,1
899,0.1904761904761907,-0.8750000000000001,0.3823529411764706,0.28571428571428525,-0.10000000000000007,0.21428571428571427,0.12048192771084337,-1.080091533180795,0.0,0.8823529411764711,1.4375000000000007,1
820,0.5714285714285712,0.5833333333333334,-0.32352941176470595,1.4285714285714282,0.8499999999999951,-0.35714285714285715,0.5060240963855421,1.3546910755148618,-0.15789473684210661,-0.4705882352941176,-0.37499999999999983,0
549,2.1428571428571432,-0.7083333333333335,0.6764705882352942,0.5714285714285712,-0.05000000000000004,0.9285714285714286,0.7469879518072289,1.189931350114391,-1.0,0.7647058823529416,0.1250000000000007,1
356,-0.5714285714285716,0.9583333333333333,-0.7352941176470589,0.28571428571428525,-0.10000000000000007,0.21428571428571427,-0.14457831325301204,-0.5949656750571956,1.2631578947368411,-0.05882352941176478,1.6250000000000013,1
1297,-0.6190476190476195,0.4583333333333333,-0.7647058823529412,2.9999999999999987,0.6499999999999998,2.642857142857143,0.9518072289156626,-0.5583524027459968,-0.5789473684210521,-1.0000000000000002,-0.43749999999999967,0
210,1.4761904761904763,-0.9166666666666669,0.9411764705882353,-0.14285714285714296,-1.2999999999999998,-0.5,-0.4578313253012048,0.5491990846681845,0.0,1.5294117647058831,0.1875000000000005,1
1147,-0.04761904761904788,-0.08333333333333341,-0.41176470588235303,-0.5714285714285715,4.899999999999999,-0.5714285714285714,-0.40963855421686746,-0.3661327231121399,-0.15789473684210661,1.4705882352941182,-0.24999999999999917,1
731,0.7619047619047619,0.1250000000000001,1.1764705882352944,0.14285714285714232,15.349999999999996,-0.14285714285714285,-0.024096385542168676,0.6407322654462067,-0.7368421052631587,0.29411764705882393,-0.37499999999999983,0
1264,0.14285714285714238,1.0833333333333335,-0.7647058823529412,0.0,0.4499999999999996,-0.07142857142857142,-0.2891566265060241,0.45766590389016215,0.3157894736842109,-0.9411764705882355,-0.37499999999999983,0
612,2.5238095238095237,-0.5833333333333334,0.8529411764705884,0.7142857142857141,0.05000000000000004,-0.6428571428571429,-0.5301204819277109,1.7391304347825756,-1.7368421052631589,-0.4705882352941176,-0.49999999999999944,0
1150,1.0,-0.7083333333333335,0.6176470588235293,-0.2857142857142859,-0.95,-0.5714285714285714,-0.6506024096385542,-0.4347826086956566,-0.42105263157894784,-0.5882352941176472,1.1250000000000007,1
562,0.5238095238095237,-0.3333333333333334,0.6764705882352942,0.28571428571428525,-0.10000000000000007,0.8571428571428571,2.0,0.45766590389016215,-0.42105263157894784,-0.23529411764705913,-0.6250000000000001,0
812,2.3809523809523814,-0.08333333333333341,0.8529411764705884,0.8571428571428564,-0.4000000000000003,-0.5,-0.3373493975903614,1.5194508009152814,-1.1578947368421066,0.3529411764705887,0.4375000000000008,1
283,-0.1428571428571432,0.0,-0.41176470588235303,1.1428571428571423,-0.6499999999999998,-0.14285714285714285,0.3614457831325301,0.1372997711670334,0.26315789473684126,-0.29411764705882393,-0.6874999999999999,0
292,1.4761904761904763,-1.3333333333333335,0.6470588235294118,-0.2857142857142859,13.149999999999993,-0.5714285714285714,-0.4819277108433735,0.5034324942791732,-0.05263157894736965,0.5294117647058824,0.1875000000000005,0
620,1.6190476190476195,-0.6250000000000001,0.4411764705882352,0.14285714285714232,0.3999999999999996,-0.5714285714285714,-0.5301204819277109,0.9153318077803243,-1.1578947368421066,1.0588235294117654,-0.5624999999999992,0
1399,-0.4285714285714288,0.3333333333333332,-0.41176470588235303,0.0,0.1500000000000001,-0.07142857142857142,-0.24096385542168675,-0.09153318077802226,1.105263157894737,0.0,0.0,1
130,-0.8571428571428577,-0.5833333333333334,-0.32352941176470595,-0.5714285714285715,-0.4000000000000003,-0.5714285714285714,-0.4578313253012048,-0.5949656750571956,0.5789473684210521,-0.29411764705882393,-0.49999999999999944,0
324,1.1428571428571432,0.29166666666666646,0.47058823529411764,0.8571428571428564,0.49999999999999967,1.5,0.8433734939759037,1.0068649885583465,-0.15789473684210661,0.4705882352941176,-0.43749999999999967,1
766,0.6190476190476186,0.6250000000000001,-0.4705882352941177,1.1428571428571423,0.5499999999999997,-0.14285714285714285,0.24096385542168675,0.951945080091523,0.0,-0.4705882352941176,-0.43749999999999967,1
553,0.7619047619047619,-0.25,-0.05882352941176476,0.7142857142857141,0.5999999999999998,0.0,0.14457831325301204,0.5491990846681845,-1.0,0.7058823529411767,-0.12499999999999958,1
632,1.1904761904761907,-1.0,0.8235294117647061,0.7142857142857141,1.2499999999999996,-0.6428571428571429,-0.4578313253012048,0.9153318077803243,-0.3157894736842109,0.05882352941176478,-0.43749999999999967,0
568,0.3809523809523805,0.7499999999999998,-0.05882352941176476,0.4285714285714282,7.3,-0.6428571428571429,-0.5542168674698795,1.0526315789473577,0.052631578947367315,-0.11764705882352956,-0.7499999999999997,1
1179,-1.0952380952380958,1.6458333333333335,-0.7647058823529412,-0.14285714285714296,-1.9500000000000048,0.21428571428571427,0.963855421686747,-1.5286041189931447,1.9473684210526327,0.6470588235294119,0.7500000000000009,0
1517,-0.8571428571428577,-0.8333333333333334,-0.02941176470588238,0.14285714285714232,-0.4500000000000003,0.6428571428571429,0.4819277108433735,-0.2151029748283625,0.5789473684210521,2.0588235294117654,0.2500000000000003,0
159,-0.3809523809523814,0.6666666666666669,-0.7647058823529412,0.0,-0.35000000000000026,-0.14285714285714285,-0.3855421686746988,0.04576659038901113,0.894736842105263,-0.7058823529411767,-0.5624999999999992,0
661,-0.3333333333333335,0.0,-0.5588235294117647,-1.142857142857143,-0.3000000000000002,-0.6428571428571429,-0.43373493975903615,0.22883295194505568,0.052631578947367315,1.1176470588235303,-0.37499999999999983,1
517,2.1904761904761907,0.3333333333333332,0.6764705882352942,2.9999999999999987,1.0,-0.6428571428571429,-0.5783132530120482,1.9221967963386202,-0.3157894736842109,0.7058823529411767,1.0625000000000009,1
1406,-0.09523809523809534,-1.0,0.11764705882352937,-0.2857142857142859,-0.8999999999999999,0.2857142857142857,-0.0963855421686747,-0.7322654462242798,-0.15789473684210661,1.6470588235294126,0.687500000000001,1
196,-0.04761904761904788,0.29166666666666646,0.20588235294117652,-0.2857142857142859,-0.3000000000000002,0.7142857142857143,1.9759036144578312,0.0,-0.3157894736842109,-0.4705882352941176,-0.49999999999999944,0
675,1.3809523809523814,-0.5,0.4411764705882352,0.0,0.20000000000000015,-0.5,-0.5060240963855421,0.732265446224229,-1.210526315789474,0.29411764705882393,-0.5624999999999992,1
411,0.5238095238095237,-0.3750000000000001,0.2352941176470589,0.4285714285714282,0.0,0.8571428571428571,1.1566265060240963,0.8695652173913132,0.3684210526315782,0.0,-0.43749999999999967,1
97,-0.5238095238095242,1.0625,-0.7647058823529412,1.1428571428571423,1.0999999999999994,-0.42857142857142855,-0.3614457831325301,-0.1372997711670334,0.7368421052631587,-0.35294117647058804,0.31250000000000006,0
980,2.0476190476190474,-0.2916666666666667,0.6764705882352942,-1.142857142857143,-0.25000000000000017,-0.7857142857142857,-0.7710843373493976,0.04576659038901113,-0.9473684210526326,0.05882352941176478,0.1250000000000007,0
974,0.2857142857142856,-0.75,0.5294117647058824,-0.7142857142857144,-0.05000000000000004,-0.5714285714285714,-0.6265060240963856,-0.3432494279176343,1.105263157894737,0.05882352941176478,0.31250000000000006,0
157,-0.3809523809523814,-0.3750000000000001,0.47058823529411764,4.714285714285713,-0.49999999999999967,1.0714285714285714,2.1927710843373496,0.22883295194505568,0.5789473684210521,0.5882352941176472,0.1875000000000005,0
420,-0.5238095238095242,1.0416666666666667,-0.7647058823529412,-0.5714285714285715,-0.6999999999999998,1.4285714285714286,0.3373493975903614,0.3661327231121399,1.6315789473684217,0.3529411764705887,-0.18749999999999936,0
1293,-0.9523809523809526,-0.5208333333333334,-0.3823529411764706,0.28571428571428525,-1.200000000000005,0.0,-0.24096385542168675,-1.455377574370747,1.6315789473684217,0.29411764705882393,1.3750000000000009,1
478,1.1904761904761907,-1.1666666666666667,0.6764705882352942,-0.5714285714285715,-0.25000000000000017,-0.5714285714285714,-0.43373493975903615,0.411899313501151,-0.6842105263157892,2.5882352941176485,0.5000000000000006,1
1113,0.0,-0.7916666666666667,0.4411764705882352,-1.0,-1.200000000000005,-0.5714285714285714,-0.07228915662650602,-1.299771167048089,-0.10526315789473696,0.5294117647058824,0.5000000000000006,1
1042,-0.4761904761904763,-0.1250000000000001,-0.20588235294117652,-0.7142857142857144,-0.05000000000000004,-0.07142857142857142,-0.2891566265060241,-0.6086956521739395,0.3684210526315782,0.11764705882352956,-0.24999999999999917,1
448,0.666666666666667,-0.16666666666666682,0.08823529411764698,-0.14285714285714296,2.3499999999999996,-0.5714285714285714,-0.5301204819277109,0.0,-0.47368421052631515,0.5882352941176472,0.6250000000000001,0
179,-0.4285714285714288,1.1875000000000002,-0.7647058823529412,0.4285714285714282,-0.5999999999999998,-0.5,-0.43373493975903615,0.04576659038901113,0.894736842105263,-0.35294117647058804,-0.37499999999999983,0
391,-1.0952380952380958,1.3749999999999998,-0.6176470588235295,-1.142857142857143,-1.7499999999999998,-0.14285714285714285,1.2048192771084338,-2.013729977116744,1.3157894736842108,1.1764705882352944,1.687500000000001,1
579,0.4285714285714288,-0.20833333333333354,0.6764705882352942,0.9999999999999993,0.25000000000000017,0.21428571428571427,1.7349397590361446,0.6407322654462067,-0.10526315789473696,-0.11764705882352956,-0.24999999999999917,0
1373,0.3809523809523805,1.0833333333333335,0.7352941176470589,-0.7142857142857144,16.749999999999996,-0.14285714285714285,0.6746987951807228,-0.26086956521742444,-1.6315789473684217,3.2352941176470598,-0.6250000000000001,0
721,0.23809523809523814,0.16666666666666682,-0.6470588235294118,-0.2857142857142859,0.09999999999999522,-0.2857142857142857,-0.3855421686746988,0.3661327231121399,-0.47368421052631515,-1.0588235294117652,-0.37499999999999983,0
1321,0.8571428571428568,0.5833333333333334,0.2352941176470589,0.5714285714285712,0.6999999999999998,-0.14285714285714285,1.2048192771084338,0.5308924485125597,-0.2631578947368436,0.23529411764705913,-0.06249999999999979,0
681,2.571428571428572,-0.3750000000000001,0.9411764705882353,-0.4285714285714288,-0.49999999999999967,0.07142857142857142,0.04819277108433735,1.6475972540045534,-1.3157894736842108,-0.7647058823529416,-0.7499999999999997,0
987,0.9047619047619051,-0.75,0.3823529411764706,-1.142857142857143,-0.6999999999999998,-0.7857142857142857,-0.7469879518072289,-0.9610983981693354,-0.6315789473684218,-0.4117647058823528,0.7500000000000009,1
1215,1.095238095238095,-0.7916666666666667,0.5882352941176472,-0.4285714285714288,0.05000000000000004,-0.5714285714285714,-0.6987951807228916,-0.23798627002286807,-1.105263157894737,-0.8235294117647063,0.1250000000000007,1
890,1.333333333333333,1.5833333333333335,0.2352941176470589,6.285714285714283,1.5999999999999948,0.6428571428571429,1.4698795180722892,2.787185354691103,-0.47368421052631515,0.3529411764705887,-0.5624999999999992,0
1547,-0.4285714285714288,0.20833333333333307,-0.7058823529411766,-0.2857142857142859,-0.4000000000000003,0.21428571428571427,-0.2891566265060241,-0.4805491990846677,0.26315789473684126,-0.05882352941176478,0.0,0
737,-0.09523809523809534,1.8541666666666665,-0.4705882352941177,-0.14285714285714296,1.5999999999999948,-0.21428571428571427,-0.3855421686746988,-0.22883295194510647,-0.2631578947368436,-0.7058823529411767,-0.43749999999999967,0
295,2.571428571428572,-0.75,0.7647058823529412,1.4285714285714282,0.6999999999999998,0.21428571428571427,0.3614457831325301,2.1052631578947665,-1.3684210526315805,1.1176470588235303,-0.43749999999999967,1
1369,0.04761904761904746,1.0416666666666667,0.17647058823529413,-0.14285714285714296,-0.05000000000000004,0.14285714285714285,0.8674698795180723,-0.10983981693364704,-0.21052631578947392,-0.7058823529411767,-0.24999999999999917,1
1194,-0.7142857142857144,1.5208333333333333,-0.7647058823529412,0.14285714285714232,4.3,-0.5714285714285714,-0.6265060240963856,-0.5903890160183147,1.3157894736842108,-0.6470588235294119,0.375000000000001,0
89,0.666666666666667,-0.5416666666666667,0.5294117647058824,-0.14285714285714296,1.3499999999999996,1.4285714285714286,2.0963855421686746,0.45766590389016215,-0.894736842105263,3.5294117647058836,-0.43749999999999967,0
42,0.4285714285714288,0.3749999999999999,0.11764705882352937,0.8571428571428564,0.3999999999999996,0.21428571428571427,0.1927710843373494,0.3661327231121399,-0.2631578947368436,-0.6470588235294119,-0.5624999999999992,0
132,-1.0952380952380958,-0.08333333333333341,-0.5000000000000001,0.14285714285714232,-1.5499999999999996,0.21428571428571427,1.4698795180722892,-1.4187643020594976,1.6842105263157892,0.05882352941176478,1.7500000000000009,0
1549,1.5714285714285712,-0.5,0.7058823529411765,-0.2857142857142859,0.95,0.35714285714285715,0.2891566265060241,0.4713958810068553,-1.105263157894737,-0.23529411764705913,0.1250000000000007,0
742,0.6190476190476186,0.041666666666666706,-0.05882352941176476,0.5714285714285712,-0.10000000000000007,1.0,2.433734939759036,0.4942791762013609,-0.5263157894736848,-0.29411764705882393,-0.43749999999999967,0
1531,-0.6190476190476195,-0.3333333333333334,-0.5000000000000001,0.0,-0.8499999999999999,-0.35714285714285715,-0.4819277108433735,-1.080091533180795,0.5789473684210521,0.4117647058823528,0.687500000000001,1
783,0.5238095238095237,1.2499999999999998,-0.6176470588235295,0.28571428571428525,0.05000000000000004,0.8571428571428571,1.3975903614457832,0.6132723112128203,0.26315789473684126,-0.5294117647058824,-0.12499999999999958,0
165,-0.28571428571428603,0.29166666666666646,0.0,7.1428571428571415,-0.49999999999999967,1.5,2.0,0.5949656750571956,0.3157894736842109,-0.7647058823529416,-0.49999999999999944,0
291,0.3809523809523805,0.0,-0.5000000000000001,0.4285714285714282,0.5499999999999997,0.42857142857142855,0.26506024096385544,0.3661327231121399,0.15789473684210428,1.4117647058823535,0.2500000000000003,1
1511,-0.7142857142857144,-0.6666666666666669,-0.14705882352941183,0.0,-1.6499999999999997,0.8571428571428571,0.24096385542168675,-0.08695652173914148,0.8421052631578957,0.8823529411764711,-0.31250000000000006,1
669,1.0,0.8749999999999999,0.5,0.14285714285714232,-1.05,0.07142857142857142,-0.1686746987951807,-0.09153318077802226,-0.8421052631578957,-0.29411764705882393,0.5000000000000006,0
572,-0.8095238095238098,-0.6666666666666669,-0.05882352941176476,0.0,0.7499999999999998,0.35714285714285715,0.0963855421686747,-1.0068649885583465,1.3684210526315783,-0.29411764705882393,0.9375000000000002,1
638,0.7619047619047619,1.5208333333333333,0.02941176470588238,0.14285714285714232,0.20000000000000015,1.2142857142857142,2.5783132530120483,0.45766590389016215,-0.3684210526315782,-0.5294117647058824,-0.49999999999999944,0
1539,-0.8095238095238098,0.5,-0.5000000000000001,0.4285714285714282,0.05000000000000004,0.07142857142857142,-0.2891566265060241,-0.649885583524019,1.3684210526315783,0.05882352941176478,1.1250000000000007,0
940,-0.8095238095238098,-0.25,-0.2647058823529412,-0.8571428571428571,-0.35000000000000026,-0.5,-0.6506024096385542,-1.1670480549199365,1.5789473684210522,-0.4705882352941176,0.7500000000000009,0
1053,-1.0952380952380958,0.3541666666666665,-0.6176470588235295,0.28571428571428525,-0.35000000000000026,0.35714285714285715,-0.3132530120481928,-1.9313501144164833,1.3157894736842108,-0.4117647058823528,1.687500000000001,0
673,0.9047619047619051,3.0,0.2352941176470589,-0.2857142857142859,-0.05000000000000004,1.2857142857142858,2.7228915662650603,0.5491990846681845,-0.8421052631578957,-0.5294117647058824,-0.43749999999999967,0
459,1.1904761904761907,-0.7916666666666667,1.0882352941176472,0.8571428571428564,0.20000000000000015,-0.6428571428571429,-0.3855421686746988,1.3729977116704866,-0.2631578947368436,0.7058823529411767,0.6250000000000001,1
376,1.7142857142857144,0.08333333333333341,1.3235294117647058,3.1428571428571423,2.1999999999999993,-0.5714285714285714,-0.5542168674698795,0.732265446224229,-1.5789473684210544,1.235294117647059,1.000000000000001,1
334,0.23809523809523814,0.16666666666666682,-0.5294117647058824,-0.14285714285714296,1.2499999999999996,0.14285714285714285,0.14457831325301204,-0.45766590389016215,-0.9473684210526326,-0.5882352941176472,0.5000000000000006,0
856,-0.1428571428571432,0.8958333333333333,-0.7058823529411766,0.4285714285714282,-0.4500000000000003,-0.2857142857142857,-0.5783132530120482,-0.649885583524019,1.0526315789473673,0.5294117647058824,0.9375000000000002,1
1408,-0.9047619047619051,-0.041666666666666706,-0.7647058823529412,-0.14285714285714296,-0.7999999999999998,1.8571428571428572,0.3855421686746988,-0.823798627002302,1.210526315789474,1.823529411764707,0.31250000000000006,1
1164,0.5238095238095237,1.1041666666666667,-0.05882352941176476,-0.7142857142857144,-0.10000000000000007,-0.2857142857142857,-0.40963855421686746,0.05491990846682352,-0.10526315789473696,0.29411764705882393,-0.12499999999999958,0
1302,-0.5714285714285716,1.4166666666666665,-0.5588235294117647,-0.2857142857142859,1.0,0.42857142857142855,0.4578313253012048,-0.3752860411899523,1.5263157894736847,0.7058823529411767,0.9375000000000002,1
995,1.0,-0.7083333333333335,0.5588235294117647,0.4285714285714282,0.5999999999999998,0.42857142857142855,1.2048192771084338,1.0892448512585564,-0.8421052631578957,-1.1176470588235299,-0.49999999999999944,0
1481,-1.0952380952380958,0.4166666666666666,-0.6764705882352942,-1.0,0.0,-0.5714285714285714,-0.6024096385542169,-0.8329519450801144,1.8421052631578958,0.0,-0.06249999999999979,0
637,0.8095238095238093,1.5,0.05882352941176476,0.28571428571428525,0.2999999999999995,1.1428571428571428,2.6265060240963853,0.5034324942791732,-0.3684210526315782,-0.5294117647058824,-0.49999999999999944,0
329,2.6190476190476195,-1.0416666666666667,1.0588235294117647,0.5714285714285712,0.09999999999999522,-0.5714285714285714,-0.40963855421686746,1.556064073226531,-0.7894736842105261,0.29411764705882393,-0.31250000000000006,1
319,0.9047619047619051,0.5833333333333334,0.3823529411764706,1.4285714285714282,0.1500000000000001,0.5,0.5060240963855421,0.9610983981693354,0.3157894736842109,0.5294117647058824,0.8125000000000007,1
1174,-0.1428571428571432,-0.6666666666666669,0.14705882352941174,-0.7142857142857144,-0.05000000000000004,0.8571428571428571,0.6506024096385542,0.16475972540047057,0.7894736842105261,0.0,-0.43749999999999967,1
168,-0.28571428571428603,0.1250000000000001,-0.6764705882352942,-0.8571428571428571,-0.4000000000000003,0.21428571428571427,0.0963855421686747,-0.5491990846681845,0.3157894736842109,-0.8235294117647063,-0.7499999999999997,0
13,-1.0952380952380958,0.39583333333333326,-0.7647058823529412,-0.8571428571428571,0.4499999999999996,0.14285714285714285,0.5060240963855421,-1.1441647597254307,1.4210526315789478,-0.5882352941176472,-0.18749999999999936,0
172,0.04761904761904746,-0.4166666666666668,-0.2647058823529412,-0.2857142857142859,-0.35000000000000026,-0.5714285714285714,-0.4819277108433735,0.18306636155604453,-0.10526315789473696,-0.05882352941176478,-0.6250000000000001,1
261,0.0,-0.7916666666666667,-0.08823529411764706,-0.7142857142857144,-0.1500000000000001,0.2857142857142857,0.1686746987951807,-0.25171624713961205,-0.10526315789473696,0.17647058823529435,-0.5624999999999992,0
1471,1.0,0.708333333333333,-0.4411764705882354,-1.142857142857143,0.20000000000000015,-0.42857142857142855,-0.3373493975903614,-0.46681922196797454,-2.2631578947368434,-0.8823529411764711,-0.31250000000000006,0
1421,-0.04761904761904788,0.041666666666666706,-0.7352941176470589,-0.8571428571428571,-0.1500000000000001,-0.7857142857142857,-0.4578313253012048,-0.823798627002302,-0.7894736842105261,-0.9411764705882355,-0.24999999999999917,0
902,-0.23809523809523814,0.47916666666666663,-0.4705882352941177,0.28571428571428525,0.0,0.14285714285714285,-0.12048192771084337,0.2562929061784928,1.4210526315789478,0.4117647058823528,0.375000000000001,1
139,-0.04761904761904788,0.16666666666666682,-0.20588235294117652,-0.14285714285714296,0.05000000000000004,0.07142857142857142,1.6144578313253013,-0.2745995423341176,0.10526315789473696,-0.4705882352941176,-0.43749999999999967,0
1139,-0.1904761904761907,-0.45833333333333354,-0.32352941176470595,2.1428571428571423,1.1999999999999995,1.0714285714285714,1.3493975903614457,0.4851258581235485,-0.894736842105263,-0.23529411764705913,-0.6874999999999999,0
1284,0.3809523809523805,0.4583333333333333,0.05882352941176476,0.7142857142857141,0.7999999999999998,0.21428571428571427,0.7469879518072289,0.24713958810068046,-0.2631578947368436,0.05882352941176478,0.0,1
559,1.4285714285714288,0.041666666666666706,0.6764705882352942,3.428571428571427,1.8999999999999992,-0.2857142857142857,-0.5060240963855421,1.556064073226531,-1.2631578947368436,-0.35294117647058804,0.9375000000000002,1
140,-0.04761904761904788,0.16666666666666682,-0.20588235294117652,-0.2857142857142859,0.05000000000000004,0.21428571428571427,1.6867469879518073,-0.2745995423341176,0.052631578947367315,-0.4705882352941176,-0.43749999999999967,0
1393,-0.3809523809523814,0.4166666666666666,-0.5882352941176472,-1.2857142857142856,-0.49999999999999967,-0.6428571428571429,-0.6265060240963856,-1.189931350114442,-0.7368421052631587,-0.8235294117647063,-0.24999999999999917,0
994,-0.3809523809523814,-0.75,0.05882352941176476,-0.2857142857142859,0.09999999999999522,1.2142857142857142,0.7228915662650602,0.06407322654463592,0.7368421052631587,-0.8235294117647063,-0.49999999999999944,0
225,0.23809523809523814,0.47916666666666663,0.2941176470588235,-0.2857142857142859,0.4499999999999996,0.07142857142857142,0.40963855421686746,0.29748283752857235,0.0,-0.29411764705882393,0.1250000000000007,0
1363,1.7619047619047619,-0.18750000000000017,0.41176470588235303,-1.142857142857143,0.5499999999999997,-0.5714285714285714,-0.24096385542168675,0.10983981693364704,-1.2631578947368436,0.17647058823529435,-0.10416666666668742,1
410,2.1904761904761907,-0.25,0.6764705882352942,3.2857142857142847,-0.49999999999999967,0.8571428571428571,0.26506024096385544,0.5949656750571956,-1.3684210526315805,-0.29411764705882393,-0.37499999999999983,0
326,1.0,-0.1250000000000001,-0.17647058823529413,12.57142857142857,-0.4500000000000003,-0.07142857142857142,0.2891566265060241,2.1510297482837775,-0.7894736842105261,0.4117647058823528,-0.6250000000000001,1
1157,0.2857142857142856,-1.4166666666666667,0.7352941176470589,-0.6428571428571429,-0.4500000000000003,2.2142857142857144,1.2048192771084338,-0.713958810068655,0.10526315789473696,0.8235294117647063,1.000000000000001,1
300,-0.4761904761904763,0.6250000000000001,-0.5882352941176472,-0.14285714285714296,0.0,-0.42857142857142855,-0.12048192771084337,0.7551487414187346,1.9473684210526327,0.5294117647058824,-0.37499999999999983,0
1007,0.5714285714285712,-0.9583333333333335,0.20588235294117652,-0.21428571428571475,-0.8499999999999999,-0.07142857142857142,-0.26506024096385544,-0.7505720823798537,-0.2631578947368436,1.2941176470588238,0.9375000000000002,1
756,-0.04761904761904788,1.6250000000000002,-0.5588235294117647,-0.4285714285714288,-1.100000000000005,0.5714285714285714,0.21686746987951808,-0.7093821510297742,1.0526315789473673,-1.1176470588235299,0.31250000000000006,1
1482,0.14285714285714238,-1.0,1.0,1.1428571428571423,1.1999999999999995,-0.2857142857142857,-0.3855421686746988,0.6773455377574055,0.42105263157894784,0.3529411764705887,0.2500000000000003,0
194,-0.1428571428571432,0.1250000000000001,-0.14705882352941183,0.0,-0.4500000000000003,-0.5,-0.24096385542168675,-0.18306636155609535,-0.15789473684210661,-0.4117647058823528,-0.31250000000000006,0
574,1.2380952380952381,0.29166666666666646,0.6764705882352942,-0.14285714285714296,-0.49999999999999967,0.0,0.21686746987951808,1.0526315789473577,-0.05263157894736965,-0.35294117647058804,-0.37499999999999983,0
504,1.2380952380952381,-1.0833333333333335,0.6176470588235293,-0.4285714285714288,-0.10000000000000007,-0.5714285714285714,-0.3373493975903614,0.3661327231121399,-0.6842105263157892,2.470588235294119,0.4375000000000008,1
606,0.1904761904761907,0.3333333333333332,-0.3823529411764706,0.5714285714285712,0.25000000000000017,-0.5714285714285714,-0.3373493975903614,0.732265446224229,0.0,-0.17647058823529435,-0.6250000000000001,1
1162,0.4285714285714288,-0.2916666666666667,0.5,-1.142857142857143,-0.20000000000000015,-0.14285714285714285,-0.40963855421686746,-0.5903890160183147,-0.5263157894736848,0.7647058823529416,0.0,1
1427,-0.09523809523809534,-1.2083333333333335,0.3235294117647059,-0.5714285714285715,-1.6999999999999997,0.6428571428571429,0.5301204819277109,0.1372997711670334,0.5263157894736848,0.5294117647058824,1.1875000000000004,1
4,1.5714285714285712,-1.0,0.8823529411764708,-0.4285714285714288,-0.25000000000000017,0.21428571428571427,0.5301204819277109,0.5491990846681845,-0.7894736842105261,-0.23529411764705913,-0.24999999999999917,1
844,-0.3809523809523814,0.6875000000000002,0.2647058823529411,-0.2857142857142859,0.3999999999999996,-0.35714285714285715,1.3012048192771084,-0.22883295194510647,-0.15789473684210661,0.0,-0.49999999999999944,0
468,0.4285714285714288,-0.25,0.5588235294117647,0.5714285714285712,-0.7499999999999998,-0.5,-0.4819277108433735,-0.9610983981693354,0.052631578947367315,1.0000000000000007,2.375000000000001,1
6,-0.23809523809523814,0.5833333333333334,-0.7647058823529412,-0.5714285714285715,-0.25000000000000017,-0.07142857142857142,0.04819277108433735,0.45766590389016215,1.0526315789473673,-0.35294117647058804,-0.49999999999999944,0
223,-0.5238095238095242,0.3749999999999999,-0.6470588235294118,-1.0,-1.1499999999999997,-0.6428571428571429,-0.6746987951807228,-0.7093821510297742,0.5789473684210521,-0.11764705882352956,-0.43749999999999967,0
548,1.2857142857142856,-0.8750000000000001,0.6764705882352942,0.4285714285714282,-0.6499999999999998,-0.5714285714285714,-0.40963855421686746,0.8695652173913132,-0.2631578947368436,1.4117647058823535,0.31250000000000006,1
846,-0.7142857142857144,0.5,-0.14705882352941183,-0.5714285714285715,0.05000000000000004,0.0,-0.1686746987951807,0.04118993135013035,1.4736842105263153,0.23529411764705913,-0.24999999999999917,0
40,-0.28571428571428603,-0.2916666666666667,0.2941176470588235,5.285714285714285,-0.3000000000000002,-0.14285714285714285,1.180722891566265,0.45766590389016215,0.10526315789473696,1.235294117647059,0.1875000000000005,0
543,0.666666666666667,0.8124999999999998,-0.05882352941176476,-0.14285714285714296,-0.49999999999999967,-0.6428571428571429,-0.43373493975903615,-0.09153318077802226,-1.0,-0.17647058823529435,-0.18749999999999936,0
243,-0.09523809523809534,0.24999999999999978,-0.4705882352941177,-0.5714285714285715,1.0999999999999994,1.0,1.7108433734939759,-0.5263157894736789,-1.210526315789474,-0.7647058823529416,-0.24999999999999917,1
137,0.1904761904761907,0.8124999999999998,-0.32352941176470595,-0.5714285714285715,0.4499999999999996,-0.2857142857142857,0.3373493975903614,0.0,-0.42105263157894784,0.8823529411764711,-0.43749999999999967,0
1404,-0.3333333333333335,-0.7916666666666667,0.20588235294117652,-0.7142857142857144,-0.95,-0.7857142857142857,-0.6024096385542169,-0.3661327231121399,-0.42105263157894784,2.8235294117647074,-0.12499999999999958,1
1262,-0.7619047619047623,2.0833333333333335,-0.7647058823529412,-0.2857142857142859,0.1500000000000001,0.21428571428571427,-0.3373493975903614,-1.1121281464531128,1.4736842105263153,-0.4117647058823528,0.6250000000000001,0
678,0.33333333333333304,1.1666666666666667,-0.4411764705882354,0.14285714285714232,0.20000000000000015,-0.14285714285714285,-0.1686746987951807,0.5034324942791732,0.47368421052631515,-0.8235294117647063,-0.18749999999999936,0
874,0.5714285714285712,-1.291666666666667,0.3235294117647059,-0.8571428571428571,-0.6499999999999998,-0.5714285714285714,-0.6746987951807228,-0.585812356979434,-0.42105263157894784,-0.23529411764705913,0.5625000000000003,1
922,0.23809523809523814,-0.6666666666666669,0.17647058823529413,0.0,0.05000000000000004,1.2857142857142858,0.9879518072289156,-0.18306636155609535,-0.05263157894736965,0.5882352941176472,0.5000000000000006,1
1133,-0.23809523809523814,-0.6666666666666669,0.2352941176470589,-0.5714285714285715,-0.25000000000000017,0.2857142857142857,0.0,-1.601830663615593,0.3684210526315782,1.5294117647058831,2.125000000000001,1
850,-0.7142857142857144,0.4583333333333333,-0.14705882352941183,-0.8571428571428571,0.0,-0.14285714285714285,-0.14457831325301204,0.04118993135013035,1.4210526315789478,0.23529411764705913,-0.24999999999999917,0
1457,-0.9047619047619051,0.08333333333333341,-0.5882352941176472,-0.5714285714285715,-1.4999999999999996,1.7142857142857142,1.2289156626506024,-2.032036613272318,-0.05263157894736965,-0.7058823529411767,0.21875000000000094,1
582,2.095238095238096,-0.08333333333333341,0.6764705882352942,0.0,0.4499999999999996,-0.6428571428571429,-0.5783132530120482,1.556064073226531,-0.6315789473684218,-1.0588235294117652,-0.37499999999999983,0
1573,-0.28571428571428603,0.708333333333333,0.17647058823529413,0.0,-0.5499999999999997,1.5,1.5903614457831325,-0.21967963386729408,0.10526315789473696,-0.6470588235294119,-0.43749999999999967,0
662,-0.1904761904761907,-0.4166666666666668,0.14705882352941174,-0.8571428571428571,0.0,0.07142857142857142,0.0963855421686747,0.45766590389016215,0.0,0.11764705882352956,-0.7499999999999997,0
1238,-0.3809523809523814,0.9583333333333333,-0.7352941176470589,0.0,-1.05,-0.21428571428571427,-0.4819277108433735,-2.0045766590389316,0.42105263157894784,-1.2941176470588238,1.6250000000000013,1
1480,0.14285714285714238,-1.0,1.0,1.1428571428571423,1.1999999999999995,-0.2857142857142857,-0.3855421686746988,0.6773455377574055,0.42105263157894784,0.3529411764705887,0.2500000000000003,0
377,1.7142857142857144,-0.2916666666666667,0.7058823529411765,1.1428571428571423,-0.10000000000000007,0.35714285714285715,0.21686746987951808,1.6018306636155422,-0.2631578947368436,2.8823529411764723,0.5000000000000006,1
315,-0.23809523809523814,-0.6666666666666669,0.08823529411764698,0.5714285714285712,0.34999999999999953,0.8571428571428571,0.8192771084337349,-0.16018306636158977,0.42105263157894784,0.3529411764705887,0.5000000000000006,0
443,3.666666666666667,0.6875000000000002,1.4705882352941178,2.1428571428571423,1.0,-0.5714285714285714,0.12048192771084337,2.929061784897068,-1.894736842105263,0.3529411764705887,0.6250000000000001,1
320,0.8095238095238093,1.0416666666666667,-0.41176470588235303,0.9999999999999993,0.09999999999999522,1.1428571428571428,0.8674698795180723,0.8466819221968076,-0.05263157894736965,0.11764705882352956,0.1250000000000007,1
1493,-0.8095238095238098,0.5416666666666667,-0.5882352941176472,-0.8571428571428571,-1.4999999999999996,-0.5714285714285714,-0.4819277108433735,-1.5194508009153322,1.3684210526315783,-0.4705882352941176,1.0937500000000002,0
1054,0.1904761904761907,-0.7916666666666667,0.47058823529411764,0.14285714285714232,-0.49999999999999967,-0.35714285714285715,-0.43373493975903615,-1.1624713958810047,0.3684210526315782,0.8823529411764711,1.5625000000000004,1
1536,-0.4285714285714288,0.1250000000000001,-0.3823529411764706,0.0,-0.25000000000000017,0.07142857142857142,-0.07228915662650602,-0.411899313501151,0.26315789473684126,-0.17647058823529435,-0.31250000000000006,1
1203,0.33333333333333304,-0.4166666666666668,0.3823529411764706,-0.5714285714285715,-0.5999999999999998,-0.5714285714285714,-0.6265060240963856,-0.7505720823798537,0.21052631578947392,0.4117647058823528,0.9375000000000002,1
425,-0.09523809523809534,1.8333333333333333,-0.17647058823529413,-0.2857142857142859,-1.6499999999999997,0.07142857142857142,0.5301204819277109,-0.5949656750571956,0.26315789473684126,-1.0588235294117652,0.4375000000000008,0
554,-1.3809523809523814,2.166666666666667,-0.05882352941176476,-0.8571428571428571,-1.4999999999999996,1.2857142857142858,1.3975903614457832,-1.5560640732265818,2.2631578947368434,0.0,0.8125000000000007,0
595,0.0,0.8333333333333331,-0.2647058823529412,0.5714285714285712,0.7999999999999998,0.42857142857142855,0.0,0.45766590389016215,0.47368421052631515,-0.5294117647058824,-0.43749999999999967,0
1477,0.9523809523809526,-0.08333333333333341,0.7058823529411765,16.57142857142857,6.249999999999998,2.4285714285714284,1.0602409638554218,2.572082379862741,-0.7894736842105261,0.7647058823529416,-0.8749999999999993,0
945,0.1904761904761907,-0.9166666666666669,0.6764705882352942,2.2857142857142847,0.49999999999999967,-0.21428571428571427,-0.3373493975903614,-0.8329519450801144,-0.21052631578947392,0.11764705882352956,1.1875000000000004,1
1550,-0.23809523809523814,-0.6666666666666669,0.11764705882352937,-0.5714285714285715,-0.3000000000000002,0.21428571428571427,-0.3373493975903614,-1.1945080091533227,-0.3684210526315782,0.4705882352941176,0.7500000000000009,1
840,-0.9047619047619051,-0.08333333333333341,-0.6470588235294118,0.0,0.5999999999999998,-0.07142857142857142,-0.2891566265060241,-0.15102974828377738,0.7894736842105261,-0.8823529411764711,-0.12499999999999958,0
228,0.5238095238095237,1.2499999999999998,-0.35294117647058826,0.5714285714285712,0.4499999999999996,-0.35714285714285715,-0.3614457831325301,0.732265446224229,0.42105263157894784,0.05882352941176478,-0.24999999999999917,0
1138,1.1904761904761907,0.0,0.5588235294117647,-0.2857142857142859,0.0,-0.5714285714285714,-0.6024096385542169,0.430205949656725,-0.47368421052631515,0.8235294117647063,0.7500000000000009,1
919,0.23809523809523814,-0.6666666666666669,0.17647058823529413,0.0,0.05000000000000004,1.2857142857142858,0.9879518072289156,-0.18306636155609535,-0.05263157894736965,0.5882352941176472,0.5000000000000006,1
1433,-0.9523809523809526,-0.3333333333333334,-0.7647058823529412,-0.8571428571428571,-1.8999999999999997,-0.7857142857142857,-0.6506024096385542,-1.0983981693364198,0.894736842105263,1.3529411764705888,0.9375000000000002,1
775,0.0,-0.5,0.11764705882352937,-0.5714285714285715,3.849999999999999,-0.8571428571428571,0.1686746987951807,0.2151029748283625,0.0,1.7058823529411773,-0.43749999999999967,1
67,-0.1904761904761907,0.0,-0.4411764705882354,-1.0,-0.05000000000000004,-0.21428571428571427,0.024096385542168676,0.0,0.5789473684210521,-0.23529411764705913,-0.37499999999999983,0
394,0.23809523809523814,0.6041666666666667,1.0294117647058825,-0.2857142857142859,1.5999999999999948,-0.07142857142857142,1.3734939759036144,0.09153318077802226,-0.7894736842105261,-0.4705882352941176,-0.6874999999999999,0
580,1.2857142857142856,-0.8750000000000001,0.6764705882352942,0.0,-0.8499999999999999,0.2857142857142857,0.04819277108433735,0.3661327231121399,-0.894736842105263,-0.6470588235294119,-0.24999999999999917,1
25,-0.4761904761904763,-0.5,-0.35294117647058826,0.28571428571428525,0.25000000000000017,0.5,0.04819277108433735,0.0,0.6315789473684218,0.05882352941176478,-0.31250000000000006,1
212,0.04761904761904746,0.8541666666666665,-0.05882352941176476,0.8571428571428564,0.1500000000000001,-0.2857142857142857,0.5783132530120482,0.022883295194505566,0.21052631578947392,-0.35294117647058804,-0.12499999999999958,1
1233,-0.1428571428571432,-0.3750000000000001,0.08823529411764698,-0.14285714285714296,-0.25000000000000017,0.35714285714285715,0.6746987951807228,0.17391304347823214,0.47368421052631515,0.11764705882352956,-0.43749999999999967,0
1193,-0.3333333333333335,-1.1250000000000002,0.3235294117647059,0.4285714285714282,-0.8499999999999999,-0.21428571428571427,0.07228915662650602,-1.1029748283753005,1.105263157894737,1.0588235294117654,1.3750000000000009,1
537,0.9523809523809526,0.4583333333333333,-0.05882352941176476,0.28571428571428525,-0.1500000000000001,-0.5714285714285714,-0.12048192771084337,0.2745995423340668,-1.1578947368421066,-0.29411764705882393,-0.49999999999999944,0
837,-0.5714285714285716,-1.0,0.05882352941176476,0.28571428571428525,-3.3999999999999995,1.5714285714285714,1.4939759036144578,-2.819221967963421,-0.2631578947368436,-1.3529411764705888,0.9375000000000002,1
744,1.7619047619047619,-0.45833333333333354,0.9411764705882353,0.8571428571428564,0.7999999999999998,0.7857142857142857,1.5180722891566265,1.5743707093821557,-0.9473684210526326,-0.5294117647058824,-0.12499999999999958,0
86,-0.4761904761904763,0.1250000000000001,-0.32352941176470595,0.0,-0.20000000000000015,0.35714285714285715,0.04819277108433735,-0.32036613272312875,0.5263157894736848,-0.17647058823529435,-0.06249999999999979,0
1440,-0.28571428571428603,0.6250000000000001,-0.7058823529411766,0.0,-0.4000000000000003,1.2142857142857142,1.3012048192771084,-0.521739130434798,0.052631578947367315,0.3529411764705887,0.5416666666666871,1
273,1.4285714285714288,-0.6250000000000001,0.9411764705882353,2.5714285714285707,-0.4500000000000003,0.21428571428571427,0.6506024096385542,1.1670480549198856,-0.47368421052631515,0.9411764705882358,-0.06249999999999979,0
1034,-0.1904761904761907,0.20833333333333307,-0.5294117647058824,0.5714285714285712,0.4499999999999996,0.0,-0.26506024096385544,-0.4027459954233386,-0.05263157894736965,-0.17647058823529435,0.1250000000000007,1
1447,-0.4761904761904763,0.4583333333333333,-0.7058823529411766,-0.4285714285714288,-0.10000000000000007,0.2857142857142857,-0.1927710843373494,0.1464530892448458,0.47368421052631515,0.7647058823529416,-0.24999999999999917,0
631,0.3809523809523805,0.08333333333333341,0.0,0.4285714285714282,0.8499999999999951,-0.5,-0.1686746987951807,0.3661327231121399,-0.21052631578947392,-0.11764705882352956,-0.5624999999999992,1
1491,-0.3809523809523814,-1.2500000000000002,0.6764705882352942,-0.5714285714285715,-2.05,-0.42857142857142855,-0.4819277108433735,-1.537757437070957,0.42105263157894784,-0.35294117647058804,1.3750000000000009,1
506,1.095238095238095,-0.1250000000000001,1.0882352941176472,0.9999999999999993,-0.4000000000000003,-0.2857142857142857,-0.2891566265060241,0.0,-0.7894736842105261,0.9411764705882358,1.4375000000000007,1
274,0.23809523809523814,0.8124999999999998,-0.17647058823529413,0.28571428571428525,-0.20000000000000015,-0.2857142857142857,0.0,0.25171624713956126,0.0,0.11764705882352956,-0.49999999999999944,0
363,1.904761904761905,0.24999999999999978,1.1764705882352944,0.4285714285714282,-0.4000000000000003,-0.5714285714285714,-0.024096385542168676,1.098398169336369,-1.3684210526315805,-0.35294117647058804,-0.12499999999999958,0
623,1.0,0.24999999999999978,-0.11764705882352945,-0.4285714285714288,0.0,-0.35714285714285715,-0.14457831325301204,0.2745995423340668,-0.9473684210526326,-0.4117647058823528,-0.43749999999999967,0
3,-0.04761904761904788,1.0,-0.6470588235294118,0.14285714285714232,0.5999999999999998,0.07142857142857142,0.3855421686746988,0.09153318077802226,-0.2631578947368436,0.17647058823529435,-0.24999999999999917,0
7,0.0,0.3333333333333332,-0.5882352941176472,-0.8571428571428571,-0.5499999999999997,0.07142857142857142,0.5060240963855421,-0.18306636155609535,-0.05263157894736965,-0.9411764705882355,-0.49999999999999944,0
312,0.0,0.041666666666666706,-0.05882352941176476,-0.2857142857142859,-0.4000000000000003,0.07142857142857142,1.6144578313253013,-0.3661327231121399,-0.21052631578947392,-0.4705882352941176,-0.49999999999999944,1
1079,0.33333333333333304,-0.6250000000000001,1.147058823529412,5.999999999999999,0.0,-0.7857142857142857,-0.7228915662650602,0.6270022883295135,-0.21052631578947392,-0.23529411764705913,0.5000000000000006,0
745,1.5238095238095237,-0.5416666666666667,0.8235294117647061,0.7142857142857141,0.7499999999999998,0.5,1.5180722891566265,1.51029748283752,-0.9473684210526326,-0.6470588235294119,-0.43749999999999967,0
666,0.7142857142857144,0.29166666666666646,-0.35294117647058826,-0.2857142857142859,0.20000000000000015,0.7857142857142857,0.24096385542168675,0.5949656750571956,-0.894736842105263,-0.35294117647058804,-0.31250000000000006,0
365,2.333333333333334,0.39583333333333326,1.1764705882352944,5.1428571428571415,0.1500000000000001,-0.5,0.0963855421686747,2.4713958810068553,-1.2631578947368436,0.6470588235294119,-0.12499999999999958,1
1576,-0.1904761904761907,0.0,0.41176470588235303,0.0,-1.0,-0.14285714285714285,-0.43373493975903615,-0.9427917620137615,-0.2631578947368436,0.11764705882352956,1.000000000000001,1
216,-0.4285714285714288,-0.1250000000000001,0.6764705882352942,4.857142857142855,-1.0,0.8571428571428571,2.0,0.2745995423340668,0.15789473684210428,0.8235294117647063,0.1875000000000005,0
1581,-0.23809523809523814,-0.7083333333333335,0.20588235294117652,0.28571428571428525,-0.5999999999999998,-0.35714285714285715,-0.2891566265060241,-0.9610983981693354,0.26315789473684126,-0.11764705882352956,1.0625000000000009,1
28,0.0,-0.3750000000000001,-0.14705882352941183,-0.8571428571428571,1.2999999999999996,-0.2857142857142857,-0.024096385542168676,-0.09153318077802226,-0.7368421052631587,1.7058823529411773,-0.43749999999999967,0
1146,0.14285714285714238,-1.3333333333333335,0.5,0.4285714285714282,-0.20000000000000015,1.2142857142857142,0.3132530120481928,-0.03661327231119874,1.1578947368421042,1.1176470588235303,0.1250000000000007,1
988,-0.3809523809523814,-0.6666666666666669,0.11764705882352937,-0.8571428571428571,0.0,1.5,0.7710843373493976,0.05949656750570431,0.6842105263157892,-0.7058823529411767,-0.49999999999999944,0
1463,-0.5238095238095242,0.5,-0.6764705882352942,0.14285714285714232,-0.25000000000000017,0.0,-0.1686746987951807,-0.6178489702517519,0.26315789473684126,-0.23529411764705913,0.1250000000000007,1
1586,-0.3333333333333335,-0.5416666666666667,0.5294117647058824,0.5714285714285712,-0.6999999999999998,0.5714285714285714,0.24096385542168675,-0.8512585812356884,-0.05263157894736965,1.2941176470588238,0.8125000000000007,1
639,-0.09523809523809534,1.6458333333333335,-0.41176470588235303,0.0,3.1499999999999986,-0.5,-0.3614457831325301,-0.18306636155609535,0.21052631578947392,0.17647058823529435,0.0,1
848,-0.23809523809523814,0.6666666666666669,-0.2941176470588236,-0.5714285714285715,-0.10000000000000007,-0.14285714285714285,0.024096385542168676,0.411899313501151,1.0,0.4705882352941176,-0.18749999999999936,1
719,0.23809523809523814,0.16666666666666682,-0.6470588235294118,-0.2857142857142859,0.09999999999999522,-0.2857142857142857,-0.3855421686746988,0.3661327231121399,-0.47368421052631515,-1.0588235294117652,-0.37499999999999983,0
692,0.6190476190476186,1.6666666666666667,-0.05882352941176476,0.5714285714285712,0.34999999999999953,-0.14285714285714285,1.3253012048192772,1.3729977116704866,0.894736842105263,-0.4705882352941176,-0.24999999999999917,0
939,-0.3333333333333335,-0.5833333333333334,0.35294117647058826,0.8571428571428564,-0.5999999999999998,0.6428571428571429,0.0963855421686747,-1.4828375286041335,0.15789473684210428,0.5882352941176472,1.687500000000001,1
625,-0.5238095238095242,0.708333333333333,-0.7647058823529412,4.857142857142855,2.1999999999999993,0.5,0.4819277108433735,1.3272311212814754,0.7894736842105261,0.5882352941176472,0.0,0
967,0.5238095238095237,-0.5833333333333334,0.4411764705882352,0.28571428571428525,1.1499999999999995,-0.5714285714285714,-0.6746987951807228,-0.3478260869565151,-0.9473684210526326,-0.23529411764705913,1.0625000000000009,1
257,0.7142857142857144,-0.75,0.3235294117647059,0.0,-0.25000000000000017,-0.6428571428571429,-0.6024096385542169,0.5491990846681845,-0.47368421052631515,0.0,-0.6250000000000001,0
26,-0.7619047619047623,-0.5416666666666667,-0.2941176470588236,-1.142857142857143,0.0,-0.21428571428571427,-0.3614457831325301,-0.5949656750571956,0.15789473684210428,-0.35294117647058804,-0.5624999999999992,0
337,0.4761904761904763,-0.3750000000000001,0.5588235294117647,-0.4285714285714288,-1.4,-0.5714285714285714,-0.5301204819277109,-0.9153318077803243,0.21052631578947392,0.4705882352941176,1.4375000000000007,1
573,1.095238095238095,-1.1666666666666667,0.6764705882352942,0.28571428571428525,-0.25000000000000017,-0.2857142857142857,-0.24096385542168675,0.45766590389016215,-0.894736842105263,-0.05882352941176478,0.1250000000000007,0
48,0.3809523809523805,-0.9583333333333335,0.7647058823529412,-0.8571428571428571,1.6499999999999997,-0.14285714285714285,-0.024096385542168676,0.04576659038901113,-0.3157894736842109,-0.23529411764705913,-0.43749999999999967,0
107,-0.04761904761904788,-0.45833333333333354,1.235294117647059,-0.7142857142857144,19.349999999999998,0.2857142857142857,0.7469879518072289,0.22883295194505568,-1.210526315789474,4.058823529411767,-0.5624999999999992,0
350,0.5714285714285712,1.1041666666666667,-0.7647058823529412,0.5714285714285712,0.6499999999999998,-0.21428571428571427,-0.24096385542168675,1.189931350114391,0.26315789473684126,1.4117647058823535,-0.49999999999999944,1
56,-0.09523809523809534,0.4166666666666666,-0.6470588235294118,2.2857142857142847,0.20000000000000015,0.7857142857142857,0.1686746987951807,0.45766590389016215,0.15789473684210428,-0.5294117647058824,-0.43749999999999967,0
917,-1.2380952380952386,0.8124999999999998,-0.20588235294117652,-1.0,4.049999999999999,-0.5,0.5783132530120482,-1.3043478260869699,1.6315789473684217,-0.05882352941176478,0.5000000000000006,0
214,0.14285714285714238,0.20833333333333307,0.0,0.0,-1.0,1.0,0.6506024096385542,-0.411899313501151,-0.05263157894736965,-1.1176470588235299,-0.06249999999999979,0
121,-0.28571428571428603,2.291666666666667,-0.5000000000000001,-0.7142857142857144,4.899999999999999,-0.2857142857142857,1.2289156626506024,-0.2745995423341176,-0.05263157894736965,-0.29411764705882393,-0.7499999999999997,0
991,-0.09523809523809534,-0.5416666666666667,-0.41176470588235303,-0.7142857142857144,0.8499999999999951,0.35714285714285715,-0.26506024096385544,-0.3844393592677647,-0.7894736842105261,-0.7647058823529416,-0.49999999999999944,0
1006,-0.5238095238095242,-0.6666666666666669,0.17647058823529413,-0.5714285714285715,-0.6499999999999998,-0.7142857142857143,-0.7228915662650602,-1.8306636155606486,0.26315789473684126,-0.4117647058823528,1.6250000000000013,1
73,-0.09523809523809534,0.708333333333333,-0.11764705882352945,-0.4285714285714288,0.20000000000000015,0.2857142857142857,1.3493975903614457,-0.32036613272312875,0.0,-0.8235294117647063,-0.43749999999999967,0
1384,0.04761904761904746,0.3333333333333332,-0.11764705882352945,-0.14285714285714296,0.0,0.7857142857142857,1.6144578313253013,-0.3066361556064356,-0.05263157894736965,-0.7647058823529416,-0.18749999999999936,0
882,-0.1428571428571432,0.8124999999999998,-0.7647058823529412,-0.14285714285714296,-0.5999999999999998,1.1428571428571428,-0.07228915662650602,-0.6727688787185246,0.894736842105263,0.17647058823529435,0.7500000000000009,1
811,-0.28571428571428603,-0.1250000000000001,-0.4705882352941177,0.5714285714285712,-0.5999999999999998,-0.7142857142857143,-0.5783132530120482,-0.5400457665904228,-0.05263157894736965,-0.8823529411764711,0.1875000000000005,0
46,-1.571428571428572,0.0,-0.32352941176470595,-0.14285714285714296,-1.2999999999999998,-0.42857142857142855,0.6506024096385542,-1.5560640732265818,3.105263157894737,-0.35294117647058804,1.8125000000000007,0
1345,1.7142857142857144,-0.4166666666666668,0.6470588235294118,0.5714285714285712,-0.1500000000000001,-0.42857142857142855,-0.43373493975903615,0.7871853546910524,-1.1578947368421066,-0.5294117647058824,0.5000000000000006,0
990,0.8571428571428568,-0.9375000000000002,0.41176470588235303,-1.0,-0.35000000000000026,0.0,-0.40963855421686746,-0.5675057208238092,-0.894736842105263,-0.6470588235294119,0.4375000000000008,1
894,-0.3333333333333335,0.5833333333333334,-0.6764705882352942,0.14285714285714232,-0.10000000000000007,0.14285714285714285,1.1566265060240963,0.2883295194508108,1.1578947368421042,-0.29411764705882393,-0.31250000000000006,0
900,0.1904761904761907,2.0833333333333335,-0.7058823529411766,1.7142857142857135,0.20000000000000015,-0.5714285714285714,-0.6506024096385542,0.9702517162471478,0.894736842105263,-0.7647058823529416,0.5000000000000006,0
534,1.1428571428571432,-1.0416666666666667,-0.05882352941176476,-0.14285714285714296,-0.4000000000000003,0.07142857142857142,-0.12048192771084337,-0.5491990846681845,-0.47368421052631515,0.23529411764705913,1.6250000000000013,1
1380,-0.1904761904761907,0.20833333333333307,-0.7058823529411766,0.5714285714285712,-0.1500000000000001,-0.21428571428571427,-0.07228915662650602,-0.5629290617849284,0.26315789473684126,0.0,0.375000000000001,1
604,2.5238095238095237,-0.25,0.7647058823529412,0.0,-0.4500000000000003,-0.14285714285714285,-0.07228915662650602,1.7391304347825756,-1.105263157894737,-0.35294117647058804,-0.7499999999999997,1
466,1.0,-0.9583333333333335,0.41176470588235303,0.9999999999999993,0.8999999999999999,-0.2857142857142857,-0.2891566265060241,1.7391304347825756,0.894736842105263,1.7058823529411773,-0.31250000000000006,0
924,-0.5238095238095242,-0.45833333333333354,0.14705882352941174,9.428571428571427,0.20000000000000015,0.8571428571428571,0.1686746987951807,0.6590389016018314,0.3684210526315782,0.11764705882352956,-0.06249999999999979,1
1360,1.7619047619047619,-0.18750000000000017,0.41176470588235303,-1.142857142857143,0.5499999999999997,-0.5714285714285714,-0.24096385542168675,0.10983981693364704,-1.2631578947368436,0.17647058823529435,-0.10416666666668742,1
880,-0.3333333333333335,0.3333333333333332,-0.6470588235294118,0.4285714285714282,-0.20000000000000015,0.2857142857142857,1.2048192771084338,0.29748283752857235,1.1578947368421042,-0.4117647058823528,-0.43749999999999967,0
1593,-0.7619047619047623,-0.041666666666666706,-0.3823529411764706,0.14285714285714232,-0.20000000000000015,1.0714285714285714,0.04819277108433735,-0.4851258581235993,0.5789473684210521,0.7647058823529416,0.5000000000000006,1
61,0.4285714285714288,-0.5,0.41176470588235303,0.0,-0.05000000000000004,0.35714285714285715,0.3373493975903614,0.5491990846681845,0.6842105263157892,0.11764705882352956,-0.6250000000000001,0
1008,0.5714285714285712,-0.9166666666666669,0.2352941176470589,-0.2857142857142859,-0.7999999999999998,-0.14285714285714285,-0.3132530120481928,-0.7505720823798537,-0.2631578947368436,1.2941176470588238,0.9375000000000002,1
93,0.33333333333333304,-0.1250000000000001,0.08823529411764698,-0.2857142857142859,1.4999999999999996,0.35714285714285715,2.289156626506024,0.18306636155604453,-2.0,8.000000000000002,-0.24999999999999917,0
1595,-0.8095238095238098,0.3333333333333332,-0.5294117647058824,-0.2857142857142859,0.49999999999999967,1.2857142857142858,0.14457831325301204,-0.8695652173913132,0.7368421052631587,-0.23529411764705913,0.1875000000000005,0
195,-0.1428571428571432,0.1250000000000001,-0.14705882352941183,0.0,-0.4500000000000003,-0.5,-0.24096385542168675,-0.18306636155609535,-0.15789473684210661,-0.4117647058823528,-0.31250000000000006,0
281,1.666666666666667,-1.0833333333333335,0.5294117647058824,1.9999999999999993,-0.4500000000000003,-0.5714285714285714,-0.4578313253012048,0.823798627002302,-1.0,1.1764705882352944,-0.5624999999999992,1
696,-1.333333333333334,-0.20833333333333354,-0.7058823529411766,-1.2857142857142856,-2.2999999999999994,0.2857142857142857,0.14457831325301204,-2.1510297482837775,3.105263157894737,0.0,1.6250000000000013,1
360,2.238095238095238,-0.5833333333333334,1.1764705882352944,0.5714285714285712,0.3999999999999996,-0.2857142857142857,0.07228915662650602,1.9221967963386202,-0.7368421052631587,0.3529411764705887,-0.24999999999999917,1
520,-0.28571428571428603,-0.6458333333333335,0.6764705882352942,0.4285714285714282,0.3999999999999996,1.7857142857142858,1.6385542168674698,-0.09153318077802226,0.26315789473684126,0.9411764705882358,0.5000000000000006,0
932,-0.23809523809523814,0.3749999999999999,-0.7352941176470589,-0.2857142857142859,-0.3000000000000002,-0.07142857142857142,0.0,0.31121281464531636,0.894736842105263,0.17647058823529435,-0.24999999999999917,0
868,-0.4761904761904763,-0.041666666666666706,-0.08823529411764706,-0.2857142857142859,-0.4000000000000003,-0.07142857142857142,-0.3855421686746988,-1.1075514874141812,0.47368421052631515,1.2941176470588238,0.6250000000000001,1
183,-0.3333333333333335,0.8749999999999999,-0.7058823529411766,0.4285714285714282,-0.20000000000000015,0.14285714285714285,0.0963855421686747,0.18306636155604453,0.6842105263157892,-0.5882352941176472,-0.5624999999999992,0
1089,1.7619047619047619,-0.45833333333333354,0.8235294117647061,-1.0,0.7499999999999998,0.5714285714285714,0.07228915662650602,0.25171624713956126,-1.5263157894736847,0.8235294117647063,-0.18749999999999936,1
1098,0.33333333333333304,0.0,0.35294117647058826,-1.0,0.7999999999999998,-0.6428571428571429,-0.4819277108433735,-0.06407322654463592,-0.5789473684210521,-0.5882352941176472,-0.49999999999999944,0
111,-0.04761904761904788,0.16666666666666682,-0.20588235294117652,-0.5714285714285715,1.1999999999999995,-0.14285714285714285,0.21686746987951808,-0.18306636155609535,-0.6315789473684218,1.823529411764707,-0.43749999999999967,0
944,0.9047619047619051,-0.08333333333333341,0.2352941176470589,0.14285714285714232,0.6999999999999998,-0.2857142857142857,0.1686746987951807,0.842105263157876,-0.3684210526315782,-0.11764705882352956,-0.31250000000000006,1
43,-0.1904761904761907,-0.1250000000000001,-0.17647058823529413,0.5714285714285712,12.599999999999998,-0.42857142857142855,-0.5783132530120482,0.0,-0.5263157894736848,1.6470588235294126,0.1875000000000005,1
747,0.14285714285714238,-0.75,0.35294117647058826,0.4285714285714282,0.0,-0.14285714285714285,0.4578313253012048,0.45766590389016215,-0.05263157894736965,-0.8823529411764711,-0.7499999999999997,1
205,-0.4285714285714288,-0.3750000000000001,0.2941176470588235,-0.8571428571428571,0.4499999999999996,0.0,-0.024096385542168676,-0.2974828375286232,0.15789473684210428,-0.35294117647058804,-0.6250000000000001,1
931,-0.6190476190476195,0.3749999999999999,-0.7352941176470589,-0.4285714285714288,0.0,-0.42857142857142855,-0.3132530120481928,0.30205949656750397,2.0,0.6470588235294119,0.1875000000000005,0
53,-0.6190476190476195,-0.08333333333333341,-0.6470588235294118,-0.14285714285714296,-0.5999999999999998,-0.5714285714285714,-0.5783132530120482,-0.5949656750571956,0.42105263157894784,0.11764705882352956,-0.49999999999999944,1
1274,-0.1904761904761907,0.24999999999999978,-0.17647058823529413,-0.2857142857142859,-0.35000000000000026,1.4285714285714286,0.14457831325301204,-0.8512585812356884,-1.105263157894737,-1.1176470588235299,-0.5624999999999992,0
546,0.5714285714285712,-0.20833333333333354,0.6764705882352942,0.5714285714285712,0.6999999999999998,1.7142857142857142,1.6385542168674698,0.6407322654462067,-1.210526315789474,-0.17647058823529435,-0.6874999999999999,0
69,0.666666666666667,-0.8333333333333334,0.9117647058823528,-0.2857142857142859,-0.3000000000000002,0.9285714285714286,0.6506024096385542,0.04576659038901113,-0.15789473684210661,1.0000000000000007,0.31250000000000006,0
1019,0.04761904761904746,-1.4166666666666667,0.3235294117647059,-1.857142857142857,-1.5499999999999996,1.5714285714285714,1.7108433734939759,-3.080091533180795,-2.210526315789474,-1.0588235294117652,1.5625000000000004,1
975,0.4285714285714288,-0.7916666666666667,0.4411764705882352,5.285714285714285,-0.35000000000000026,-0.5,-0.6024096385542169,-0.10068649885583465,-0.05263157894736965,0.0,1.1875000000000004,1
1069,1.5238095238095237,-0.8750000000000001,0.7941176470588237,0.0,-1.0,-0.7857142857142857,-0.6746987951807228,-0.4942791762013609,-1.5263157894736847,1.235294117647059,0.4375000000000008,1
184,-0.5238095238095242,0.3749999999999999,-0.17647058823529413,-0.5714285714285715,-0.1500000000000001,-0.21428571428571427,0.6506024096385542,0.1372997711670334,1.210526315789474,-0.23529411764705913,-0.5624999999999992,0
138,-0.3333333333333335,-0.43750000000000017,0.2941176470588235,-0.2857142857142859,0.05000000000000004,-0.07142857142857142,0.1686746987951807,0.18306636155604453,0.894736842105263,0.11764705882352956,-0.6250000000000001,0
797,0.3809523809523805,-0.25,0.14705882352941174,0.4285714285714282,2.2999999999999994,0.7142857142857143,0.6265060240963856,0.30205949656750397,-1.105263157894737,0.7058823529411767,-0.37499999999999983,0
133,-1.0952380952380958,-0.08333333333333341,-0.5000000000000001,0.14285714285714232,-1.5499999999999996,0.21428571428571427,1.4698795180722892,-1.4187643020594976,1.6842105263157892,0.05882352941176478,1.7500000000000009,0
81,-0.8095238095238098,-0.2916666666666667,-0.17647058823529413,-0.8571428571428571,-0.5499999999999997,-0.7857142857142857,-0.5542168674698795,-0.45766590389016215,0.5263157894736848,-0.35294117647058804,-0.6250000000000001,0
106,0.09523809523809491,0.2291666666666664,-0.11764705882352945,-0.14285714285714296,-0.1500000000000001,-0.14285714285714285,0.6506024096385542,-0.04576659038901113,-0.10526315789473696,-0.6470588235294119,-0.6250000000000001,0
1237,-0.04761904761904788,0.1250000000000001,-0.7647058823529412,-0.7142857142857144,-0.49999999999999967,-0.5,-0.5060240963855421,-0.09610983981695387,-0.2631578947368436,0.11764705882352956,-0.49999999999999944,1
542,0.7619047619047619,-0.25,0.6764705882352942,5.857142857142855,-0.7999999999999998,-0.6428571428571429,-0.5060240963855421,0.9153318077803243,-0.5263157894736848,0.6470588235294119,0.5000000000000006,1
249,-0.09523809523809534,0.041666666666666706,-0.5882352941176472,-0.7142857142857144,-0.3000000000000002,-0.35714285714285715,0.024096385542168676,-0.2974828375286232,0.21052631578947392,-0.8235294117647063,-0.24999999999999917,1
308,1.1428571428571432,-0.45833333333333354,0.47058823529411764,0.28571428571428525,6.6499999999999995,-0.5714285714285714,-0.5783132530120482,1.189931350114391,-0.6315789473684218,0.0,-0.43749999999999967,1
447,2.1904761904761907,-0.5833333333333334,1.0,0.5714285714285712,0.05000000000000004,1.2142857142857142,0.8192771084337349,1.2814645308924641,-1.105263157894737,0.6470588235294119,0.1875000000000005,0
843,1.2857142857142856,-0.08333333333333341,0.5588235294117647,0.5714285714285712,1.9499999999999993,1.4285714285714286,0.7228915662650602,0.128146453089221,-0.42105263157894784,0.5882352941176472,0.4375000000000008,1
335,0.0,0.5416666666666667,-0.7352941176470589,0.4285714285714282,-0.10000000000000007,0.21428571428571427,0.0,-0.22883295194510647,0.15789473684210428,0.7058823529411767,0.9375000000000002,1
98,-0.4285714285714288,-0.08333333333333341,-0.02941176470588238,-0.2857142857142859,-0.49999999999999967,-0.7857142857142857,-0.3855421686746988,-0.22883295194510647,-0.3157894736842109,0.05882352941176478,-0.6250000000000001,0
859,1.8095238095238093,-1.0,0.6176470588235293,-0.7142857142857144,-1.2999999999999998,0.21428571428571427,-0.14457831325301204,0.027459954233386357,-0.8421052631578957,0.29411764705882393,0.2500000000000003,1
1577,0.04761904761904746,-0.9166666666666669,1.0882352941176472,-0.8571428571428571,0.05000000000000004,0.14285714285714285,-0.21686746987951808,-0.4210526315789634,-0.05263157894736965,0.9411764705882358,0.375000000000001,1
738,0.14285714285714238,0.29166666666666646,-0.7647058823529412,0.4285714285714282,0.6499999999999998,0.35714285714285715,0.4819277108433735,1.556064073226531,1.0,0.17647058823529435,-0.5624999999999992,1
999,0.4761904761904763,1.3333333333333333,0.2352941176470589,-1.142857142857143,-1.4999999999999996,-0.7142857142857143,-0.6746987951807228,-0.5766590389016216,-1.0,-0.8235294117647063,-0.6874999999999999,1
1092,0.0,-0.75,0.47058823529411764,-0.2857142857142859,0.2999999999999995,-0.42857142857142855,-0.4578313253012048,-0.6132723112128203,0.21052631578947392,-0.11764705882352956,0.7500000000000009,1
422,-0.6190476190476195,1.3333333333333333,-0.6764705882352942,0.14285714285714232,-1.05,1.2857142857142858,0.24096385542168675,-0.7322654462242798,1.105263157894737,-0.35294117647058804,1.312500000000001,1
103,0.09523809523809491,0.10416666666666677,-0.2352941176470589,-0.4285714285714288,0.0,-0.07142857142857142,-0.07228915662650602,0.18306636155604453,-0.05263157894736965,-0.17647058823529435,-0.7499999999999997,1
435,1.1904761904761907,-0.45833333333333354,0.8529411764705884,1.4285714285714282,-0.20000000000000015,0.5714285714285714,0.3855421686746988,1.2814645308924641,-0.8421052631578957,1.5882352941176479,-0.18749999999999936,1
1441,-0.3333333333333335,-0.6250000000000001,0.17647058823529413,-0.2857142857142859,-0.8999999999999999,0.07142857142857142,-0.24096385542168675,-0.9610983981693354,-0.42105263157894784,0.6470588235294119,0.687500000000001,1
998,-1.0952380952380958,0.5833333333333334,-0.7647058823529412,0.0,0.34999999999999953,-0.7857142857142857,-0.6506024096385542,-1.3821510297482988,2.105263157894737,0.05882352941176478,1.6250000000000013,1
1451,-0.3333333333333335,-0.6250000000000001,0.17647058823529413,-0.2857142857142859,-0.8999999999999999,0.07142857142857142,-0.24096385542168675,-0.9610983981693354,-0.42105263157894784,0.6470588235294119,0.687500000000001,1
1377,0.14285714285714238,1.5208333333333333,-0.17647058823529413,-1.142857142857143,0.2999999999999995,-0.5,-0.1686746987951807,-1.0068649885583465,-1.0526315789473697,-0.9411764705882355,-0.12499999999999958,0
1344,-0.1904761904761907,-0.041666666666666706,-0.7058823529411766,-0.7142857142857144,0.20000000000000015,-0.07142857142857142,-0.1686746987951807,-0.649885583524019,0.26315789473684126,-0.4705882352941176,0.1875000000000005,1
1305,-0.1428571428571432,1.1250000000000002,-0.14705882352941183,0.14285714285714232,0.34999999999999953,0.5,0.7228915662650602,-0.5949656750571956,-1.0,-1.0588235294117652,-0.6250000000000001,0
825,-0.3809523809523814,-0.16666666666666682,0.05882352941176476,0.8571428571428564,-0.5999999999999998,-0.5714285714285714,-0.5301204819277109,0.009153318077812389,-0.3684210526315782,-0.5294117647058824,0.0625000000000009,0
763,0.4285714285714288,0.7499999999999998,-0.7647058823529412,-0.7142857142857144,-0.5499999999999997,-0.42857142857142855,-0.4578313253012048,0.09610983981690306,0.0,-0.5294117647058824,-0.12499999999999958,1
734,-0.4285714285714288,-0.2916666666666667,0.2352941176470589,0.7142857142857141,0.09999999999999522,0.14285714285714285,0.8192771084337349,0.5491990846681845,1.2631578947368411,-0.11764705882352956,-0.43749999999999967,0
389,-0.04761904761904788,-0.25,0.0,-0.4285714285714288,0.3999999999999996,0.6428571428571429,0.3614457831325301,0.5949656750571956,0.6315789473684218,0.7058823529411767,-0.6250000000000001,1
236,-0.3333333333333335,0.4583333333333333,-0.7647058823529412,-0.4285714285714288,0.8499999999999951,0.0,0.0,-0.022883295194505566,0.3157894736842109,-0.23529411764705913,-0.7499999999999997,1
1325,-0.5714285714285716,-0.25,-0.05882352941176476,-0.7142857142857144,-0.1500000000000001,0.2857142857142857,-0.0963855421686747,-0.9153318077803243,0.42105263157894784,-0.11764705882352956,0.2500000000000003,1
268,0.0,-0.7083333333333335,0.5882352941176472,1.9999999999999993,-0.10000000000000007,0.07142857142857142,-0.024096385542168676,0.22883295194505568,0.21052631578947392,1.4117647058823535,1.6250000000000013,1
306,1.1428571428571432,0.041666666666666706,0.6470588235294118,0.4285714285714282,-0.8499999999999999,-0.5714285714285714,-0.3132530120481928,1.3729977116704866,-1.0,-0.17647058823529435,-0.5624999999999992,1
1449,-0.4761904761904763,0.24999999999999978,-0.7352941176470589,-0.4285714285714288,0.0,1.8571428571428572,0.3855421686746988,0.013729977116693179,0.47368421052631515,0.6470588235294119,-0.31250000000000006,0
1289,-0.4285714285714288,0.3333333333333332,0.11764705882352937,3.2857142857142847,-0.5999999999999998,0.42857142857142855,1.7349397590361446,1.0709382151029825,-0.05263157894736965,3.2352941176470598,0.0,0
674,0.14285714285714238,0.8749999999999999,-0.14705882352941183,-0.7142857142857144,-0.3000000000000002,-0.6428571428571429,-0.6024096385542169,0.0,-0.5789473684210521,-0.5882352941176472,-0.43749999999999967,0
250,-0.28571428571428603,0.5833333333333334,-0.7647058823529412,-0.2857142857142859,0.20000000000000015,-0.5714285714285714,-0.3614457831325301,0.6864988558352179,1.5789473684210522,2.0000000000000004,-0.18749999999999936,1
1303,0.5714285714285712,-0.6250000000000001,0.17647058823529413,-0.14285714285714296,-0.7999999999999998,-0.7142857142857143,-0.5542168674698795,-0.47597254004578693,-0.05263157894736965,1.0588235294117654,0.6250000000000001,1
1143,-0.4761904761904763,-0.2916666666666667,-0.4411764705882354,0.28571428571428525,-1.8499999999999999,-0.5714285714285714,-0.6265060240963856,-1.4919908466819458,-0.05263157894736965,0.17647058823529435,0.7500000000000009,1
72,-0.09523809523809534,0.6250000000000001,-0.08823529411764706,-0.14285714285714296,0.3999999999999996,0.21428571428571427,1.3975903614457832,-0.2745995423341176,0.052631578947367315,-0.8235294117647063,-0.43749999999999967,0
95,-1.3809523809523814,2.0833333333333335,-0.6470588235294118,-1.142857142857143,-1.7499999999999998,1.9285714285714286,1.1325301204819278,-1.3729977116704866,2.315789473684211,-0.8235294117647063,0.1875000000000005,0
965,0.2857142857142856,-0.20833333333333354,0.02941176470588238,-0.4285714285714288,-1.100000000000005,0.2857142857142857,0.0,-0.7414187643020922,-0.7894736842105261,1.3529411764705888,0.5625000000000003,1
34,-0.4761904761904763,0.3541666666666665,-0.41176470588235303,12.14285714285714,-0.35000000000000026,1.8571428571428572,1.0843373493975903,1.14416475972538,0.7368421052631587,-0.5882352941176472,-0.49999999999999944,1
800,0.7142857142857144,-0.08333333333333341,0.2352941176470589,1.9999999999999993,0.09999999999999522,-0.6428571428571429,-0.5783132530120482,0.8695652173913132,-0.10526315789473696,-0.5882352941176472,0.31250000000000006,1
1221,1.4285714285714288,-0.8333333333333334,0.7647058823529412,-0.5714285714285715,2.5999999999999996,0.21428571428571427,0.14457831325301204,0.24713958810068046,-0.15789473684210661,0.8823529411764711,0.8125000000000007,1
449,0.33333333333333304,0.041666666666666706,-0.11764705882352945,-0.2857142857142859,1.0,-0.5,-0.26506024096385544,-0.04576659038901113,-0.5789473684210521,-0.35294117647058804,0.0,1
446,0.7619047619047619,0.8958333333333333,-0.4705882352941177,-0.14285714285714296,-0.05000000000000004,-0.5714285714285714,-0.1686746987951807,0.823798627002302,-0.42105263157894784,-0.35294117647058804,-0.06249999999999979,1
772,0.7142857142857144,0.6875000000000002,0.0,0.28571428571428525,0.09999999999999522,0.6428571428571429,2.5301204819277108,0.45766590389016215,-0.15789473684210661,-0.4117647058823528,-0.49999999999999944,0
717,0.04761904761904746,-0.3750000000000001,0.2941176470588235,0.14285714285714232,-0.25000000000000017,-0.2857142857142857,0.24096385542168675,0.3661327231121399,0.15789473684210428,-0.9411764705882355,-0.49999999999999944,0
1091,1.0,-1.0833333333333335,0.8235294117647061,-0.4285714285714288,0.1500000000000001,2.0,0.8674698795180723,-1.048054919908477,-1.7368421052631589,0.05882352941176478,1.000000000000001,1
1277,0.2857142857142856,-0.5,0.41176470588235303,5.857142857142855,-1.4999999999999996,-0.7857142857142857,-0.6746987951807228,-0.521739130434798,-0.15789473684210661,-0.35294117647058804,1.1250000000000007,0
1,-0.23809523809523814,0.7499999999999998,-0.7647058823529412,-0.4285714285714288,-0.20000000000000015,-0.21428571428571427,-0.0963855421686747,0.45766590389016215,1.0526315789473673,-0.35294117647058804,-0.49999999999999944,0
1313,0.04761904761904746,2.7499999999999996,-0.14705882352941183,-0.4285714285714288,0.1500000000000001,0.0,0.07228915662650602,-0.6773455377574562,0.15789473684210428,-0.8823529411764711,0.1875000000000005,0
1594,-0.5238095238095242,0.4166666666666666,-0.5294117647058824,-0.4285714285714288,-0.5999999999999998,1.0,0.0,-0.1327231121281526,0.5789473684210521,1.1764705882352944,-0.43749999999999967,1
78,-0.5238095238095242,1.1041666666666667,-0.7647058823529412,0.28571428571428525,1.1999999999999995,0.0,-0.1927710843373494,-0.09153318077802226,1.105263157894737,-0.4117647058823528,0.31250000000000006,1
950,0.4761904761904763,-1.6666666666666667,0.5588235294117647,-0.5714285714285715,-0.25000000000000017,-0.2857142857142857,-0.40963855421686746,-0.585812356979434,0.5263157894736848,0.8235294117647063,1.0625000000000009,1
83,-0.23809523809523814,-0.08333333333333341,0.6176470588235293,-0.2857142857142859,0.2999999999999995,0.5,0.8433734939759037,0.09153318077802226,0.26315789473684126,-0.29411764705882393,-0.6874999999999999,0
458,0.6190476190476186,0.4583333333333333,-0.14705882352941183,0.7142857142857141,0.8499999999999951,1.0714285714285714,0.6506024096385542,0.9153318077803243,-0.15789473684210661,-0.23529411764705913,-0.37499999999999983,0
1035,0.4761904761904763,0.9374999999999999,-0.2352941176470589,0.4285714285714282,-0.1500000000000001,0.07142857142857142,0.24096385542168675,0.27002288329518603,-0.5789473684210521,-0.8823529411764711,-0.31250000000000006,1
677,1.3809523809523814,-0.5,0.4411764705882352,0.0,0.20000000000000015,-0.5,-0.5060240963855421,0.732265446224229,-1.210526315789474,0.29411764705882393,-0.5624999999999992,1
1537,-0.8571428571428577,0.041666666666666706,-0.5294117647058824,-0.4285714285714288,-0.1500000000000001,0.7142857142857143,0.1686746987951807,-0.6956521739130302,1.5263157894736847,0.3529411764705887,0.0625000000000009,1
1141,-0.28571428571428603,-0.5,0.11764705882352937,-0.7142857142857144,0.0,1.3571428571428572,0.9879518072289156,0.04576659038901113,0.5263157894736848,0.17647058823529435,-0.43749999999999967,1
437,0.04761904761904746,0.6250000000000001,0.11764705882352937,-0.2857142857142859,-1.0,1.7142857142857142,0.5783132530120482,-0.45766590389016215,-0.2631578947368436,-0.35294117647058804,0.0,1
870,-0.1428571428571432,0.4583333333333333,-0.6764705882352942,-0.2857142857142859,0.0,0.9285714285714286,0.12048192771084337,-0.46681922196797454,0.6842105263157892,0.11764705882352956,0.4375000000000008,1
645,0.9523809523809526,0.08333333333333341,0.5588235294117647,0.14285714285714232,-0.4500000000000003,0.14285714285714285,0.04819277108433735,1.0526315789473577,0.42105263157894784,0.0,-0.49999999999999944,0
863,-0.1904761904761907,-0.4166666666666668,0.17647058823529413,0.7142857142857141,-0.6499999999999998,-0.5,-0.3132530120481928,-0.23798627002286807,-0.3684210526315782,-1.0588235294117652,0.1250000000000007,0
1014,-0.1904761904761907,0.7916666666666665,-0.7647058823529412,-0.8571428571428571,0.5999999999999998,0.5714285714285714,-0.1686746987951807,-0.20594965675060092,0.3684210526315782,-0.23529411764705913,-0.12499999999999958,1
1030,-0.09523809523809534,0.24999999999999978,-0.7352941176470589,-0.5714285714285715,0.3999999999999996,-0.14285714285714285,-0.4819277108433735,-0.5125858123569856,0.052631578947367315,-0.35294117647058804,0.1875000000000005,1
1269,-0.4761904761904763,-0.45833333333333354,0.14705882352941174,-0.2857142857142859,-0.05000000000000004,0.5,0.3132530120481928,-0.05491990846682352,0.8421052631578957,-0.4117647058823528,-0.43749999999999967,1
1190,0.4285714285714288,1.8124999999999998,-0.6176470588235295,-0.5714285714285715,-0.25000000000000017,-0.6428571428571429,-0.4578313253012048,-0.2929061784896916,-0.05263157894736965,-1.0588235294117652,-0.37499999999999983,0
405,-0.09523809523809534,0.708333333333333,-0.6176470588235295,0.7142857142857141,-0.25000000000000017,0.07142857142857142,-0.26506024096385544,0.2745995423340668,-0.2631578947368436,-0.05882352941176478,-0.6874999999999999,0
1387,-0.23809523809523814,0.5,-0.5588235294117647,-0.5714285714285715,1.0,-0.42857142857142855,-0.3614457831325301,-0.32036613272312875,-0.05263157894736965,-0.23529411764705913,-0.37499999999999983,0
1041,-0.23809523809523814,1.8541666666666665,-0.7647058823529412,0.0,0.3999999999999996,0.14285714285714285,-0.14457831325301204,0.3478260869565151,1.4210526315789478,0.29411764705882393,0.0,0
1554,-0.28571428571428603,0.8958333333333333,-0.7647058823529412,0.0,0.0,0.2857142857142857,-0.24096385542168675,0.38901601830664545,0.5263157894736848,-0.11764705882352956,-0.49999999999999944,0
105,-0.3333333333333335,-0.1250000000000001,-0.05882352941176476,0.0,-0.49999999999999967,-0.6428571428571429,-0.04819277108433735,-0.3661327231121399,0.10526315789473696,-0.8235294117647063,-0.49999999999999944,0
610,-0.7619047619047623,-0.6666666666666669,-0.20588235294117652,1.4285714285714282,-0.25000000000000017,0.07142857142857142,0.024096385542168676,-0.5491990846681845,1.3157894736842108,-0.5882352941176472,1.5625000000000004,1
1047,-0.1428571428571432,1.0833333333333335,-0.7647058823529412,-0.7142857142857144,-0.20000000000000015,1.3571428571428572,0.1686746987951807,-0.31121281464531636,0.0,0.0,0.31250000000000006,1
689,-0.09523809523809534,0.5833333333333334,-0.6470588235294118,-0.8571428571428571,-2.05,-0.7142857142857143,-0.6987951807228916,-0.2745995423341176,0.47368421052631515,-0.8823529411764711,-0.49999999999999944,0
1294,-0.1904761904761907,0.9791666666666666,-0.7647058823529412,-0.4285714285714288,0.20000000000000015,-0.5714285714285714,-0.6265060240963856,-0.03661327231119874,0.15789473684210428,-0.7647058823529416,-0.31250000000000006,0
827,-0.1904761904761907,-1.0416666666666667,0.2352941176470589,0.14285714285714232,-1.4999999999999996,-0.7142857142857143,-0.7228915662650602,-0.7780320366132909,0.47368421052631515,0.11764705882352956,0.5000000000000006,1
1217,0.0,0.20833333333333307,0.14705882352941174,-0.2857142857142859,-0.05000000000000004,-0.2857142857142857,0.9879518072289156,-0.013729977116693179,-0.10526315789473696,0.4117647058823528,-0.43749999999999967,1
1132,-0.9523809523809526,-1.3750000000000002,-0.14705882352941183,-0.7142857142857144,-1.7499999999999998,3.0714285714285716,2.3373493975903616,-1.5514874141876502,0.052631578947367315,-1.0588235294117652,-0.43749999999999967,0
63,-0.1904761904761907,0.0,-0.2941176470588236,-0.4285714285714288,0.25000000000000017,-0.14285714285714285,-0.07228915662650602,0.0,0.3684210526315782,0.0,-0.43749999999999967,1
282,-0.09523809523809534,-1.0416666666666667,1.235294117647059,1.8571428571428563,13.899999999999995,-0.6428571428571429,-0.6746987951807228,0.18306636155604453,-0.3157894736842109,2.705882352941178,-0.18749999999999936,1
853,0.04761904761904746,-0.4166666666666668,0.17647058823529413,0.4285714285714282,0.0,0.8571428571428571,2.0240963855421685,0.5537757437070652,-0.47368421052631515,2.6470588235294135,-0.31250000000000006,0
779,0.1904761904761907,-0.3750000000000001,0.11764705882352937,1.7142857142857135,-0.05000000000000004,-0.5,-0.0963855421686747,0.4942791762013609,0.26315789473684126,-0.05882352941176478,0.1875000000000005,0
1590,-0.6190476190476195,0.8541666666666665,-0.17647058823529413,7.999999999999997,-0.35000000000000026,1.0714285714285714,0.9879518072289156,0.411899313501151,-0.10526315789473696,-0.4705882352941176,-0.6250000000000001,0
239,-0.3333333333333335,0.4583333333333333,-0.7647058823529412,-0.4285714285714288,0.8499999999999951,0.0,0.0,-0.022883295194505566,0.3157894736842109,-0.23529411764705913,-0.7499999999999997,1
224,0.33333333333333304,0.5208333333333334,-0.02941176470588238,-0.2857142857142859,0.1500000000000001,-0.42857142857142855,-0.24096385542168675,0.6178489702517012,-0.15789473684210661,-0.11764705882352956,-0.12499999999999958,1
146,0.09523809523809491,0.6250000000000001,0.8529411764705884,-0.5714285714285715,1.8499999999999943,1.2857142857142858,2.4819277108433737,0.0,-0.7368421052631587,0.0,-0.49999999999999944,0
1490,-0.8095238095238098,0.20833333333333307,-0.4705882352941177,-0.14285714285714296,-1.5999999999999996,-0.7142857142857143,-0.6506024096385542,-1.0617848970251702,0.6842105263157892,0.8235294117647063,0.375000000000001,1
374,-0.23809523809523814,0.1250000000000001,-0.11764705882352945,0.0,1.2999999999999996,-0.14285714285714285,0.8192771084337349,-0.411899313501151,-1.3684210526315805,0.05882352941176478,-0.6250000000000001,0
119,0.4285714285714288,0.1250000000000001,-0.6470588235294118,0.0,1.9499999999999993,0.0,0.43373493975903615,-0.2745995423341176,-0.5263157894736848,-0.11764705882352956,0.4375000000000008,1
1198,-0.09523809523809534,0.20833333333333307,-0.14705882352941183,-1.0,-0.5499999999999997,-0.7142857142857143,-0.6987951807228916,-1.016018306636159,-0.7894736842105261,-0.4705882352941176,-0.24999999999999917,1
1578,-0.8095238095238098,0.7499999999999998,-0.32352941176470595,4.1428571428571415,-0.20000000000000015,-0.07142857142857142,-0.26506024096385544,-0.2654462242563052,1.210526315789474,-0.11764705882352956,1.0625000000000009,1
251,1.3809523809523814,-0.8333333333333334,0.5294117647058824,-0.8571428571428571,-0.8499999999999999,0.14285714285714285,-0.024096385542168676,0.7780320366132909,-0.47368421052631515,0.9411764705882358,-0.12499999999999958,1
1540,-0.3333333333333335,-0.5416666666666667,0.17647058823529413,-0.5714285714285715,-0.7499999999999998,1.4285714285714286,0.5301204819277109,0.15560640732265818,0.7894736842105261,0.9411764705882358,-0.18749999999999936,0
1286,1.6190476190476195,-0.6250000000000001,0.7058823529411765,-0.5714285714285715,0.49999999999999967,0.42857142857142855,0.21686746987951808,0.24713958810068046,-0.8421052631578957,-0.29411764705882393,0.1875000000000005,0
1134,-0.3333333333333335,-0.16666666666666682,-0.5588235294117647,4.714285714285713,0.4499999999999996,-0.2857142857142857,-0.4819277108433735,0.018306636155573968,0.3157894736842109,0.3529411764705887,0.6250000000000001,1
450,1.904761904761905,-0.5416666666666667,1.2647058823529411,0.8571428571428564,0.7499999999999998,0.21428571428571427,-0.07228915662650602,1.189931350114391,-1.105263157894737,-0.05882352941176478,0.375000000000001,1
1235,-0.3809523809523814,0.9583333333333333,-0.7352941176470589,0.0,-1.05,-0.21428571428571427,-0.4819277108433735,-2.0045766590389316,0.42105263157894784,-1.2941176470588238,1.6250000000000013,1
1005,0.14285714285714238,-0.3750000000000001,0.08823529411764698,-0.8571428571428571,0.05000000000000004,0.9285714285714286,0.1686746987951807,-0.3524027459954467,-0.3157894736842109,-0.4705882352941176,0.0625000000000009,0
709,-0.04761904761904788,0.10416666666666677,-0.41176470588235303,0.4285714285714282,-0.5999999999999998,-0.21428571428571427,-0.07228915662650602,-0.3661327231121399,0.15789473684210428,-0.05882352941176478,0.8750000000000004,1
256,0.04761904761904746,0.20833333333333307,-0.08823529411764706,1.4285714285714282,-0.35000000000000026,0.21428571428571427,1.9518072289156627,-0.022883295194505566,-0.2631578947368436,-0.29411764705882393,-0.5624999999999992,0
883,0.23809523809523814,-0.8750000000000001,0.08823529411764698,1.2857142857142854,5.699999999999994,0.0,-0.2891566265060241,-0.6590389016018314,-0.47368421052631515,0.9411764705882358,1.1250000000000007,1
594,0.9523809523809526,-0.1250000000000001,0.9411764705882353,1.8571428571428563,0.6999999999999998,-0.35714285714285715,0.12048192771084337,1.6475972540045534,-0.10526315789473696,-0.23529411764705913,-0.7499999999999997,0
390,0.8095238095238093,-0.5833333333333334,0.14705882352941174,0.4285714285714282,0.7999999999999998,0.14285714285714285,0.26506024096385544,0.6407322654462067,-0.6315789473684218,0.4705882352941176,-0.12499999999999958,1
1256,-0.8571428571428577,0.5,-0.7058823529411766,0.28571428571428525,-0.5499999999999997,0.8571428571428571,0.1927710843373494,-1.473684210526321,0.8421052631578957,-1.0000000000000002,0.5000000000000006,0
1278,-0.4285714285714288,0.708333333333333,-0.7647058823529412,-0.4285714285714288,1.6999999999999997,-0.7857142857142857,-0.6746987951807228,-0.2013729977116693,0.21052631578947392,-0.11764705882352956,-0.31250000000000006,1
558,3.666666666666667,0.5208333333333334,0.6764705882352942,2.8571428571428563,0.7499999999999998,-0.2857142857142857,-0.3614457831325301,2.906178489702512,-2.0526315789473695,0.7058823529411767,0.5625000000000003,0
909,-0.23809523809523814,0.0,-0.3823529411764706,0.28571428571428525,-0.10000000000000007,1.4285714285714286,0.5542168674698795,-0.6956521739130302,0.6315789473684218,-0.17647058823529435,0.375000000000001,1
925,0.33333333333333304,-0.20833333333333354,0.02941176470588238,0.14285714285714232,-1.2499999999999998,0.0,-0.24096385542168675,-0.7505720823798537,-0.6842105263157892,1.0588235294117654,0.6250000000000001,0
1371,0.3809523809523805,1.0833333333333335,0.7352941176470589,-0.7142857142857144,16.749999999999996,-0.14285714285714285,0.6746987951807228,-0.26086956521742444,-1.6315789473684217,3.2352941176470598,-0.6250000000000001,0
1122,-0.6190476190476195,-0.08333333333333341,-0.7647058823529412,-0.5714285714285715,-0.8999999999999999,0.5,-0.24096385542168675,-1.5011441647597583,0.6842105263157892,-0.4117647058823528,1.312500000000001,1
461,0.6190476190476186,-0.3750000000000001,0.7647058823529412,0.14285714285714232,0.1500000000000001,0.0,-0.3614457831325301,0.3661327231121399,0.21052631578947392,-0.05882352941176478,0.687500000000001,1
724,-0.3809523809523814,-0.8750000000000001,0.11764705882352937,0.0,-1.3499999999999999,1.5714285714285714,2.144578313253012,-0.1372997711670334,-1.9473684210526327,5.882352941176473,-0.43749999999999967,0
1473,-0.1428571428571432,-0.7083333333333335,1.0,0.5714285714285712,-0.35000000000000026,0.6428571428571429,0.14457831325301204,-0.10983981693364704,0.3684210526315782,1.0000000000000007,0.5625000000000003,1
145,-1.285714285714286,-0.75,-0.7647058823529412,-0.5714285714285715,-1.4999999999999996,0.9285714285714286,0.6024096385542169,-2.3798627002288333,1.9473684210526327,1.0000000000000007,2.375000000000001,1
502,1.1904761904761907,-0.3333333333333334,1.3823529411764706,6.214285714285713,-0.3000000000000002,1.7142857142857142,0.9156626506024096,1.0068649885583465,-0.7368421052631587,1.3529411764705888,1.1250000000000007,1
1165,0.5238095238095237,1.1041666666666667,-0.05882352941176476,-0.7142857142857144,-0.10000000000000007,-0.2857142857142857,-0.40963855421686746,0.05491990846682352,-0.10526315789473696,0.29411764705882393,-0.12499999999999958,0
740,0.5238095238095237,0.708333333333333,-0.7647058823529412,0.28571428571428525,0.3999999999999996,0.35714285714285715,0.0,1.0068649885583465,0.21052631578947392,-0.11764705882352956,-0.5624999999999992,0
1476,-1.2380952380952386,-0.20833333333333354,-0.4411764705882354,0.0,-1.5999999999999996,0.14285714285714285,1.2289156626506024,-2.2791762013729984,1.210526315789474,1.5294117647058831,2.1041666666666874,1
869,-0.5238095238095242,0.16666666666666682,-0.11764705882352945,-0.5714285714285715,-0.3000000000000002,0.07142857142857142,-0.3373493975903614,-1.1075514874141812,0.47368421052631515,1.1764705882352944,0.6250000000000001,1
732,0.4761904761904763,1.4791666666666667,-0.3823529411764706,1.7857142857142854,0.3999999999999996,-0.7142857142857143,-0.5783132530120482,1.189931350114391,0.6842105263157892,-0.5882352941176472,0.8125000000000007,0
540,1.5714285714285712,-0.08333333333333341,1.411764705882353,4.2142857142857135,1.0,-0.6428571428571429,-0.5060240963855421,1.2814645308924641,-0.47368421052631515,0.0,0.6250000000000001,0
178,-0.1904761904761907,0.0,0.47058823529411764,0.14285714285714232,0.34999999999999953,-0.42857142857142855,0.0,0.18306636155604453,1.4210526315789478,-0.05882352941176478,0.1875000000000005,1
698,-0.4285714285714288,0.5416666666666667,-0.7058823529411766,-0.14285714285714296,-0.6999999999999998,-0.42857142857142855,-0.3132530120481928,0.18306636155604453,0.8421052631578957,0.29411764705882393,-0.43749999999999967,1
1507,-0.5238095238095242,1.2083333333333335,-0.6176470588235295,-0.2857142857142859,-0.49999999999999967,-0.5714285714285714,-0.5783132530120482,-0.5400457665904228,1.0526315789473673,0.23529411764705913,0.375000000000001,1
1111,0.1904761904761907,0.041666666666666706,-0.7647058823529412,-1.142857142857143,-0.49999999999999967,-0.5714285714285714,-0.5783132530120482,-0.39816933638445784,-0.3157894736842109,0.11764705882352956,-0.12499999999999958,1
1023,-0.4285714285714288,-0.041666666666666706,-0.5000000000000001,-0.14285714285714296,-0.8999999999999999,-0.7142857142857143,-0.6987951807228916,-0.43935926773458817,0.21052631578947392,-0.4705882352941176,0.1875000000000005,0
1592,-1.1904761904761907,0.9166666666666666,-0.5000000000000001,-0.7142857142857144,0.4499999999999996,0.14285714285714285,-0.2891566265060241,-1.2723112128146519,1.894736842105263,-0.35294117647058804,0.8750000000000004,1
8,-0.28571428571428603,0.5416666666666667,-0.7647058823529412,-1.4285714285714286,-0.7499999999999998,0.07142857142857142,-0.40963855421686746,-1.0068649885583465,0.42105263157894784,-0.8823529411764711,-0.12499999999999958,1
984,0.5714285714285712,-0.08333333333333341,0.11764705882352937,-0.4285714285714288,-0.7499999999999998,-0.42857142857142855,-0.5060240963855421,0.430205949656725,0.052631578947367315,0.5294117647058824,0.1875000000000005,1
668,1.6190476190476195,-0.75,0.5588235294117647,-0.2857142857142859,0.09999999999999522,-0.5714285714285714,-0.5542168674698795,0.9153318077803243,-1.9473684210526327,0.23529411764705913,-0.6250000000000001,1
1234,1.095238095238095,-1.2083333333333335,0.3235294117647059,0.0,-1.1499999999999997,0.0,-0.04819277108433735,-0.30205949656750397,-0.42105263157894784,-0.7647058823529416,-0.5624999999999992,0
358,1.2380952380952381,-0.4166666666666668,1.1764705882352944,1.0714285714285712,1.7999999999999943,-0.14285714285714285,-0.21686746987951808,0.09153318077802226,-0.3684210526315782,0.7647058823529416,0.9375000000000002,1
968,0.2857142857142856,0.5833333333333334,-0.17647058823529413,-0.14285714285714296,0.8499999999999951,0.6428571428571429,1.8072289156626506,0.24256292906179966,-0.9473684210526326,-0.8235294117647063,-0.6250000000000001,0
784,-0.666666666666667,-0.25,-0.35294117647058826,0.28571428571428525,1.6999999999999997,-0.35714285714285715,-0.024096385542168676,0.23798627002286807,1.8421052631578958,0.17647058823529435,-0.24999999999999917,0
736,-0.09523809523809534,1.8541666666666665,-0.4705882352941177,-0.14285714285714296,1.5999999999999948,-0.21428571428571427,-0.3855421686746988,-0.22883295194510647,-0.2631578947368436,-0.7058823529411767,-0.43749999999999967,0
330,1.333333333333333,-0.25,0.3823529411764706,-0.2857142857142859,-0.95,-0.5,-0.5542168674698795,0.5949656750571956,-0.6842105263157892,0.0,-0.43749999999999967,0
1117,-0.4285714285714288,0.708333333333333,-0.5588235294117647,0.4285714285714282,0.5499999999999997,0.07142857142857142,-0.40963855421686746,-0.4942791762013609,0.3684210526315782,-0.11764705882352956,0.687500000000001,1
953,0.14285714285714238,-0.8750000000000001,0.41176470588235303,0.0,-1.100000000000005,-0.5714285714285714,-0.6746987951807228,-0.6590389016018314,0.0,0.3529411764705887,0.6250000000000001,1
1222,1.4285714285714288,-0.8333333333333334,0.7647058823529412,-0.5714285714285715,2.5999999999999996,0.21428571428571427,0.14457831325301204,0.24713958810068046,-0.15789473684210661,0.8823529411764711,0.8125000000000007,1
1188,-0.4285714285714288,-0.3750000000000001,0.11764705882352937,-0.2857142857142859,0.25000000000000017,-0.5714285714285714,0.024096385542168676,-1.5286041189931447,0.10526315789473696,-0.9411764705882355,1.0625000000000009,1
1002,0.9523809523809526,-0.7083333333333335,0.35294117647058826,-1.0,-1.100000000000005,1.2142857142857142,0.21686746987951808,-0.018306636155624778,-0.2631578947368436,1.1764705882352944,0.2500000000000003,1
1250,-0.3809523809523814,0.3333333333333332,-0.7352941176470589,0.14285714285714232,-0.05000000000000004,0.7142857142857143,-0.024096385542168676,-0.7597254004576661,0.47368421052631515,-0.05882352941176478,0.4375000000000008,1
373,0.5714285714285712,-1.0,0.6470588235294118,-0.5714285714285715,-0.6499999999999998,0.8571428571428571,0.1927710843373494,-0.04576659038901113,0.052631578947367315,2.470588235294119,0.2500000000000003,1
1358,-0.28571428571428603,-0.3750000000000001,-0.05882352941176476,0.4285714285714282,-0.10000000000000007,0.9285714285714286,0.6987951807228916,-0.1464530892448458,1.5263157894736847,-0.17647058823529435,0.5625000000000003,1
415,0.4285714285714288,0.0,0.2352941176470589,0.7142857142857141,0.34999999999999953,0.7142857142857143,2.0240963855421685,0.6407322654462067,-0.2631578947368436,-0.05882352941176478,-0.43749999999999967,0
143,-1.285714285714286,-0.75,-0.7647058823529412,-0.5714285714285715,-1.4999999999999996,0.9285714285714286,0.6024096385542169,-2.3798627002288333,1.9473684210526327,1.0000000000000007,2.375000000000001,1
526,1.1904761904761907,0.5,-0.05882352941176476,0.8571428571428564,1.2499999999999996,1.0714285714285714,0.3614457831325301,1.3729977116704866,-0.3684210526315782,0.29411764705882393,-0.18749999999999936,0
1209,-0.3333333333333335,-0.6666666666666669,0.5882352941176472,-0.14285714285714296,-0.3000000000000002,0.7142857142857143,0.14457831325301204,-0.6681922196796438,0.47368421052631515,1.3529411764705888,0.5000000000000006,1
233,0.2857142857142856,-0.6250000000000001,-0.17647058823529413,0.8571428571428564,0.49999999999999967,0.2857142857142857,0.4819277108433735,0.5491990846681845,0.15789473684210428,0.4705882352941176,-0.37499999999999983,1
1192,-0.666666666666667,1.5208333333333333,-0.7647058823529412,0.14285714285714232,4.3,-0.5714285714285714,-0.6265060240963856,-0.5903890160183147,1.3157894736842108,-0.6470588235294119,0.375000000000001,0
1579,-0.5238095238095242,0.6250000000000001,-0.32352941176470595,-0.5714285714285715,1.8999999999999992,-0.07142857142857142,-0.43373493975903615,-0.6407322654462575,0.5789473684210521,0.29411764705882393,0.687500000000001,1
441,2.238095238095238,-0.8750000000000001,1.3529411764705883,0.0,-0.4000000000000003,-0.5714285714285714,-0.21686746987951808,0.8695652173913132,-2.2631578947368434,1.1764705882352944,-0.24999999999999917,1
532,1.904761904761905,-0.5833333333333334,0.6764705882352942,0.7142857142857141,0.8999999999999999,-0.14285714285714285,0.0963855421686747,1.6475972540045534,-0.7894736842105261,-0.05882352941176478,0.0625000000000009,0
1279,0.04761904761904746,0.8124999999999998,-0.11764705882352945,0.14285714285714232,-0.25000000000000017,-0.07142857142857142,1.036144578313253,0.03661327231119874,-0.3684210526315782,-0.4705882352941176,-0.43749999999999967,1
227,0.4761904761904763,0.29166666666666646,0.7058823529411765,-0.2857142857142859,12.849999999999998,0.9285714285714286,1.036144578313253,-0.18306636155609535,-1.4210526315789478,5.823529411764709,-0.43749999999999967,1
1097,-0.6190476190476195,0.8541666666666665,-0.5000000000000001,4.714285714285713,1.8499999999999943,-0.35714285714285715,-0.5060240963855421,-0.11441647597252784,0.21052631578947392,-0.7647058823529416,0.375000000000001,1
229,-0.09523809523809534,-0.3750000000000001,-0.02941176470588238,0.5714285714285712,-0.35000000000000026,1.0714285714285714,0.6024096385542169,-0.2974828375286232,0.3157894736842109,-0.23529411764705913,0.1875000000000005,1
1362,0.1904761904761907,1.3749999999999998,-0.35294117647058826,0.4285714285714282,0.6499999999999998,-0.07142857142857142,0.3855421686746988,0.2013729977116693,0.26315789473684126,-0.4705882352941176,-0.06249999999999979,0
1381,-0.1904761904761907,0.20833333333333307,-0.7058823529411766,0.5714285714285712,-0.1500000000000001,-0.21428571428571427,-0.07228915662650602,-0.5629290617849284,0.26315789473684126,0.0,0.375000000000001,1
886,0.4761904761904763,0.9583333333333333,-0.35294117647058826,0.4285714285714282,0.2999999999999995,-0.35714285714285715,-0.1927710843373494,0.6590389016018314,0.15789473684210428,0.11764705882352956,0.1875000000000005,0
80,0.1904761904761907,0.43749999999999994,-0.17647058823529413,-1.0,0.0,0.9285714285714286,1.9518072289156627,0.18306636155604453,-0.7894736842105261,2.9411764705882373,-0.6874999999999999,0
149,-0.4761904761904763,-0.1250000000000001,-0.4705882352941177,0.14285714285714232,-0.3000000000000002,-0.14285714285714285,-0.1927710843373494,-0.411899313501151,0.5789473684210521,-0.23529411764705913,0.0,1
1028,-0.7142857142857144,1.1458333333333335,-0.7647058823529412,0.0,-0.7499999999999998,1.0,0.3373493975903614,-1.3821510297482988,0.9473684210526326,-0.5882352941176472,0.8750000000000004,0
1425,0.1904761904761907,-1.0833333333333335,0.3235294117647059,-1.142857142857143,-0.20000000000000015,-0.42857142857142855,-0.3614457831325301,0.2745995423340668,-0.2631578947368436,0.4705882352941176,-0.37499999999999983,1
672,0.14285714285714238,0.8749999999999999,-0.14705882352941183,-0.7142857142857144,-0.3000000000000002,-0.6428571428571429,-0.6024096385542169,0.0,-0.5789473684210521,-0.5882352941176472,-0.43749999999999967,0
1229,-1.333333333333334,-0.4166666666666668,-0.7647058823529412,-0.5714285714285715,-1.7999999999999998,0.2857142857142857,1.2048192771084338,-2.393592677345577,1.9473684210526327,0.6470588235294119,2.125000000000001,1
556,3.6190476190476195,0.5208333333333334,0.6764705882352942,2.8571428571428563,0.7499999999999998,-0.2857142857142857,-0.3614457831325301,2.906178489702512,-2.0526315789473695,0.7058823529411767,0.5625000000000003,0
58,-0.1904761904761907,0.4583333333333333,-0.41176470588235303,4.1428571428571415,1.5499999999999996,2.5714285714285716,1.7349397590361446,0.6864988558352179,-0.2631578947368436,0.8823529411764711,-0.49999999999999944,0
134,-0.6190476190476195,-0.08333333333333341,-0.7352941176470589,-1.0,-1.0,0.21428571428571427,-0.2891566265060241,-0.7322654462242798,0.47368421052631515,-0.23529411764705913,-0.24999999999999917,1
1178,-0.3809523809523814,0.5833333333333334,-0.7647058823529412,0.28571428571428525,-1.4,-0.5714285714285714,-0.6506024096385542,-1.6567505720824165,0.21052631578947392,0.23529411764705913,1.5625000000000004,1
934,-0.23809523809523814,0.3749999999999999,-0.7352941176470589,-0.2857142857142859,-0.3000000000000002,-0.07142857142857142,0.0,0.31121281464531636,0.894736842105263,0.17647058823529435,-0.24999999999999917,0
1423,-0.4285714285714288,0.08333333333333341,-0.7647058823529412,-0.14285714285714296,-0.05000000000000004,1.7857142857142858,0.40963855421686746,-0.5491990846681845,0.42105263157894784,1.2941176470588238,0.7500000000000009,1
824,-0.5714285714285716,0.08333333333333341,-0.3823529411764706,-0.2857142857142859,-0.20000000000000015,0.07142857142857142,-0.04819277108433735,0.22883295194505568,1.5789473684210522,0.11764705882352956,-0.24999999999999917,0
409,1.1904761904761907,-0.75,0.9411764705882353,2.1428571428571423,4.699999999999998,-0.5714285714285714,-0.5301204819277109,0.09153318077802226,-0.6315789473684218,0.4705882352941176,0.687500000000001,1
369,1.1428571428571432,-0.75,0.7647058823529412,0.8571428571428564,3.9499999999999993,0.07142857142857142,0.891566265060241,1.3729977116704866,-0.6842105263157892,0.11764705882352956,-0.49999999999999944,0
508,1.5714285714285712,0.6250000000000001,0.8529411764705884,0.14285714285714232,0.20000000000000015,-0.5714285714285714,-0.6024096385542169,1.4645308924485088,-0.7368421052631587,0.5294117647058824,-0.43749999999999967,1
1332,-0.04761904761904788,1.4583333333333333,0.0,2.2857142857142847,1.3499999999999996,1.2142857142857142,0.6987951807228916,-0.05491990846682352,-0.2631578947368436,-0.9411764705882355,-0.6250000000000001,0
505,1.2380952380952381,-1.1666666666666667,0.47058823529411764,-0.5714285714285715,-0.1500000000000001,-0.5714285714285714,-0.3855421686746988,0.3661327231121399,-0.5263157894736848,2.5294117647058836,0.375000000000001,1
1420,-0.09523809523809534,0.5,-0.14705882352941183,0.0,-0.1500000000000001,1.2857142857142858,2.289156626506024,-0.5491990846681845,-0.21052631578947392,-1.0000000000000002,-0.18749999999999936,0
348,2.80952380952381,-0.1250000000000001,1.2058823529411766,1.1428571428571423,0.6499999999999998,-0.5714285714285714,-0.5542168674698795,0.823798627002302,-1.5263157894736847,1.823529411764707,1.1250000000000007,1
1413,0.14285714285714238,-1.1666666666666667,0.2352941176470589,4.1428571428571415,-0.8999999999999999,-0.42857142857142855,-0.3855421686746988,0.2745995423340668,-0.47368421052631515,1.882352941176471,0.4375000000000008,1
1025,-0.09523809523809534,0.24999999999999978,-0.7352941176470589,-0.5714285714285715,0.3999999999999996,-0.14285714285714285,-0.4819277108433735,-0.5125858123569856,0.052631578947367315,-0.35294117647058804,0.1875000000000005,1
895,-0.3333333333333335,0.4583333333333333,-0.6764705882352942,0.0,0.0,0.21428571428571427,1.2048192771084338,0.29748283752857235,1.1578947368421042,-0.23529411764705913,-0.24999999999999917,1
829,-0.04761904761904788,0.20833333333333307,-0.5000000000000001,0.14285714285714232,-0.7499999999999998,1.4285714285714286,0.1686746987951807,-1.2036613272311352,0.7894736842105261,0.7058823529411767,1.5625000000000004,1
1508,-0.1904761904761907,-0.5833333333333334,0.9117647058823528,0.14285714285714232,1.2999999999999996,-0.6428571428571429,-0.6265060240963856,-0.3432494279176343,0.26315789473684126,-0.4117647058823528,0.7500000000000009,1
476,0.8095238095238093,0.6666666666666669,-0.05882352941176476,0.0,0.34999999999999953,-0.6428571428571429,-0.24096385542168675,0.9153318077803243,-0.894736842105263,-0.11764705882352956,0.0,0
1115,-1.3809523809523814,-0.5,0.7058823529411765,2.9999999999999987,-1.6999999999999997,1.0714285714285714,1.0120481927710843,-3.0205949656750906,0.9473684210526326,0.23529411764705913,2.125000000000001,1
653,3.80952380952381,-0.6666666666666669,1.147058823529412,7.571428571428569,0.7999999999999998,0.5714285714285714,0.7951807228915663,0.3661327231121399,-1.7368421052631589,1.2941176470588238,2.9375000000000013,0
173,0.04761904761904746,-0.4166666666666668,-0.2647058823529412,-0.2857142857142859,-0.35000000000000026,-0.5714285714285714,-0.4819277108433735,0.18306636155604453,-0.10526315789473696,-0.05882352941176478,-0.6250000000000001,1
39,-1.047619047619048,2.541666666666666,-0.5000000000000001,-1.0,4.599999999999999,-0.5,-0.4578313253012048,-1.2814645308924641,1.0,-0.8235294117647063,-0.24999999999999917,0
714,0.04761904761904746,-0.3750000000000001,0.2941176470588235,0.14285714285714232,-0.25000000000000017,-0.2857142857142857,0.24096385542168675,0.3661327231121399,0.15789473684210428,-0.9411764705882355,-0.49999999999999944,0
91,0.0,0.0,0.0,-0.4285714285714288,-0.05000000000000004,2.0,2.4578313253012047,-0.18306636155609535,-0.42105263157894784,-0.4705882352941176,-0.43749999999999967,0
1546,-0.666666666666667,0.4583333333333333,0.20588235294117652,-0.5714285714285715,-1.05,0.14285714285714285,-0.24096385542168675,-0.681922196796337,0.26315789473684126,0.11764705882352956,-0.06249999999999979,1
876,0.4285714285714288,-0.8750000000000001,0.41176470588235303,0.8571428571428564,1.4499999999999995,-0.5,-0.5301204819277109,-0.30205949656750397,0.0,1.0000000000000007,1.000000000000001,1
1075,-0.1904761904761907,1.0416666666666667,-0.17647058823529413,8.428571428571425,0.8999999999999999,1.1428571428571428,1.3012048192771084,0.9702517162471478,-0.5789473684210521,-0.23529411764705913,-0.6250000000000001,0
1086,-0.5238095238095242,-0.16666666666666682,-0.5294117647058824,-0.5714285714285715,-0.3000000000000002,1.8571428571428572,0.6265060240963856,-0.6910755148741494,-1.0,-0.7647058823529416,-0.37499999999999983,0
1563,-0.3333333333333335,0.7291666666666664,-0.3823529411764706,-0.2857142857142859,-0.20000000000000015,-0.14285714285714285,-0.43373493975903615,-0.6132723112128203,-0.10526315789473696,-0.4705882352941176,-0.06249999999999979,0
500,0.3809523809523805,0.708333333333333,0.14705882352941174,1.1428571428571423,0.2999999999999995,0.6428571428571429,1.036144578313253,1.556064073226531,0.894736842105263,0.7058823529411767,0.8750000000000004,1
339,2.1428571428571432,-0.1250000000000001,0.9411764705882353,1.1428571428571423,1.1499999999999995,1.0,1.4698795180722892,1.8306636155605978,-0.7894736842105261,2.2352941176470598,0.8125000000000007,1
29,-0.3809523809523814,0.7916666666666665,-0.7647058823529412,-0.4285714285714288,0.0,0.0,-0.07228915662650602,0.18306636155604453,0.8421052631578957,-0.4117647058823528,-0.49999999999999944,0
1453,-0.6190476190476195,0.24999999999999978,-0.7058823529411766,-0.2857142857142859,-0.8999999999999999,1.6428571428571428,0.3614457831325301,-1.4004576659039236,0.21052631578947392,0.8235294117647063,0.8750000000000004,1
946,1.095238095238095,-0.3333333333333334,0.47058823529411764,-0.2857142857142859,-0.4500000000000003,-0.5,-0.43373493975903615,-0.521739130434798,-0.894736842105263,1.0000000000000007,0.5625000000000003,1
170,-0.1904761904761907,0.7708333333333331,-0.05882352941176476,-0.5714285714285715,13.999999999999996,0.07142857142857142,0.6024096385542169,-0.18306636155609535,-1.6315789473684217,5.705882352941179,-0.43749999999999967,0
913,1.0,-0.25,0.5294117647058824,0.9999999999999993,-0.7499999999999998,-0.7142857142857143,-0.7228915662650602,-0.027459954233437167,0.10526315789473696,0.0,1.2500000000000002,1
492,0.6190476190476186,-0.45833333333333354,0.7058823529411765,0.4285714285714282,-1.2499999999999998,-0.14285714285714285,-0.3132530120481928,-0.7322654462242798,0.15789473684210428,1.0000000000000007,1.9375000000000013,1
954,1.095238095238095,-0.75,0.6470588235294118,-0.14285714285714296,-1.4,-0.6428571428571429,-0.6987951807228916,-1.016018306636159,-0.5789473684210521,0.4117647058823528,1.1875000000000004,1
1033,0.09523809523809491,1.2499999999999998,-0.7647058823529412,2.7142857142857126,0.7499999999999998,-0.6428571428571429,-0.5783132530120482,0.7963386727688648,0.26315789473684126,-0.5294117647058824,-0.37499999999999983,0
588,-0.28571428571428603,0.8749999999999999,-0.05882352941176476,-0.4285714285714288,1.3999999999999997,0.2857142857142857,1.5421686746987953,-0.04576659038901113,-0.2631578947368436,-0.17647058823529435,-0.5624999999999992,0
658,1.9523809523809526,-0.08333333333333341,0.9705882352941176,-1.142857142857143,-0.35000000000000026,0.6428571428571429,0.0963855421686747,0.5491990846681845,-2.0526315789473695,0.3529411764705887,0.1875000000000005,1
235,0.14285714285714238,2.0,-0.5000000000000001,0.14285714285714232,-0.7499999999999998,-0.5,-0.024096385542168676,0.022883295194505566,0.052631578947367315,-0.4117647058823528,-0.7499999999999997,1
733,-0.28571428571428603,1.3124999999999998,-0.6764705882352942,-0.14285714285714296,0.5999999999999998,-0.2857142857142857,-0.4578313253012048,-0.09153318077802226,0.42105263157894784,-0.8823529411764711,-0.37499999999999983,0
1173,0.8571428571428568,-0.4166666666666668,0.5882352941176472,-0.14285714285714296,-0.3000000000000002,-0.6428571428571429,-0.5301204819277109,-0.141876430205965,-0.21052631578947392,0.7058823529411767,1.312500000000001,1
1306,-0.1904761904761907,0.3749999999999999,0.0,-0.4285714285714288,-0.35000000000000026,0.7142857142857143,1.2048192771084338,-0.31121281464531636,-0.05263157894736965,-0.5294117647058824,-0.24999999999999917,0
109,0.04761904761904746,-0.7916666666666667,0.7941176470588237,0.4285714285714282,0.5499999999999997,0.2857142857142857,1.0120481927710843,0.3661327231121399,0.3157894736842109,1.0588235294117654,-0.37499999999999983,1
569,0.9047619047619051,-0.08333333333333341,0.6764705882352942,0.5714285714285712,8.499999999999998,-0.6428571428571429,-0.43373493975903615,1.0068649885583465,0.0,1.0000000000000007,0.31250000000000006,1
891,-0.3333333333333335,-0.75,-0.05882352941176476,-0.2857142857142859,-0.4500000000000003,1.1428571428571428,0.3373493975903614,-0.47597254004578693,0.6842105263157892,-0.23529411764705913,-0.06249999999999979,0
948,0.1904761904761907,-1.0,0.6470588235294118,-0.14285714285714296,0.6499999999999998,-0.5714285714285714,-0.6265060240963856,-1.2448512585812654,-0.2631578947368436,0.0,1.3750000000000009,1
1049,0.666666666666667,-0.1250000000000001,0.2941176470588235,-0.7142857142857144,0.05000000000000004,-0.7857142857142857,-0.5783132530120482,0.10068649885583465,-0.21052631578947392,0.9411764705882358,0.4375000000000008,1
1076,0.5714285714285712,-1.1250000000000002,0.2352941176470589,-0.2857142857142859,-0.4500000000000003,2.2142857142857144,0.6987951807228916,0.40732265446221944,0.6842105263157892,1.4117647058823535,0.0,1
885,0.4285714285714288,0.3749999999999999,-0.20588235294117652,2.5714285714285707,0.6999999999999998,1.1428571428571428,0.7469879518072289,0.4897025171624801,-0.47368421052631515,-0.7058823529411767,-0.12499999999999958,1
1346,0.14285714285714238,-0.3333333333333334,-0.05882352941176476,0.14285714285714232,-0.8499999999999999,-0.2857142857142857,-0.24096385542168675,-0.3066361556064356,-0.3157894736842109,-0.5294117647058824,0.0,1
851,0.666666666666667,-0.3750000000000001,0.5294117647058824,-0.4285714285714288,0.25000000000000017,-0.35714285714285715,-0.3855421686746988,0.128146453089221,-0.15789473684210661,-0.4117647058823528,-0.43749999999999967,0
735,-0.09523809523809534,0.16666666666666682,-0.17647058823529413,-0.2857142857142859,-0.25000000000000017,-0.35714285714285715,0.024096385542168676,0.8695652173913132,0.894736842105263,0.0,-0.5624999999999992,0
718,-0.1428571428571432,-0.25,-0.4411764705882354,0.5714285714285712,-0.05000000000000004,-0.14285714285714285,0.26506024096385544,0.0,-0.5263157894736848,-0.29411764705882393,-0.12499999999999958,0
455,-0.4285714285714288,-1.2083333333333335,0.41176470588235303,-0.8571428571428571,-0.8499999999999999,0.5,0.6987951807228916,-0.7322654462242798,1.0,0.05882352941176478,0.5625000000000003,0
265,2.1904761904761907,0.16666666666666682,0.6764705882352942,0.28571428571428525,-0.7999999999999998,-0.6428571428571429,-0.26506024096385544,1.4187643020594976,-1.210526315789474,1.4705882352941182,0.4375000000000008,0
76,0.4285714285714288,-0.45833333333333354,1.1176470588235294,0.0,0.6499999999999998,-0.35714285714285715,0.0963855421686747,0.823798627002302,1.210526315789474,0.23529411764705913,0.1875000000000005,0
177,-0.28571428571428603,-0.5833333333333334,-0.14705882352941183,-0.2857142857142859,0.0,-0.5,-0.07228915662650602,-0.32036613272312875,0.10526315789473696,-0.8823529411764711,-0.43749999999999967,0
1043,0.4761904761904763,-0.08333333333333341,-0.14705882352941183,0.0,0.3999999999999996,0.5,0.024096385542168676,0.05491990846682352,0.10526315789473696,1.235294117647059,0.5625000000000003,1
1394,0.04761904761904746,0.0,-0.02941176470588238,-0.2857142857142859,-0.10000000000000007,0.35714285714285715,0.5060240963855421,-0.31121281464531636,-0.05263157894736965,-0.8235294117647063,0.0,0
1118,-0.4285714285714288,0.708333333333333,-0.5588235294117647,0.4285714285714282,0.5499999999999997,0.07142857142857142,-0.40963855421686746,-0.4942791762013609,0.3684210526315782,-0.11764705882352956,0.687500000000001,1
1160,1.095238095238095,-0.45833333333333354,0.5,0.0,1.4999999999999996,-0.21428571428571427,-0.024096385542168676,0.21967963386729408,-0.7894736842105261,0.29411764705882393,0.375000000000001,0
596,0.4761904761904763,0.31249999999999983,0.4411764705882352,8.14285714285714,0.2999999999999995,1.1428571428571428,1.7108433734939759,1.3729977116704866,-0.21052631578947392,-0.29411764705882393,-0.5624999999999992,0
62,-0.09523809523809534,0.708333333333333,0.6764705882352942,-0.5714285714285715,1.7499999999999998,0.42857142857142855,1.783132530120482,0.0,-0.5263157894736848,0.5294117647058824,-0.5624999999999992,0
873,-0.28571428571428603,-0.7083333333333335,-0.05882352941176476,-0.2857142857142859,-0.6499999999999998,1.0,0.24096385542168675,-0.47597254004578693,0.6315789473684218,-0.4705882352941176,-0.12499999999999958,0
1191,0.5714285714285712,-0.5,0.9117647058823528,3.428571428571427,0.0,-0.5714285714285714,-0.43373493975903615,-0.12814645308927183,-0.15789473684210661,-0.29411764705882393,1.4375000000000007,1
279,1.1428571428571432,-0.8333333333333334,0.5588235294117647,5.999999999999999,-0.35000000000000026,-0.6428571428571429,-0.6024096385542169,0.3661327231121399,-0.42105263157894784,1.1764705882352944,1.5000000000000007,1
37,-0.04761904761904788,0.3333333333333332,-0.35294117647058826,0.28571428571428525,0.2999999999999995,-0.7857142857142857,-0.5542168674698795,0.32036613272312875,0.5789473684210521,-0.11764705882352956,0.375000000000001,1
663,-0.3333333333333335,0.20833333333333307,-0.5882352941176472,-0.8571428571428571,-0.20000000000000015,-0.35714285714285715,-0.26506024096385544,0.18306636155604453,0.26315789473684126,0.4705882352941176,-0.37499999999999983,1
1443,-0.4761904761904763,0.4583333333333333,-0.7058823529411766,-0.4285714285714288,-0.10000000000000007,0.2857142857142857,-0.1927710843373494,0.1464530892448458,0.47368421052631515,0.7647058823529416,-0.24999999999999917,0
1487,-0.5238095238095242,0.6666666666666669,-0.14705882352941183,-0.14285714285714296,-0.49999999999999967,-0.35714285714285715,-0.3614457831325301,-0.6132723112128203,0.3684210526315782,-0.11764705882352956,0.0625000000000009,0
978,0.23809523809523814,0.29166666666666646,0.08823529411764698,0.5714285714285712,1.4499999999999995,1.2142857142857142,1.9518072289156627,0.5537757437070652,-0.8421052631578957,-0.7058823529411767,-0.6874999999999999,0
739,0.5238095238095237,-0.25,-0.08823529411764706,0.8571428571428564,0.5999999999999998,1.0,1.5903614457831325,0.6864988558352179,-1.105263157894737,-0.35294117647058804,-0.6250000000000001,0
192,-0.7142857142857144,-0.6250000000000001,-0.02941176470588238,-0.4285714285714288,-0.3000000000000002,0.5,0.26506024096385544,0.2745995423340668,1.3684210526315783,0.0,-0.24999999999999917,1
920,0.23809523809523814,0.4166666666666666,-0.41176470588235303,-0.5714285714285715,-0.4000000000000003,1.7142857142857142,0.1927710843373494,-0.8054919908466772,0.3684210526315782,1.5882352941176479,1.000000000000001,1
457,0.4761904761904763,0.29166666666666646,0.3823529411764706,0.14285714285714232,0.7499999999999998,-0.6428571428571429,-0.3855421686746988,0.823798627002302,0.3157894736842109,-0.23529411764705913,0.0625000000000009,0
676,0.666666666666667,-0.45833333333333354,0.3823529411764706,0.0,-0.7999999999999998,-0.14285714285714285,-0.1686746987951807,0.732265446224229,-0.2631578947368436,0.17647058823529435,0.0,0
761,0.5238095238095237,0.24999999999999978,-0.02941176470588238,0.8571428571428564,-0.25000000000000017,-0.35714285714285715,1.5903614457831325,0.45308924485123053,-0.42105263157894784,-0.29411764705882393,-0.31250000000000006,0
1444,-0.4761904761904763,0.24999999999999978,-0.17647058823529413,-0.6428571428571429,-1.100000000000005,-0.42857142857142855,-0.3855421686746988,-1.6384439359267917,0.3684210526315782,-0.7647058823529416,0.9375000000000002,0
729,-0.7142857142857144,0.20833333333333307,-0.7058823529411766,-0.5714285714285715,-0.6499999999999998,-0.7142857142857143,-0.6506024096385542,0.09153318077802226,0.7894736842105261,0.3529411764705887,-0.43749999999999967,0
413,-0.3809523809523814,0.8958333333333333,-0.2941176470588236,-0.4285714285714288,1.0,0.07142857142857142,0.9397590361445783,-0.09153318077802226,-0.21052631578947392,0.11764705882352956,-0.5624999999999992,0
826,-0.3809523809523814,-0.25,-0.35294117647058826,0.8571428571428564,-0.20000000000000015,0.07142857142857142,-0.024096385542168676,-0.2562929061784928,0.26315789473684126,-0.7647058823529416,0.31250000000000006,0
617,0.8095238095238093,0.3333333333333332,0.7058823529411765,0.14285714285714232,-0.05000000000000004,1.0,0.7951807228915663,1.3272311212814754,1.0,-0.29411764705882393,-0.31250000000000006,0
115,-0.04761904761904788,0.16666666666666682,-0.20588235294117652,-0.5714285714285715,1.1999999999999995,-0.14285714285714285,0.21686746987951808,-0.18306636155609535,-0.6315789473684218,1.823529411764707,-0.43749999999999967,0
418,-0.4285714285714288,0.24999999999999978,-0.41176470588235303,-0.4285714285714288,0.5499999999999997,1.4285714285714286,2.072289156626506,-0.5491990846681845,0.6842105263157892,-0.8235294117647063,0.1875000000000005,0
1522,-0.4761904761904763,-0.16666666666666682,-0.17647058823529413,-0.4285714285714288,0.09999999999999522,-0.35714285714285715,-0.3614457831325301,-0.4347826086956566,0.42105263157894784,-1.1176470588235299,-0.7187499999999992,0
970,-0.5714285714285716,0.16666666666666682,-0.5000000000000001,0.9999999999999993,-0.05000000000000004,-0.5,-0.3855421686746988,-0.050343249427942736,0.7894736842105261,-0.05882352941176478,0.0,0
605,0.1904761904761907,0.24999999999999978,-0.3823529411764706,0.9999999999999993,0.7999999999999998,0.0,0.6024096385542169,0.732265446224229,-0.7368421052631587,0.0,-0.6874999999999999,1
1528,-0.3809523809523814,0.041666666666666706,-0.5588235294117647,-0.7142857142857144,-0.4500000000000003,0.07142857142857142,-0.3373493975903614,-0.7780320366132909,-0.10526315789473696,0.23529411764705913,0.375000000000001,1
90,-0.4285714285714288,0.4166666666666666,-0.5294117647058824,-0.5714285714285715,-0.20000000000000015,-0.42857142857142855,-0.3373493975903614,0.45766590389016215,0.894736842105263,-0.5294117647058824,-0.7499999999999997,0
849,-0.7142857142857144,0.5,-0.14705882352941183,-0.5714285714285715,0.05000000000000004,0.0,-0.1686746987951807,0.04118993135013035,1.4736842105263153,0.23529411764705913,-0.24999999999999917,0
1218,0.14285714285714238,-0.75,0.3235294117647059,-0.4285714285714288,-1.1499999999999997,2.0714285714285716,0.8674698795180723,-1.2448512585812654,-0.42105263157894784,1.1176470588235303,1.1250000000000007,1
499,1.333333333333333,-0.7083333333333335,0.7941176470588237,0.5714285714285712,-0.49999999999999967,-0.6428571428571429,-0.5301204819277109,0.18306636155604453,-0.8421052631578957,0.17647058823529435,0.5000000000000006,1
12,-0.1904761904761907,-0.08333333333333341,0.2941176470588235,5.571428571428569,-0.4500000000000003,0.21428571428571427,1.5421686746987953,0.45766590389016215,0.21052631578947392,1.0588235294117654,0.1875000000000005,0
285,0.9523809523809526,0.29166666666666646,-0.5588235294117647,1.7142857142857135,1.0999999999999994,1.2857142857142858,0.7951807228915663,1.5331807780320763,0.0,0.5294117647058824,-0.24999999999999917,0
1309,0.8571428571428568,0.708333333333333,0.17647058823529413,0.4285714285714282,0.3999999999999996,0.5714285714285714,1.2771084337349397,0.5034324942791732,-0.10526315789473696,0.0,-0.06249999999999979,0
1495,-0.7142857142857144,-0.8750000000000001,-0.5000000000000001,-1.142857142857143,-0.6999999999999998,0.07142857142857142,-0.24096385542168675,-1.0114416475972783,0.5789473684210521,0.4705882352941176,-0.12499999999999958,1
690,0.09523809523809491,-0.5833333333333334,0.6470588235294118,-0.5714285714285715,3.849999999999999,-0.6428571428571429,-0.5060240963855421,0.3661327231121399,-0.05263157894736965,2.5294117647058836,-0.49999999999999944,0
852,0.666666666666667,-0.3750000000000001,0.5294117647058824,-0.4285714285714288,0.25000000000000017,-0.35714285714285715,-0.3855421686746988,0.128146453089221,-0.15789473684210661,-0.4117647058823528,-0.43749999999999967,0
160,-0.5238095238095242,0.3333333333333332,-0.2352941176470589,-0.4285714285714288,-0.05000000000000004,0.2857142857142857,1.1566265060240963,0.0,1.4736842105263153,-0.29411764705882393,-0.5624999999999992,1
1446,-0.23809523809523814,1.1041666666666667,-0.20588235294117652,4.285714285714285,0.6999999999999998,0.35714285714285715,1.4457831325301205,0.1510297482837266,-0.7894736842105261,-0.5882352941176472,-0.37499999999999983,1
258,-0.6190476190476195,0.7291666666666664,-0.7647058823529412,-0.14285714285714296,-0.25000000000000017,-0.14285714285714285,0.43373493975903615,0.0,0.9473684210526326,0.29411764705882393,-0.6250000000000001,0
336,1.904761904761905,0.7291666666666664,0.7941176470588237,1.7142857142857135,2.3999999999999995,-0.5,-0.40963855421686746,1.098398169336369,-0.7368421052631587,1.2941176470588238,1.2500000000000002,1
1499,-0.6190476190476195,1.5625,-0.6470588235294118,0.14285714285714232,-0.5999999999999998,-0.5,-0.6024096385542169,-0.44851258581234976,1.1578947368421042,-0.23529411764705913,0.375000000000001,1
1040,0.4761904761904763,-0.08333333333333341,-0.14705882352941183,0.0,0.3999999999999996,0.5,0.024096385542168676,0.05491990846682352,0.10526315789473696,1.235294117647059,0.5625000000000003,1
516,0.2857142857142856,0.5625000000000001,0.6764705882352942,5.571428571428569,2.099999999999999,1.4285714285714286,2.7228915662650603,1.9221967963386202,0.0,3.0588235294117654,-0.5624999999999992,0
1016,1.2380952380952381,-0.5416666666666667,0.5882352941176472,0.0,-0.25000000000000017,0.0,-0.26506024096385544,-0.3752860411899523,-1.3157894736842108,1.2941176470588238,0.7500000000000009,1
769,-0.3809523809523814,0.29166666666666646,-0.7058823529411766,0.14285714285714232,0.09999999999999522,0.7142857142857143,1.3493975903614457,0.2929061784896916,1.2631578947368411,-0.5294117647058824,-0.31250000000000006,1
1400,-0.3333333333333335,0.6250000000000001,-0.7647058823529412,0.0,-0.5999999999999998,-0.2857142857142857,-0.3373493975903614,-0.5491990846681845,0.5789473684210521,0.5882352941176472,0.5625000000000003,1
762,0.666666666666667,0.5625000000000001,0.0,-0.2857142857142859,0.7999999999999998,-0.6428571428571429,-0.07228915662650602,0.2654462242563052,-0.3157894736842109,-1.1764705882352946,-0.37499999999999983,0
1171,0.6190476190476186,-0.6666666666666669,0.2352941176470589,-0.8571428571428571,-0.8999999999999999,-0.6428571428571429,-0.6265060240963856,-0.059496567505755125,-0.5789473684210521,0.29411764705882393,0.1875000000000005,1
1585,-0.5714285714285716,-0.8333333333333334,0.5294117647058824,0.28571428571428525,-0.95,0.7142857142857143,-0.0963855421686747,-0.8970251716247504,-0.10526315789473696,1.0588235294117654,0.8750000000000004,1
23,0.0,-0.3750000000000001,-0.14705882352941183,-0.8571428571428571,1.2999999999999996,-0.2857142857142857,-0.024096385542168676,-0.09153318077802226,-0.7368421052631587,1.7058823529411773,-0.43749999999999967,0
1354,-0.1428571428571432,0.5208333333333334,-0.6764705882352942,-0.4285714285714288,0.2999999999999995,0.0,0.4578313253012048,0.04576659038901113,0.3157894736842109,-0.9411764705882355,0.0625000000000009,0
341,2.0476190476190474,-0.75,0.7058823529411765,0.28571428571428525,-0.6999999999999998,-0.2857142857142857,-0.40963855421686746,1.4645308924485088,-1.0,3.2941176470588247,-0.6250000000000001,1
432,-0.04761904761904788,0.1250000000000001,0.2647058823529411,0.0,-0.3000000000000002,0.5,0.6746987951807228,0.2745995423340668,-0.3157894736842109,-0.35294117647058804,-0.6250000000000001,0
474,0.9523809523809526,-0.7083333333333335,0.8529411764705884,-0.14285714285714296,-0.8999999999999999,-0.6428571428571429,-0.5783132530120482,0.1372997711670334,-0.2631578947368436,1.0000000000000007,0.2500000000000003,0
218,0.09523809523809491,0.8541666666666665,-0.11764705882352945,0.0,-0.4000000000000003,-0.21428571428571427,0.07228915662650602,-0.04576659038901113,0.26315789473684126,-0.4117647058823528,-0.6874999999999999,0
912,0.5714285714285712,-1.0,0.5882352941176472,9.714285714285712,1.6999999999999997,-0.7857142857142857,-0.6987951807228916,1.0114416475972274,-0.6842105263157892,-0.11764705882352956,0.4375000000000008,1
1282,-0.3809523809523814,-0.25,-0.17647058823529413,-0.4285714285714288,-0.1500000000000001,1.0,0.3855421686746988,-0.5491990846681845,0.3157894736842109,0.11764705882352956,0.1250000000000007,1
1012,0.4761904761904763,-0.8333333333333334,0.14705882352941174,-0.2857142857142859,0.3999999999999996,-0.14285714285714285,-0.4578313253012048,-0.5034324942791732,-0.7368421052631587,-0.4117647058823528,0.1250000000000007,1
94,-0.09523809523809534,-0.1250000000000001,0.0,-0.4285714285714288,-0.8999999999999999,-0.35714285714285715,-0.1686746987951807,-0.09153318077802226,0.42105263157894784,0.11764705882352956,-0.37499999999999983,0
1009,0.4761904761904763,-0.7083333333333335,0.41176470588235303,1.9999999999999993,1.4999999999999996,-0.14285714285714285,-0.3373493975903614,-0.5995423340961271,-0.42105263157894784,0.4705882352941176,1.1250000000000007,1
1093,-0.4285714285714288,0.08333333333333341,-0.5000000000000001,-0.2857142857142859,0.05000000000000004,-0.2857142857142857,-0.5301204819277109,-0.9199084668192559,0.6315789473684218,-0.17647058823529435,0.8125000000000007,1
697,-0.4285714285714288,0.5416666666666667,-0.7058823529411766,-0.14285714285714296,-0.6999999999999998,-0.42857142857142855,-0.3132530120481928,0.18306636155604453,0.8421052631578957,0.29411764705882393,-0.43749999999999967,1
1432,-0.1428571428571432,-0.3750000000000001,0.14705882352941174,-0.14285714285714296,-0.5499999999999997,-0.07142857142857142,0.8674698795180723,-0.45766590389016215,-0.2631578947368436,-0.4705882352941176,-0.18749999999999936,1
997,-1.0952380952380958,0.5833333333333334,-0.7647058823529412,0.0,0.34999999999999953,-0.7857142857142857,-0.6506024096385542,-1.3821510297482988,2.105263157894737,0.05882352941176478,1.6250000000000013,1
154,-0.1904761904761907,0.3333333333333332,-0.6764705882352942,-0.5714285714285715,0.7499999999999998,0.7857142857142857,1.4698795180722892,-0.823798627002302,0.21052631578947392,-0.4705882352941176,-0.06249999999999979,0
1100,0.33333333333333304,0.0,0.35294117647058826,-1.0,0.7999999999999998,-0.6428571428571429,-0.4819277108433735,-0.06407322654463592,-0.5789473684210521,-0.5882352941176472,-0.49999999999999944,0
1411,-0.6190476190476195,1.8333333333333333,-0.7647058823529412,-0.5714285714285715,0.09999999999999522,-0.6428571428571429,-0.5301204819277109,-1.4645308924485088,1.0,-1.0588235294117652,1.0625000000000009,1
1597,-0.7619047619047623,-0.041666666666666706,-0.3823529411764706,0.14285714285714232,-0.20000000000000015,1.0714285714285714,0.04819277108433735,-0.4851258581235993,0.5789473684210521,0.7647058823529416,0.5000000000000006,1
790,0.33333333333333304,0.4583333333333333,-0.2647058823529412,0.9999999999999993,0.95,0.5,1.9518072289156627,0.5491990846681845,-1.1578947368421066,-0.5882352941176472,-0.5624999999999992,0
581,2.095238095238096,-0.08333333333333341,0.6764705882352942,0.0,0.4499999999999996,-0.6428571428571429,-0.5783132530120482,1.556064073226531,-0.6315789473684218,-1.0588235294117652,-0.37499999999999983,0
704,-0.1904761904761907,-0.5833333333333334,0.6470588235294118,0.5714285714285712,-0.35000000000000026,0.5714285714285714,1.108433734939759,0.18306636155604453,0.052631578947367315,0.4705882352941176,-0.37499999999999983,0
1340,-0.1904761904761907,-0.041666666666666706,-0.7058823529411766,-0.7142857142857144,0.20000000000000015,-0.07142857142857142,-0.1686746987951807,-0.649885583524019,0.26315789473684126,-0.4705882352941176,0.1875000000000005,1
488,1.095238095238095,0.5208333333333334,0.2941176470588235,-0.5714285714285715,-1.3499999999999999,-0.6428571428571429,-0.5783132530120482,0.6407322654462067,-0.7368421052631587,-1.1764705882352946,-0.12499999999999958,1
560,2.428571428571429,-0.20833333333333354,0.6764705882352942,2.9999999999999987,0.25000000000000017,-0.5714285714285714,0.21686746987951808,2.4256292906178443,-0.05263157894736965,0.3529411764705887,1.5625000000000004,1
1142,0.14285714285714238,-0.5833333333333334,0.17647058823529413,0.4285714285714282,0.0,0.7142857142857143,0.7951807228915663,-0.2562929061784928,-0.21052631578947392,1.3529411764705888,0.5000000000000006,1
1120,-1.0952380952380958,0.5833333333333334,-0.7647058823529412,0.4285714285714282,-0.6999999999999998,-0.5,-0.5542168674698795,-1.9405034324942956,1.105263157894737,-0.23529411764705913,1.687500000000001,0
802,0.33333333333333304,0.1250000000000001,-0.5000000000000001,1.5714285714285705,-0.5999999999999998,-0.42857142857142855,-0.5060240963855421,0.25171624713956126,-0.42105263157894784,-1.0588235294117652,-0.12499999999999958,0
513,1.333333333333333,-0.5,0.6470588235294118,-0.14285714285714296,2.2499999999999996,0.07142857142857142,0.26506024096385544,0.5491990846681845,-1.4736842105263175,1.1176470588235303,-0.31250000000000006,1
634,1.0476190476190474,1.729166666666667,-0.11764705882352945,1.7142857142857135,1.2499999999999996,-0.21428571428571427,1.1566265060240963,1.9221967963386202,0.6315789473684218,0.11764705882352956,0.687500000000001,0
1180,0.14285714285714238,-0.7083333333333335,0.20588235294117652,0.28571428571428525,-0.20000000000000015,-0.21428571428571427,0.21686746987951808,-0.37070938215102067,-0.21052631578947392,1.1176470588235303,0.5000000000000006,1
1428,-0.1428571428571432,-0.45833333333333354,0.20588235294117652,0.4285714285714282,-0.10000000000000007,-0.5714285714285714,-0.3614457831325301,-0.5034324942791732,-0.05263157894736965,-0.23529411764705913,0.6250000000000001,0
1151,0.14285714285714238,-0.7916666666666667,0.17647058823529413,0.8571428571428564,-0.6499999999999998,-0.7142857142857143,-0.6265060240963856,-0.9473684210526423,-0.05263157894736965,0.8235294117647063,1.6250000000000013,1
791,-0.23809523809523814,-0.6250000000000001,0.5,0.5714285714285712,0.09999999999999522,0.2857142857142857,1.0602409638554218,0.128146453089221,0.10526315789473696,0.3529411764705887,-0.31250000000000006,1
741,0.1904761904761907,1.0,0.08823529411764698,2.8571428571428563,-0.25000000000000017,-0.14285714285714285,-0.5301204819277109,-0.1372997711670334,0.7368421052631587,0.3529411764705887,0.8125000000000007,1
1082,0.0,-0.9166666666666669,1.235294117647059,8.714285714285714,-1.4999999999999996,1.6785714285714286,6.048192771084337,-1.6659038901601781,-1.5789473684210544,-0.6470588235294119,1.312500000000001,1
831,-0.1904761904761907,0.6875000000000002,-0.5588235294117647,0.4285714285714282,-1.100000000000005,-0.6428571428571429,-0.6987951807228916,-0.21967963386729408,0.3684210526315782,-0.4117647058823528,0.4375000000000008,0
120,-0.4285714285714288,0.708333333333333,-0.5294117647058824,-0.5714285714285715,0.8499999999999951,0.5714285714285714,1.2289156626506024,-0.411899313501151,0.15789473684210428,-0.4705882352941176,-0.6250000000000001,1
657,1.333333333333333,-0.3750000000000001,0.3823529411764706,0.0,1.2999999999999996,-0.42857142857142855,-0.14457831325301204,0.823798627002302,-2.210526315789474,-0.7058823529411767,-0.37499999999999983,0
1519,-0.23809523809523814,-0.20833333333333354,0.5882352941176472,0.0,1.6999999999999997,-0.5,-0.43373493975903615,-0.15102974828377738,0.052631578947367315,0.05882352941176478,0.1875000000000005,0
636,0.3809523809523805,1.3333333333333333,-0.7647058823529412,-1.142857142857143,-0.7499999999999998,0.7142857142857143,-0.12048192771084337,-0.6407322654462575,-0.21052631578947392,-0.4117647058823528,-0.31250000000000006,0
269,-0.4761904761904763,0.08333333333333341,-0.6470588235294118,1.1428571428571423,-0.1500000000000001,-0.5,-0.26506024096385544,0.8695652173913132,2.0,1.7058823529411773,-0.49999999999999944,1
656,0.8571428571428568,0.1250000000000001,-0.2647058823529412,0.9999999999999993,0.34999999999999953,0.42857142857142855,0.3614457831325301,1.6475972540045534,-0.894736842105263,-0.05882352941176478,-0.49999999999999944,0
823,-0.5714285714285716,0.08333333333333341,-0.3823529411764706,-0.2857142857142859,-0.20000000000000015,0.07142857142857142,-0.04819277108433735,0.22883295194505568,1.5789473684210522,0.11764705882352956,-0.24999999999999917,0
1374,-0.09523809523809534,0.9583333333333333,0.02941176470588238,2.2857142857142847,1.4999999999999996,1.4285714285714286,1.2289156626506024,-0.0732265446224483,-0.3684210526315782,-1.0000000000000002,-0.5624999999999992,0
877,-0.3809523809523814,-0.20833333333333354,-0.7647058823529412,0.0,-0.6499999999999998,-0.5,-0.5783132530120482,-0.7459954233409729,0.47368421052631515,-0.23529411764705913,0.4375000000000008,0
774,0.0,-0.5,0.08823529411764698,-0.5714285714285715,3.849999999999999,-0.9285714285714286,0.14457831325301204,0.22883295194505568,-0.05263157894736965,1.7647058823529422,-0.43749999999999967,1
1599,-0.9047619047619051,-0.8750000000000001,0.6176470588235293,1.9999999999999993,-0.6499999999999998,0.2857142857142857,0.0963855421686747,-0.5995423340961271,0.42105263157894784,0.23529411764705913,0.5000000000000006,1
5,-0.23809523809523814,0.7499999999999998,-0.7647058823529412,-0.4285714285714288,-0.20000000000000015,-0.21428571428571427,-0.0963855421686747,0.45766590389016215,1.0526315789473673,-0.35294117647058804,-0.49999999999999944,0
1004,-0.5238095238095242,-0.6666666666666669,0.17647058823529413,-0.5714285714285715,-0.6499999999999998,-0.7142857142857143,-0.7228915662650602,-1.8306636155606486,0.26315789473684126,-0.4117647058823528,1.6250000000000013,1
1385,-0.3809523809523814,0.9791666666666666,-0.32352941176470595,-0.5714285714285715,1.3499999999999996,0.42857142857142855,1.108433734939759,-0.39816933638445784,-0.6315789473684218,-0.7058823529411767,-0.43749999999999967,0
1259,-0.5238095238095242,0.5,-0.7647058823529412,0.7142857142857141,2.1499999999999995,0.07142857142857142,-0.12048192771084337,-0.649885583524019,0.6842105263157892,0.05882352941176478,0.687500000000001,1
1461,-0.7142857142857144,-0.4166666666666668,-0.5000000000000001,0.14285714285714232,-1.2999999999999998,1.4285714285714286,0.6265060240963856,0.2013729977116693,0.5263157894736848,0.3529411764705887,0.1250000000000007,1
444,1.0,-0.3333333333333334,0.6764705882352942,0.7142857142857141,-0.1500000000000001,-0.21428571428571427,-0.4578313253012048,-0.22883295194510647,-0.42105263157894784,0.05882352941176478,0.8750000000000004,1
1078,0.33333333333333304,-0.6250000000000001,1.147058823529412,5.999999999999999,0.0,-0.7857142857142857,-0.7228915662650602,0.6270022883295135,-0.21052631578947392,-0.23529411764705913,0.5000000000000006,0
1430,0.0,-1.4166666666666667,0.41176470588235303,0.0,-1.5499999999999996,1.7142857142857142,0.6987951807228916,-0.3661327231121399,0.10526315789473696,1.823529411764707,0.687500000000001,0
305,0.23809523809523814,0.5416666666666667,1.0,-0.14285714285714296,1.5999999999999948,-0.14285714285714285,1.2530120481927711,0.22883295194505568,-0.5789473684210521,-0.5882352941176472,-0.6250000000000001,0
1388,-0.23809523809523814,0.5,-0.5588235294117647,-0.5714285714285715,1.0,-0.42857142857142855,-0.3614457831325301,-0.32036613272312875,-0.05263157894736965,-0.23529411764705913,-0.37499999999999983,0
150,0.14285714285714238,-0.5,0.5294117647058824,0.8571428571428564,0.4499999999999996,-0.21428571428571427,0.12048192771084337,0.32036613272312875,1.1578947368421042,-0.05882352941176478,0.1875000000000005,1
1149,-0.04761904761904788,-0.5416666666666667,0.47058823529411764,-0.2857142857142859,0.2999999999999995,-0.35714285714285715,-0.40963855421686746,-0.7048054919908426,0.42105263157894784,0.23529411764705913,0.8750000000000004,1
1214,0.8095238095238093,-0.5833333333333334,0.47058823529411764,-0.4285714285714288,-0.4500000000000003,-0.6428571428571429,-0.6024096385542169,-0.09610983981695387,-0.8421052631578957,0.7647058823529416,0.1875000000000005,1
1246,-0.23809523809523814,0.1250000000000001,-0.20588235294117652,-0.5714285714285715,0.09999999999999522,0.07142857142857142,-0.0963855421686747,-0.11441647597252784,0.9473684210526326,0.3529411764705887,0.1875000000000005,0
727,0.09523809523809491,0.8333333333333331,-0.5000000000000001,0.8571428571428564,0.20000000000000015,0.2857142857142857,0.26506024096385544,1.189931350114391,0.6315789473684218,0.5882352941176472,0.5625000000000003,1
834,1.7619047619047619,-0.20833333333333354,0.5294117647058824,-0.8571428571428571,3.3499999999999988,1.5714285714285714,0.3132530120481928,0.713958810068655,0.3684210526315782,1.4117647058823535,-0.18749999999999936,0
1167,0.9523809523809526,0.08333333333333341,0.0,-0.2857142857142859,1.5499999999999996,-0.5,0.5301204819277109,0.1327231121281526,-1.9473684210526327,2.1176470588235303,0.0,0
471,2.428571428571429,-0.8333333333333334,1.147058823529412,0.5714285714285712,0.6499999999999998,0.07142857142857142,0.21686746987951808,1.2814645308924641,-1.3684210526315805,-0.05882352941176478,0.2500000000000003,0
972,1.1904761904761907,-1.0833333333333335,0.6470588235294118,-0.4285714285714288,-0.6999999999999998,-0.5714285714285714,-0.6746987951807228,0.2013729977116693,0.10526315789473696,1.4705882352941182,0.4375000000000008,1
654,0.7142857142857144,-0.7916666666666667,0.9705882352941176,0.8571428571428564,-0.05000000000000004,-0.35714285714285715,-0.1927710843373494,0.3661327231121399,-1.0,-0.4705882352941176,1.1250000000000007,1
400,0.3809523809523805,1.0208333333333333,-0.11764705882352945,0.14285714285714232,-0.7999999999999998,-0.35714285714285715,0.0963855421686747,-0.22883295194510647,-1.105263157894737,-0.4117647058823528,-0.49999999999999944,0
20,0.0,-0.8333333333333334,0.7352941176470589,-0.5714285714285715,13.049999999999997,0.21428571428571427,0.43373493975903615,0.04576659038901113,-1.4210526315789478,2.705882352941178,-0.6250000000000001,1
685,0.9047619047619051,1.9166666666666665,0.17647058823529413,0.14285714285714232,-0.10000000000000007,1.5,2.746987951807229,0.5491990846681845,-0.3157894736842109,-0.8235294117647063,-0.49999999999999944,0
36,-0.04761904761904788,0.5208333333333334,-0.7647058823529412,4.714285714285713,0.2999999999999995,-0.6428571428571429,-0.4819277108433735,0.823798627002302,0.47368421052631515,-0.4117647058823528,-0.37499999999999983,1
903,-0.23809523809523814,0.47916666666666663,-0.4705882352941177,0.28571428571428525,0.0,0.14285714285714285,-0.12048192771084337,0.2562929061784928,1.4210526315789478,0.4117647058823528,0.375000000000001,1
828,-0.3809523809523814,-0.25,-0.35294117647058826,0.8571428571428564,-0.20000000000000015,0.07142857142857142,-0.024096385542168676,-0.2562929061784928,0.26315789473684126,-0.7647058823529416,0.31250000000000006,0
1435,1.095238095238095,0.08333333333333341,0.3235294117647059,18.85714285714285,6.699999999999999,2.9285714285714284,1.3734939759036144,3.1533180778031924,-0.6842105263157892,0.8823529411764711,-0.7499999999999997,1
921,0.8095238095238093,-0.45833333333333354,0.3235294117647059,0.14285714285714232,0.5499999999999997,-0.2857142857142857,-0.3614457831325301,0.4851258581235485,-0.3684210526315782,-0.35294117647058804,0.1875000000000005,0
538,0.09523809523809491,1.270833333333333,-0.05882352941176476,-0.14285714285714296,0.20000000000000015,-0.6428571428571429,-0.6024096385542169,0.18306636155604453,0.3157894736842109,0.8823529411764711,0.31250000000000006,1
759,0.09523809523809491,1.4583333333333333,-0.7647058823529412,0.0,0.20000000000000015,-0.2857142857142857,-0.1686746987951807,-0.10983981693364704,-0.3157894736842109,-0.7058823529411767,-0.24999999999999917,0
1063,0.04761904761904746,-0.5833333333333334,0.5294117647058824,-0.4285714285714288,0.8999999999999999,-0.5714285714285714,-0.5542168674698795,-0.5491990846681845,-0.05263157894736965,0.11764705882352956,0.7500000000000009,1
1200,0.0,0.24999999999999978,-0.08823529411764706,0.14285714285714232,-0.20000000000000015,0.6428571428571429,1.3493975903614457,0.027459954233386357,-0.5263157894736848,-0.23529411764705913,-0.43749999999999967,1
246,-0.28571428571428603,0.5833333333333334,-0.7647058823529412,-0.2857142857142859,0.20000000000000015,-0.5714285714285714,-0.3614457831325301,0.6864988558352179,1.5789473684210522,2.0000000000000004,-0.18749999999999936,1
1128,-0.7619047619047623,1.0,-0.7647058823529412,0.9999999999999993,-0.4000000000000003,0.8571428571428571,0.3373493975903614,-1.3775743707094181,1.0526315789473673,-0.11764705882352956,0.8125000000000007,1
785,-0.3809523809523814,0.29166666666666646,-0.7352941176470589,0.4285714285714282,-0.1500000000000001,0.42857142857142855,1.1325301204819278,0.30205949656750397,1.2631578947368411,-0.17647058823529435,-0.24999999999999917,0
490,0.666666666666667,-0.5416666666666667,0.41176470588235303,0.5714285714285712,-0.35000000000000026,-0.2857142857142857,-0.2891566265060241,0.732265446224229,0.15789473684210428,0.7647058823529416,0.0,1
155,-0.3809523809523814,-0.3750000000000001,0.47058823529411764,4.714285714285713,-0.49999999999999967,1.0714285714285714,2.1927710843373496,0.22883295194505568,0.5789473684210521,0.5882352941176472,0.1875000000000005,0
962,-0.3809523809523814,0.16666666666666682,-0.35294117647058826,-0.8571428571428571,-0.10000000000000007,-0.5,-0.4819277108433735,-0.4027459954233386,-0.21052631578947392,0.0,-0.5624999999999992,0
854,0.666666666666667,-0.6666666666666669,0.3823529411764706,-1.0,0.0,1.9285714285714286,0.40963855421686746,-0.12814645308927183,0.8421052631578957,0.6470588235294119,0.4375000000000008,1
626,-0.5238095238095242,0.708333333333333,-0.7647058823529412,4.857142857142855,2.1999999999999993,0.5,0.4819277108433735,1.3272311212814754,0.7894736842105261,0.5882352941176472,0.0,0
686,0.09523809523809491,1.0833333333333335,-0.08823529411764706,0.5714285714285712,-1.05,-0.6428571428571429,-0.5542168674698795,0.09153318077802226,0.3157894736842109,-0.35294117647058804,0.687500000000001,0
570,-0.8095238095238098,-0.6666666666666669,-0.05882352941176476,0.0,0.7499999999999998,0.35714285714285715,0.0963855421686747,-1.0068649885583465,1.3684210526315783,-0.29411764705882393,0.9375000000000002,1
1520,-0.6190476190476195,0.7499999999999998,-0.5294117647058824,0.5714285714285712,1.2999999999999996,0.0,-0.26506024096385544,-0.0686498855835167,0.6842105263157892,-0.23529411764705913,0.0,0
18,0.09523809523809491,0.16666666666666682,0.05882352941176476,-0.7142857142857144,14.399999999999997,0.14285714285714285,0.43373493975903615,0.0,-1.0526315789473697,3.8823529411764723,-0.5624999999999992,0
128,0.09523809523809491,3.3750000000000004,-0.7647058823529412,-0.5714285714285715,0.09999999999999522,-0.7857142857142857,-0.6265060240963856,-0.18306636155609535,1.210526315789474,-0.8235294117647063,0.4375000000000008,0
928,0.23809523809523814,0.6250000000000001,-0.20588235294117652,0.0,0.6499999999999998,-0.21428571428571427,0.891566265060241,0.2562929061784928,-0.5789473684210521,-0.17647058823529435,-0.6250000000000001,0
981,0.5714285714285712,-0.08333333333333341,0.11764705882352937,-0.4285714285714288,-0.7499999999999998,-0.42857142857142855,-0.5060240963855421,0.430205949656725,0.052631578947367315,0.5294117647058824,0.1875000000000005,1
1568,-0.3333333333333335,0.7291666666666664,-0.3823529411764706,-0.2857142857142859,-0.20000000000000015,-0.14285714285714285,-0.43373493975903615,-0.6132723112128203,-0.10526315789473696,-0.4705882352941176,-0.06249999999999979,0
191,0.14285714285714238,-0.08333333333333341,0.2647058823529411,0.9999999999999993,-0.1500000000000001,0.5,2.144578313253012,0.3661327231121399,-0.42105263157894784,0.0,-0.49999999999999944,0
1140,0.14285714285714238,-0.041666666666666706,-0.05882352941176476,-0.2857142857142859,-0.05000000000000004,0.14285714285714285,1.1566265060240963,0.38443935926771383,0.15789473684210428,0.11764705882352956,-0.43749999999999967,1
993,-0.666666666666667,-0.5,-0.4705882352941177,-0.2857142857142859,-0.20000000000000015,1.1428571428571428,0.21686746987951808,-0.5766590389016216,0.26315789473684126,-0.8235294117647063,-0.49999999999999944,1
1561,-0.04761904761904788,0.3333333333333332,0.0,-0.2857142857142859,0.0,1.2142857142857142,2.2409638554216866,-0.2654462242563052,-0.5263157894736848,-0.5882352941176472,-0.18749999999999936,0
1331,-0.23809523809523814,0.3333333333333332,0.0,-0.14285714285714296,0.1500000000000001,0.21428571428571427,1.2771084337349397,-0.2929061784896916,-0.10526315789473696,-0.35294117647058804,-0.24999999999999917,1
607,0.7142857142857144,-0.45833333333333354,0.6470588235294118,3.428571428571427,-0.4000000000000003,-0.2857142857142857,-0.43373493975903615,0.22883295194505568,0.15789473684210428,1.0000000000000007,1.2500000000000002,1
181,0.4285714285714288,0.3749999999999999,-0.35294117647058826,0.28571428571428525,-0.6499999999999998,-0.2857142857142857,0.0963855421686747,0.04576659038901113,-0.6315789473684218,-0.17647058823529435,-0.43749999999999967,0
302,1.5238095238095237,-1.4166666666666667,0.6470588235294118,-1.0,-0.5999999999999998,-0.5,-0.5542168674698795,0.22883295194505568,-0.47368421052631515,0.11764705882352956,-0.06249999999999979,1
497,-0.04761904761904788,0.0,-0.02941176470588238,-0.4285714285714288,0.05000000000000004,0.0,0.0,0.732265446224229,0.6315789473684218,0.17647058823529435,-0.7499999999999997,1
1375,-0.5238095238095242,1.2291666666666665,-0.7647058823529412,-1.4285714285714286,9.349999999999998,0.14285714285714285,-0.21686746987951808,-0.9565217391304547,0.052631578947367315,-0.6470588235294119,-0.24999999999999917,0
1336,-0.6190476190476195,0.24999999999999978,-0.7058823529411766,0.28571428571428525,-0.5499999999999997,0.35714285714285715,0.04819277108433735,-1.3409610983981686,0.3684210526315782,0.23529411764705913,1.5000000000000007,1
1316,-0.1904761904761907,0.4583333333333333,0.02941176470588238,-0.2857142857142859,0.1500000000000001,0.21428571428571427,1.2771084337349397,-0.2929061784896916,-0.2631578947368436,-0.23529411764705913,-0.24999999999999917,1
518,1.1904761904761907,0.3749999999999999,0.6764705882352942,-0.14285714285714296,5.999999999999999,-0.6428571428571429,-0.5301204819277109,1.189931350114391,-0.7894736842105261,0.05882352941176478,-1.1249999999999996,0
1070,0.04761904761904746,0.4166666666666666,0.2647058823529411,0.8571428571428564,0.2999999999999995,1.0,0.3373493975903614,0.09153318077802226,0.0,0.0,0.375000000000001,0
477,0.666666666666667,-1.0416666666666667,0.4411764705882352,-0.2857142857142859,0.5499999999999997,-0.5714285714285714,-0.5301204819277109,0.5491990846681845,-0.15789473684210661,0.4705882352941176,-0.31250000000000006,0
158,-0.3809523809523814,-0.3750000000000001,0.47058823529411764,4.714285714285713,-0.4500000000000003,1.0,2.1686746987951806,0.22883295194505568,0.5789473684210521,0.5294117647058824,0.1875000000000005,0
1244,0.1904761904761907,0.16666666666666682,-0.11764705882352945,0.28571428571428525,0.09999999999999522,-0.2857142857142857,1.1566265060240963,0.6864988558352179,0.3157894736842109,0.0,-0.43749999999999967,0
1196,-0.8095238095238098,-0.3750000000000001,-0.11764705882352945,-0.5714285714285715,-0.10000000000000007,0.5,0.43373493975903615,-0.2151029748283625,1.105263157894737,-0.11764705882352956,-0.43749999999999967,1
17,0.2857142857142856,-1.0,0.8823529411764708,-0.5714285714285715,0.5999999999999998,1.5,1.5662650602409638,0.04576659038901113,-0.05263157894736965,0.7647058823529416,0.1875000000000005,1
1575,-1.0952380952380958,-0.8750000000000001,1.5294117647058825,16.714285714285708,-0.3000000000000002,0.6428571428571429,1.3012048192771084,-0.013729977116693179,0.42105263157894784,-0.8235294117647063,0.1875000000000005,1
547,-0.1904761904761907,0.1250000000000001,-0.05882352941176476,-0.2857142857142859,-0.10000000000000007,-0.2857142857142857,-0.24096385542168675,0.6864988558352179,0.7368421052631587,0.9411764705882358,-0.43749999999999967,1
1304,0.04761904761904746,-1.0,0.5294117647058824,-0.5714285714285715,0.05000000000000004,1.0,0.7228915662650602,-0.8192219679634213,0.26315789473684126,0.23529411764705913,0.6250000000000001,0
1020,-0.4285714285714288,-0.08333333333333341,-0.35294117647058826,-0.5714285714285715,-0.10000000000000007,-0.2857142857142857,-0.3614457831325301,-0.2013729977116693,1.1578947368421042,-0.05882352941176478,0.1250000000000007,0
1337,-0.9047619047619051,-0.08333333333333341,-0.7647058823529412,-1.142857142857143,-1.1499999999999997,0.07142857142857142,-0.2891566265060241,-1.0617848970251702,0.26315789473684126,-1.0000000000000002,-0.43749999999999967,0
1518,-0.666666666666667,0.041666666666666706,-0.5882352941176472,-0.2857142857142859,-0.8499999999999999,1.0714285714285714,0.14457831325301204,-0.8741418764301939,0.3684210526315782,1.235294117647059,0.0625000000000009,1
284,0.4761904761904763,-0.5,0.17647058823529413,4.857142857142855,0.34999999999999953,-0.2857142857142857,0.21686746987951808,1.0526315789473577,0.3684210526315782,0.8823529411764711,0.1875000000000005,1
798,0.666666666666667,-0.6250000000000001,0.5294117647058824,-0.8571428571428571,-2.0999999999999996,0.5,0.0963855421686747,-0.7048054919908426,-0.3684210526315782,1.1176470588235303,0.375000000000001,1
226,-0.09523809523809534,-0.3750000000000001,-0.02941176470588238,0.5714285714285712,-0.35000000000000026,1.0714285714285714,0.6024096385542169,-0.2974828375286232,0.3157894736842109,-0.23529411764705913,0.1875000000000005,1
27,-0.1428571428571432,-0.45833333333333354,-0.05882352941176476,-0.5714285714285715,0.0,-0.7142857142857143,-0.6506024096385542,-0.2745995423341176,-0.15789473684210661,-0.17647058823529435,-0.43749999999999967,0
438,1.5238095238095237,-0.2916666666666667,1.3823529411764706,1.4285714285714282,-0.6999999999999998,-0.5714285714285714,-0.3855421686746988,0.823798627002302,-0.7368421052631587,0.23529411764705913,0.6250000000000001,1
1555,-0.6190476190476195,1.3958333333333333,-0.7058823529411766,0.28571428571428525,-0.8999999999999999,0.07142857142857142,-0.3614457831325301,-0.24256292906179966,1.210526315789474,-0.11764705882352956,0.5000000000000006,1
230,-0.4761904761904763,0.0,-0.02941176470588238,0.5714285714285712,0.05000000000000004,-0.2857142857142857,-0.024096385542168676,0.022883295194505566,0.7894736842105261,-0.7058823529411767,0.5000000000000006,0
38,0.09523809523809491,-0.5833333333333334,0.05882352941176476,-0.14285714285714296,-0.6999999999999998,-0.07142857142857142,-0.1927710843373494,0.0,-0.42105263157894784,0.6470588235294119,-0.31250000000000006,1
750,-0.28571428571428603,-0.041666666666666706,-0.2352941176470589,-0.14285714285714296,-0.49999999999999967,-0.14285714285714285,-0.24096385542168675,0.4027459954233386,1.105263157894737,0.6470588235294119,-0.43749999999999967,1
1046,-0.4761904761904763,-0.3333333333333334,-0.7647058823529412,-1.142857142857143,-0.49999999999999967,1.2857142857142858,0.0,-1.1075514874141812,0.052631578947367315,-0.23529411764705913,0.7500000000000009,1
470,0.3809523809523805,1.2499999999999998,-0.7058823529411766,-1.4285714285714286,-0.49999999999999967,1.5714285714285714,0.24096385542168675,-0.7322654462242798,-0.5789473684210521,-0.23529411764705913,-0.24999999999999917,0
1361,0.6190476190476186,0.08333333333333341,0.14705882352941174,0.14285714285714232,1.5999999999999948,-0.21428571428571427,0.0,0.08695652173914148,-0.3684210526315782,-0.35294117647058804,0.4375000000000008,0
1571,-0.7142857142857144,-0.6666666666666669,0.7941176470588237,0.0,7.5,0.35714285714285715,-0.07228915662650602,-1.5560640732265818,0.3157894736842109,1.823529411764707,1.3750000000000009,1
688,0.5714285714285712,0.5,-0.08823529411764706,1.2857142857142854,0.7499999999999998,-0.07142857142857142,0.0,1.3729977116704866,-0.15789473684210661,-0.17647058823529435,-0.31250000000000006,0
1470,-0.28571428571428603,1.9166666666666665,-0.6176470588235295,-0.14285714285714296,-0.95,0.42857142857142855,0.26506024096385544,0.11441647597252784,0.0,-0.4117647058823528,-0.31250000000000006,0
640,0.4761904761904763,-0.9583333333333335,0.2647058823529411,-0.4285714285714288,-0.6499999999999998,0.7857142857142857,0.4578313253012048,0.09153318077802226,-0.6842105263157892,4.3529411764705905,0.0625000000000009,1
1378,-1.285714285714286,-0.1250000000000001,0.0,0.14285714285714232,0.49999999999999967,0.6428571428571429,0.8674698795180723,-0.6864988558352686,2.105263157894737,0.0,1.2500000000000002,1
1219,0.14285714285714238,-0.5,0.14705882352941174,-0.4285714285714288,0.09999999999999522,-0.42857142857142855,-0.3373493975903614,-0.3661327231121399,-0.3684210526315782,0.4117647058823528,0.2500000000000003,1
1159,-0.5714285714285716,-0.45833333333333354,0.5,0.8571428571428564,-0.20000000000000015,0.5714285714285714,0.3855421686746988,-0.4942791762013609,0.5789473684210521,3.176470588235295,0.2500000000000003,1
1330,-0.23809523809523814,0.3333333333333332,0.0,-0.14285714285714296,0.1500000000000001,0.21428571428571427,1.2771084337349397,-0.2929061784896916,-0.10526315789473696,-0.35294117647058804,-0.24999999999999917,1
1301,-1.285714285714286,0.5208333333333334,-0.7647058823529412,-0.07142857142857179,0.0,0.07142857142857142,-0.24096385542168675,-1.080091533180795,2.473684210526315,-0.05882352941176478,1.4375000000000007,1
1455,1.8095238095238093,-0.2916666666666667,1.0882352941176472,0.0,-0.35000000000000026,-0.5,-0.3614457831325301,1.3455377574370493,-0.5263157894736848,0.4117647058823528,0.4375000000000008,1
801,-0.3333333333333335,0.3749999999999999,-0.5294117647058824,2.5714285714285707,0.09999999999999522,0.8571428571428571,1.6867469879518073,-0.17848970251716376,-0.3157894736842109,-0.6470588235294119,-0.49999999999999944,0
161,-0.1428571428571432,1.7916666666666665,-0.6764705882352942,-0.2857142857142859,0.49999999999999967,-0.5,-0.43373493975903615,-0.411899313501151,-0.5789473684210521,-0.35294117647058804,-0.37499999999999983,0
957,0.5238095238095237,-0.6666666666666669,0.7647058823529412,-0.14285714285714296,1.5499999999999996,-0.6428571428571429,-0.6746987951807228,-0.5125858123569856,0.0,0.0,0.687500000000001,1
1187,-0.6190476190476195,1.1666666666666667,-0.6764705882352942,7.999999999999997,-0.05000000000000004,-0.5714285714285714,-0.6265060240963856,-0.22883295194510647,1.105263157894737,-0.7058823529411767,1.2500000000000002,0
822,-1.4285714285714288,-0.4166666666666668,-0.7647058823529412,-0.14285714285714296,-1.5999999999999996,0.14285714285714285,0.0963855421686747,-2.4073226544622703,2.105263157894737,0.7058823529411767,2.375000000000001,1
1353,-0.1428571428571432,0.5208333333333334,-0.6764705882352942,-0.4285714285714288,0.2999999999999995,0.0,0.4578313253012048,0.04576659038901113,0.3157894736842109,-0.9411764705882355,0.0625000000000009,0
878,-0.09523809523809534,0.8124999999999998,-0.7352941176470589,-0.14285714285714296,-0.7999999999999998,1.2142857142857142,0.12048192771084337,-1.4141876430206168,0.5263157894736848,-0.29411764705882393,1.000000000000001,1
914,0.7142857142857144,-0.5208333333333334,0.5882352941176472,3.428571428571427,0.6999999999999998,-0.7857142857142857,-0.6746987951807228,-0.18764302059497615,-0.21052631578947392,0.11764705882352956,1.2500000000000002,1
153,-0.1904761904761907,0.3333333333333332,-0.6764705882352942,-0.5714285714285715,0.7499999999999998,0.7857142857142857,1.4698795180722892,-0.823798627002302,0.21052631578947392,-0.4705882352941176,-0.06249999999999979,0
1465,-0.5238095238095242,0.29166666666666646,-0.4705882352941177,-0.7142857142857144,-0.8499999999999999,1.4285714285714286,0.3614457831325301,-0.45766590389016215,0.5263157894736848,0.29411764705882393,-0.31250000000000006,0
510,2.571428571428572,-0.9583333333333335,1.4411764705882355,0.8571428571428564,0.20000000000000015,0.6428571428571429,0.12048192771084337,0.823798627002302,-1.4210526315789478,0.3529411764705887,0.7500000000000009,1
1136,0.04761904761904746,-1.1250000000000002,0.5,-0.7142857142857144,-0.6499999999999998,0.5714285714285714,0.2891566265060241,-1.0068649885583465,0.3684210526315782,-0.11764705882352956,1.0625000000000009,1
1251,-0.3809523809523814,0.3333333333333332,-0.7352941176470589,0.14285714285714232,-0.05000000000000004,0.7142857142857143,-0.024096385542168676,-0.7597254004576661,0.47368421052631515,-0.05882352941176478,0.4375000000000008,1
104,0.09523809523809491,0.2291666666666664,-0.11764705882352945,-0.14285714285714296,-0.1500000000000001,-0.14285714285714285,0.6506024096385542,-0.04576659038901113,-0.10526315789473696,-0.6470588235294119,-0.6250000000000001,0
587,1.5238095238095237,-0.8750000000000001,0.6764705882352942,0.7142857142857141,0.6999999999999998,0.14285714285714285,0.21686746987951808,0.823798627002302,-1.0,2.352941176470589,0.2500000000000003,1
1521,-0.666666666666667,0.041666666666666706,-0.5882352941176472,-0.2857142857142859,-0.8499999999999999,1.0714285714285714,0.14457831325301204,-0.8741418764301939,0.3684210526315782,1.235294117647059,0.0625000000000009,1
1144,-0.4285714285714288,-1.2500000000000002,0.11764705882352937,-0.5714285714285715,-0.7499999999999998,0.14285714285714285,-0.43373493975903615,-0.03661327231119874,1.5789473684210522,1.1764705882352944,-0.12499999999999958,1
54,0.33333333333333304,-0.5833333333333334,0.2941176470588235,1.1428571428571423,0.05000000000000004,1.1428571428571428,1.9518072289156627,0.09153318077802226,-0.5789473684210521,-0.35294117647058804,-0.49999999999999944,0
152,0.6190476190476186,0.0,2.1764705882352944,1.7142857142857135,26.499999999999996,1.2857142857142858,0.7469879518072289,1.2814645308924641,-3.0,8.117647058823533,-0.49999999999999944,0
404,1.666666666666667,0.3333333333333332,0.6764705882352942,0.7142857142857141,0.25000000000000017,-0.2857142857142857,0.07228915662650602,1.189931350114391,-0.8421052631578957,0.05882352941176478,0.1875000000000005,1
1551,-0.3809523809523814,0.6666666666666669,-0.7647058823529412,0.14285714285714232,0.34999999999999953,0.21428571428571427,-0.2891566265060241,0.4713958810068553,0.7368421052631587,-0.5294117647058824,-0.43749999999999967,0
208,-0.04761904761904788,0.20833333333333307,0.14705882352941174,-0.5714285714285715,-0.5499999999999997,0.8571428571428571,1.9759036144578312,-0.25171624713961205,-0.10526315789473696,-0.5294117647058824,-0.5624999999999992,0
1510,0.0,-1.4166666666666667,0.41176470588235303,-0.5714285714285715,-0.8999999999999999,-0.5,-0.43373493975903615,-1.2356979405034532,-0.15789473684210661,0.4705882352941176,0.5625000000000003,0
1123,-0.7619047619047623,-0.20833333333333354,-0.7647058823529412,-1.142857142857143,-1.2499999999999998,0.9285714285714286,-0.12048192771084337,-2.1052631578947665,0.7368421052631587,-0.8235294117647063,1.312500000000001,1
1402,0.0,0.708333333333333,-0.14705882352941183,-0.14285714285714296,0.0,1.3571428571428572,2.4819277108433737,-0.2745995423341176,-0.3157894736842109,-0.6470588235294119,-0.18749999999999936,0
9,-0.04761904761904788,0.24999999999999978,-0.7058823529411766,-0.2857142857142859,-0.35000000000000026,-0.35714285714285715,-0.4819277108433735,0.0,0.26315789473684126,-0.29411764705882393,-0.43749999999999967,1
1015,0.04761904761904746,0.24999999999999978,-0.2941176470588236,-0.2857142857142859,1.9999999999999993,-0.7857142857142857,-0.7469879518072289,-1.0343249427917838,-0.47368421052631515,-0.23529411764705913,0.6250000000000001,1
1434,-0.8571428571428577,-0.5,-0.2941176470588236,-0.5714285714285715,-0.5499999999999997,-0.21428571428571427,-0.3132530120481928,-0.5949656750571956,0.5789473684210521,0.7058823529411767,-0.06249999999999979,1
453,-0.5238095238095242,0.16666666666666682,-0.6764705882352942,-0.7142857142857144,0.20000000000000015,0.2857142857142857,-0.07228915662650602,0.0,0.6842105263157892,0.05882352941176478,-0.12499999999999958,1
254,-0.09523809523809534,1.0625,0.47058823529411764,-0.4285714285714288,0.5999999999999998,-0.42857142857142855,1.1566265060240963,-0.411899313501151,-0.42105263157894784,-0.17647058823529435,-0.43749999999999967,0
1328,-0.5714285714285716,-0.25,-0.05882352941176476,-0.7142857142857144,-0.1500000000000001,0.2857142857142857,-0.0963855421686747,-0.9153318077803243,0.42105263157894784,-0.11764705882352956,0.2500000000000003,1
897,0.1904761904761907,-0.8750000000000001,0.3823529411764706,0.28571428571428525,-0.10000000000000007,0.21428571428571427,0.12048192771084337,-1.080091533180795,0.0,0.8823529411764711,1.4375000000000007,1
881,0.6190476190476186,0.16666666666666682,-0.2352941176470589,-0.8571428571428571,-0.10000000000000007,-0.2857142857142857,-0.40963855421686746,-0.47597254004578693,-0.8421052631578957,-0.7647058823529416,-0.18749999999999936,0
1505,-0.1904761904761907,-0.5833333333333334,0.9117647058823528,0.14285714285714232,1.2999999999999996,-0.6428571428571429,-0.6265060240963856,-0.3432494279176343,0.26315789473684126,-0.4117647058823528,0.7500000000000009,1
624,0.0,-0.041666666666666706,-0.02941176470588238,0.9999999999999993,-0.1500000000000001,0.5,0.1686746987951807,0.2745995423340668,0.9473684210526326,2.0000000000000004,1.1875000000000004,1
346,-0.4285714285714288,0.6875000000000002,-0.7647058823529412,-0.4285714285714288,-0.6499999999999998,1.8571428571428572,0.6024096385542169,0.5034324942791732,1.5263157894736847,1.1176470588235303,-0.18749999999999936,0
1538,-1.1904761904761907,0.24999999999999978,-0.5294117647058824,-0.4285714285714288,-1.05,0.42857142857142855,-0.1686746987951807,-0.8970251716247504,1.0,0.11764705882352956,0.0,1
263,0.04761904761904746,0.0,-0.6764705882352942,-0.7142857142857144,-0.49999999999999967,-0.2857142857142857,-0.07228915662650602,-0.4805491990846677,0.15789473684210428,-0.29411764705882393,-0.12499999999999958,0
1322,-1.3809523809523814,0.9166666666666666,-0.7647058823529412,-1.4285714285714286,-1.9500000000000048,0.14285714285714285,0.1927710843373494,-1.9313501144164833,3.684210526315789,-0.17647058823529435,1.4375000000000007,1
151,-0.28571428571428603,-0.7916666666666667,0.6176470588235293,-0.14285714285714296,-0.1500000000000001,-0.6428571428571429,-0.6506024096385542,-0.45766590389016215,0.10526315789473696,-0.5294117647058824,0.0625000000000009,1
473,2.1904761904761907,-0.6250000000000001,0.8529411764705884,0.5714285714285712,0.1500000000000001,0.7857142857142857,0.7228915662650602,1.2356979405034532,-0.8421052631578957,1.1764705882352944,0.1250000000000007,1
641,0.9523809523809526,0.08333333333333341,0.5588235294117647,0.14285714285714232,-0.4500000000000003,0.14285714285714285,0.04819277108433735,1.0526315789473577,0.42105263157894784,0.0,-0.49999999999999944,0
1584,-0.8095238095238098,-0.25,0.08823529411764698,-0.14285714285714296,-0.3000000000000002,1.2857142857142858,1.4457831325301205,-0.46681922196797454,0.10526315789473696,0.0,-0.24999999999999917,0
1502,-0.04761904761904788,1.2499999999999998,0.08823529411764698,2.9999999999999987,0.1500000000000001,0.5,0.6265060240963856,-0.17391304347828296,-0.7894736842105261,-0.5294117647058824,-0.49999999999999944,0
929,0.33333333333333304,-0.20833333333333354,0.02941176470588238,0.14285714285714232,-1.2499999999999998,0.0,-0.24096385542168675,-0.7505720823798537,-0.6842105263157892,1.0588235294117654,0.6250000000000001,0
489,1.7619047619047619,-0.8333333333333334,0.8529411764705884,0.8571428571428564,0.05000000000000004,1.5,0.6987951807228916,1.556064073226531,0.052631578947367315,1.7647058823529422,0.375000000000001,1
1448,-0.5238095238095242,0.6250000000000001,-0.7647058823529412,-0.4285714285714288,0.0,0.5714285714285714,0.024096385542168676,0.09610983981690306,0.47368421052631515,0.7058823529411767,-0.31250000000000006,0
1172,-0.3809523809523814,0.29166666666666646,-0.7647058823529412,0.0,-0.10000000000000007,0.8571428571428571,0.14457831325301204,-0.7231121281464674,0.5789473684210521,0.3529411764705887,0.375000000000001,1
147,-1.0000000000000004,0.6666666666666669,-0.7058823529411766,-0.5714285714285715,0.34999999999999953,0.5,1.3493975903614457,-1.0983981693364198,1.210526315789474,-0.5882352941176472,-0.12499999999999958,0
403,2.0476190476190474,-0.16666666666666682,0.8235294117647061,0.5714285714285712,0.25000000000000017,0.35714285714285715,0.6265060240963856,1.4645308924485088,-1.105263157894737,-0.05882352941176478,0.1875000000000005,1
955,-0.1428571428571432,-0.3750000000000001,0.41176470588235303,0.7142857142857141,0.09999999999999522,-0.5714285714285714,-0.6506024096385542,-0.649885583524019,0.6842105263157892,-0.4705882352941176,1.2500000000000002,1
1497,-0.09523809523809534,0.08333333333333341,0.0,-0.4285714285714288,0.4499999999999996,0.6428571428571429,2.6265060240963853,-0.2013729977116693,-0.2631578947368436,-0.17647058823529435,-0.31250000000000006,0
660,-0.3809523809523814,1.3333333333333333,-0.7058823529411766,3.1428571428571423,0.7999999999999998,-0.6428571428571429,-0.6024096385542169,0.09153318077802226,0.5263157894736848,-0.29411764705882393,0.5000000000000006,0
464,0.09523809523809491,0.5833333333333334,1.2941176470588236,0.0,0.8999999999999999,0.7857142857142857,2.1927710843373496,0.18306636155604453,-1.210526315789474,-0.5294117647058824,-0.7499999999999997,0
1350,-0.4761904761904763,0.20833333333333307,-0.7647058823529412,0.8571428571428564,0.05000000000000004,0.5,0.07228915662650602,-0.7414187643020922,0.5263157894736848,-0.5882352941176472,0.375000000000001,0
187,-0.23809523809523814,-0.5416666666666667,0.6470588235294118,-0.2857142857142859,0.09999999999999522,0.0,0.6987951807228916,0.18306636155604453,0.15789473684210428,-0.4117647058823528,-0.6250000000000001,0
1148,1.0,-0.45833333333333354,0.5588235294117647,5.714285714285713,-0.4500000000000003,-0.5714285714285714,-0.5783132530120482,0.10068649885583465,-0.5263157894736848,-0.7647058823529416,1.000000000000001,1
1225,2.238095238095238,-0.5416666666666667,0.6764705882352942,0.4285714285714282,0.0,-0.42857142857142855,-0.43373493975903615,1.098398169336369,-1.2631578947368436,1.1764705882352944,0.0625000000000009,1
609,1.0476190476190474,0.5416666666666667,0.3235294117647059,4.1428571428571415,1.4999999999999996,-0.21428571428571427,0.6506024096385542,2.6544622425629,0.052631578947367315,0.11764705882352956,0.1250000000000007,1
752,0.1904761904761907,0.5416666666666667,-0.4705882352941177,0.9999999999999993,0.4499999999999996,0.21428571428571427,0.04819277108433735,0.5629290617848776,-0.10526315789473696,-0.4117647058823528,-0.43749999999999967,0
198,1.7142857142857144,-0.9166666666666669,1.0,-0.2857142857142859,-0.6499999999999998,-0.14285714285714285,-0.26506024096385544,0.5949656750571956,-1.0526315789473697,2.0588235294117654,-0.06249999999999979,1
884,-0.3333333333333335,0.3333333333333332,-0.6470588235294118,0.4285714285714282,-0.20000000000000015,0.2857142857142857,1.2048192771084338,0.29748283752857235,1.1578947368421042,-0.4117647058823528,-0.43749999999999967,0
280,0.4761904761904763,-0.5,0.17647058823529413,4.857142857142855,0.34999999999999953,-0.2857142857142857,0.21686746987951808,1.0526315789473577,0.3684210526315782,0.8823529411764711,0.1875000000000005,1
294,-0.4761904761904763,-0.6666666666666669,-0.02941176470588238,0.28571428571428525,0.8999999999999999,-0.6428571428571429,-0.5301204819277109,-0.18306636155609535,0.5263157894736848,-0.11764705882352956,-0.06249999999999979,1
1456,-0.666666666666667,1.5833333333333335,-0.7647058823529412,-0.8571428571428571,-1.4,-0.35714285714285715,-0.5060240963855421,-0.9748283752860286,1.0,0.05882352941176478,0.4375000000000008,1
401,-0.6190476190476195,0.8958333333333333,-0.7058823529411766,8.14285714285714,2.099999999999999,3.857142857142857,2.072289156626506,1.189931350114391,0.8421052631578957,-0.5294117647058824,-0.18749999999999936,0
123,-0.28571428571428603,0.7291666666666664,-0.7647058823529412,0.4285714285714282,-0.25000000000000017,-0.7857142857142857,-0.6024096385542169,0.5491990846681845,0.9473684210526326,-0.5882352941176472,-0.6250000000000001,0
1208,0.9523809523809526,0.8333333333333331,0.8529411764705884,-0.7142857142857144,2.8,0.7142857142857143,0.3373493975903614,0.32951945080089035,0.21052631578947392,1.882352941176471,-0.12499999999999958,0
203,-0.5238095238095242,-0.08333333333333341,-0.4411764705882354,-1.0,-0.25000000000000017,0.14285714285714285,0.26506024096385544,-0.6178489702517519,0.26315789473684126,1.0000000000000007,-0.43749999999999967,0
836,-0.1428571428571432,0.6041666666666667,-0.4705882352941177,-1.0,-0.6999999999999998,0.9285714285714286,0.40963855421686746,-0.11441647597252784,0.42105263157894784,-0.6470588235294119,-0.5624999999999992,0
247,-0.3809523809523814,0.6666666666666669,-0.5588235294117647,-0.4285714285714288,-0.25000000000000017,0.14285714285714285,0.3132530120481928,0.022883295194505566,0.3684210526315782,-0.5882352941176472,-0.43749999999999967,0
1515,-0.4761904761904763,1.3333333333333333,-0.14705882352941183,2.7142857142857126,-0.3000000000000002,0.14285714285714285,0.6506024096385542,0.7414187643020413,1.1578947368421042,0.5882352941176472,-0.604166666666668,1
1562,-0.04761904761904788,0.3333333333333332,0.0,-0.2857142857142859,0.0,1.2142857142857142,2.2409638554216866,-0.2654462242563052,-0.5263157894736848,-0.5882352941176472,-0.18749999999999936,0
1154,0.8095238095238093,-0.4166666666666668,0.2647058823529411,-0.14285714285714296,0.1500000000000001,0.21428571428571427,0.0,-0.2654462242563052,-0.42105263157894784,0.23529411764705913,0.5625000000000003,1
385,-0.09523809523809534,-0.041666666666666706,0.05882352941176476,-0.14285714285714296,0.34999999999999953,0.6428571428571429,0.3855421686746988,0.5491990846681845,0.5789473684210521,0.7058823529411767,-0.6250000000000001,0
1407,0.14285714285714238,-1.1666666666666667,0.2352941176470589,4.1428571428571415,-0.8999999999999999,-0.42857142857142855,-0.3855421686746988,0.2745995423340668,-0.47368421052631515,1.882352941176471,0.4375000000000008,1
855,0.666666666666667,-0.6666666666666669,0.3823529411764706,-1.0,0.0,1.9285714285714286,0.40963855421686746,-0.12814645308927183,0.8421052631578957,0.6470588235294119,0.4375000000000008,1
220,-0.04761904761904788,0.041666666666666706,0.20588235294117652,0.28571428571428525,0.0,0.7142857142857143,2.5542168674698793,-0.11441647597252784,-0.05263157894736965,-0.11764705882352956,-0.43749999999999967,0
642,0.7619047619047619,0.29166666666666646,0.5294117647058824,0.14285714285714232,-0.4500000000000003,0.5,0.7228915662650602,1.098398169336369,0.7894736842105261,0.05882352941176478,-0.43749999999999967,0
2,-0.04761904761904788,1.5,-0.7647058823529412,0.5714285714285712,0.8999999999999999,0.7857142857142857,0.6987951807228916,0.0,-0.5789473684210521,0.3529411764705887,-0.24999999999999917,0
113,0.23809523809523814,0.3333333333333332,-0.4705882352941177,0.0,0.25000000000000017,0.0,1.7590361445783131,-0.18306636155609535,-0.8421052631578957,0.23529411764705913,-0.24999999999999917,0
699,0.7142857142857144,0.39583333333333326,0.05882352941176476,1.4285714285714282,0.34999999999999953,0.2857142857142857,0.8192771084337349,1.51029748283752,0.0,-0.5294117647058824,-0.31250000000000006,0
1525,-0.9047619047619051,-0.4166666666666668,-0.20588235294117652,-0.2857142857142859,-0.25000000000000017,0.5714285714285714,0.21686746987951808,-0.7231121281464674,0.42105263157894784,0.9411764705882358,-0.12499999999999958,1
952,0.1904761904761907,-1.0,0.6470588235294118,-0.14285714285714296,0.6499999999999998,-0.5714285714285714,-0.6265060240963856,-1.2448512585812654,-0.2631578947368436,0.0,1.3750000000000009,1
1417,1.0,-0.8333333333333334,0.9705882352941176,0.0,-0.1500000000000001,-0.7857142857142857,-0.5542168674698795,1.189931350114391,-0.5789473684210521,0.9411764705882358,-0.37499999999999983,0
1445,-0.28571428571428603,0.6250000000000001,-0.7058823529411766,0.0,-0.4000000000000003,1.2142857142857142,1.3012048192771084,-0.521739130434798,0.052631578947367315,0.3529411764705887,0.5625000000000003,1
442,1.904761904761905,-0.5,1.147058823529412,-0.07142857142857179,-0.5999999999999998,-0.5,-0.26506024096385544,0.9153318077803243,-1.3157894736842108,0.3529411764705887,0.687500000000001,1
1137,1.1904761904761907,0.0,0.5588235294117647,-0.2857142857142859,0.0,-0.5714285714285714,-0.6024096385542169,0.430205949656725,-0.47368421052631515,0.8235294117647063,0.7500000000000009,1
1257,-0.1904761904761907,0.29166666666666646,-0.11764705882352945,-0.5714285714285715,0.09999999999999522,2.0714285714285716,0.5301204819277109,-0.8283752860411828,-1.105263157894737,-1.1764705882352946,-0.6250000000000001,0
1398,-0.28571428571428603,0.29166666666666646,0.0,-0.2857142857142859,0.0,0.21428571428571427,1.5903614457831325,-0.43935926773458817,-0.15789473684210661,-0.5882352941176472,-0.18749999999999936,0
664,1.0476190476190474,-1.0,0.5882352941176472,-0.5714285714285715,-1.4999999999999996,-0.6428571428571429,-0.6024096385542169,0.2745995423340668,-1.4210526315789478,1.0000000000000007,0.0,1
1464,-0.4761904761904763,0.4583333333333333,-0.7352941176470589,0.28571428571428525,-0.20000000000000015,0.0,0.024096385542168676,-0.7231121281464674,0.15789473684210428,-0.5294117647058824,0.375000000000001,1
1258,-0.4285714285714288,0.24999999999999978,0.05882352941176476,3.7142857142857126,0.25000000000000017,-0.14285714285714285,0.7469879518072289,-0.2151029748283625,0.052631578947367315,0.4705882352941176,0.5000000000000006,1
1419,-0.04761904761904788,0.041666666666666706,-0.7352941176470589,-0.8571428571428571,-0.1500000000000001,-0.7857142857142857,-0.4578313253012048,-0.823798627002302,-0.7894736842105261,-0.9411764705882355,-0.24999999999999917,0
318,0.8095238095238093,1.0416666666666667,-0.41176470588235303,0.9999999999999993,0.09999999999999522,1.1428571428571428,0.8674698795180723,0.8466819221968076,-0.05263157894736965,0.11764705882352956,0.1250000000000007,1
649,0.3809523809523805,-0.16666666666666682,0.11764705882352937,0.8571428571428564,-0.6999999999999998,-0.2857142857142857,-0.24096385542168675,-0.18306636155609535,0.10526315789473696,0.29411764705882393,0.6250000000000001,1
710,0.8571428571428568,-0.8750000000000001,0.6176470588235293,-0.8571428571428571,-0.8999999999999999,-0.07142857142857142,-0.12048192771084337,0.6864988558352179,-0.21052631578947392,0.23529411764705913,-0.12499999999999958,1
1383,0.04761904761904746,0.3333333333333332,-0.11764705882352945,-0.14285714285714296,0.0,0.7857142857142857,1.6144578313253013,-0.3066361556064356,-0.05263157894736965,-0.7647058823529416,-0.18749999999999936,0
1283,0.0,1.0208333333333333,-0.7647058823529412,-0.2857142857142859,0.20000000000000015,-0.35714285714285715,-0.3855421686746988,-0.2791762013729984,0.10526315789473696,0.3529411764705887,0.4375000000000008,1
973,1.0476190476190474,-0.5833333333333334,0.7058823529411765,0.28571428571428525,1.1999999999999995,-0.5714285714285714,-0.6024096385542169,-0.16933638443935137,-0.47368421052631515,0.17647058823529435,0.8750000000000004,1
628,0.4285714285714288,0.3333333333333332,0.08823529411764698,0.0,0.8999999999999999,-0.6428571428571429,-0.5542168674698795,0.9153318077803243,0.26315789473684126,-0.7647058823529416,-0.6874999999999999,0
633,-0.1428571428571432,-0.45833333333333354,-0.35294117647058826,1.1428571428571423,0.34999999999999953,0.5,0.12048192771084337,-0.18306636155609535,0.052631578947367315,-0.29411764705882393,0.1875000000000005,1
1307,0.8571428571428568,0.708333333333333,0.17647058823529413,0.4285714285714282,0.3999999999999996,0.5714285714285714,1.2771084337349397,0.5034324942791732,-0.10526315789473696,0.0,-0.06249999999999979,0
1401,0.0,0.708333333333333,-0.14705882352941183,-0.14285714285714296,0.0,1.3571428571428572,2.4819277108433737,-0.2745995423341176,-0.3157894736842109,-0.6470588235294119,-0.18749999999999936,0
1409,0.09523809523809491,-0.9583333333333335,0.2941176470588235,0.0,-1.5999999999999996,1.5,0.3614457831325301,-0.823798627002302,-0.21052631578947392,2.2941176470588247,1.3750000000000009,1
1249,-0.4761904761904763,-0.45833333333333354,0.20588235294117652,0.0,0.05000000000000004,0.5714285714285714,-0.04819277108433735,-0.8695652173913132,0.5263157894736848,0.7647058823529416,0.5625000000000003,1
1559,-0.4761904761904763,0.4583333333333333,0.20588235294117652,6.428571428571427,7.749999999999997,3.7142857142857144,1.855421686746988,0.4897025171624801,-0.47368421052631515,-0.35294117647058804,-0.43749999999999967,0
1255,-0.04761904761904788,0.7499999999999998,-0.5882352941176472,-0.4285714285714288,-0.05000000000000004,0.42857142857142855,-0.07228915662650602,-0.23798627002286807,0.47368421052631515,0.4117647058823528,0.4375000000000008,0
1372,-0.1904761904761907,0.24999999999999978,0.8823529411764708,1.2857142857142854,3.649999999999999,-0.6428571428571429,-0.5783132530120482,-0.9336384439359491,-0.5263157894736848,2.411764705882354,0.8750000000000004,1
1355,-0.3333333333333335,0.24999999999999978,-0.6764705882352942,0.14285714285714232,-0.1500000000000001,-0.5,-0.24096385542168675,-0.5125858123569856,0.21052631578947392,-0.5882352941176472,-0.12499999999999958,0
1535,-0.6190476190476195,0.16666666666666682,-0.35294117647058826,0.28571428571428525,-0.7999999999999998,-0.07142857142857142,-0.21686746987951808,-1.2951945080091574,0.5789473684210521,0.0,0.9375000000000002,1
1475,0.9523809523809526,-0.08333333333333341,0.7058823529411765,16.57142857142857,6.249999999999998,2.4285714285714284,1.0602409638554218,2.572082379862741,-0.7894736842105261,0.7647058823529416,-0.8749999999999993,0
796,1.3809523809523814,1.5416666666666667,0.11764705882352937,0.5714285714285712,2.5999999999999996,-0.5,0.5301204819277109,0.4851258581235485,-1.6842105263157892,3.2941176470588247,0.0,0
646,-0.04761904761904788,0.5,-0.4705882352941177,5.428571428571427,1.7499999999999998,-0.6428571428571429,-0.6506024096385542,0.732265446224229,0.3157894736842109,0.4117647058823528,-0.06249999999999979,1
1013,-0.09523809523809534,2.020833333333333,-0.32352941176470595,-0.14285714285714296,1.0999999999999994,-0.21428571428571427,-0.14457831325301204,-0.3478260869565151,-0.42105263157894784,-0.8235294117647063,-0.12499999999999958,0
557,1.4285714285714288,0.041666666666666706,0.6764705882352942,3.428571428571427,1.8999999999999992,-0.2857142857142857,-0.5060240963855421,1.556064073226531,-1.2631578947368436,-0.35294117647058804,0.9375000000000002,1
682,0.04761904761904746,-0.2916666666666667,-0.08823529411764706,0.0,0.6999999999999998,0.14285714285714285,-0.21686746987951808,-0.2745995423341176,-0.5263157894736848,-0.7647058823529416,0.0,1
578,0.4285714285714288,-0.3333333333333334,0.6764705882352942,0.8571428571428564,0.1500000000000001,0.2857142857142857,1.7590361445783131,0.6407322654462067,-0.05263157894736965,-0.11764705882352956,-0.43749999999999967,0
1110,1.3809523809523814,-0.20833333333333354,0.5,-0.14285714285714296,4.55,0.9285714285714286,0.6746987951807228,0.6407322654462067,-0.7368421052631587,0.8235294117647063,0.375000000000001,1
1267,-0.3333333333333335,0.20833333333333307,-0.6176470588235295,0.14285714285714232,0.05000000000000004,0.14285714285714285,-0.04819277108433735,-0.5308924485126104,0.3684210526315782,-0.11764705882352956,0.0625000000000009,1
1184,-0.5238095238095242,0.5833333333333334,-0.5588235294117647,-0.8571428571428571,-0.49999999999999967,0.14285714285714285,0.5542168674698795,-0.4942791762013609,-0.10526315789473696,-0.11764705882352956,-0.5624999999999992,0
525,0.6190476190476186,-0.3750000000000001,0.6764705882352942,0.28571428571428525,0.2999999999999995,0.6428571428571429,1.8795180722891567,0.3661327231121399,-0.42105263157894784,0.11764705882352956,-0.43749999999999967,0
1060,0.4761904761904763,-0.16666666666666682,0.7941176470588237,2.5714285714285707,1.0499999999999945,-0.7857142857142857,-0.6746987951807228,-0.4302059496567758,-0.5263157894736848,-0.17647058823529435,1.1875000000000004,1
541,0.6190476190476186,0.29166666666666646,-0.05882352941176476,1.5714285714285705,1.0499999999999945,0.42857142857142855,0.21686746987951808,0.9153318077803243,-0.2631578947368436,0.29411764705882393,-0.37499999999999983,0
1195,-0.4285714285714288,0.9374999999999999,-0.41176470588235303,-0.5714285714285715,1.6999999999999997,0.07142857142857142,0.6265060240963856,-0.4210526315789634,-0.47368421052631515,-0.17647058823529435,-0.43749999999999967,1
1478,-1.2380952380952386,-0.20833333333333354,-0.4411764705882354,0.0,-1.5999999999999996,0.14285714285714285,1.2289156626506024,-2.2791762013729984,1.210526315789474,1.5294117647058831,2.125000000000001,1
1431,-0.23809523809523814,-0.45833333333333354,-0.05882352941176476,-0.5714285714285715,-0.6999999999999998,0.2857142857142857,0.21686746987951808,-0.5491990846681845,0.3157894736842109,0.0,0.1250000000000007,0
485,1.2857142857142856,-0.3333333333333334,1.235294117647059,2.7142857142857126,1.6999999999999997,-0.5714285714285714,-0.3373493975903614,0.09153318077802226,-1.3157894736842108,0.23529411764705913,2.0000000000000013,1
96,-1.5238095238095242,0.3333333333333332,-0.2647058823529412,0.14285714285714232,-1.100000000000005,0.21428571428571427,1.6385542168674698,-1.647597254004604,2.8421052631578956,-0.11764705882352956,1.687500000000001,1
1021,1.6190476190476195,-0.6666666666666669,1.1764705882352944,0.28571428571428525,2.1499999999999995,-0.7857142857142857,-0.7228915662650602,-0.17391304347828296,-0.5789473684210521,-0.5294117647058824,1.0625000000000009,1
1265,0.2857142857142856,-0.6250000000000001,0.17647058823529413,-0.5714285714285715,-0.6999999999999998,0.8571428571428571,0.3132530120481928,-1.0251716247139713,0.3684210526315782,0.5882352941176472,1.000000000000001,1
743,-0.666666666666667,0.39583333333333326,-0.7647058823529412,-0.4285714285714288,-0.7499999999999998,-0.35714285714285715,-0.4819277108433735,0.18306636155604453,0.7894736842105261,0.17647058823529435,-0.6250000000000001,0
864,-0.3333333333333335,0.4166666666666666,-0.5882352941176472,0.4285714285714282,-0.10000000000000007,0.21428571428571427,1.108433734939759,0.30205949656750397,1.0526315789473673,-0.5294117647058824,-0.31250000000000006,0
892,-0.3333333333333335,0.5833333333333334,-0.6764705882352942,0.14285714285714232,-0.10000000000000007,0.14285714285714285,1.1566265060240963,0.2883295194508108,1.1578947368421042,-0.29411764705882393,-0.31250000000000006,0
1039,0.3809523809523805,-0.45833333333333354,0.4411764705882352,5.714285714285713,-0.10000000000000007,0.7857142857142857,0.0963855421686747,-0.6864988558352686,-0.3684210526315782,0.8823529411764711,1.5000000000000007,1
207,2.333333333333334,-0.9166666666666669,1.411764705882353,0.5714285714285712,0.7499999999999998,-0.35714285714285715,-0.24096385542168675,1.189931350114391,-0.5789473684210521,0.8823529411764711,0.375000000000001,1
393,0.7619047619047619,-0.6250000000000001,0.7647058823529412,-0.2857142857142859,0.09999999999999522,-0.5714285714285714,-0.2891566265060241,0.5491990846681845,-0.6842105263157892,-0.6470588235294119,-0.43749999999999967,0
795,1.0476190476190474,-1.0416666666666667,0.8235294117647061,0.14285714285714232,-0.7499999999999998,-0.5,-0.2891566265060241,-0.681922196796337,-0.7368421052631587,-0.5294117647058824,1.4375000000000007,1
871,-0.09523809523809534,0.8124999999999998,-0.7352941176470589,-0.14285714285714296,-0.7999999999999998,1.2142857142857142,0.12048192771084337,-1.4141876430206168,0.5263157894736848,-0.29411764705882393,1.000000000000001,1
398,1.7142857142857144,0.29166666666666646,0.9705882352941176,0.5714285714285712,0.34999999999999953,-0.07142857142857142,0.26506024096385544,0.9153318077803243,-0.6842105263157892,0.17647058823529435,0.5000000000000006,1
767,0.4285714285714288,0.29166666666666646,-0.2352941176470589,0.9999999999999993,0.4499999999999996,-0.14285714285714285,0.8674698795180723,0.2654462242563052,-0.894736842105263,-0.4705882352941176,-0.49999999999999944,0
1468,-0.5714285714285716,2.166666666666667,-0.5294117647058824,0.14285714285714232,-0.6499999999999998,0.35714285714285715,-0.14457831325301204,-0.1464530892448458,1.105263157894737,-0.29411764705882393,0.5000000000000006,0
1029,-0.3333333333333335,-0.75,-0.14705882352941183,0.4285714285714282,-0.25000000000000017,1.9285714285714286,0.7228915662650602,-0.4302059496567758,0.3157894736842109,-0.4705882352941176,-0.06249999999999979,1
613,-0.1904761904761907,0.5,-0.7647058823529412,0.28571428571428525,-0.1500000000000001,0.2857142857142857,-0.21686746987951808,-0.1372997711670334,0.052631578947367315,-0.11764705882352956,-0.12499999999999958,1
961,0.2857142857142856,-0.20833333333333354,0.02941176470588238,-0.4285714285714288,-1.100000000000005,0.2857142857142857,0.0,-0.7414187643020922,-0.7894736842105261,1.3529411764705888,0.5625000000000003,1
726,0.5238095238095237,0.5833333333333334,-0.2647058823529412,1.1428571428571423,-0.1500000000000001,-0.6428571428571429,-0.6024096385542169,0.3661327231121399,-0.10526315789473696,-0.4117647058823528,0.1250000000000007,0
684,0.09523809523809491,1.0833333333333335,-0.08823529411764706,0.5714285714285712,-1.05,-0.6428571428571429,-0.5542168674698795,0.09153318077802226,0.3157894736842109,-0.35294117647058804,0.687500000000001,0
99,-0.1428571428571432,1.5833333333333335,-0.5882352941176472,0.4285714285714282,-0.05000000000000004,-0.6428571428571429,-0.6746987951807228,-0.04576659038901113,0.42105263157894784,-0.35294117647058804,-0.24999999999999917,0
805,0.23809523809523814,0.0,-0.11764705882352945,0.7142857142857141,0.20000000000000015,-0.7142857142857143,-0.4819277108433735,0.009153318077812389,-0.2631578947368436,-0.29411764705882393,-0.18749999999999936,1
407,0.9047619047619051,-0.3333333333333334,0.6176470588235293,0.4285714285714282,-0.8499999999999999,-0.35714285714285715,-0.24096385542168675,0.5949656750571956,-0.3684210526315782,0.17647058823529435,0.375000000000001,1
503,1.1904761904761907,-0.3333333333333334,1.3823529411764706,6.214285714285713,-0.3000000000000002,1.7142857142857142,0.9156626506024096,1.0068649885583465,-0.7368421052631587,1.3529411764705888,1.1250000000000007,1
1072,-0.1904761904761907,1.0416666666666667,-0.17647058823529413,8.428571428571425,0.8999999999999999,1.1428571428571428,1.3012048192771084,0.9702517162471478,-0.5789473684210521,-0.23529411764705913,-0.6250000000000001,0
1057,0.4761904761904763,-0.16666666666666682,0.7941176470588237,2.5714285714285707,1.0499999999999945,-0.7857142857142857,-0.6746987951807228,-0.4302059496567758,-0.5263157894736848,-0.17647058823529435,1.1875000000000004,1
930,0.3809523809523805,-0.7916666666666667,0.35294117647058826,1.5714285714285705,-0.8499999999999999,-0.2857142857142857,-0.4578313253012048,-0.9702517162471478,-0.05263157894736965,0.6470588235294119,1.1250000000000007,1
780,-0.3809523809523814,0.0,-0.6764705882352942,0.5714285714285712,-0.20000000000000015,0.5,1.3012048192771084,0.29748283752857235,1.0,-0.11764705882352956,-0.24999999999999917,0
201,0.8095238095238093,-0.8333333333333334,0.6176470588235293,-1.142857142857143,-1.200000000000005,-0.35714285714285715,-0.3373493975903614,0.0686498855835167,-0.47368421052631515,1.1764705882352944,0.0625000000000009,1
1052,0.2857142857142856,-0.25,0.9705882352941176,-1.142857142857143,16.699999999999996,0.14285714285714285,0.1686746987951807,0.10068649885583465,-1.4736842105263175,4.235294117647061,-0.6250000000000001,0
41,-0.28571428571428603,-0.2916666666666667,0.2941176470588235,5.285714285714285,-0.3000000000000002,-0.14285714285714285,1.180722891566265,0.45766590389016215,0.10526315789473696,1.235294117647059,0.1875000000000005,0
231,-1.285714285714286,-0.16666666666666682,-0.6470588235294118,-0.8571428571428571,-1.2999999999999998,0.35714285714285715,1.6385542168674698,-1.8764302059496598,1.210526315789474,0.0,1.2500000000000002,1
379,1.666666666666667,0.43749999999999994,1.1764705882352944,5.714285714285713,0.3999999999999996,-0.5714285714285714,-0.3373493975903614,0.9153318077803243,-1.0526315789473697,2.176470588235295,1.9375000000000013,1
289,0.3809523809523805,0.0,-0.5000000000000001,0.4285714285714282,0.5499999999999997,0.42857142857142855,0.26506024096385544,0.3661327231121399,0.15789473684210428,1.4117647058823535,0.2500000000000003,1
419,1.904761904761905,-0.5833333333333334,0.7352941176470589,-0.2857142857142859,2.0499999999999994,-0.5,-0.43373493975903615,1.2814645308924641,-0.3684210526315782,0.8235294117647063,0.1250000000000007,1
392,2.761904761904762,-0.43750000000000017,1.235294117647059,0.9999999999999993,0.25000000000000017,0.21428571428571427,0.12048192771084337,2.1052631578947665,-1.3157894736842108,1.0588235294117654,-0.12499999999999958,1
593,0.5238095238095237,-0.2916666666666667,0.6764705882352942,0.5714285714285712,0.20000000000000015,0.5,0.891566265060241,0.8695652173913132,0.21052631578947392,-0.29411764705882393,-0.31250000000000006,0
1163,0.2857142857142856,-0.8333333333333334,0.47058823529411764,0.14285714285714232,-0.25000000000000017,-0.14285714285714285,-0.4578313253012048,-1.125858123569806,-0.894736842105263,0.5294117647058824,1.000000000000001,1
1087,0.2857142857142856,-0.75,0.41176470588235303,3.5714285714285707,-1.2499999999999998,-0.7857142857142857,-0.6987951807228916,0.2654462242563052,0.3684210526315782,0.23529411764705913,0.8750000000000004,1
648,0.1904761904761907,1.3541666666666665,-0.7352941176470589,0.0,-0.49999999999999967,-0.6428571428571429,-0.5783132530120482,-0.04576659038901113,0.052631578947367315,-0.23529411764705913,0.5000000000000006,0
1153,0.1904761904761907,0.3333333333333332,-0.02941176470588238,0.0,1.8999999999999992,-0.35714285714285715,0.0,-0.2929061784896916,-0.8421052631578957,-0.5294117647058824,-0.24999999999999917,0
1368,-0.4761904761904763,0.08333333333333341,0.11764705882352937,0.0,0.3999999999999996,-0.35714285714285715,1.6144578313253013,0.2059496567505501,-0.3157894736842109,3.2941176470588247,0.1875000000000005,1
521,0.9047619047619051,-1.1250000000000002,0.6764705882352942,0.7142857142857141,0.3999999999999996,0.07142857142857142,-0.12048192771084337,0.6407322654462067,0.5789473684210521,1.6470588235294126,-0.12499999999999958,1
65,-0.3333333333333335,0.8541666666666665,-0.6176470588235295,3.4999999999999996,0.2999999999999995,-0.7142857142857143,-0.6506024096385542,-0.2745995423341176,0.5263157894736848,-1.3529411764705888,0.4375000000000008,0
15,0.4761904761904763,0.4166666666666666,-0.2352941176470589,2.2857142857142847,4.799999999999998,2.7142857142857144,2.5783132530120483,0.823798627002302,-0.7894736842105261,1.5294117647058831,-0.6250000000000001,0
1181,0.14285714285714238,-0.7083333333333335,0.20588235294117652,0.28571428571428525,-0.20000000000000015,-0.21428571428571427,0.21686746987951808,-0.37070938215102067,-0.21052631578947392,1.1176470588235303,0.5000000000000006,1
1065,0.14285714285714238,0.9166666666666666,-0.5000000000000001,-0.2857142857142859,-0.6499999999999998,-0.6428571428571429,-0.6746987951807228,-1.1990846681922542,-0.15789473684210661,-0.29411764705882393,1.000000000000001,1
493,0.4761904761904763,-0.5,0.7352941176470589,0.5714285714285712,-1.4,-0.07142857142857142,-0.26506024096385544,-0.823798627002302,0.052631578947367315,1.6470588235294126,2.0000000000000013,1
380,0.1904761904761907,-0.4166666666666668,0.35294117647058826,0.4285714285714282,0.6999999999999998,0.7142857142857143,0.5301204819277109,0.5034324942791732,0.0,0.4705882352941176,0.375000000000001,1
188,-0.09523809523809534,0.7708333333333331,-0.4705882352941177,0.5714285714285712,0.20000000000000015,-0.35714285714285715,-0.2891566265060241,0.3661327231121399,0.42105263157894784,-0.7647058823529416,-0.31250000000000006,0
764,0.666666666666667,0.5625000000000001,0.0,-0.2857142857142859,0.7999999999999998,-0.6428571428571429,-0.07228915662650602,0.2654462242563052,-0.3157894736842109,-1.1764705882352946,-0.37499999999999983,0
217,0.3809523809523805,0.43749999999999994,-0.2941176470588236,-0.2857142857142859,1.0499999999999945,-0.07142857142857142,0.26506024096385544,-0.2745995423341176,-0.894736842105263,-0.29411764705882393,0.5000000000000006,0
792,0.4285714285714288,0.5,-0.2647058823529412,0.9999999999999993,0.20000000000000015,0.7857142857142857,2.216867469879518,0.6315789473683943,-0.42105263157894784,-0.4705882352941176,-0.37499999999999983,0
1077,0.9523809523809526,-0.8333333333333334,0.8823529411764708,-0.2857142857142859,-0.35000000000000026,-0.7857142857142857,-0.7228915662650602,-0.6681922196796438,-0.8421052631578957,0.6470588235294119,0.7500000000000009,1
879,0.4285714285714288,0.3749999999999999,-0.20588235294117652,2.5714285714285707,0.6999999999999998,1.1428571428571428,0.7469879518072289,0.4897025171624801,-0.47368421052631515,-0.7058823529411767,-0.12499999999999958,1
338,-0.04761904761904788,-0.3750000000000001,0.17647058823529413,0.8571428571428564,0.0,1.0714285714285714,0.4819277108433735,0.2745995423340668,0.0,0.11764705882352956,0.0625000000000009,0
720,-0.3809523809523814,0.5833333333333334,-0.7647058823529412,2.4285714285714275,0.2999999999999995,0.21428571428571427,0.1686746987951807,0.3661327231121399,0.7894736842105261,-0.4705882352941176,-0.43749999999999967,0
296,1.3809523809523814,-0.08333333333333341,0.5882352941176472,0.4285714285714282,-0.35000000000000026,-0.6428571428571429,-0.26506024096385544,1.51029748283752,-1.3684210526315805,0.11764705882352956,-0.43749999999999967,0
1017,0.4761904761904763,-0.5833333333333334,0.41176470588235303,0.0,-0.5999999999999998,-0.14285714285714285,-0.24096385542168675,-0.887871853546938,-0.21052631578947392,0.7647058823529416,1.5000000000000007,1
1276,0.04761904761904746,0.8124999999999998,-0.11764705882352945,0.14285714285714232,-0.25000000000000017,-0.07142857142857142,1.036144578313253,0.03661327231119874,-0.3684210526315782,-0.4705882352941176,-0.43749999999999967,1
1486,-0.4285714285714288,0.5625000000000001,-0.2941176470588236,-0.14285714285714296,-0.3000000000000002,-0.42857142857142855,-0.3132530120481928,-0.3386727688787535,0.3157894736842109,-0.4117647058823528,-0.31250000000000006,0
816,1.3809523809523814,-0.2916666666666667,0.20588235294117652,0.4285714285714282,0.95,0.42857142857142855,0.0,0.6315789473683943,-0.3684210526315782,0.5294117647058824,0.375000000000001,0
270,1.7142857142857144,-1.4166666666666667,0.7352941176470589,2.5714285714285707,1.1999999999999995,-0.7142857142857143,-0.3614457831325301,1.2814645308924641,-0.15789473684210661,2.0588235294117654,-0.06249999999999979,1
996,-0.09523809523809534,0.3333333333333332,-0.5882352941176472,-0.2857142857142859,-0.05000000000000004,0.35714285714285715,0.07228915662650602,0.07780320366132909,0.42105263157894784,0.0,-0.06249999999999979,1
202,0.4285714285714288,-0.6250000000000001,0.6470588235294118,-0.14285714285714296,0.8499999999999951,1.7857142857142858,2.5783132530120483,0.32036613272312875,-1.4210526315789478,2.411764705882354,-0.5624999999999992,0
162,-0.1428571428571432,0.6666666666666669,-0.7058823529411766,-1.2857142857142856,-0.4000000000000003,-0.35714285714285715,-0.43373493975903615,-0.1372997711670334,-0.7368421052631587,2.705882352941178,-0.6250000000000001,0
730,-0.7142857142857144,1.4375,-0.6764705882352942,1.4285714285714282,-0.4500000000000003,0.9285714285714286,0.4819277108433735,-0.823798627002302,1.5789473684210522,-0.7647058823529416,1.5625000000000004,1
402,-0.09523809523809534,-1.0833333333333335,0.11764705882352937,-0.7142857142857144,-1.05,0.42857142857142855,0.0,-0.8695652173913132,-0.10526315789473696,-0.8823529411764711,0.375000000000001,1
703,-0.4285714285714288,0.5,-0.7058823529411766,-0.14285714285714296,-0.6499999999999998,-0.35714285714285715,-0.3614457831325301,0.09153318077802226,0.8421052631578957,0.29411764705882393,-0.49999999999999944,1
1501,-0.1904761904761907,0.8541666666666665,-0.6470588235294118,-1.0,-0.20000000000000015,-0.42857142857142855,-0.5542168674698795,-0.7871853546911033,-0.2631578947368436,-0.5294117647058824,-0.37499999999999983,0
1130,1.2380952380952381,-0.3750000000000001,0.2647058823529411,1.5714285714285705,0.5999999999999998,0.7142857142857143,0.7710843373493976,0.5400457665903721,-0.5263157894736848,0.4117647058823528,0.1875000000000005,1
566,2.2857142857142856,0.3333333333333332,0.6764705882352942,0.8571428571428564,-0.25000000000000017,-0.6428571428571429,-0.4578313253012048,1.189931350114391,-0.894736842105263,-0.29411764705882393,0.7500000000000009,0
1414,0.9523809523809526,0.20833333333333307,-0.02941176470588238,-0.2857142857142859,1.1999999999999995,-0.14285714285714285,1.2289156626506024,-0.22883295194510647,-1.4210526315789478,1.6470588235294126,-0.06249999999999979,0
1022,1.6190476190476195,-0.6666666666666669,1.1764705882352944,0.28571428571428525,2.1499999999999995,-0.7857142857142857,-0.7228915662650602,-0.17391304347828296,-0.5789473684210521,-0.5294117647058824,1.0625000000000009,1
1026,0.33333333333333304,1.2916666666666665,-0.7647058823529412,0.8571428571428564,0.7499999999999998,0.21428571428571427,0.12048192771084337,0.649885583524019,0.10526315789473696,-0.11764705882352956,0.1250000000000007,1
1412,-0.7142857142857144,-0.20833333333333354,0.41176470588235303,0.28571428571428525,-0.4500000000000003,-0.42857142857142855,-0.4578313253012048,-0.22883295194510647,1.3157894736842108,0.6470588235294119,0.2500000000000003,1
1105,0.04761904761904746,-0.16666666666666682,0.2352941176470589,0.0,-0.35000000000000026,0.14285714285714285,-0.3132530120481928,-1.4645308924485088,-0.15789473684210661,0.23529411764705913,1.3750000000000009,1
206,2.333333333333334,-0.9166666666666669,1.411764705882353,0.5714285714285712,0.7499999999999998,-0.35714285714285715,-0.24096385542168675,1.189931350114391,-0.5789473684210521,0.8823529411764711,0.375000000000001,1
35,-1.285714285714286,-0.8333333333333334,-0.02941176470588238,-0.5714285714285715,1.1499999999999995,-0.07142857142857142,0.2891566265060241,-0.5034324942791732,0.3684210526315782,-0.4117647058823528,-0.6250000000000001,0
776,-0.3333333333333335,2.0,-0.7647058823529412,1.1428571428571423,1.0999999999999994,-0.5,-0.5301204819277109,-0.4302059496567758,0.6315789473684218,-0.9411764705882355,-0.12499999999999958,0
509,1.0,0.29166666666666646,0.14705882352941174,0.0,0.49999999999999967,0.8571428571428571,0.5783132530120482,1.189931350114391,-0.6842105263157892,0.05882352941176478,0.0,1
1452,-0.04761904761904788,-0.8333333333333334,0.5294117647058824,0.7142857142857141,1.1999999999999995,-0.42857142857142855,-0.5060240963855421,0.23798627002286807,0.10526315789473696,0.9411764705882358,0.5000000000000006,1
1479,-0.3809523809523814,1.4791666666666667,-0.6176470588235295,4.999999999999999,0.09999999999999522,-0.7857142857142857,-0.5783132530120482,0.5858123569793832,0.47368421052631515,-0.5882352941176472,0.0,0
1574,-0.9047619047619051,0.24999999999999978,-0.17647058823529413,0.28571428571428525,-0.25000000000000017,0.07142857142857142,0.2891566265060241,-0.9748283752860286,1.4210526315789478,0.29411764705882393,1.4375000000000007,1
1391,-0.9047619047619051,-0.1250000000000001,-0.7647058823529412,0.14285714285714232,-0.5999999999999998,0.07142857142857142,-0.12048192771084337,-1.7757437070938251,1.4210526315789478,-0.17647058823529435,1.4375000000000007,1
92,0.33333333333333304,-0.1250000000000001,0.05882352941176476,-0.4285714285714288,1.4999999999999996,0.42857142857142855,2.36144578313253,0.18306636155604453,-2.0,7.823529411764709,-0.18749999999999936,1
898,-0.3809523809523814,0.29166666666666646,-0.7352941176470589,0.14285714285714232,0.0,0.9285714285714286,0.12048192771084337,-0.5949656750571956,0.5789473684210521,-0.23529411764705913,0.31250000000000006,1
565,2.428571428571429,-0.20833333333333354,0.6764705882352942,2.9999999999999987,0.25000000000000017,-0.5714285714285714,0.21686746987951808,2.4256292906178443,-0.05263157894736965,0.3529411764705887,1.5625000000000004,1
777,-0.4761904761904763,1.0208333333333333,-0.2352941176470589,0.28571428571428525,8.149999999999997,-0.6071428571428571,0.24096385542168675,-0.31121281464531636,0.47368421052631515,-0.11764705882352956,0.0625000000000009,1
242,1.9523809523809526,-0.5833333333333334,0.8823529411764708,-0.14285714285714296,0.6499999999999998,-0.5714285714285714,-0.3373493975903614,1.1212814645308744,-0.894736842105263,0.5294117647058824,0.4375000000000008,1
14,-0.04761904761904788,0.3749999999999999,0.08823529411764698,-0.8571428571428571,1.6999999999999997,-0.35714285714285715,-0.21686746987951808,0.2745995423340668,-0.2631578947368436,5.529411764705885,-0.6874999999999999,0
316,-0.3809523809523814,-0.7083333333333335,0.08823529411764698,0.4285714285714282,0.7999999999999998,0.42857142857142855,0.3614457831325301,-0.2745995423341176,0.5789473684210521,0.17647058823529435,0.5000000000000006,1
601,0.14285714285714238,1.6458333333333335,0.02941176470588238,-0.14285714285714296,0.3999999999999996,-0.5,-0.3614457831325301,-0.2745995423341176,-0.2631578947368436,-0.8823529411764711,-0.12499999999999958,0
388,0.1904761904761907,0.5833333333333334,-0.32352941176470595,-0.4285714285714288,-0.05000000000000004,0.21428571428571427,0.0963855421686747,0.18306636155604453,0.0,-0.4705882352941176,-0.37499999999999983,1
1298,-0.3333333333333335,0.041666666666666706,-0.35294117647058826,-0.14285714285714296,-0.7999999999999998,0.07142857142857142,-0.21686746987951808,-1.633867276887911,0.21052631578947392,-0.05882352941176478,1.1875000000000004,1
167,-0.5238095238095242,0.5,-0.4705882352941177,-0.14285714285714296,0.25000000000000017,0.2857142857142857,1.5180722891566265,-0.5491990846681845,0.15789473684210428,-0.5882352941176472,0.0,0
21,0.4761904761904763,-1.2500000000000002,0.6470588235294118,-0.5714285714285715,-0.1500000000000001,1.0714285714285714,0.5301204819277109,0.0,0.42105263157894784,-0.5294117647058824,-0.49999999999999944,1
647,-0.28571428571428603,0.6250000000000001,-0.6176470588235295,1.9999999999999993,1.3499999999999996,-0.5714285714285714,-0.43373493975903615,0.18306636155604453,0.47368421052631515,0.05882352941176478,-0.06249999999999979,0
1509,-0.3809523809523814,-1.0416666666666667,1.0,-0.14285714285714296,-0.3000000000000002,0.21428571428571427,-0.3132530120481928,0.6132723112128203,0.3684210526315782,0.5882352941176472,0.2500000000000003,1
1155,-0.6190476190476195,0.24999999999999978,-0.7647058823529412,0.0,1.0,2.5714285714285716,0.6024096385542169,-0.6224256292906327,1.4736842105263153,0.3529411764705887,0.7500000000000009,1
1529,0.0,-0.9583333333333335,0.6764705882352942,0.0,0.7999999999999998,0.5,0.5060240963855421,0.15560640732265818,0.0,0.29411764705882393,-0.06249999999999979,1
1268,1.1904761904761907,-0.3750000000000001,0.7058823529411765,0.14285714285714232,-0.5999999999999998,-0.07142857142857142,-0.4578313253012048,-0.3661327231121399,-1.105263157894737,1.4705882352941182,0.7500000000000009,1
563,0.5238095238095237,0.08333333333333341,0.6764705882352942,0.9999999999999993,0.6999999999999998,1.9285714285714286,1.7349397590361446,0.6407322654462067,-1.210526315789474,-0.05882352941176478,-0.6250000000000001,0
1558,-0.6190476190476195,1.3958333333333333,-0.7058823529411766,0.28571428571428525,-0.8999999999999999,0.07142857142857142,-0.3614457831325301,-0.24256292906179966,1.210526315789474,-0.11764705882352956,0.5000000000000006,1
687,-0.3809523809523814,0.5416666666666667,-0.2352941176470589,-0.5714285714285715,-0.49999999999999967,-0.07142857142857142,0.04819277108433735,0.09153318077802226,0.6842105263157892,-0.11764705882352956,-0.6874999999999999,0
958,0.7619047619047619,-0.6250000000000001,0.7647058823529412,-0.2857142857142859,0.3999999999999996,-0.14285714285714285,0.3132530120481928,-0.3066361556064356,-0.10526315789473696,-0.23529411764705913,0.5625000000000003,1
190,0.0,-0.1250000000000001,0.17647058823529413,-0.4285714285714288,0.09999999999999522,0.21428571428571427,2.5542168674698793,0.0,-0.5789473684210521,-0.4117647058823528,-0.43749999999999967,0
976,-0.3333333333333335,-0.45833333333333354,0.11764705882352937,-0.14285714285714296,0.1500000000000001,1.5,0.8192771084337349,0.09153318077802226,0.6842105263157892,-0.5882352941176472,-0.49999999999999944,0
700,1.8571428571428577,-0.5833333333333334,0.8529411764705884,-0.14285714285714296,-0.4500000000000003,-0.6428571428571429,-0.4578313253012048,0.823798627002302,-1.0526315789473697,0.0,0.375000000000001,1
511,2.1428571428571432,-0.4166666666666668,0.6764705882352942,3.428571428571427,-0.35000000000000026,0.35714285714285715,0.12048192771084337,0.45766590389016215,-1.5263157894736847,-0.05882352941176478,-0.43749999999999967,0
1083,-0.3333333333333335,-0.5833333333333334,0.11764705882352937,-0.5714285714285715,-0.35000000000000026,1.2142857142857142,0.7710843373493976,0.022883295194505566,0.5789473684210521,-0.17647058823529435,-0.43749999999999967,1
475,1.2380952380952381,-1.0,0.7352941176470589,-0.7142857142857144,0.0,-0.2857142857142857,-0.3373493975903614,0.6407322654462067,-0.5789473684210521,1.5882352941176479,-0.49999999999999944,1
857,0.666666666666667,-0.6666666666666669,0.3823529411764706,-1.0,0.0,1.9285714285714286,0.40963855421686746,-0.12814645308927183,0.8421052631578957,0.6470588235294119,0.4375000000000008,1
748,0.33333333333333304,-0.7916666666666667,0.41176470588235303,0.5714285714285712,0.1500000000000001,0.14285714285714285,0.7228915662650602,0.46681922196797454,-0.05263157894736965,-0.8235294117647063,-0.49999999999999944,0
253,1.5238095238095237,-0.7083333333333335,0.6470588235294118,1.2857142857142854,0.49999999999999967,-0.6428571428571429,-0.40963855421686746,0.823798627002302,-0.7368421052631587,-0.5294117647058824,0.1875000000000005,0
22,-0.1428571428571432,-0.5416666666666667,0.14705882352941174,0.14285714285714232,0.09999999999999522,0.6428571428571429,0.7951807228915663,0.6407322654462067,1.105263157894737,0.17647058823529435,-0.31250000000000006,0
460,1.7619047619047619,0.24999999999999978,1.1764705882352944,0.0,-0.3000000000000002,-0.2857142857142857,0.21686746987951808,1.8306636155605978,-0.3157894736842109,-0.29411764705882393,-0.7499999999999997,0
1185,-0.5714285714285716,0.5,-0.08823529411764706,-0.14285714285714296,0.0,-0.21428571428571427,1.9518072289156627,-0.649885583524019,0.26315789473684126,0.4705882352941176,0.4375000000000008,0
277,-0.4761904761904763,0.08333333333333341,-0.6470588235294118,1.1428571428571423,-0.1500000000000001,-0.5,-0.26506024096385544,0.8695652173913132,2.0,1.7058823529411773,-0.49999999999999944,1
956,0.2857142857142856,-1.291666666666667,0.7647058823529412,-0.4285714285714288,0.49999999999999967,-0.35714285714285715,-0.3614457831325301,-0.1464530892448458,0.26315789473684126,0.29411764705882393,0.1250000000000007,0
1216,0.4285714285714288,-1.0416666666666667,0.5882352941176472,-0.14285714285714296,0.7499999999999998,0.42857142857142855,-0.21686746987951808,-0.8787185354691256,-0.2631578947368436,-0.35294117647058804,0.687500000000001,1
386,-0.23809523809523814,0.4583333333333333,-0.5588235294117647,0.28571428571428525,0.49999999999999967,-0.21428571428571427,-0.024096385542168676,0.5034324942791732,0.6315789473684218,0.8235294117647063,-0.31250000000000006,1
806,0.14285714285714238,-1.0,0.41176470588235303,0.28571428571428525,-1.4,-0.7142857142857143,-0.6746987951807228,-1.4828375286041335,0.10526315789473696,0.4705882352941176,1.6250000000000013,1
1438,-0.5238095238095242,1.6458333333333335,0.08823529411764698,3.7142857142857126,-0.49999999999999967,0.07142857142857142,0.024096385542168676,-0.4713958810068553,1.1578947368421042,-0.4705882352941176,0.5625000000000003,0
344,1.4285714285714288,-0.5416666666666667,0.6176470588235293,-0.5714285714285715,1.8999999999999992,-0.5714285714285714,-0.5783132530120482,0.6407322654462067,-0.05263157894736965,0.7647058823529416,-0.24999999999999917,1
770,0.0,0.8333333333333331,-0.7352941176470589,-0.4285714285714288,-0.20000000000000015,-0.5,-0.14457831325301204,-0.05491990846682352,0.42105263157894784,-0.4705882352941176,-0.37499999999999983,0
1333,0.23809523809523814,-0.5416666666666667,-0.4705882352941177,-0.7142857142857144,-0.25000000000000017,-0.5714285714285714,-0.3132530120481928,-0.4530892448512814,-1.1578947368421066,-1.1176470588235299,-0.31250000000000006,1
131,0.04761904761904746,0.9374999999999999,0.8823529411764708,-0.2857142857142859,1.8999999999999992,1.1428571428571428,2.3132530120481927,0.0,-0.3684210526315782,0.23529411764705913,-0.49999999999999944,0
872,-0.4761904761904763,0.16666666666666682,-0.6764705882352942,-1.0,0.2999999999999995,1.5714285714285714,0.1927710843373494,-0.7231121281464674,1.1578947368421042,-0.29411764705882393,0.2500000000000003,0
1397,0.3809523809523805,0.6458333333333335,-0.4705882352941177,-0.8571428571428571,0.49999999999999967,-0.7142857142857143,-0.6506024096385542,0.29748283752857235,0.0,0.17647058823529435,-0.4062499999999992,0
1483,-0.3333333333333335,0.24999999999999978,0.8235294117647061,-0.14285714285714296,1.6999999999999997,-0.7857142857142857,-0.6987951807228916,0.17848970251716376,0.10526315789473696,-0.29411764705882393,0.0625000000000009,0
331,1.095238095238095,-0.6666666666666669,1.1176470588235294,0.9999999999999993,2.099999999999999,-0.2857142857142857,0.07228915662650602,0.5491990846681845,-0.42105263157894784,0.23529411764705913,1.4375000000000007,1
1239,0.09523809523809491,0.8749999999999999,-0.7647058823529412,0.4285714285714282,0.05000000000000004,-0.14285714285714285,-0.3373493975903614,0.5400457665903721,0.3684210526315782,-0.9411764705882355,-0.37499999999999983,0
467,1.1428571428571432,-0.08333333333333341,0.47058823529411764,-0.2857142857142859,-0.5499999999999997,0.5,0.3132530120481928,0.6407322654462067,-0.7894736842105261,0.5882352941176472,0.8125000000000007,1
122,0.4285714285714288,0.1250000000000001,-0.6470588235294118,0.0,1.9499999999999993,0.0,0.43373493975903615,-0.2745995423341176,-0.5263157894736848,-0.11764705882352956,0.4375000000000008,1
1045,-0.7142857142857144,-0.5416666666666667,0.20588235294117652,1.5714285714285705,-1.6999999999999997,-0.14285714285714285,0.3614457831325301,-1.7665903890160126,0.26315789473684126,0.0,1.2500000000000002,1
1096,0.7142857142857144,-0.5,0.6176470588235293,0.4285714285714282,0.34999999999999953,-0.5714285714285714,-0.43373493975903615,0.4210526315789634,-0.8421052631578957,-0.7058823529411767,0.1875000000000005,0
1131,0.5714285714285712,0.3333333333333332,-0.7647058823529412,-0.4285714285714288,-1.100000000000005,-0.6428571428571429,-0.6746987951807228,0.411899313501151,-0.6842105263157892,0.05882352941176478,0.1250000000000007,1
1295,0.14285714285714238,0.47916666666666663,-0.4705882352941177,-0.14285714285714296,-0.35000000000000026,0.7857142857142857,0.5301204819277109,-0.19221967963385692,-0.10526315789473696,0.7647058823529416,0.4375000000000008,1
861,-0.3333333333333335,0.4166666666666666,-0.5882352941176472,0.7142857142857141,-0.1500000000000001,0.07142857142857142,1.1325301204819278,0.30205949656750397,1.0526315789473673,-0.4705882352941176,-0.43749999999999967,0
1127,-1.0000000000000004,-0.9583333333333335,0.0,-0.7142857142857144,-0.8499999999999999,-0.7857142857142857,-0.6506024096385542,-2.4256292906178443,0.42105263157894784,-0.4705882352941176,2.062500000000001,1
