id,fixed acidity,volatile acidity,citric acid,residual sugar,chlorides,free sulfur dioxide,total sulfur dioxide,density,pH,sulphates,alcohol,class
494,0.363636363636363,0.708333333333333,0.14705882352941174,1.1428571428571423,0.2999999999999995,0.6,1.0238095238095237,1.521252796420572,0.8717948717948701,0.6666666666666669,0.8750000000000004,1
355,-0.8181818181818181,-1.291666666666667,0.41176470588235303,-1.142857142857143,-0.6999999999999998,1.7666666666666666,3.0238095238095237,-2.5055928411633475,-0.30769230769230754,-0.16666666666666688,1.0625000000000009,1
343,1.3636363636363629,-0.5416666666666667,0.6176470588235293,-0.5714285714285715,1.8999999999999992,-0.5333333333333333,-0.5714285714285714,0.6263982102908121,-0.05128205128205239,0.7222222222222225,-0.24999999999999917,1
835,0.40909090909090906,0.6875000000000002,0.0,-0.8571428571428571,0.3999999999999996,0.13333333333333333,-0.35714285714285715,0.06263982102909611,0.051282051282050115,-0.8333333333333337,-0.49999999999999944,0
706,0.22727272727272715,2.145833333333333,-0.32352941176470595,5.428571428571427,-0.35000000000000026,-0.2,0.38095238095238093,0.984340044742726,0.30769230769230754,-0.7222222222222225,-0.18749999999999936,0
523,0.13636363636363583,-0.5416666666666667,0.6764705882352942,0.14285714285714232,0.95,2.2,2.261904761904762,0.492170022371363,0.35897435897435764,2.0555555555555562,-0.24999999999999917,0
1591,-0.7272727272727272,0.1250000000000001,-0.32352941176470595,-0.5714285714285715,-0.1500000000000001,0.8,-0.07142857142857142,-1.6375838926174577,0.051282051282050115,1.1111111111111112,0.8750000000000004,1
1405,0.04545454545454527,-0.08333333333333341,0.3823529411764706,0.5714285714285712,0.09999999999999522,-0.13333333333333333,0.19047619047619047,0.7606263982103109,0.6153846153846151,0.0,0.31250000000000006,1
1056,0.13636363636363583,0.5,0.02941176470588238,-0.2857142857142859,0.7499999999999998,-0.6,0.9285714285714286,0.2997762863534462,-0.9230769230769226,0.0,-0.6874999999999999,1
278,1.6363636363636354,-1.4166666666666667,0.7352941176470589,2.5714285714285707,1.1999999999999995,-0.6666666666666666,-0.35714285714285715,1.2527964205816737,-0.1538461538461549,1.944444444444445,-0.06249999999999979,1
1240,-0.6363636363636362,0.6250000000000001,-0.7647058823529412,2.9999999999999987,-1.1499999999999997,-0.2,-0.42857142857142855,-0.8590604026845834,0.7179487179487175,-0.33333333333333315,1.000000000000001,0
949,0.4545454545454543,-1.6666666666666667,0.5588235294117647,-0.5714285714285715,-0.25000000000000017,-0.26666666666666666,-0.40476190476190477,-0.5727069351230721,0.5128205128205126,0.7777777777777781,1.0625000000000009,1
793,-0.36363636363636376,0.3749999999999999,-0.7058823529411766,0.4285714285714282,0.05000000000000004,0.2,1.1666666666666667,0.29082774049213966,0.8717948717948701,-0.11111111111111124,-0.31250000000000006,1
237,-0.3181818181818181,0.4583333333333333,-0.7647058823529412,-0.4285714285714288,0.8499999999999951,0.0,0.0,-0.022371364653241514,0.30769230769230754,-0.2222222222222225,-0.7499999999999997,1
670,1.545454545454545,-0.75,0.5588235294117647,-0.2857142857142859,0.09999999999999522,-0.5333333333333333,-0.5476190476190477,0.8948545861297599,-1.8974358974358951,0.2222222222222225,-0.6250000000000001,1
1582,-0.7727272727272725,0.16666666666666682,-0.5000000000000001,-0.7142857142857144,-1.3499999999999999,0.6666666666666666,-0.14285714285714285,-1.2438478747203672,1.1794871794871777,-0.11111111111111124,0.687500000000001,0
1541,-0.7727272727272725,0.0,-0.5294117647058824,3.1428571428571423,-0.4500000000000003,-0.2,-0.14285714285714285,-0.15212527964206216,1.2820512820512802,0.05555555555555562,0.8750000000000004,1
340,2.09090909090909,-1.0,0.8235294117647061,0.14285714285714232,0.09999999999999522,-0.13333333333333333,-0.21428571428571427,1.2975391498881568,-1.025641025641025,4.111111111111113,-0.24999999999999917,1
1395,-0.6818181818181814,0.20833333333333307,-0.35294117647058826,2.4285714285714275,-0.49999999999999967,0.8666666666666667,0.8333333333333334,-0.049217002237161134,0.051282051282050115,-0.7777777777777781,-0.6250000000000001,0
209,-0.04545454545454568,-0.3333333333333334,0.05882352941176476,0.7142857142857141,1.0,0.26666666666666666,1.3571428571428572,-0.08948545861296606,-0.4615384615384601,0.2777777777777781,-0.49999999999999944,0
947,1.0454545454545445,-0.3333333333333334,0.9411764705882353,2.7142857142857126,0.5999999999999998,-0.2,-0.3333333333333333,0.29082774049213966,-0.1025641025641025,2.0555555555555562,1.1250000000000007,1
59,-0.04545454545454568,0.29166666666666646,-0.2352941176470589,0.14285714285714232,-0.20000000000000015,0.2,0.38095238095238093,0.31319910514543087,0.6153846153846151,-0.16666666666666688,-0.12499999999999958,0
382,2.6363636363636345,-0.43750000000000017,1.235294117647059,0.9999999999999993,0.25000000000000017,0.2,0.11904761904761904,2.0581655480984677,-1.2820512820512802,1.0000000000000007,-0.12499999999999958,1
1204,0.9090909090909086,0.9166666666666666,-0.20588235294117652,5.1428571428571415,1.5499999999999996,1.2666666666666666,0.9047619047619048,0.8859060402684533,-0.8717948717948701,-0.38888888888888873,-0.49999999999999944,0
1102,-0.22727272727272715,-0.1250000000000001,0.02941176470588238,-0.14285714285714296,-0.4500000000000003,0.0,-0.30952380952380953,-1.3064876957494633,0.205128205128205,0.05555555555555562,1.1250000000000007,1
821,-0.40909090909090906,0.6875000000000002,-0.7647058823529412,-0.4285714285714288,0.95,-0.3333333333333333,-0.38095238095238093,-0.331096196868044,0.15384615384615263,-0.11111111111111124,-0.31250000000000006,0
1266,-0.3181818181818181,0.20833333333333307,-0.6176470588235295,0.14285714285714232,0.05000000000000004,0.13333333333333333,-0.047619047619047616,-0.5190156599552826,0.35897435897435764,-0.11111111111111124,0.0625000000000009,1
1459,0.22727272727272715,-0.9583333333333335,0.41176470588235303,-0.7142857142857144,-0.6499999999999998,-0.4,-0.42857142857142855,-0.34451901565997894,0.41025641025641,-0.11111111111111124,0.1875000000000005,0
809,-0.22727272727272715,0.041666666666666706,-0.41176470588235303,-0.4285714285714288,4.249999999999999,-0.6666666666666666,-0.6190476190476191,0.0984340044742726,-0.2564102564102574,1.3333333333333337,-0.6250000000000001,0
434,1.9999999999999991,-0.5416666666666667,1.0882352941176472,0.14285714285714232,0.5499999999999997,-0.5333333333333333,-0.47619047619047616,1.610738255033538,-0.7692307692307676,-0.7222222222222225,-0.43749999999999967,0
1436,1.0454545454545445,0.08333333333333341,0.3235294117647059,18.85714285714285,6.699999999999999,2.7333333333333334,1.3571428571428572,3.0827740492169986,-0.6666666666666652,0.8333333333333337,-0.7499999999999997,1
293,1.1363636363636358,0.1250000000000001,-0.08823529411764706,0.7142857142857141,0.5499999999999997,0.26666666666666666,0.23809523809523808,1.1633109619686581,-0.4615384615384601,0.11111111111111124,0.0625000000000009,1
552,0.6818181818181814,-0.3750000000000001,-0.05882352941176476,0.8571428571428564,0.5999999999999998,0.0,0.16666666666666666,0.536912751677846,-0.6153846153846151,0.6111111111111113,-0.12499999999999958,1
1228,0.4999999999999996,0.24999999999999978,-0.02941176470588238,-0.2857142857142859,1.1999999999999995,-0.4,-0.40476190476190477,0.3982102908277188,-0.205128205128205,0.5555555555555556,-0.37499999999999983,0
1396,0.3181818181818177,0.6875000000000002,-0.4705882352941177,-0.8571428571428571,0.5999999999999998,-0.7333333333333333,-0.6190476190476191,0.29082774049213966,0.0,0.16666666666666688,-0.4062499999999992,1
1177,-0.6363636363636362,1.5,-0.6764705882352942,4.857142857142855,-0.05000000000000004,0.6,0.21428571428571427,-0.4832214765100564,1.3846153846153826,-0.6666666666666669,0.6250000000000001,0
234,-0.4545454545454543,0.0,-0.02941176470588238,0.5714285714285712,0.05000000000000004,-0.26666666666666666,-0.023809523809523808,0.022371364653241514,0.7692307692307676,-0.6666666666666669,0.5000000000000006,0
1125,-0.6363636363636362,0.24999999999999978,-0.7647058823529412,0.0,0.7999999999999998,-0.7333333333333333,-0.5952380952380952,-0.5503355704698306,1.5897435897435876,0.0,0.8125000000000007,0
197,-0.2727272727272728,0.24999999999999978,0.11764705882352937,0.28571428571428525,-0.3000000000000002,0.06666666666666667,0.40476190476190477,0.0,0.7692307692307676,-0.16666666666666688,0.0,0
1439,-0.40909090909090906,0.29166666666666646,-0.7647058823529412,-0.7142857142857144,-1.4,-0.7333333333333333,-0.7142857142857143,-0.3579418344519139,0.5128205128205126,-0.8333333333333337,0.0625000000000009,0
1341,-0.18181818181818188,-0.041666666666666706,-0.7058823529411766,-0.7142857142857144,0.20000000000000015,-0.06666666666666667,-0.16666666666666666,-0.6353467561521187,0.2564102564102551,-0.44444444444444436,0.1875000000000005,1
82,-0.04545454545454568,-0.3750000000000001,1.2941176470588236,-0.4285714285714288,19.199999999999992,0.5333333333333333,0.6904761904761905,0.26845637583889814,-0.9230769230769226,3.6666666666666683,-0.49999999999999944,0
1496,-0.40909090909090906,-0.3750000000000001,-0.7058823529411766,-0.4285714285714288,0.0,0.06666666666666667,-0.23809523809523808,-0.8411633109619704,0.205128205128205,1.0555555555555562,0.2500000000000003,1
1230,-0.13636363636363663,-0.3750000000000001,0.08823529411764698,-0.14285714285714296,-0.25000000000000017,0.3333333333333333,0.6666666666666666,0.17002237136462559,0.4615384615384601,0.11111111111111124,-0.43749999999999967,0
1359,-0.22727272727272715,0.5,-0.2647058823529412,4.57142857142857,4.3999999999999995,2.533333333333333,1.4285714285714286,0.25055928411633477,-0.1538461538461549,-0.6666666666666669,-0.43749999999999967,0
1189,-0.5454545454545453,0.5,-0.08823529411764706,-0.14285714285714296,0.0,-0.2,1.9285714285714286,-0.6353467561521187,0.2564102564102551,0.44444444444444436,0.4375000000000008,0
472,0.772727272727272,0.08333333333333341,0.47058823529411764,0.28571428571428525,0.05000000000000004,0.7333333333333333,0.3333333333333333,0.08948545861296606,-0.5641025641025627,0.5,0.7500000000000009,1
1347,-0.8181818181818181,0.29166666666666646,-0.7352941176470589,-0.14285714285714296,-1.200000000000005,-0.6,-0.5952380952380952,-0.9306487695749364,1.076923076923075,-0.33333333333333315,0.7500000000000009,0
933,-0.13636363636363663,-0.5,0.08823529411764698,-0.4285714285714288,-0.10000000000000007,1.0,0.6666666666666666,0.13422818791944907,0.7179487179487175,-0.16666666666666688,-0.43749999999999967,1
910,-0.2727272727272728,-0.8958333333333335,0.3823529411764706,-1.4285714285714286,-1.05,-0.4666666666666667,-0.6428571428571429,-1.5615212527964266,-0.1025641025641025,-0.5555555555555556,0.8125000000000007,1
311,1.0909090909090906,0.041666666666666706,0.6470588235294118,0.4285714285714282,-0.8499999999999999,-0.5333333333333333,-0.30952380952380953,1.3422818791946398,-0.9743589743589727,-0.16666666666666688,-0.5624999999999992,1
602,2.4090909090909074,-0.25,0.7647058823529412,0.0,-0.4500000000000003,-0.13333333333333333,-0.07142857142857142,1.7002237136465042,-1.076923076923075,-0.33333333333333315,-0.7499999999999997,1
715,0.9090909090909086,0.9166666666666666,0.05882352941176476,0.5714285714285712,-0.10000000000000007,0.4666666666666667,0.9285714285714286,0.536912751677846,-0.1538461538461549,-0.6111111111111113,-0.24999999999999917,0
1182,0.8636363636363634,-0.5416666666666667,0.5,-0.7857142857142859,-0.5999999999999998,-0.6,-0.6428571428571429,-0.9038031319910664,-0.6153846153846151,-0.8888888888888891,0.7500000000000009,0
430,2.227272727272726,1.3333333333333333,1.0882352941176472,0.28571428571428525,0.3999999999999996,-0.06666666666666667,-0.07142857142857142,1.2975391498881568,-1.076923076923075,-0.11111111111111124,0.1250000000000007,1
1587,-0.18181818181818188,-0.8750000000000001,0.4411764705882352,0.28571428571428525,-0.7499999999999998,1.3333333333333333,0.5238095238095238,-0.8411633109619704,0.15384615384615263,1.2777777777777781,0.7500000000000009,1
1220,0.4999999999999996,-0.5416666666666667,0.41176470588235303,-1.2857142857142856,-1.7999999999999998,0.7333333333333333,0.2857142857142857,-0.9038031319910664,-0.5641025641025627,1.166666666666667,0.4375000000000008,1
622,0.13636363636363583,0.16666666666666682,-0.08823529411764706,1.7142857142857135,-0.10000000000000007,0.0,1.5714285714285714,0.3579418344519139,-0.1538461538461549,0.0,-0.49999999999999944,0
1534,0.04545454545454527,-0.5416666666666667,0.11764705882352937,-0.4285714285714288,-0.3000000000000002,1.2,1.0952380952380953,0.16554809843399715,0.41025641025641,-0.05555555555555562,-0.7499999999999997,0
889,-0.5,0.20833333333333307,-0.7647058823529412,0.4285714285714282,-0.4000000000000003,1.2,0.6190476190476191,-0.8456375838926484,0.6153846153846151,-0.33333333333333315,0.6250000000000001,1
708,-0.22727272727272715,-0.1250000000000001,-0.20588235294117652,1.1428571428571423,-0.1500000000000001,0.13333333333333333,-0.023809523809523808,-0.08948545861296606,0.30769230769230754,-0.6111111111111113,0.1875000000000005,0
1109,0.09090909090909054,1.0833333333333335,-0.4705882352941177,1.5714285714285705,0.49999999999999967,-0.6666666666666666,-0.5952380952380952,0.7829977628635524,0.2564102564102551,-0.7222222222222225,-0.43749999999999967,0
1314,-0.40909090909090906,-0.6666666666666669,-0.14705882352941183,0.14285714285714232,0.2999999999999995,0.4,0.6428571428571429,-0.5458612975391526,0.4615384615384601,-0.44444444444444436,-0.06249999999999979,1
1566,-0.5454545454545453,0.6250000000000001,-0.7058823529411766,-0.4285714285714288,-0.95,0.8,0.09523809523809523,-0.8545861297539054,0.41025641025641,1.1111111111111112,0.4375000000000008,1
328,1.0909090909090906,-0.3333333333333334,0.7058823529411765,3.2857142857142847,1.3499999999999996,-0.6,-0.5952380952380952,0.536912751677846,-0.1538461538461549,1.166666666666667,0.8125000000000007,0
255,-0.36363636363636376,0.3333333333333332,-0.7647058823529412,-0.5714285714285715,-0.3000000000000002,0.13333333333333333,-0.09523809523809523,0.1789709172259321,0.82051282051282,0.44444444444444436,-0.18749999999999936,1
323,-0.04545454545454568,0.4166666666666666,-0.6176470588235295,0.14285714285714232,-0.05000000000000004,-0.5333333333333333,-0.47619047619047616,0.24608501118565665,-0.1025641025641025,0.05555555555555562,-0.5624999999999992,0
1161,1.2272727272727264,-0.6666666666666669,0.9117647058823528,0.14285714285714232,0.34999999999999953,-0.5333333333333333,-0.42857142857142855,-0.01789709172261308,-0.8717948717948701,0.5555555555555556,0.5625000000000003,1
583,1.727272727272726,-0.1250000000000001,0.6764705882352942,0.0,0.1500000000000001,-0.6,-0.5476190476190477,1.431767337807606,-0.6153846153846151,-1.055555555555556,-0.6250000000000001,0
627,0.40909090909090906,0.3333333333333332,0.08823529411764698,0.0,0.8999999999999999,-0.6,-0.5476190476190477,0.8948545861297599,0.2564102564102551,-0.7222222222222225,-0.6874999999999999,0
1031,-0.36363636363636376,0.29166666666666646,-0.7647058823529412,-0.14285714285714296,0.5499999999999997,-0.3333333333333333,-0.5714285714285714,-0.8590604026845834,0.5641025641025627,-0.38888888888888873,0.8125000000000007,1
621,0.18181818181818188,0.08333333333333341,-0.05882352941176476,1.7142857142857135,-0.20000000000000015,0.13333333333333333,1.7619047619047619,0.3579418344519139,-0.205128205128205,-0.05555555555555562,-0.49999999999999944,0
491,0.6363636363636362,1.0625,0.02941176470588238,0.8571428571428564,-0.10000000000000007,0.6666666666666666,0.42857142857142855,0.7158836689037781,0.0,0.2777777777777781,0.2500000000000003,1
959,-0.6818181818181814,0.20833333333333307,-0.41176470588235303,0.14285714285714232,1.9999999999999993,0.7333333333333333,-0.047619047619047616,-0.7203579418344562,0.82051282051282,0.5,0.687500000000001,1
414,0.9090909090909086,-0.5,0.7941176470588237,6.428571428571427,0.8499999999999951,-0.5333333333333333,-0.4523809523809524,0.8053691275167939,-0.205128205128205,1.1111111111111112,0.9375000000000002,1
417,1.2272727272727264,-0.16666666666666682,1.1176470588235294,0.0,1.5499999999999996,-0.5333333333333333,-0.42857142857142855,0.08948545861296606,-0.2564102564102574,0.2222222222222225,0.9375000000000002,1
87,0.3181818181818177,-0.1250000000000001,0.05882352941176476,-0.4285714285714288,1.4999999999999996,0.4,2.3333333333333335,0.1789709172259321,-1.9487179487179453,7.388888888888892,-0.18749999999999936,1
1261,0.3181818181818177,0.47916666666666663,1.235294117647059,-0.5714285714285715,16.14999999999999,0.3333333333333333,0.42857142857142855,-0.21476510067115828,-1.4871794871794852,2.944444444444445,-0.5624999999999992,0
1514,-0.6818181818181814,0.16666666666666682,-0.32352941176470595,-0.5714285714285715,-0.10000000000000007,0.2,0.6428571428571429,-1.7270693512304238,0.1025641025641025,-0.11111111111111124,0.1875000000000005,1
366,0.9545454545454539,-0.4166666666666668,0.7058823529411765,1.7142857142857135,1.3499999999999996,-0.4666666666666667,-0.40476190476190477,0.492170022371363,-0.2564102564102574,1.7222222222222232,1.000000000000001,1
266,1.772727272727272,-1.0833333333333335,0.7647058823529412,-0.5714285714285715,-0.4500000000000003,-0.5333333333333333,-0.6666666666666666,0.0,-0.5641025641025627,0.5555555555555556,0.0,1
288,-0.18181818181818188,-0.5,-0.41176470588235303,1.1428571428571423,0.5999999999999998,1.0,0.35714285714285715,-0.04474272930648303,0.30769230769230754,0.44444444444444436,0.0625000000000009,1
1583,-0.8181818181818181,0.8124999999999998,-0.4705882352941177,0.5714285714285712,-1.3499999999999999,-0.06666666666666667,-0.2619047619047619,-1.422818791946349,1.3333333333333304,-0.6666666666666669,1.0625000000000009,0
359,1.8181818181818172,-0.3750000000000001,1.1764705882352944,1.2857142857142854,1.4499999999999995,-0.26666666666666666,-0.35714285714285715,1.431767337807606,-0.82051282051282,1.2777777777777781,0.1250000000000007,1
55,-0.13636363636363663,-0.041666666666666706,-0.32352941176470595,0.8571428571428564,1.4999999999999996,1.2666666666666666,0.8333333333333334,-0.5816554809843291,-0.7179487179487175,0.05555555555555562,0.0,1
1101,0.22727272727272715,-0.75,0.47058823529411764,-0.14285714285714296,-0.4000000000000003,0.6,-0.047619047619047616,-1.2885906040268502,-1.025641025641025,0.8888888888888894,1.3750000000000009,1
1201,-0.09090909090909094,0.20833333333333307,-0.14705882352941183,-1.0,-0.5499999999999997,-0.6666666666666666,-0.6904761904761905,-0.9932885906040325,-0.7692307692307676,-0.44444444444444436,-0.24999999999999917,1
901,0.4545454545454543,-0.8750000000000001,0.2941176470588235,0.5714285714285712,-1.200000000000005,-0.26666666666666666,0.023809523809523808,-0.5279642058165891,0.4615384615384601,0.38888888888888873,1.000000000000001,0
1323,0.5454545454545449,-0.75,0.47058823529411764,-0.5714285714285715,-1.100000000000005,-0.3333333333333333,-0.47619047619047616,-1.2885906040268502,-0.6666666666666652,-0.38888888888888873,0.7500000000000009,0
1247,-0.22727272727272715,0.9166666666666666,-0.5588235294117647,-0.7142857142857144,0.2999999999999995,0.06666666666666667,0.23809523809523808,-0.7964205816554873,-0.9743589743589727,-0.7777777777777781,-0.12499999999999958,0
1232,-0.04545454545454568,1.2291666666666665,-0.7352941176470589,0.5714285714285712,-0.3000000000000002,2.2666666666666666,1.2380952380952381,-0.26398210290826973,0.35897435897435764,0.0,0.375000000000001,0
222,-0.22727272727272715,0.041666666666666706,0.0,-0.2857142857142859,1.0499999999999945,0.13333333333333333,0.8095238095238095,-0.492170022371363,-0.82051282051282,-0.2777777777777781,-0.49999999999999944,0
114,0.9999999999999992,-0.8750000000000001,0.5294117647058824,0.14285714285714232,0.0,0.5333333333333333,0.19047619047619047,0.8948545861297599,0.051282051282050115,0.2777777777777781,-0.31250000000000006,1
1598,-0.9090909090909086,0.5208333333333334,-0.41176470588235303,-0.2857142857142859,-0.25000000000000017,1.2,0.14285714285714285,-0.5950782997763137,1.3333333333333304,0.5,0.0,0
655,0.3181818181818177,-0.20833333333333354,0.6176470588235293,0.28571428571428525,-0.3000000000000002,-0.4666666666666667,-0.21428571428571427,0.492170022371363,-1.1794871794871777,-0.8888888888888891,-0.43749999999999967,0
175,-0.2727272727272728,-0.5833333333333334,-0.14705882352941183,-0.2857142857142859,0.0,-0.4666666666666667,-0.07142857142857142,-0.31319910514543087,0.1025641025641025,-0.8333333333333337,-0.43749999999999967,0
599,0.27272727272727243,0.27083333333333315,-0.2352941176470589,-0.14285714285714296,-0.10000000000000007,-0.6,-0.19047619047619047,-0.04474272930648303,-0.5641025641025627,-0.7777777777777781,-0.24999999999999917,1
1319,-0.18181818181818188,0.4583333333333333,0.02941176470588238,-0.2857142857142859,0.1500000000000001,0.2,1.2619047619047619,-0.28635346756151125,-0.2564102564102574,-0.2222222222222225,-0.24999999999999917,1
19,-0.22727272727272715,0.29166666666666646,-0.5294117647058824,3.1428571428571423,0.2999999999999995,-0.5333333333333333,-0.21428571428571427,0.26845637583889814,0.35897435897435764,-0.6666666666666669,-0.7499999999999997,0
1226,0.5909090909090902,-0.25,-0.08823529411764706,0.5714285714285712,0.5499999999999997,0.26666666666666666,0.9285714285714286,1.0827740492169986,-0.82051282051282,-0.6111111111111113,-0.49999999999999944,0
286,0.9090909090909086,0.29166666666666646,-0.5588235294117647,1.7142857142857135,1.0999999999999994,1.2,0.7857142857142857,1.4988814317673802,0.0,0.5,-0.24999999999999917,0
429,0.5454545454545449,0.0,0.20588235294117652,-1.2857142857142856,-0.49999999999999967,-0.3333333333333333,-0.19047619047619047,0.44742729306487994,-0.35897435897435764,-0.11111111111111124,-0.5624999999999992,0
989,-0.09090909090909094,-0.5416666666666667,-0.41176470588235303,-0.7142857142857144,0.8499999999999951,0.3333333333333333,-0.2619047619047619,-0.37583892617452697,-0.7692307692307676,-0.7222222222222225,-0.49999999999999944,0
701,1.2272727272727264,2.0833333333333335,0.5,0.9999999999999993,-0.20000000000000015,0.8,1.1904761904761905,0.7158836689037781,-1.1794871794871777,-0.2777777777777781,-0.06249999999999979,1
1272,-0.2727272727272728,-0.3333333333333334,-0.17647058823529413,-0.8571428571428571,-1.5499999999999996,0.6666666666666666,0.6190476190476191,-1.476510067114089,0.35897435897435764,-0.2777777777777781,0.9375000000000002,1
32,-0.4545454545454543,0.6875000000000002,-0.7647058823529412,0.4285714285714282,1.2499999999999996,0.5333333333333333,-0.023809523809523808,-0.08948545861296606,0.7692307692307676,-0.2777777777777781,0.2500000000000003,1
211,0.8181818181818173,0.041666666666666706,1.0,-0.2857142857142859,-2.05,-0.6,-0.4523809523809524,-0.4250559284116384,-0.05128205128205239,1.3333333333333337,1.3750000000000009,1
440,-0.40909090909090906,0.4166666666666666,-0.2352941176470589,-1.0,-0.8999999999999999,-0.4666666666666667,0.2857142857142857,-0.7606263982103109,-1.1794871794871777,-0.11111111111111124,-0.5624999999999992,0
600,2.1818181818181803,0.29166666666666646,0.5588235294117647,0.14285714285714232,0.09999999999999522,-0.2,-0.38095238095238093,1.431767337807606,-1.5897435897435876,0.44444444444444436,-0.5624999999999992,1
652,0.8636363636363634,1.5,-0.02941176470588238,0.4285714285714282,1.1999999999999995,1.4,2.7857142857142856,1.8791946308724363,0.5128205128205126,0.2777777777777781,0.6250000000000001,0
533,1.8181818181818172,-0.5833333333333334,0.6764705882352942,0.7142857142857141,0.8999999999999999,-0.13333333333333333,0.09523809523809523,1.610738255033538,-0.7692307692307676,-0.05555555555555562,0.0625000000000009,0
918,-0.5,-0.45833333333333354,0.14705882352941174,9.428571428571427,0.20000000000000015,0.8,0.16666666666666666,0.6442953020134251,0.35897435897435764,0.11111111111111124,-0.06249999999999979,1
755,-0.04545454545454568,-0.16666666666666682,1.235294117647059,-0.7142857142857144,16.749999999999996,0.0,-0.14285714285714285,-0.10738255033557914,-1.1282051282051275,2.4444444444444455,-0.6874999999999999,1
327,1.6818181818181808,0.041666666666666706,1.1764705882352944,2.0714285714285707,2.0499999999999994,-0.5333333333333333,-0.5714285714285714,0.44742729306487994,-1.3333333333333326,0.6666666666666669,0.8125000000000007,1
1424,-0.6818181818181814,0.041666666666666706,-0.5000000000000001,2.4285714285714275,2.1499999999999995,0.0,-0.16666666666666666,0.0,0.9743589743589727,0.2777777777777781,0.5000000000000006,0
908,-0.8181818181818181,0.16666666666666682,-0.7647058823529412,0.0,-0.05000000000000004,-0.5333333333333333,-0.6904761904761905,-0.8948545861297599,1.4358974358974328,-0.44444444444444436,0.8125000000000007,1
189,0.0,-0.08333333333333341,0.20588235294117652,-0.2857142857142859,0.20000000000000015,0.06666666666666667,2.5,0.0,-0.5641025641025627,-0.38888888888888873,-0.43749999999999967,0
469,1.5909090909090902,-0.6666666666666669,1.2647058823529411,-0.14285714285714296,0.49999999999999967,-0.5333333333333333,-0.40476190476190477,1.431767337807606,-0.7179487179487175,0.0,-0.6250000000000001,1
941,0.772727272727272,-0.7916666666666667,0.7647058823529412,0.0,-0.3000000000000002,-0.06666666666666667,-0.30952380952380953,-0.7651006711409393,0.2564102564102551,0.7777777777777781,1.3750000000000009,1
148,-0.13636363636363663,-0.1250000000000001,0.0,-0.8571428571428571,7.799999999999997,-0.26666666666666666,1.1904761904761905,0.0,-1.025641025641025,1.0000000000000007,-0.5624999999999992,0
979,-0.40909090909090906,-0.5,0.17647058823529413,1.9999999999999993,-0.95,-0.3333333333333333,-0.21428571428571427,-1.1812080536912712,-0.1538461538461549,-0.7222222222222225,0.687500000000001,1
361,0.13636363636363583,0.7499999999999998,-0.08823529411764706,-0.2857142857142859,0.95,0.0,1.0238095238095237,0.22371364653241513,-0.6153846153846151,0.44444444444444436,-0.49999999999999944,0
84,-0.2727272727272728,0.6250000000000001,0.0,-0.5714285714285715,16.049999999999997,0.13333333333333333,0.30952380952380953,0.04474272930648303,-0.7692307692307676,2.8888888888888893,-0.49999999999999944,0
757,-0.7272727272727272,1.9166666666666665,-0.7352941176470589,-0.2857142857142859,-1.1499999999999997,0.06666666666666667,-0.11904761904761904,-0.8590604026845834,1.4871794871794852,-0.8888888888888891,0.6250000000000001,1
1166,0.27272727272727243,-0.3333333333333334,0.7058823529411765,-0.4285714285714288,14.449999999999996,0.06666666666666667,0.0,-0.20581655480985173,-1.5384615384615377,2.6666666666666683,-0.49999999999999944,0
49,-0.6818181818181814,-0.5,-0.08823529411764706,-0.8571428571428571,-0.6999999999999998,-0.6,-0.6190476190476191,-0.44742729306487994,0.15384615384615263,-0.33333333333333315,-0.6250000000000001,0
501,-0.04545454545454568,0.0,-0.02941176470588238,-0.4285714285714288,0.05000000000000004,0.0,0.0,0.7158836689037781,0.6153846153846151,0.16666666666666688,-0.7499999999999997,1
1212,-0.5909090909090909,-0.3333333333333334,-0.32352941176470595,-0.14285714285714296,-0.20000000000000015,0.5333333333333333,0.35714285714285715,-0.492170022371363,0.051282051282050115,0.0,-0.5624999999999992,0
498,-0.3181818181818181,-0.75,0.17647058823529413,0.4285714285714282,0.49999999999999967,1.9333333333333333,1.7857142857142858,-0.08948545861296606,0.051282051282050115,0.944444444444445,0.5625000000000003,0
1119,-0.36363636363636376,-0.5416666666666667,-0.41176470588235303,-0.14285714285714296,-0.7499999999999998,0.0,-0.3333333333333333,-1.914988814317712,-0.05128205128205239,-0.5,1.9375000000000013,1
916,0.3181818181818177,-0.8541666666666667,0.41176470588235303,0.0,-0.05000000000000004,-0.7333333333333333,-0.7619047619047619,-0.7516778523490043,-0.205128205128205,0.2777777777777781,1.0625000000000009,1
1308,-0.5,0.6666666666666669,-0.5000000000000001,2.4285714285714275,-0.5999999999999998,0.06666666666666667,-0.21428571428571427,-0.6979865771812147,0.5128205128205126,-0.5555555555555556,0.5625000000000003,0
1580,-0.7727272727272725,0.16666666666666682,-0.5000000000000001,-0.7142857142857144,-1.3499999999999999,0.6666666666666666,-0.14285714285714285,-1.2438478747203672,1.1794871794871777,-0.11111111111111124,0.687500000000001,0
1410,-0.8636363636363634,-0.041666666666666706,-0.7647058823529412,-0.14285714285714296,-0.7999999999999998,1.7333333333333334,0.38095238095238093,-0.8053691275167939,1.1794871794871777,1.7222222222222232,0.31250000000000006,1
180,0.40909090909090906,0.3749999999999999,-0.35294117647058826,0.28571428571428525,-0.6499999999999998,-0.26666666666666666,0.09523809523809523,0.04474272930648303,-0.6153846153846151,-0.16666666666666688,-0.43749999999999967,0
1469,-0.2727272727272728,-0.16666666666666682,0.17647058823529413,-0.14285714285714296,-0.8999999999999999,1.1333333333333333,0.38095238095238093,0.21476510067115828,-0.05128205128205239,0.16666666666666688,-0.12499999999999958,1
496,1.2727272727272716,-0.7083333333333335,0.7941176470588237,0.5714285714285712,-0.49999999999999967,-0.6,-0.5238095238095238,0.1789709172259321,-0.82051282051282,0.16666666666666688,0.5000000000000006,1
1326,-0.5454545454545453,-0.25,-0.05882352941176476,-0.7142857142857144,-0.1500000000000001,0.26666666666666666,-0.09523809523809523,-0.8948545861297599,0.41025641025641,-0.11111111111111124,0.2500000000000003,1
515,1.181818181818181,-0.041666666666666706,1.1176470588235294,0.28571428571428525,1.3499999999999996,-0.5333333333333333,-0.5476190476190477,0.22371364653241513,-1.1282051282051275,0.2222222222222225,1.000000000000001,1
577,0.9090909090909086,-0.08333333333333341,-0.05882352941176476,0.14285714285714232,1.1499999999999995,-0.5333333333333333,-0.5714285714285714,0.44742729306487994,0.15384615384615263,-0.5555555555555556,-0.12499999999999958,0
926,0.3181818181818177,-1.2500000000000002,0.2941176470588235,-0.4285714285714288,-0.7999999999999998,2.6,0.9285714285714286,-0.3400447427293008,0.82051282051282,1.3888888888888893,0.5000000000000006,1
364,2.09090909090909,-0.25,1.0882352941176472,-0.2857142857142859,-0.4500000000000003,-0.5333333333333333,-0.5476190476190477,0.8948545861297599,-1.6410256410256379,1.3888888888888893,0.0,0
907,-0.3181818181818181,0.08333333333333341,0.02941176470588238,0.5714285714285712,0.20000000000000015,-0.13333333333333333,0.9523809523809523,-0.1789709172259818,0.41025641025641,0.5,0.5000000000000006,0
427,-0.6818181818181814,0.6250000000000001,-0.5294117647058824,-0.14285714285714296,-1.7499999999999998,0.3333333333333333,0.23809523809523808,-0.8501118568232768,0.9230769230769226,-0.7222222222222225,0.7500000000000009,1
1252,-0.18181818181818188,0.24999999999999978,-0.35294117647058826,0.0,-0.1500000000000001,0.8666666666666667,0.5238095238095238,-0.2237136465324648,-0.1538461538461549,-0.16666666666666688,-0.24999999999999917,0
1275,-0.04545454545454568,0.24999999999999978,-0.3823529411764706,-0.14285714285714296,1.0999999999999994,0.2,-0.047619047619047616,-1.0738255033557418,-0.35897435897435764,-0.5,0.6250000000000001,1
347,-0.5909090909090909,1.2291666666666665,-0.7058823529411766,0.7142857142857141,-0.4000000000000003,0.2,-0.09523809523809523,-0.5816554809843291,1.3846153846153826,1.5000000000000007,1.312500000000001,1
1565,-0.3181818181818181,0.7291666666666664,-0.3823529411764706,-0.2857142857142859,-0.20000000000000015,-0.13333333333333333,-0.42857142857142855,-0.5995525727069422,-0.1025641025641025,-0.44444444444444436,-0.06249999999999979,0
644,0.7272727272727267,0.29166666666666646,0.5294117647058824,0.14285714285714232,-0.4500000000000003,0.4666666666666667,0.7142857142857143,1.073825503355692,0.7692307692307676,0.05555555555555562,-0.43749999999999967,0
845,0.9090909090909086,-1.1250000000000002,0.5882352941176472,-0.7142857142857144,-0.8999999999999999,0.8,0.09523809523809523,-0.40268456375839695,-0.6666666666666652,1.166666666666667,0.2500000000000003,1
1051,-0.36363636363636376,-0.3750000000000001,-0.2647058823529412,-0.5714285714285715,0.09999999999999522,0.8666666666666667,0.30952380952380953,-0.20581655480985173,0.9230769230769226,0.11111111111111124,0.1250000000000007,0
1376,-0.3181818181818181,0.16666666666666682,0.0,-0.2857142857142859,0.1500000000000001,-0.06666666666666667,1.4761904761904763,-0.42058165548101,-0.2564102564102574,-0.5555555555555556,-0.18749999999999936,0
1454,-0.13636363636363663,-0.1250000000000001,0.20588235294117652,-0.4285714285714288,-0.3000000000000002,0.8666666666666667,1.119047619047619,0.116331096196836,0.5128205128205126,-0.2222222222222225,-0.7499999999999997,0
1567,-0.5454545454545453,-1.5,1.1176470588235294,-0.14285714285714296,-1.05,0.6666666666666666,0.3333333333333333,-0.8322147651006638,0.15384615384615263,0.5,0.6250000000000001,1
711,1.2272727272727264,2.1041666666666665,0.5,0.8571428571428564,0.0,0.4666666666666667,1.0952380952380953,0.7606263982103109,-1.2820512820512802,-0.2777777777777781,-0.06249999999999979,0
244,3.2272727272727257,-1.291666666666667,0.5294117647058824,0.0,-0.25000000000000017,-0.26666666666666666,-0.3333333333333333,1.4541387024608972,-1.2307692307692302,1.2222222222222225,-0.6250000000000001,1
1367,-0.2727272727272728,0.9166666666666666,-0.5294117647058824,-0.7142857142857144,0.6999999999999998,-0.26666666666666666,0.16666666666666666,-0.46532438478749305,-0.35897435897435764,-0.6666666666666669,-0.24999999999999917,0
603,-0.09090909090909094,1.3124999999999998,-0.7647058823529412,0.5714285714285712,0.05000000000000004,-0.5333333333333333,-0.5714285714285714,0.31319910514543087,-0.05128205128205239,-0.5555555555555556,-0.5624999999999992,0
695,0.4999999999999996,-0.20833333333333354,0.14705882352941174,0.7142857142857141,0.20000000000000015,0.6666666666666666,2.0714285714285716,0.7158836689037781,0.0,-0.05555555555555562,-0.49999999999999944,0
865,-0.3181818181818181,0.4166666666666666,-0.5882352941176472,0.7142857142857141,-0.1500000000000001,0.06666666666666667,1.119047619047619,0.2953020134228178,1.0256410256410229,-0.44444444444444436,-0.43749999999999967,0
1175,-0.13636363636363663,-0.6666666666666669,0.14705882352941174,-0.7142857142857144,-0.05000000000000004,0.8,0.6428571428571429,0.1610738255033687,0.7692307692307676,0.0,-0.43749999999999967,1
313,0.4999999999999996,-0.25,0.14705882352941174,0.8571428571428564,0.6499999999999998,0.3333333333333333,1.4285714285714286,0.6040268456375706,0.051282051282050115,0.05555555555555562,-0.43749999999999967,1
436,1.9999999999999991,-0.5416666666666667,1.0882352941176472,0.14285714285714232,0.5499999999999997,-0.5333333333333333,-0.47619047619047616,1.610738255033538,-0.7692307692307676,-0.7222222222222225,-0.43749999999999967,0
1513,-0.6818181818181814,1.1250000000000002,-0.6470588235294118,0.0,-0.95,-0.2,-0.5,-0.41163310961970345,1.1282051282051253,0.16666666666666688,0.1250000000000007,1
753,-0.13636363636363663,0.08333333333333341,-0.3823529411764706,0.4285714285714282,0.8499999999999951,0.6666666666666666,0.6666666666666666,0.46979865771812146,0.41025641025641,-0.05555555555555562,-0.49999999999999944,0
309,1.0909090909090906,-0.3750000000000001,0.5294117647058824,0.28571428571428525,6.699999999999999,-0.6,-0.6190476190476191,1.1633109619686581,-0.6153846153846151,0.05555555555555562,-0.43749999999999967,1
1342,-0.18181818181818188,-0.041666666666666706,-0.7058823529411766,-0.7142857142857144,0.20000000000000015,-0.06666666666666667,-0.16666666666666666,-0.6353467561521187,0.2564102564102551,-0.44444444444444436,0.1875000000000005,1
431,1.181818181818181,-1.1666666666666667,0.6176470588235293,-0.14285714285714296,-0.6999999999999998,-0.5333333333333333,-0.3333333333333333,0.44742729306487994,-0.82051282051282,1.5555555555555562,0.5000000000000006,1
399,1.6363636363636354,0.29166666666666646,0.9705882352941176,0.5714285714285712,0.34999999999999953,-0.06666666666666667,0.2619047619047619,0.8948545861297599,-0.6666666666666652,0.16666666666666688,0.5000000000000006,1
424,1.181818181818181,-1.1666666666666667,0.6176470588235293,-0.14285714285714296,-0.6999999999999998,-0.5333333333333333,-0.3333333333333333,0.44742729306487994,-0.82051282051282,1.5555555555555562,0.5000000000000006,1
371,-0.4545454545454543,1.0208333333333333,-0.7058823529411766,0.14285714285714232,-0.8499999999999999,1.4,0.5952380952380952,0.31319910514543087,1.3333333333333304,0.8888888888888894,-0.18749999999999936,0
1300,-0.13636363636363663,4.416666666666667,-0.7647058823529412,-0.14285714285714296,2.8499999999999943,-0.6,-0.6904761904761905,-0.912751677852373,0.9743589743589727,-1.2222222222222225,0.4375000000000008,0
182,0.4545454545454543,0.3749999999999999,0.6764705882352942,-0.2857142857142859,9.499999999999998,0.6,1.7142857142857142,0.1789709172259321,-0.9743589743589727,2.222222222222223,-0.5624999999999992,0
1062,0.5454545454545449,-0.5,0.7058823529411765,-0.5714285714285715,-0.4500000000000003,-0.4666666666666667,-0.5238095238095238,-0.9753914988814691,-0.5128205128205126,0.38888888888888873,1.4375000000000007,1
1236,-0.8636363636363634,-0.7916666666666667,0.17647058823529413,15.285714285714281,-1.2999999999999998,-0.5333333333333333,1.7857142857142858,-0.4832214765100564,-0.05128205128205239,-0.33333333333333315,0.8125000000000007,0
1467,-0.2727272727272728,-0.16666666666666682,0.17647058823529413,-0.14285714285714296,-0.8999999999999999,1.1333333333333333,0.38095238095238093,0.21476510067115828,-0.05128205128205239,0.16666666666666688,-0.12499999999999958,1
297,1.2272727272727264,1.2916666666666665,0.3235294117647059,0.5714285714285712,0.2999999999999995,0.8,0.7619047619047619,0.5816554809843291,-0.7692307692307676,-0.5555555555555556,-0.18749999999999936,0
592,-0.5909090909090909,-0.5416666666666667,0.6764705882352942,-0.7142857142857144,-0.49999999999999967,0.6,2.642857142857143,-2.0581655480984677,-0.9743589743589727,-0.6666666666666669,0.8125000000000007,1
462,0.18181818181818188,0.39583333333333326,-0.11764705882352945,0.5714285714285712,0.34999999999999953,-0.5333333333333333,-0.4523809523809524,0.6263982102908121,-0.2564102564102574,-0.05555555555555562,-0.5624999999999992,0
1044,0.7272727272727267,-0.5416666666666667,0.4411764705882352,9.57142857142857,-0.5499999999999997,0.26666666666666666,0.023809523809523808,0.8008948545861158,-0.1025641025641025,1.0555555555555562,0.4375000000000008,1
814,-0.4545454545454543,-0.5416666666666667,-0.05882352941176476,-0.14285714285714296,1.0999999999999994,-0.6666666666666666,-0.7380952380952381,-0.9753914988814691,0.6666666666666652,-0.2222222222222225,0.7500000000000009,0
378,0.6818181818181814,-1.0416666666666667,0.7941176470588237,0.28571428571428525,-0.3000000000000002,-0.5333333333333333,-0.47619047619047616,-0.2684563758389478,-0.5641025641025627,2.833333333333334,1.1250000000000007,1
899,0.18181818181818188,-0.8750000000000001,0.3823529411764706,0.28571428571428525,-0.10000000000000007,0.2,0.11904761904761904,-1.0559284116331287,0.0,0.8333333333333337,1.4375000000000007,1
127,0.13636363636363583,3.3750000000000004,-0.7647058823529412,-0.7142857142857144,0.05000000000000004,-0.7333333333333333,-0.6190476190476191,-0.1789709172259818,1.1282051282051253,-0.7222222222222225,0.4375000000000008,0
820,0.5454545454545449,0.5833333333333334,-0.32352941176470595,1.4285714285714282,0.8499999999999951,-0.3333333333333333,0.5,1.3243847874720267,-0.1538461538461549,-0.44444444444444436,-0.37499999999999983,0
549,2.0454545454545445,-0.7083333333333335,0.6764705882352942,0.5714285714285712,-0.05000000000000004,0.8666666666666667,0.7380952380952381,1.1633109619686581,-0.9743589743589727,0.7222222222222225,0.1250000000000007,1
356,-0.5454545454545453,0.9583333333333333,-0.7352941176470589,0.28571428571428525,-0.10000000000000007,0.2,-0.14285714285714285,-0.5816554809843291,1.2307692307692277,-0.05555555555555562,1.6250000000000013,1
1297,-0.5909090909090909,0.4583333333333333,-0.7647058823529412,2.9999999999999987,0.6499999999999998,2.466666666666667,0.9404761904761905,-0.5458612975391526,-0.5641025641025627,-0.9444444444444446,-0.43749999999999967,0
210,1.4090909090909083,-0.9166666666666669,0.9411764705882353,-0.14285714285714296,-1.2999999999999998,-0.4666666666666667,-0.4523809523809524,0.536912751677846,0.0,1.444444444444445,0.1875000000000005,1
141,0.22727272727272715,0.9374999999999999,-0.4411764705882354,-0.4285714285714288,0.49999999999999967,0.13333333333333333,0.5952380952380952,-0.13422818791944907,-0.6153846153846151,1.1111111111111112,-0.37499999999999983,0
1066,-0.09090909090909094,0.3749999999999999,-0.2352941176470589,0.28571428571428525,0.1500000000000001,-0.5333333333333333,-0.42857142857142855,-0.2237136465324648,-0.1025641025641025,-0.11111111111111124,0.0,1
731,0.7272727272727267,0.1250000000000001,1.1764705882352944,0.14285714285714232,15.349999999999996,-0.13333333333333333,-0.023809523809523808,0.6263982102908121,-0.7179487179487175,0.2777777777777781,-0.37499999999999983,0
1264,0.13636363636363583,1.0833333333333335,-0.7647058823529412,0.0,0.4499999999999996,-0.06666666666666667,-0.2857142857142857,0.44742729306487994,0.30769230769230754,-0.8888888888888891,-0.37499999999999983,0
773,0.7272727272727267,0.20833333333333307,0.02941176470588238,0.14285714285714232,0.09999999999999522,0.6,2.5238095238095237,0.4563758389261865,-0.205128205128205,-0.38888888888888873,-0.49999999999999944,0
612,2.4090909090909074,-0.5833333333333334,0.8529411764705884,0.7142857142857141,0.05000000000000004,-0.6,-0.5238095238095238,1.7002237136465042,-1.6923076923076903,-0.44444444444444436,-0.49999999999999944,0
1150,0.9545454545454539,-0.7083333333333335,0.6176470588235293,-0.2857142857142859,-0.95,-0.5333333333333333,-0.6428571428571429,-0.4250559284116384,-0.41025641025641,-0.5555555555555556,1.1250000000000007,1
562,0.4999999999999996,-0.3333333333333334,0.6764705882352942,0.28571428571428525,-0.10000000000000007,0.8,1.9761904761904763,0.44742729306487994,-0.41025641025641,-0.2222222222222225,-0.6250000000000001,0
11,-0.5454545454545453,0.24999999999999978,-0.5294117647058824,-0.5714285714285715,0.8499999999999951,0.06666666666666667,0.6428571428571429,-0.40268456375839695,-0.1538461538461549,-0.44444444444444436,-0.6250000000000001,0
812,2.2727272727272716,-0.08333333333333341,0.8529411764705884,0.8571428571428564,-0.4000000000000003,-0.4666666666666667,-0.3333333333333333,1.4854586129753458,-1.1282051282051275,0.33333333333333376,0.4375000000000008,1
283,-0.13636363636363663,0.0,-0.41176470588235303,1.1428571428571423,-0.6499999999999998,-0.13333333333333333,0.35714285714285715,0.13422818791944907,0.2564102564102551,-0.2777777777777781,-0.6874999999999999,0
292,1.4090909090909083,-1.3333333333333335,0.6470588235294118,-0.2857142857142859,13.149999999999993,-0.5333333333333333,-0.47619047619047616,0.492170022371363,-0.05128205128205239,0.5,0.1875000000000005,0
620,1.545454545454545,-0.6250000000000001,0.4411764705882352,0.14285714285714232,0.3999999999999996,-0.5333333333333333,-0.5238095238095238,0.8948545861297599,-1.1282051282051275,1.0000000000000007,-0.5624999999999992,0
1399,-0.40909090909090906,0.3333333333333332,-0.41176470588235303,0.0,0.1500000000000001,-0.06666666666666667,-0.23809523809523808,-0.08948545861296606,1.076923076923075,0.0,0.0,1
130,-0.8181818181818181,-0.5833333333333334,-0.32352941176470595,-0.5714285714285715,-0.4000000000000003,-0.5333333333333333,-0.4523809523809524,-0.5816554809843291,0.5641025641025627,-0.2777777777777781,-0.49999999999999944,0
324,1.0909090909090906,0.29166666666666646,0.47058823529411764,0.8571428571428564,0.49999999999999967,1.4,0.8333333333333334,0.984340044742726,-0.1538461538461549,0.44444444444444436,-0.43749999999999967,1
766,0.5909090909090902,0.6250000000000001,-0.4705882352941177,1.1428571428571423,0.5499999999999997,-0.13333333333333333,0.23809523809523808,0.9306487695749364,0.0,-0.44444444444444436,-0.43749999999999967,1
553,0.7272727272727267,-0.25,-0.05882352941176476,0.7142857142857141,0.5999999999999998,0.0,0.14285714285714285,0.536912751677846,-0.9743589743589727,0.6666666666666669,-0.12499999999999958,1
632,1.1363636363636358,-1.0,0.8235294117647061,0.7142857142857141,1.2499999999999996,-0.6,-0.4523809523809524,0.8948545861297599,-0.30769230769230754,0.05555555555555562,-0.43749999999999967,0
568,0.363636363636363,0.7499999999999998,-0.05882352941176476,0.4285714285714282,7.3,-0.6,-0.5476190476190477,1.029082774049209,0.051282051282050115,-0.11111111111111124,-0.7499999999999997,1
758,0.09090909090909054,1.4583333333333333,-0.7647058823529412,0.0,0.20000000000000015,-0.26666666666666666,-0.16666666666666666,-0.10738255033557914,-0.30769230769230754,-0.6666666666666669,-0.24999999999999917,0
1179,-1.0454545454545452,1.6458333333333335,-0.7647058823529412,-0.14285714285714296,-1.9500000000000048,0.2,0.9523809523809523,-1.494407158836702,1.8974358974358951,0.6111111111111113,0.7500000000000009,0
1517,-0.8181818181818181,-0.8333333333333334,-0.02941176470588238,0.14285714285714232,-0.4500000000000003,0.6,0.47619047619047616,-0.21029082774048016,0.5641025641025627,1.944444444444445,0.2500000000000003,0
159,-0.36363636363636376,0.6666666666666669,-0.7647058823529412,0.0,-0.35000000000000026,-0.13333333333333333,-0.38095238095238093,0.04474272930648303,0.8717948717948701,-0.6666666666666669,-0.5624999999999992,0
517,2.09090909090909,0.3333333333333332,0.6764705882352942,2.9999999999999987,1.0,-0.6,-0.5714285714285714,1.8791946308724363,-0.30769230769230754,0.6666666666666669,1.0625000000000009,1
1406,-0.09090909090909094,-1.0,0.11764705882352937,-0.2857142857142859,-0.8999999999999999,0.26666666666666666,-0.09523809523809523,-0.7158836689038278,-0.1538461538461549,1.5555555555555562,0.687500000000001,1
196,-0.04545454545454568,0.29166666666666646,0.20588235294117652,-0.2857142857142859,-0.3000000000000002,0.6666666666666666,1.9523809523809523,0.0,-0.30769230769230754,-0.44444444444444436,-0.49999999999999944,0
1320,0.5454545454545449,1.0,1.235294117647059,-0.7142857142857144,16.699999999999996,0.26666666666666666,0.6190476190476191,-0.12527964205819223,-2.1025641025641004,3.9444444444444464,-0.6874999999999999,1
675,1.3181818181818177,-0.5,0.4411764705882352,0.0,0.20000000000000015,-0.4666666666666667,-0.5,0.7158836689037781,-1.1794871794871777,0.2777777777777781,-0.5624999999999992,1
411,0.4999999999999996,-0.3750000000000001,0.2352941176470589,0.4285714285714282,0.0,0.8,1.1428571428571428,0.8501118568232768,0.35897435897435764,0.0,-0.43749999999999967,1
97,-0.5,1.0625,-0.7647058823529412,1.1428571428571423,1.0999999999999994,-0.4,-0.35714285714285715,-0.13422818791944907,0.7179487179487175,-0.33333333333333315,0.31250000000000006,0
980,1.954545454545453,-0.2916666666666667,0.6764705882352942,-1.142857142857143,-0.25000000000000017,-0.7333333333333333,-0.7619047619047619,0.04474272930648303,-0.9230769230769226,0.05555555555555562,0.1250000000000007,0
974,0.27272727272727243,-0.75,0.5294117647058824,-0.7142857142857144,-0.05000000000000004,-0.5333333333333333,-0.6190476190476191,-0.3355704697986724,1.076923076923075,0.05555555555555562,0.31250000000000006,0
157,-0.36363636363636376,-0.3750000000000001,0.47058823529411764,4.714285714285713,-0.49999999999999967,1.0,2.1666666666666665,0.22371364653241513,0.5641025641025627,0.5555555555555556,0.1875000000000005,0
420,-0.5,1.0416666666666667,-0.7647058823529412,-0.5714285714285715,-0.6999999999999998,1.3333333333333333,0.3333333333333333,0.3579418344519139,1.5897435897435876,0.33333333333333376,-0.18749999999999936,0
1248,-0.22727272727272715,0.1250000000000001,-0.20588235294117652,-0.5714285714285715,0.09999999999999522,0.06666666666666667,-0.09523809523809523,-0.11185682326620756,0.9230769230769226,0.33333333333333376,0.1875000000000005,0
1113,0.0,-0.7916666666666667,0.4411764705882352,-1.0,-1.200000000000005,-0.5333333333333333,-0.07142857142857142,-1.2706935123042868,-0.1025641025641025,0.5,0.5000000000000006,1
1042,-0.4545454545454543,-0.1250000000000001,-0.20588235294117652,-0.7142857142857144,-0.05000000000000004,-0.06666666666666667,-0.2857142857142857,-0.5950782997763137,0.35897435897435764,0.11111111111111124,-0.24999999999999917,1
448,0.6363636363636362,-0.16666666666666682,0.08823529411764698,-0.14285714285714296,2.3499999999999996,-0.5333333333333333,-0.5238095238095238,0.0,-0.4615384615384601,0.5555555555555556,0.6250000000000001,0
794,-0.09090909090909094,0.3333333333333332,-0.7647058823529412,0.5714285714285712,-1.2499999999999998,-0.4666666666666667,-0.5952380952380952,-0.18344519015661023,0.35897435897435764,-0.33333333333333315,0.375000000000001,0
391,-1.0454545454545452,1.3749999999999998,-0.6176470588235295,-1.142857142857143,-1.7499999999999998,-0.13333333333333333,1.1904761904761905,-1.9686800894855017,1.2820512820512802,1.1111111111111112,1.687500000000001,1
579,0.40909090909090906,-0.20833333333333354,0.6764705882352942,0.9999999999999993,0.25000000000000017,0.2,1.7142857142857142,0.6263982102908121,-0.1025641025641025,-0.11111111111111124,-0.24999999999999917,0
1373,0.363636363636363,1.0833333333333335,0.7352941176470589,-0.7142857142857144,16.749999999999996,-0.13333333333333333,0.6666666666666666,-0.25503355704701286,-1.5897435897435876,3.0555555555555562,-0.6250000000000001,0
1321,0.8181818181818173,0.5833333333333334,0.2352941176470589,0.5714285714285712,0.6999999999999998,-0.13333333333333333,1.1904761904761905,0.5190156599552329,-0.2564102564102574,0.2222222222222225,-0.06249999999999979,0
1418,-0.2727272727272728,-0.75,0.20588235294117652,0.4285714285714282,-0.7999999999999998,0.4666666666666667,-0.023809523809523808,-0.7158836689038278,0.205128205128205,0.8333333333333337,1.1875000000000004,1
722,0.4545454545454543,-0.16666666666666682,-0.05882352941176476,0.9285714285714282,0.6999999999999998,1.4,1.619047619047619,0.6263982102908121,-1.076923076923075,-0.5,-0.6250000000000001,0
987,0.8636363636363634,-0.75,0.3823529411764706,-1.142857142857143,-0.6999999999999998,-0.7333333333333333,-0.7380952380952381,-0.9395973154362429,-0.6153846153846151,-0.38888888888888873,0.7500000000000009,1
1215,1.0454545454545445,-0.7916666666666667,0.5882352941176472,-0.4285714285714288,0.05000000000000004,-0.5333333333333333,-0.6904761904761905,-0.23266219239372168,-1.076923076923075,-0.7777777777777781,0.1250000000000007,1
890,1.2727272727272716,1.5833333333333335,0.2352941176470589,6.285714285714283,1.5999999999999948,0.6,1.4523809523809523,2.7248322147651343,-0.4615384615384601,0.33333333333333376,-0.5624999999999992,0
1547,-0.40909090909090906,0.20833333333333307,-0.7058823529411766,-0.2857142857142859,-0.4000000000000003,0.2,-0.2857142857142857,-0.46979865771812146,0.2564102564102551,-0.05555555555555562,0.0,0
737,-0.09090909090909094,1.8541666666666665,-0.4705882352941177,-0.14285714285714296,1.5999999999999948,-0.2,-0.38095238095238093,-0.2237136465324648,-0.2564102564102574,-0.6666666666666669,-0.43749999999999967,0
295,2.4545454545454537,-0.75,0.7647058823529412,1.4285714285714282,0.6999999999999998,0.2,0.35714285714285715,2.0581655480984677,-1.3333333333333326,1.0555555555555562,-0.43749999999999967,1
1369,0.04545454545454527,1.0416666666666667,0.17647058823529413,-0.14285714285714296,-0.05000000000000004,0.13333333333333333,0.8571428571428571,-0.10738255033557914,-0.205128205128205,-0.6666666666666669,-0.24999999999999917,1
1194,-0.6818181818181814,1.5208333333333333,-0.7647058823529412,0.14285714285714232,4.3,-0.5333333333333333,-0.6190476190476191,-0.5771812080537007,1.2820512820512802,-0.6111111111111113,0.375000000000001,0
89,0.6363636363636362,-0.5416666666666667,0.5294117647058824,-0.14285714285714296,1.3499999999999996,1.3333333333333333,2.0714285714285716,0.44742729306487994,-0.8717948717948701,3.3333333333333344,-0.43749999999999967,0
42,0.40909090909090906,0.3749999999999999,0.11764705882352937,0.8571428571428564,0.3999999999999996,0.2,0.19047619047619047,0.3579418344519139,-0.2564102564102574,-0.6111111111111113,-0.5624999999999992,0
132,-1.0454545454545452,-0.08333333333333341,-0.5000000000000001,0.14285714285714232,-1.5499999999999996,0.2,1.4523809523809523,-1.3870246085011229,1.6410256410256379,0.05555555555555562,1.7500000000000009,0
1183,1.0454545454545445,-0.5,0.41176470588235303,0.4285714285714282,-0.5999999999999998,1.8,0.38095238095238093,0.3310961968679943,0.35897435897435764,1.3333333333333337,0.1875000000000005,1
1549,1.499999999999999,-0.5,0.7058823529411765,-0.2857142857142859,0.95,0.3333333333333333,0.2857142857142857,0.46085011185681496,-1.076923076923075,-0.2222222222222225,0.1250000000000007,0
1531,-0.5909090909090909,-0.3333333333333334,-0.5000000000000001,0.0,-0.8499999999999999,-0.3333333333333333,-0.47619047619047616,-1.0559284116331287,0.5641025641025627,0.38888888888888873,0.687500000000001,1
783,0.4999999999999996,1.2499999999999998,-0.6176470588235295,0.28571428571428525,0.05000000000000004,0.8,1.380952380952381,0.5995525727069422,0.2564102564102551,-0.5,-0.12499999999999958,0
165,-0.2727272727272728,0.29166666666666646,0.0,7.1428571428571415,-0.49999999999999967,1.4,1.9761904761904763,0.5816554809843291,0.30769230769230754,-0.7222222222222225,-0.49999999999999944,0
291,0.363636363636363,0.0,-0.5000000000000001,0.4285714285714282,0.5499999999999997,0.4,0.2619047619047619,0.3579418344519139,0.15384615384615263,1.3333333333333337,0.2500000000000003,1
1511,-0.6818181818181814,-0.6666666666666669,-0.14705882352941183,0.0,-1.6499999999999997,0.8,0.23809523809523808,-0.08501118568233762,0.82051282051282,0.8333333333333337,-0.31250000000000006,1
349,0.772727272727272,0.16666666666666682,0.14705882352941174,0.8571428571428564,0.4499999999999996,0.06666666666666667,0.19047619047619047,0.492170022371363,-1.025641025641025,1.6666666666666674,-0.12499999999999958,1
572,-0.7727272727272725,-0.6666666666666669,-0.05882352941176476,0.0,0.7499999999999998,0.3333333333333333,0.09523809523809523,-0.984340044742726,1.3333333333333304,-0.2777777777777781,0.9375000000000002,1
638,0.7272727272727267,1.5208333333333333,0.02941176470588238,0.14285714285714232,0.20000000000000015,1.1333333333333333,2.5476190476190474,0.44742729306487994,-0.35897435897435764,-0.5,-0.49999999999999944,0
1504,-0.7727272727272725,-0.3333333333333334,0.3823529411764706,0.4285714285714282,-0.1500000000000001,-0.5333333333333333,-0.5714285714285714,-0.5592841163310875,1.0256410256410229,0.38888888888888873,0.5000000000000006,1
940,-0.7727272727272725,-0.25,-0.2647058823529412,-0.8571428571428571,-0.35000000000000026,-0.4666666666666667,-0.6428571428571429,-1.1409395973154663,1.5384615384615352,-0.44444444444444436,0.7500000000000009,0
1053,-1.0454545454545452,0.3541666666666665,-0.6176470588235295,0.28571428571428525,-0.35000000000000026,0.3333333333333333,-0.30952380952380953,-1.8881431767337924,1.2820512820512802,-0.38888888888888873,1.687500000000001,0
459,1.1363636363636358,-0.7916666666666667,1.0882352941176472,0.8571428571428564,0.20000000000000015,-0.6,-0.38095238095238093,1.3422818791946398,-0.2564102564102574,0.6666666666666669,0.6250000000000001,1
376,1.6363636363636354,0.08333333333333341,1.3235294117647058,3.1428571428571423,2.1999999999999993,-0.5333333333333333,-0.5476190476190477,0.7158836689037781,-1.5384615384615377,1.166666666666667,1.000000000000001,1
334,0.22727272727272715,0.16666666666666682,-0.5294117647058824,-0.14285714285714296,1.2499999999999996,0.13333333333333333,0.14285714285714285,-0.44742729306487994,-0.9230769230769226,-0.5555555555555556,0.5000000000000006,0
856,-0.13636363636363663,0.8958333333333333,-0.7058823529411766,0.4285714285714282,-0.4500000000000003,-0.26666666666666666,-0.5714285714285714,-0.6353467561521187,1.0256410256410229,0.5,0.9375000000000002,1
1408,-0.8636363636363634,-0.041666666666666706,-0.7647058823529412,-0.14285714285714296,-0.7999999999999998,1.7333333333333334,0.38095238095238093,-0.8053691275167939,1.1794871794871777,1.7222222222222232,0.31250000000000006,1
1164,0.4999999999999996,1.1041666666666667,-0.05882352941176476,-0.7142857142857144,-0.10000000000000007,-0.26666666666666666,-0.40476190476190477,0.05369127516778957,-0.1025641025641025,0.2777777777777781,-0.12499999999999958,0
1302,-0.5454545454545453,1.4166666666666665,-0.5588235294117647,-0.2857142857142859,1.0,0.4,0.4523809523809524,-0.36689038031322047,1.4871794871794852,0.6666666666666669,0.9375000000000002,1
995,0.9545454545454539,-0.7083333333333335,0.5588235294117647,0.4285714285714282,0.5999999999999998,0.4,1.1904761904761905,1.0648769574943855,-0.82051282051282,-1.055555555555556,-0.49999999999999944,0
1481,-1.0454545454545452,0.4166666666666666,-0.6764705882352942,-1.0,0.0,-0.5333333333333333,-0.5952380952380952,-0.8143176733781003,1.7948717948717927,0.0,-0.06249999999999979,0
637,0.772727272727272,1.5,0.05882352941176476,0.28571428571428525,0.2999999999999995,1.0666666666666667,2.5952380952380953,0.492170022371363,-0.35897435897435764,-0.5,-0.49999999999999944,0
329,2.4999999999999987,-1.0416666666666667,1.0588235294117647,0.5714285714285712,0.09999999999999522,-0.5333333333333333,-0.40476190476190477,1.521252796420572,-0.7692307692307676,0.2777777777777781,-0.31250000000000006,1
694,0.4999999999999996,-0.16666666666666682,0.17647058823529413,0.8571428571428564,0.20000000000000015,0.4666666666666667,2.0,0.7158836689037781,0.051282051282050115,0.0,-0.49999999999999944,0
319,0.8636363636363634,0.5833333333333334,0.3823529411764706,1.4285714285714282,0.1500000000000001,0.4666666666666667,0.5,0.9395973154362429,0.30769230769230754,0.5,0.8125000000000007,1
1227,-0.18181818181818188,0.24999999999999978,-0.6764705882352942,2.7142857142857126,0.0,0.8666666666666667,0.19047619047619047,-0.3937360178970904,-1.4871794871794852,-0.8333333333333337,-0.6250000000000001,0
1174,-0.13636363636363663,-0.6666666666666669,0.14705882352941174,-0.7142857142857144,-0.05000000000000004,0.8,0.6428571428571429,0.1610738255033687,0.7692307692307676,0.0,-0.43749999999999967,1
168,-0.2727272727272728,0.1250000000000001,-0.6764705882352942,-0.8571428571428571,-0.4000000000000003,0.2,0.09523809523809523,-0.536912751677846,0.30769230769230754,-0.7777777777777781,-0.7499999999999997,0
13,-1.0454545454545452,0.39583333333333326,-0.7647058823529412,-0.8571428571428571,0.4499999999999996,0.13333333333333333,0.5,-1.1185682326622248,1.3846153846153826,-0.5555555555555556,-0.18749999999999936,0
172,0.04545454545454527,-0.4166666666666668,-0.2647058823529412,-0.2857142857142859,-0.35000000000000026,-0.5333333333333333,-0.47619047619047616,0.1789709172259321,-0.1025641025641025,-0.05555555555555562,-0.6250000000000001,1
1471,0.9545454545454539,0.708333333333333,-0.4411764705882354,-1.142857142857143,0.20000000000000015,-0.4,-0.3333333333333333,-0.4563758389261865,-2.2051282051282026,-0.8333333333333337,-0.31250000000000006,0
1421,-0.04545454545454568,0.041666666666666706,-0.7352941176470589,-0.8571428571428571,-0.1500000000000001,-0.7333333333333333,-0.4523809523809524,-0.8053691275167939,-0.7692307692307676,-0.8888888888888891,-0.24999999999999917,0
902,-0.22727272727272715,0.47916666666666663,-0.4705882352941177,0.28571428571428525,0.0,0.13333333333333333,-0.11904761904761904,0.25055928411633477,1.3846153846153826,0.38888888888888873,0.375000000000001,1
139,-0.04545454545454568,0.16666666666666682,-0.20588235294117652,-0.14285714285714296,0.05000000000000004,0.06666666666666667,1.5952380952380953,-0.2684563758389478,0.1025641025641025,-0.44444444444444436,-0.43749999999999967,0
550,0.4999999999999996,0.041666666666666706,0.6764705882352942,-0.4285714285714288,4.55,-0.5333333333333333,-0.30952380952380953,0.31319910514543087,-0.205128205128205,-0.05555555555555562,-0.49999999999999944,1
1139,-0.18181818181818188,-0.45833333333333354,-0.32352941176470595,2.1428571428571423,1.1999999999999995,1.0,1.3333333333333333,0.4742729306487499,-0.8717948717948701,-0.2222222222222225,-0.6874999999999999,0
963,-0.5909090909090909,0.20833333333333307,-0.7058823529411766,-0.14285714285714296,1.7499999999999998,-0.5333333333333333,-0.5238095238095238,-0.11633109619688568,0.35897435897435764,0.38888888888888873,-0.43749999999999967,0
1284,0.363636363636363,0.4583333333333333,0.05882352941176476,0.7142857142857141,0.7999999999999998,0.2,0.7380952380952381,0.2416107382550282,-0.2564102564102574,0.05555555555555562,0.0,1
559,1.3636363636363629,0.041666666666666706,0.6764705882352942,3.428571428571427,1.8999999999999992,-0.26666666666666666,-0.5,1.521252796420572,-1.2307692307692302,-0.33333333333333315,0.9375000000000002,1
140,-0.04545454545454568,0.16666666666666682,-0.20588235294117652,-0.2857142857142859,0.05000000000000004,0.2,1.6666666666666667,-0.2684563758389478,0.051282051282050115,-0.44444444444444436,-0.43749999999999967,0
1393,-0.36363636363636376,0.4166666666666666,-0.5882352941176472,-1.2857142857142856,-0.49999999999999967,-0.6,-0.6190476190476191,-1.1633109619687079,-0.7179487179487175,-0.7777777777777781,-0.24999999999999917,0
994,-0.36363636363636376,-0.75,0.05882352941176476,-0.2857142857142859,0.09999999999999522,1.1333333333333333,0.7142857142857143,0.06263982102909611,0.7179487179487175,-0.7777777777777781,-0.49999999999999944,0
225,0.22727272727272715,0.47916666666666663,0.2941176470588235,-0.2857142857142859,0.4499999999999996,0.06666666666666667,0.40476190476190477,0.29082774049213966,0.0,-0.2777777777777781,0.1250000000000007,0
1363,1.6818181818181808,-0.18750000000000017,0.41176470588235303,-1.142857142857143,0.5499999999999997,-0.5333333333333333,-0.23809523809523808,0.10738255033557914,-1.2307692307692302,0.16666666666666688,-0.10416666666668742,1
410,2.09090909090909,-0.25,0.6764705882352942,3.2857142857142847,-0.49999999999999967,0.8,0.2619047619047619,0.5816554809843291,-1.3333333333333326,-0.2777777777777781,-0.37499999999999983,0
326,0.9545454545454539,-0.1250000000000001,-0.17647058823529413,12.57142857142857,-0.4500000000000003,-0.06666666666666667,0.2857142857142857,2.102908277404951,-0.7692307692307676,0.38888888888888873,-0.6250000000000001,1
1157,0.27272727272727243,-1.4166666666666667,0.7352941176470589,-0.6428571428571429,-0.4500000000000003,2.066666666666667,1.1904761904761905,-0.6979865771812147,0.1025641025641025,0.7777777777777781,1.000000000000001,1
300,-0.4545454545454543,0.6250000000000001,-0.5882352941176472,-0.14285714285714296,0.0,-0.4,-0.11904761904761904,0.7382550335570196,1.8974358974358951,0.5,-0.37499999999999983,0
1007,0.5454545454545449,-0.9583333333333335,0.20588235294117652,-0.21428571428571475,-0.8499999999999999,-0.06666666666666667,-0.2619047619047619,-0.7337807606263912,-0.2564102564102574,1.2222222222222225,0.9375000000000002,1
1553,-0.7272727272727272,0.6666666666666669,-0.7352941176470589,2.1428571428571423,1.1499999999999995,1.2,0.38095238095238093,-0.42058165548101,1.0256410256410229,0.2222222222222225,0.687500000000001,1
756,-0.04545454545454568,1.6250000000000002,-0.5588235294117647,-0.4285714285714288,-1.100000000000005,0.5333333333333333,0.21428571428571427,-0.6935123042505863,1.0256410256410229,-1.055555555555556,0.31250000000000006,1
194,-0.13636363636363663,0.1250000000000001,-0.14705882352941183,0.0,-0.4500000000000003,-0.4666666666666667,-0.23809523809523808,-0.1789709172259818,-0.1538461538461549,-0.38888888888888873,-0.31250000000000006,0
1202,0.0,-0.75,0.2941176470588235,-0.4285714285714288,-0.7499999999999998,-0.6,-0.6666666666666666,-1.1677852348993363,-0.205128205128205,-0.44444444444444436,0.6250000000000001,1
574,1.181818181818181,0.29166666666666646,0.6764705882352942,-0.14285714285714296,-0.49999999999999967,0.0,0.21428571428571427,1.029082774049209,-0.05128205128205239,-0.33333333333333315,-0.37499999999999983,0
504,1.181818181818181,-1.0833333333333335,0.6176470588235293,-0.4285714285714288,-0.10000000000000007,-0.5333333333333333,-0.3333333333333333,0.3579418344519139,-0.6666666666666652,2.3333333333333344,0.4375000000000008,1
1427,-0.09090909090909094,-1.2083333333333335,0.3235294117647059,-0.5714285714285715,-1.6999999999999997,0.6,0.5238095238095238,0.13422818791944907,0.5128205128205126,0.5,1.1875000000000004,1
4,1.499999999999999,-1.0,0.8823529411764708,-0.4285714285714288,-0.25000000000000017,0.2,0.5238095238095238,0.536912751677846,-0.7692307692307676,-0.2222222222222225,-0.24999999999999917,1
844,-0.36363636363636376,0.6875000000000002,0.2647058823529411,-0.2857142857142859,0.3999999999999996,-0.3333333333333333,1.2857142857142858,-0.2237136465324648,-0.1538461538461549,0.0,-0.49999999999999944,0
468,0.40909090909090906,-0.25,0.5588235294117647,0.5714285714285712,-0.7499999999999998,-0.4666666666666667,-0.47619047619047616,-0.9395973154362429,0.051282051282050115,0.944444444444445,2.375000000000001,1
322,0.6363636363636362,0.3749999999999999,0.0,1.7142857142857135,0.49999999999999967,0.7333333333333333,1.1666666666666667,1.3199105145413983,-0.35897435897435764,0.0,-0.31250000000000006,0
6,-0.22727272727272715,0.5833333333333334,-0.7647058823529412,-0.5714285714285715,-0.25000000000000017,-0.06666666666666667,0.047619047619047616,0.44742729306487994,1.0256410256410229,-0.33333333333333315,-0.49999999999999944,0
223,-0.5,0.3749999999999999,-0.6470588235294118,-1.0,-1.1499999999999997,-0.6,-0.6666666666666666,-0.6935123042505863,0.5641025641025627,-0.11111111111111124,-0.43749999999999967,0
548,1.2272727272727264,-0.8750000000000001,0.6764705882352942,0.4285714285714282,-0.6499999999999998,-0.5333333333333333,-0.40476190476190477,0.8501118568232768,-0.2564102564102574,1.3333333333333337,0.31250000000000006,1
846,-0.6818181818181814,0.5,-0.14705882352941183,-0.5714285714285715,0.05000000000000004,0.0,-0.16666666666666666,0.0402684563758546,1.4358974358974328,0.2222222222222225,-0.24999999999999917,0
40,-0.2727272727272728,-0.2916666666666667,0.2941176470588235,5.285714285714285,-0.3000000000000002,-0.13333333333333333,1.1666666666666667,0.44742729306487994,0.1025641025641025,1.166666666666667,0.1875000000000005,0
543,0.6363636363636362,0.8124999999999998,-0.05882352941176476,-0.14285714285714296,-0.49999999999999967,-0.6,-0.42857142857142855,-0.08948545861296606,-0.9743589743589727,-0.16666666666666688,-0.18749999999999936,0
243,-0.09090909090909094,0.24999999999999978,-0.4705882352941177,-0.5714285714285715,1.0999999999999994,0.9333333333333333,1.6904761904761905,-0.5145413870246045,-1.1794871794871777,-0.7222222222222225,-0.24999999999999917,1
137,0.18181818181818188,0.8124999999999998,-0.32352941176470595,-0.5714285714285715,0.4499999999999996,-0.26666666666666666,0.3333333333333333,0.0,-0.41025641025641,0.8333333333333337,-0.43749999999999967,0
1262,-0.7272727272727272,2.0833333333333335,-0.7647058823529412,-0.2857142857142859,0.1500000000000001,0.2,-0.3333333333333333,-1.0872483221476767,1.4358974358974328,-0.38888888888888873,0.6250000000000001,0
678,0.3181818181818177,1.1666666666666667,-0.4411764705882354,0.14285714285714232,0.20000000000000015,-0.13333333333333333,-0.16666666666666666,0.492170022371363,0.4615384615384601,-0.7777777777777781,-0.18749999999999936,0
874,0.5454545454545449,-1.291666666666667,0.3235294117647059,-0.8571428571428571,-0.6499999999999998,-0.5333333333333333,-0.6666666666666666,-0.5727069351230721,-0.41025641025641,-0.2222222222222225,0.5625000000000003,1
922,0.22727272727272715,-0.6666666666666669,0.17647058823529413,0.0,0.05000000000000004,1.2,0.9761904761904762,-0.1789709172259818,-0.05128205128205239,0.5555555555555556,0.5000000000000006,1
1133,-0.22727272727272715,-0.6666666666666669,0.2352941176470589,-0.5714285714285715,-0.25000000000000017,0.26666666666666666,0.0,-1.5659955257271048,0.35897435897435764,1.444444444444445,2.125000000000001,1
850,-0.6818181818181814,0.4583333333333333,-0.14705882352941183,-0.8571428571428571,0.0,-0.13333333333333333,-0.14285714285714285,0.0402684563758546,1.3846153846153826,0.2222222222222225,-0.24999999999999917,0
1457,-0.8636363636363634,0.08333333333333341,-0.5882352941176472,-0.5714285714285715,-1.4999999999999996,1.6,1.2142857142857142,-1.986577181208065,-0.05128205128205239,-0.6666666666666669,0.21875000000000094,1
582,1.9999999999999991,-0.08333333333333341,0.6764705882352942,0.0,0.4499999999999996,-0.6,-0.5714285714285714,1.521252796420572,-0.6153846153846151,-1.0000000000000002,-0.37499999999999983,0
1573,-0.2727272727272728,0.708333333333333,0.17647058823529413,0.0,-0.5499999999999997,1.4,1.5714285714285714,-0.21476510067115828,0.1025641025641025,-0.6111111111111113,-0.43749999999999967,0
662,-0.18181818181818188,-0.4166666666666668,0.14705882352941174,-0.8571428571428571,0.0,0.06666666666666667,0.09523809523809523,0.44742729306487994,0.0,0.11111111111111124,-0.7499999999999997,0
1238,-0.36363636363636376,0.9583333333333333,-0.7352941176470589,0.0,-1.05,-0.2,-0.47619047619047616,-1.959731543624195,0.41025641025641,-1.2222222222222225,1.6250000000000013,1
1480,0.13636363636363583,-1.0,1.0,1.1428571428571423,1.1999999999999995,-0.26666666666666666,-0.38095238095238093,0.6621923937359886,0.41025641025641,0.33333333333333376,0.2500000000000003,0
377,1.6363636363636354,-0.2916666666666667,0.7058823529411765,1.1428571428571423,-0.10000000000000007,0.3333333333333333,0.21428571428571427,1.565995525727055,-0.2564102564102574,2.7222222222222237,0.5000000000000006,1
315,-0.22727272727272715,-0.6666666666666669,0.08823529411764698,0.5714285714285712,0.34999999999999953,0.8,0.8095238095238095,-0.15659955257274027,0.41025641025641,0.33333333333333376,0.5000000000000006,0
443,3.499999999999998,0.6875000000000002,1.4705882352941178,2.1428571428571423,1.0,-0.5333333333333333,0.11904761904761904,2.8635346756152615,-1.846153846153843,0.33333333333333376,0.6250000000000001,1
320,0.772727272727272,1.0416666666666667,-0.41176470588235303,0.9999999999999993,0.09999999999999522,1.0666666666666667,0.8571428571428571,0.8277404921700354,-0.05128205128205239,0.11111111111111124,0.1250000000000007,1
1493,-0.7727272727272725,0.5416666666666667,-0.5882352941176472,-0.8571428571428571,-1.4999999999999996,-0.5333333333333333,-0.47619047619047616,-1.4854586129753955,1.3333333333333304,-0.44444444444444436,1.0937500000000002,0
1054,0.18181818181818188,-0.7916666666666667,0.47058823529411764,0.14285714285714232,-0.49999999999999967,-0.3333333333333333,-0.42857142857142855,-1.1364653243847882,0.35897435897435764,0.8333333333333337,1.5625000000000004,1
1536,-0.40909090909090906,0.1250000000000001,-0.3823529411764706,0.0,-0.25000000000000017,0.06666666666666667,-0.07142857142857142,-0.40268456375839695,0.2564102564102551,-0.16666666666666688,-0.31250000000000006,1
554,-1.3181818181818177,2.166666666666667,-0.05882352941176476,-0.8571428571428571,-1.4999999999999996,1.2,1.380952380952381,-1.5212527964206217,2.2051282051282026,0.0,0.8125000000000007,0
595,0.0,0.8333333333333331,-0.2647058823529412,0.5714285714285712,0.7999999999999998,0.4,0.0,0.44742729306487994,0.4615384615384601,-0.5,-0.43749999999999967,0
945,0.18181818181818188,-0.9166666666666669,0.6764705882352942,2.2857142857142847,0.49999999999999967,-0.2,-0.3333333333333333,-0.8143176733781003,-0.205128205128205,0.11111111111111124,1.1875000000000004,1
893,0.9999999999999992,-0.2916666666666667,-0.08823529411764706,-0.4285714285714288,0.09999999999999522,-0.26666666666666666,-0.47619047619047616,0.4205816554809603,-0.4615384615384601,0.16666666666666688,-0.5624999999999992,1
1550,-0.22727272727272715,-0.6666666666666669,0.11764705882352937,-0.5714285714285715,-0.3000000000000002,0.2,-0.3333333333333333,-1.1677852348993363,-0.35897435897435764,0.44444444444444436,0.7500000000000009,1
840,-0.8636363636363634,-0.08333333333333341,-0.6470588235294118,0.0,0.5999999999999998,-0.06666666666666667,-0.2857142857142857,-0.14765100671143375,0.7692307692307676,-0.8333333333333337,-0.12499999999999958,0
228,0.4999999999999996,1.2499999999999998,-0.35294117647058826,0.5714285714285712,0.4499999999999996,-0.3333333333333333,-0.35714285714285715,0.7158836689037781,0.41025641025641,0.05555555555555562,-0.24999999999999917,0
1138,1.1363636363636358,0.0,0.5588235294117647,-0.2857142857142859,0.0,-0.5333333333333333,-0.5952380952380952,0.4205816554809603,-0.4615384615384601,0.7777777777777781,0.7500000000000009,1
919,0.22727272727272715,-0.6666666666666669,0.17647058823529413,0.0,0.05000000000000004,1.2,0.9761904761904762,-0.1789709172259818,-0.05128205128205239,0.5555555555555556,0.5000000000000006,1
1433,-0.9090909090909086,-0.3333333333333334,-0.7647058823529412,-0.8571428571428571,-1.8999999999999997,-0.7333333333333333,-0.6428571428571429,-1.0738255033557418,0.8717948717948701,1.2777777777777781,0.9375000000000002,1
775,0.0,-0.5,0.11764705882352937,-0.5714285714285715,3.849999999999999,-0.8,0.16666666666666666,0.21029082774048016,0.0,1.6111111111111118,-0.43749999999999967,1
67,-0.18181818181818188,0.0,-0.4411764705882354,-1.0,-0.05000000000000004,-0.2,0.023809523809523808,0.0,0.5641025641025627,-0.2222222222222225,-0.37499999999999983,0
394,0.22727272727272715,0.6041666666666667,1.0294117647058825,-0.2857142857142859,1.5999999999999948,-0.06666666666666667,1.3571428571428572,0.08948545861296606,-0.7692307692307676,-0.44444444444444436,-0.6874999999999999,0
580,1.2272727272727264,-0.8750000000000001,0.6764705882352942,0.0,-0.8499999999999999,0.26666666666666666,0.047619047619047616,0.3579418344519139,-0.8717948717948701,-0.6111111111111113,-0.24999999999999917,1
25,-0.4545454545454543,-0.5,-0.35294117647058826,0.28571428571428525,0.25000000000000017,0.4666666666666667,0.047619047619047616,0.0,0.6153846153846151,0.05555555555555562,-0.31250000000000006,1
212,0.04545454545454527,0.8541666666666665,-0.05882352941176476,0.8571428571428564,0.1500000000000001,-0.26666666666666666,0.5714285714285714,0.022371364653241514,0.205128205128205,-0.33333333333333315,-0.12499999999999958,1
1233,-0.13636363636363663,-0.3750000000000001,0.08823529411764698,-0.14285714285714296,-0.25000000000000017,0.3333333333333333,0.6666666666666666,0.17002237136462559,0.4615384615384601,0.11111111111111124,-0.43749999999999967,0
1193,-0.3181818181818181,-1.1250000000000002,0.3235294117647059,0.4285714285714282,-0.8499999999999999,-0.2,0.07142857142857142,-1.0782997762863702,1.076923076923075,1.0000000000000007,1.3750000000000009,1
537,0.9090909090909086,0.4583333333333333,-0.05882352941176476,0.28571428571428525,-0.1500000000000001,-0.5333333333333333,-0.11904761904761904,0.26845637583889814,-1.1282051282051275,-0.2777777777777781,-0.49999999999999944,0
837,-0.5454545454545453,-1.0,0.05882352941176476,0.28571428571428525,-3.3999999999999995,1.4666666666666666,1.4761904761904763,-2.7561521252796823,-0.2564102564102574,-1.2777777777777781,0.9375000000000002,1
744,1.6818181818181808,-0.45833333333333354,0.9411764705882353,0.8571428571428564,0.7999999999999998,0.7333333333333333,1.5,1.539149888143185,-0.9230769230769226,-0.5,-0.12499999999999958,0
86,-0.4545454545454543,0.1250000000000001,-0.32352941176470595,0.0,-0.20000000000000015,0.3333333333333333,0.047619047619047616,-0.31319910514543087,0.5128205128205126,-0.16666666666666688,-0.06249999999999979,0
1440,-0.2727272727272728,0.6250000000000001,-0.7058823529411766,0.0,-0.4000000000000003,1.1333333333333333,1.2857142857142858,-0.5100671140939761,0.051282051282050115,0.33333333333333376,0.5416666666666871,1
273,1.3636363636363629,-0.6250000000000001,0.9411764705882353,2.5714285714285707,-0.4500000000000003,0.2,0.6428571428571429,1.1409395973154166,-0.4615384615384601,0.8888888888888894,-0.06249999999999979,0
1034,-0.18181818181818188,0.20833333333333307,-0.5294117647058824,0.5714285714285712,0.4499999999999996,0.0,-0.2619047619047619,-0.3937360178970904,-0.05128205128205239,-0.16666666666666688,0.1250000000000007,1
887,0.4999999999999996,1.1666666666666667,-0.41176470588235303,0.28571428571428525,0.1500000000000001,-0.4,-0.23809523809523808,0.6979865771812147,0.1025641025641025,0.16666666666666688,0.1250000000000007,1
1447,-0.4545454545454543,0.4583333333333333,-0.7058823529411766,-0.4285714285714288,-0.10000000000000007,0.26666666666666666,-0.19047619047619047,0.14317673378075563,0.4615384615384601,0.7222222222222225,-0.24999999999999917,0
1442,-0.22727272727272715,1.1041666666666667,-0.20588235294117652,4.285714285714285,0.6999999999999998,0.3333333333333333,1.4285714285714286,0.14765100671138406,-0.7692307692307676,-0.5555555555555556,-0.39583333333333093,1
1094,0.5909090909090902,-0.8750000000000001,0.2941176470588235,0.0,-0.05000000000000004,-0.2,-0.16666666666666666,-0.29082774049218935,0.1025641025641025,1.3333333333333337,1.1250000000000007,1
1491,-0.36363636363636376,-1.2500000000000002,0.6764705882352942,-0.5714285714285715,-2.05,-0.4,-0.47619047619047616,-1.5033557046980086,0.41025641025641,-0.33333333333333315,1.3750000000000009,1
506,1.0454545454545445,-0.1250000000000001,1.0882352941176472,0.9999999999999993,-0.4000000000000003,-0.26666666666666666,-0.2857142857142857,0.0,-0.7692307692307676,0.8888888888888894,1.4375000000000007,1
274,0.22727272727272715,0.8124999999999998,-0.17647058823529413,0.28571428571428525,-0.20000000000000015,-0.26666666666666666,0.0,0.24608501118565665,0.0,0.11111111111111124,-0.49999999999999944,0
813,1.3181818181818177,-0.2916666666666667,0.20588235294117652,0.4285714285714282,0.95,0.4,0.0,0.6174496644295056,-0.35897435897435764,0.5,0.375000000000001,0
363,1.8181818181818172,0.24999999999999978,1.1764705882352944,0.4285714285714282,-0.4000000000000003,-0.5333333333333333,-0.023809523809523808,1.073825503355692,-1.3333333333333326,-0.33333333333333315,-0.12499999999999958,0
623,0.9545454545454539,0.24999999999999978,-0.11764705882352945,-0.4285714285714288,0.0,-0.3333333333333333,-0.14285714285714285,0.26845637583889814,-0.9230769230769226,-0.38888888888888873,-0.43749999999999967,0
3,-0.04545454545454568,1.0,-0.6470588235294118,0.14285714285714232,0.5999999999999998,0.06666666666666667,0.38095238095238093,0.08948545861296606,-0.2564102564102574,0.16666666666666688,-0.24999999999999917,0
7,0.0,0.3333333333333332,-0.5882352941176472,-0.8571428571428571,-0.5499999999999997,0.06666666666666667,0.5,-0.1789709172259818,-0.05128205128205239,-0.8888888888888891,-0.49999999999999944,0
1079,0.3181818181818177,-0.6250000000000001,1.147058823529412,5.999999999999999,0.0,-0.7333333333333333,-0.7142857142857143,0.6129753914988771,-0.205128205128205,-0.2222222222222225,0.5000000000000006,0
745,1.4545454545454535,-0.5416666666666667,0.8235294117647061,0.7142857142857141,0.7499999999999998,0.4666666666666667,1.5,1.476510067114089,-0.9230769230769226,-0.6111111111111113,-0.43749999999999967,0
666,0.6818181818181814,0.29166666666666646,-0.35294117647058826,-0.2857142857142859,0.20000000000000015,0.7333333333333333,0.23809523809523808,0.5816554809843291,-0.8717948717948701,-0.33333333333333315,-0.31250000000000006,0
365,2.227272727272726,0.39583333333333326,1.1764705882352944,5.1428571428571415,0.1500000000000001,-0.4666666666666667,0.09523809523809523,2.416107382550332,-1.2307692307692302,0.6111111111111113,-0.12499999999999958,1
1576,-0.18181818181818188,0.0,0.41176470588235303,0.0,-1.0,-0.13333333333333333,-0.42857142857142855,-0.9217002237136795,-0.2564102564102574,0.11111111111111124,1.000000000000001,1
216,-0.40909090909090906,-0.1250000000000001,0.6764705882352942,4.857142857142855,-1.0,0.8,1.9761904761904763,0.26845637583889814,0.15384615384615263,0.7777777777777781,0.1875000000000005,0
1581,-0.22727272727272715,-0.7083333333333335,0.20588235294117652,0.28571428571428525,-0.5999999999999998,-0.3333333333333333,-0.2857142857142857,-0.9395973154362429,0.2564102564102551,-0.11111111111111124,1.0625000000000009,1
28,0.0,-0.3750000000000001,-0.14705882352941183,-0.8571428571428571,1.2999999999999996,-0.26666666666666666,-0.023809523809523808,-0.08948545861296606,-0.7179487179487175,1.6111111111111118,-0.43749999999999967,0
1146,0.13636363636363583,-1.3333333333333335,0.5,0.4285714285714282,-0.20000000000000015,1.1333333333333333,0.30952380952380953,-0.035794183445176486,1.1282051282051253,1.0555555555555562,0.1250000000000007,1
988,-0.36363636363636376,-0.6666666666666669,0.11764705882352937,-0.8571428571428571,0.0,1.4,0.7619047619047619,0.058165548098418,0.6666666666666652,-0.6666666666666669,-0.49999999999999944,0
1463,-0.5,0.5,-0.6764705882352942,0.14285714285714232,-0.25000000000000017,0.0,-0.16666666666666666,-0.6040268456376202,0.2564102564102551,-0.2222222222222225,0.1250000000000007,1
1586,-0.3181818181818181,-0.5416666666666667,0.5294117647058824,0.5714285714285712,-0.6999999999999998,0.5333333333333333,0.23809523809523808,-0.8322147651006638,-0.05128205128205239,1.2222222222222225,0.8125000000000007,1
639,-0.09090909090909094,1.6458333333333335,-0.41176470588235303,0.0,3.1499999999999986,-0.4666666666666667,-0.35714285714285715,-0.1789709172259818,0.205128205128205,0.16666666666666688,0.0,1
848,-0.22727272727272715,0.6666666666666669,-0.2941176470588236,-0.5714285714285715,-0.10000000000000007,-0.13333333333333333,0.023809523809523808,0.40268456375839695,0.9743589743589727,0.44444444444444436,-0.18749999999999936,1
719,0.22727272727272715,0.16666666666666682,-0.6470588235294118,-0.2857142857142859,0.09999999999999522,-0.26666666666666666,-0.38095238095238093,0.3579418344519139,-0.4615384615384601,-1.0000000000000002,-0.37499999999999983,0
692,0.5909090909090902,1.6666666666666667,-0.05882352941176476,0.5714285714285712,0.34999999999999953,-0.13333333333333333,1.3095238095238095,1.3422818791946398,0.8717948717948701,-0.44444444444444436,-0.24999999999999917,0
939,-0.3181818181818181,-0.5833333333333334,0.35294117647058826,0.8571428571428564,-0.5999999999999998,0.6,0.09523809523809523,-1.449664429530219,0.15384615384615263,0.5555555555555556,1.687500000000001,1
625,-0.5,0.708333333333333,-0.7647058823529412,4.857142857142855,2.1999999999999993,0.4666666666666667,0.47619047619047616,1.2975391498881568,0.7692307692307676,0.5555555555555556,0.0,0
967,0.4999999999999996,-0.5833333333333334,0.4411764705882352,0.28571428571428525,1.1499999999999995,-0.5333333333333333,-0.6666666666666666,-0.3400447427293008,-0.9230769230769226,-0.2222222222222225,1.0625000000000009,1
257,0.6818181818181814,-0.75,0.3235294117647059,0.0,-0.25000000000000017,-0.6,-0.5952380952380952,0.536912751677846,-0.4615384615384601,0.0,-0.6250000000000001,0
337,0.4545454545454543,-0.3750000000000001,0.5588235294117647,-0.4285714285714288,-1.4,-0.5333333333333333,-0.5238095238095238,-0.8948545861297599,0.205128205128205,0.44444444444444436,1.4375000000000007,1
573,1.0454545454545445,-1.1666666666666667,0.6764705882352942,0.28571428571428525,-0.25000000000000017,-0.26666666666666666,-0.23809523809523808,0.44742729306487994,-0.8717948717948701,-0.05555555555555562,0.1250000000000007,0
48,0.363636363636363,-0.9583333333333335,0.7647058823529412,-0.8571428571428571,1.6499999999999997,-0.13333333333333333,-0.023809523809523808,0.04474272930648303,-0.30769230769230754,-0.2222222222222225,-0.43749999999999967,0
107,-0.04545454545454568,-0.45833333333333354,1.235294117647059,-0.7142857142857144,19.349999999999998,0.26666666666666666,0.7380952380952381,0.22371364653241513,-1.1794871794871777,3.833333333333335,-0.5624999999999992,0
350,0.5454545454545449,1.1041666666666667,-0.7647058823529412,0.5714285714285712,0.6499999999999998,-0.2,-0.23809523809523808,1.1633109619686581,0.2564102564102551,1.3333333333333337,-0.49999999999999944,1
56,-0.09090909090909094,0.4166666666666666,-0.6470588235294118,2.2857142857142847,0.20000000000000015,0.7333333333333333,0.16666666666666666,0.44742729306487994,0.15384615384615263,-0.5,-0.43749999999999967,0
917,-1.1818181818181814,0.8124999999999998,-0.20588235294117652,-1.0,4.049999999999999,-0.4666666666666667,0.5714285714285714,-1.2751677852349153,1.5897435897435876,-0.05555555555555562,0.5000000000000006,0
214,0.13636363636363583,0.20833333333333307,0.0,0.0,-1.0,0.9333333333333333,0.6428571428571429,-0.40268456375839695,-0.05128205128205239,-1.055555555555556,-0.06249999999999979,0
121,-0.2727272727272728,2.291666666666667,-0.5000000000000001,-0.7142857142857144,4.899999999999999,-0.26666666666666666,1.2142857142857142,-0.2684563758389478,-0.05128205128205239,-0.2777777777777781,-0.7499999999999997,0
991,-0.09090909090909094,-0.5416666666666667,-0.41176470588235303,-0.7142857142857144,0.8499999999999951,0.3333333333333333,-0.2619047619047619,-0.37583892617452697,-0.7692307692307676,-0.7222222222222225,-0.49999999999999944,0
1006,-0.5,-0.6666666666666669,0.17647058823529413,-0.5714285714285715,-0.6499999999999998,-0.6666666666666666,-0.7142857142857143,-1.7897091722595198,0.2564102564102551,-0.38888888888888873,1.6250000000000013,1
73,-0.09090909090909094,0.708333333333333,-0.11764705882352945,-0.4285714285714288,0.20000000000000015,0.26666666666666666,1.3333333333333333,-0.31319910514543087,0.0,-0.7777777777777781,-0.43749999999999967,0
1384,0.04545454545454527,0.3333333333333332,-0.11764705882352945,-0.14285714285714296,0.0,0.7333333333333333,1.5952380952380953,-0.2997762863534959,-0.05128205128205239,-0.7222222222222225,-0.18749999999999936,0
882,-0.13636363636363663,0.8124999999999998,-0.7647058823529412,-0.14285714285714296,-0.5999999999999998,1.0666666666666667,-0.07142857142857142,-0.6577181208053601,0.8717948717948701,0.16666666666666688,0.7500000000000009,1
811,-0.2727272727272728,-0.1250000000000001,-0.4705882352941177,0.5714285714285712,-0.5999999999999998,-0.6666666666666666,-0.5714285714285714,-0.5279642058165891,-0.05128205128205239,-0.8333333333333337,0.1875000000000005,0
46,-1.4999999999999996,0.0,-0.32352941176470595,-0.14285714285714296,-1.2999999999999998,-0.4,0.6428571428571429,-1.5212527964206217,3.0256410256410207,-0.33333333333333315,1.8125000000000007,0
1345,1.6363636363636354,-0.4166666666666668,0.6470588235294118,0.5714285714285712,-0.1500000000000001,-0.4,-0.42857142857142855,0.7695749440715677,-1.1282051282051275,-0.5,0.5000000000000006,0
524,0.6363636363636362,-0.5,0.6764705882352942,0.4285714285714282,0.25000000000000017,1.6,2.4761904761904763,0.44742729306487994,-0.4615384615384601,-0.38888888888888873,-0.49999999999999944,0
990,0.8181818181818173,-0.9375000000000002,0.41176470588235303,-1.0,-0.35000000000000026,0.0,-0.40476190476190477,-0.5548098434004591,-0.8717948717948701,-0.6111111111111113,0.4375000000000008,1
894,-0.3181818181818181,0.5833333333333334,-0.6764705882352942,0.14285714285714232,-0.10000000000000007,0.13333333333333333,1.1428571428571428,0.28187919463088285,1.1282051282051253,-0.2777777777777781,-0.31250000000000006,0
985,1.954545454545453,-0.2916666666666667,0.6764705882352942,-1.142857142857143,-0.25000000000000017,-0.7333333333333333,-0.7619047619047619,0.04474272930648303,-0.9230769230769226,0.05555555555555562,0.1250000000000007,0
900,0.18181818181818188,2.0833333333333335,-0.7058823529411766,1.7142857142857135,0.20000000000000015,-0.5333333333333333,-0.6428571428571429,0.9485458612975495,0.8717948717948701,-0.7222222222222225,0.5000000000000006,0
534,1.0909090909090906,-1.0416666666666667,-0.05882352941176476,-0.14285714285714296,-0.4000000000000003,0.06666666666666667,-0.11904761904761904,-0.536912751677846,-0.4615384615384601,0.2222222222222225,1.6250000000000013,1
1380,-0.18181818181818188,0.20833333333333307,-0.7058823529411766,0.5714285714285712,-0.1500000000000001,-0.2,-0.07142857142857142,-0.5503355704698306,0.2564102564102551,0.0,0.375000000000001,1
604,2.4090909090909074,-0.25,0.7647058823529412,0.0,-0.4500000000000003,-0.13333333333333333,-0.07142857142857142,1.7002237136465042,-1.076923076923075,-0.33333333333333315,-0.7499999999999997,1
466,0.9545454545454539,-0.9583333333333335,0.41176470588235303,0.9999999999999993,0.8999999999999999,-0.26666666666666666,-0.2857142857142857,1.7002237136465042,0.8717948717948701,1.6111111111111118,-0.31250000000000006,0
924,-0.5,-0.45833333333333354,0.14705882352941174,9.428571428571427,0.20000000000000015,0.8,0.16666666666666666,0.6442953020134251,0.35897435897435764,0.11111111111111124,-0.06249999999999979,1
1360,1.6818181818181808,-0.18750000000000017,0.41176470588235303,-1.142857142857143,0.5499999999999997,-0.5333333333333333,-0.23809523809523808,0.10738255033557914,-1.2307692307692302,0.16666666666666688,-0.10416666666668742,1
880,-0.3181818181818181,0.3333333333333332,-0.6470588235294118,0.4285714285714282,-0.20000000000000015,0.26666666666666666,1.1904761904761905,0.29082774049213966,1.1282051282051253,-0.38888888888888873,-0.43749999999999967,0
61,0.40909090909090906,-0.5,0.41176470588235303,0.0,-0.05000000000000004,0.3333333333333333,0.3333333333333333,0.536912751677846,0.6666666666666652,0.11111111111111124,-0.6250000000000001,0
1008,0.5454545454545449,-0.9166666666666669,0.2352941176470589,-0.2857142857142859,-0.7999999999999998,-0.13333333333333333,-0.30952380952380953,-0.7337807606263912,-0.2564102564102574,1.2222222222222225,0.9375000000000002,1
93,0.3181818181818177,-0.1250000000000001,0.08823529411764698,-0.2857142857142859,1.4999999999999996,0.3333333333333333,2.261904761904762,0.1789709172259321,-1.9487179487179453,7.555555555555557,-0.24999999999999917,0
667,0.18181818181818188,-0.1250000000000001,0.2941176470588235,-0.5714285714285715,7.1,-0.5333333333333333,-0.5238095238095238,0.536912751677846,-0.6666666666666652,-0.11111111111111124,-0.43749999999999967,1
1595,-0.7727272727272725,0.3333333333333332,-0.5294117647058824,-0.2857142857142859,0.49999999999999967,1.2,0.14285714285714285,-0.8501118568232768,0.7179487179487175,-0.2222222222222225,0.1875000000000005,0
195,-0.13636363636363663,0.1250000000000001,-0.14705882352941183,0.0,-0.4500000000000003,-0.4666666666666667,-0.23809523809523808,-0.1789709172259818,-0.1538461538461549,-0.38888888888888873,-0.31250000000000006,0
281,1.5909090909090902,-1.0833333333333335,0.5294117647058824,1.9999999999999993,-0.4500000000000003,-0.5333333333333333,-0.4523809523809524,0.8053691275167939,-0.9743589743589727,1.1111111111111112,-0.5624999999999992,1
696,-1.2727272727272725,-0.20833333333333354,-0.7058823529411766,-1.2857142857142856,-2.2999999999999994,0.26666666666666666,0.14285714285714285,-2.102908277404951,3.0256410256410207,0.0,1.6250000000000013,1
360,2.136363636363635,-0.5833333333333334,1.1764705882352944,0.5714285714285712,0.3999999999999996,-0.26666666666666666,0.07142857142857142,1.8791946308724363,-0.7179487179487175,0.33333333333333376,-0.24999999999999917,1
932,-0.22727272727272715,0.3749999999999999,-0.7352941176470589,-0.2857142857142859,-0.3000000000000002,-0.06666666666666667,0.0,0.3042505592841243,0.8717948717948701,0.16666666666666688,-0.24999999999999917,0
868,-0.4545454545454543,-0.041666666666666706,-0.08823529411764706,-0.2857142857142859,-0.4000000000000003,-0.06666666666666667,-0.38095238095238093,-1.0827740492169986,0.4615384615384601,1.2222222222222225,0.6250000000000001,1
183,-0.3181818181818181,0.8749999999999999,-0.7058823529411766,0.4285714285714282,-0.20000000000000015,0.13333333333333333,0.09523809523809523,0.1789709172259321,0.6666666666666652,-0.5555555555555556,-0.5624999999999992,0
1089,1.6818181818181808,-0.45833333333333354,0.8235294117647061,-1.0,0.7499999999999998,0.5333333333333333,0.07142857142857142,0.24608501118565665,-1.4871794871794852,0.7777777777777781,-0.18749999999999936,1
1098,0.3181818181818177,0.0,0.35294117647058826,-1.0,0.7999999999999998,-0.6,-0.47619047619047616,-0.06263982102909611,-0.5641025641025627,-0.5555555555555556,-0.49999999999999944,0
43,-0.18181818181818188,-0.1250000000000001,-0.17647058823529413,0.5714285714285712,12.599999999999998,-0.4,-0.5714285714285714,0.0,-0.5128205128205126,1.5555555555555562,0.1875000000000005,1
747,0.13636363636363583,-0.75,0.35294117647058826,0.4285714285714282,0.0,-0.13333333333333333,0.4523809523809524,0.44742729306487994,-0.05128205128205239,-0.8333333333333337,-0.7499999999999997,1
126,0.4999999999999996,0.4166666666666666,-0.6470588235294118,-0.4285714285714288,3.299999999999999,0.8666666666666667,1.2380952380952381,0.7158836689037781,-0.7692307692307676,0.44444444444444436,-0.49999999999999944,0
205,-0.40909090909090906,-0.3750000000000001,0.2941176470588235,-0.8571428571428571,0.4499999999999996,0.0,-0.023809523809523808,-0.29082774049218935,0.15384615384615263,-0.33333333333333315,-0.6250000000000001,1
931,-0.5909090909090909,0.3749999999999999,-0.7352941176470589,-0.4285714285714288,0.0,-0.4,-0.30952380952380953,0.2953020134228178,1.9487179487179453,0.6111111111111113,0.1875000000000005,0
53,-0.5909090909090909,-0.08333333333333341,-0.6470588235294118,-0.14285714285714296,-0.5999999999999998,-0.5333333333333333,-0.5714285714285714,-0.5816554809843291,0.41025641025641,0.11111111111111124,-0.49999999999999944,1
1274,-0.18181818181818188,0.24999999999999978,-0.17647058823529413,-0.2857142857142859,-0.35000000000000026,1.3333333333333333,0.14285714285714285,-0.8322147651006638,-1.076923076923075,-1.055555555555556,-0.5624999999999992,0
546,0.5454545454545449,-0.20833333333333354,0.6764705882352942,0.5714285714285712,0.6999999999999998,1.6,1.619047619047619,0.6263982102908121,-1.1794871794871777,-0.16666666666666688,-0.6874999999999999,0
69,0.6363636363636362,-0.8333333333333334,0.9117647058823528,-0.2857142857142859,-0.3000000000000002,0.8666666666666667,0.6428571428571429,0.04474272930648303,-0.1538461538461549,0.944444444444445,0.31250000000000006,0
1019,0.04545454545454527,-1.4166666666666667,0.3235294117647059,-1.857142857142857,-1.5499999999999996,1.4666666666666666,1.6904761904761905,-3.0111856823266456,-2.15384615384615,-1.0000000000000002,1.5625000000000004,1
1458,-0.13636363636363663,-0.1250000000000001,0.20588235294117652,-0.4285714285714288,-0.3000000000000002,0.8666666666666667,1.119047619047619,0.116331096196836,0.5128205128205126,-0.2222222222222225,-0.7499999999999997,0
975,0.40909090909090906,-0.7916666666666667,0.4411764705882352,5.285714285714285,-0.35000000000000026,-0.4666666666666667,-0.5952380952380952,-0.0984340044742726,-0.05128205128205239,0.0,1.1875000000000004,1
1069,1.4545454545454535,-0.8750000000000001,0.7941176470588237,0.0,-1.0,-0.7333333333333333,-0.6666666666666666,-0.4832214765100564,-1.4871794871794852,1.166666666666667,0.4375000000000008,1
184,-0.5,0.3749999999999999,-0.17647058823529413,-0.5714285714285715,-0.1500000000000001,-0.2,0.6428571428571429,0.13422818791944907,1.1794871794871777,-0.2222222222222225,-0.5624999999999992,0
797,0.363636363636363,-0.25,0.14705882352941174,0.4285714285714282,2.2999999999999994,0.6666666666666666,0.6190476190476191,0.2953020134228178,-1.076923076923075,0.6666666666666669,-0.37499999999999983,0
133,-1.0454545454545452,-0.08333333333333341,-0.5000000000000001,0.14285714285714232,-1.5499999999999996,0.2,1.4523809523809523,-1.3870246085011229,1.6410256410256379,0.05555555555555562,1.7500000000000009,0
81,-0.7727272727272725,-0.2916666666666667,-0.17647058823529413,-0.8571428571428571,-0.5499999999999997,-0.7333333333333333,-0.5476190476190477,-0.44742729306487994,0.5128205128205126,-0.33333333333333315,-0.6250000000000001,0
1290,-0.40909090909090906,0.3333333333333332,0.11764705882352937,3.2857142857142847,-0.5999999999999998,0.4,1.7142857142857142,1.0469798657718221,-0.05128205128205239,3.0555555555555562,0.0,0
106,0.09090909090909054,0.2291666666666664,-0.11764705882352945,-0.14285714285714296,-0.1500000000000001,-0.13333333333333333,0.6428571428571429,-0.04474272930648303,-0.1025641025641025,-0.6111111111111113,-0.6250000000000001,0
1237,-0.04545454545454568,0.1250000000000001,-0.7647058823529412,-0.7142857142857144,-0.49999999999999967,-0.4666666666666667,-0.5,-0.09395973154364416,-0.2564102564102574,0.11111111111111124,-0.49999999999999944,1
542,0.7272727272727267,-0.25,0.6764705882352942,5.857142857142855,-0.7999999999999998,-0.6,-0.5,0.8948545861297599,-0.5128205128205126,0.6111111111111113,0.5000000000000006,1
833,1.1363636363636358,-0.3333333333333334,0.47058823529411764,-1.0,3.2499999999999987,1.3333333333333333,0.23809523809523808,0.6800894854586016,0.35897435897435764,1.3333333333333337,-0.18749999999999936,0
481,1.2272727272727264,-1.0,0.3823529411764706,18.999999999999996,-0.5499999999999997,-0.5333333333333333,-0.35714285714285715,2.595078299776264,-0.9743589743589727,0.2222222222222225,-0.6250000000000001,0
166,-0.04545454545454568,0.4583333333333333,0.6470588235294118,-0.7142857142857144,1.0,0.0,1.380952380952381,-0.31319910514543087,-0.6153846153846151,0.0,-0.43749999999999967,0
249,-0.09090909090909094,0.041666666666666706,-0.5882352941176472,-0.7142857142857144,-0.3000000000000002,-0.3333333333333333,0.023809523809523808,-0.29082774049218935,0.205128205128205,-0.7777777777777781,-0.24999999999999917,1
308,1.0909090909090906,-0.45833333333333354,0.47058823529411764,0.28571428571428525,6.6499999999999995,-0.5333333333333333,-0.5714285714285714,1.1633109619686581,-0.6153846153846151,0.0,-0.43749999999999967,1
447,2.09090909090909,-0.5833333333333334,1.0,0.5714285714285712,0.05000000000000004,1.1333333333333333,0.8095238095238095,1.2527964205816737,-1.076923076923075,0.6111111111111113,0.1875000000000005,0
335,0.0,0.5416666666666667,-0.7352941176470589,0.4285714285714282,-0.10000000000000007,0.2,0.0,-0.2237136465324648,0.15384615384615263,0.6666666666666669,0.9375000000000002,1
1254,0.0,0.5833333333333334,-0.7647058823529412,-1.142857142857143,0.7999999999999998,-0.5333333333333333,-0.5952380952380952,-0.49664429530204107,0.6153846153846151,-0.2222222222222225,-0.43749999999999967,0
98,-0.40909090909090906,-0.08333333333333341,-0.02941176470588238,-0.2857142857142859,-0.49999999999999967,-0.7333333333333333,-0.38095238095238093,-0.2237136465324648,-0.30769230769230754,0.05555555555555562,-0.6250000000000001,0
859,1.727272727272726,-1.0,0.6176470588235293,-0.7142857142857144,-1.2999999999999998,0.2,-0.14285714285714285,0.026845637583869948,-0.82051282051282,0.2777777777777781,0.2500000000000003,1
738,0.13636363636363583,0.29166666666666646,-0.7647058823529412,0.4285714285714282,0.6499999999999998,0.3333333333333333,0.47619047619047616,1.521252796420572,0.9743589743589727,0.16666666666666688,-0.5624999999999992,1
1092,0.0,-0.75,0.47058823529411764,-0.2857142857142859,0.2999999999999995,-0.4,-0.4523809523809524,-0.5995525727069422,0.205128205128205,-0.11111111111111124,0.7500000000000009,1
422,-0.5909090909090909,1.3333333333333333,-0.6764705882352942,0.14285714285714232,-1.05,1.2,0.23809523809523808,-0.7158836689038278,1.076923076923075,-0.33333333333333315,1.312500000000001,1
103,0.09090909090909054,0.10416666666666677,-0.2352941176470589,-0.4285714285714288,0.0,-0.06666666666666667,-0.07142857142857142,0.1789709172259321,-0.05128205128205239,-0.16666666666666688,-0.7499999999999997,1
435,1.1363636363636358,-0.45833333333333354,0.8529411764705884,1.4285714285714282,-0.20000000000000015,0.5333333333333333,0.38095238095238093,1.2527964205816737,-0.82051282051282,1.5000000000000007,-0.18749999999999936,1
75,0.8181818181818173,-0.8333333333333334,0.8235294117647061,0.4285714285714282,0.6999999999999998,0.9333333333333333,1.0714285714285714,0.7158836689037781,-0.1538461538461549,1.1111111111111112,-0.37499999999999983,0
1441,-0.3181818181818181,-0.6250000000000001,0.17647058823529413,-0.2857142857142859,-0.8999999999999999,0.06666666666666667,-0.23809523809523808,-0.9395973154362429,-0.41025641025641,0.6111111111111113,0.687500000000001,1
1451,-0.3181818181818181,-0.6250000000000001,0.17647058823529413,-0.2857142857142859,-0.8999999999999999,0.06666666666666667,-0.23809523809523808,-0.9395973154362429,-0.41025641025641,0.6111111111111113,0.687500000000001,1
303,0.18181818181818188,0.7708333333333331,-0.41176470588235303,0.5714285714285712,0.5999999999999998,-0.13333333333333333,-0.23809523809523808,1.1633109619686581,1.0256410256410229,0.5555555555555556,-0.12499999999999958,0
1377,0.13636363636363583,1.5208333333333333,-0.17647058823529413,-1.142857142857143,0.2999999999999995,-0.4666666666666667,-0.16666666666666666,-0.984340044742726,-1.025641025641025,-0.8888888888888891,-0.12499999999999958,0
1305,-0.13636363636363663,1.1250000000000002,-0.14705882352941183,0.14285714285714232,0.34999999999999953,0.4666666666666667,0.7142857142857143,-0.5816554809843291,-0.9743589743589727,-1.0000000000000002,-0.6250000000000001,0
825,-0.36363636363636376,-0.16666666666666682,0.05882352941176476,0.8571428571428564,-0.5999999999999998,-0.5333333333333333,-0.5238095238095238,0.00894854586130654,-0.35897435897435764,-0.5,0.0625000000000009,0
763,0.40909090909090906,0.7499999999999998,-0.7647058823529412,-0.7142857142857144,-0.5499999999999997,-0.4,-0.4523809523809524,0.0939597315435945,0.0,-0.5,-0.12499999999999958,1
734,-0.40909090909090906,-0.2916666666666667,0.2352941176470589,0.7142857142857141,0.09999999999999522,0.13333333333333333,0.8095238095238095,0.536912751677846,1.2307692307692277,-0.11111111111111124,-0.43749999999999967,0
389,-0.04545454545454568,-0.25,0.0,-0.4285714285714288,0.3999999999999996,0.6,0.35714285714285715,0.5816554809843291,0.6153846153846151,0.6666666666666669,-0.6250000000000001,1
236,-0.3181818181818181,0.4583333333333333,-0.7647058823529412,-0.4285714285714288,0.8499999999999951,0.0,0.0,-0.022371364653241514,0.30769230769230754,-0.2222222222222225,-0.7499999999999997,1
1325,-0.5454545454545453,-0.25,-0.05882352941176476,-0.7142857142857144,-0.1500000000000001,0.26666666666666666,-0.09523809523809523,-0.8948545861297599,0.41025641025641,-0.11111111111111124,0.2500000000000003,1
268,0.0,-0.7083333333333335,0.5882352941176472,1.9999999999999993,-0.10000000000000007,0.06666666666666667,-0.023809523809523808,0.22371364653241513,0.205128205128205,1.3333333333333337,1.6250000000000013,1
306,1.0909090909090906,0.041666666666666706,0.6470588235294118,0.4285714285714282,-0.8499999999999999,-0.5333333333333333,-0.30952380952380953,1.3422818791946398,-0.9743589743589727,-0.16666666666666688,-0.5624999999999992,1
1449,-0.4545454545454543,0.24999999999999978,-0.7352941176470589,-0.4285714285714288,0.0,1.7333333333333334,0.38095238095238093,0.013422818791934974,0.4615384615384601,0.6111111111111113,-0.31250000000000006,0
118,-0.04545454545454568,0.16666666666666682,-0.41176470588235303,-0.2857142857142859,0.09999999999999522,-0.4666666666666667,-0.23809523809523808,0.08948545861296606,0.30769230769230754,-0.6666666666666669,-0.49999999999999944,1
1289,-0.40909090909090906,0.3333333333333332,0.11764705882352937,3.2857142857142847,-0.5999999999999998,0.4,1.7142857142857142,1.0469798657718221,-0.05128205128205239,3.0555555555555562,0.0,0
674,0.13636363636363583,0.8749999999999999,-0.14705882352941183,-0.7142857142857144,-0.3000000000000002,-0.6,-0.5952380952380952,0.0,-0.5641025641025627,-0.5555555555555556,-0.43749999999999967,0
250,-0.2727272727272728,0.5833333333333334,-0.7647058823529412,-0.2857142857142859,0.20000000000000015,-0.5333333333333333,-0.35714285714285715,0.6711409395972951,1.5384615384615352,1.8888888888888893,-0.18749999999999936,1
1143,-0.4545454545454543,-0.2916666666666667,-0.4411764705882354,0.28571428571428525,-1.8499999999999999,-0.5333333333333333,-0.6190476190476191,-1.4586129753915256,-0.05128205128205239,0.16666666666666688,0.7500000000000009,1
72,-0.09090909090909094,0.6250000000000001,-0.08823529411764706,-0.14285714285714296,0.3999999999999996,0.2,1.380952380952381,-0.2684563758389478,0.051282051282050115,-0.7777777777777781,-0.43749999999999967,0
95,-1.3181818181818177,2.0833333333333335,-0.6470588235294118,-1.142857142857143,-1.7499999999999998,1.8,1.119047619047619,-1.3422818791946398,2.256410256410253,-0.7777777777777781,0.1875000000000005,0
965,0.27272727272727243,-0.20833333333333354,0.02941176470588238,-0.4285714285714288,-1.100000000000005,0.26666666666666666,0.0,-0.7248322147651344,-0.7692307692307676,1.2777777777777781,0.5625000000000003,1
34,-0.4545454545454543,0.3541666666666665,-0.41176470588235303,12.14285714285714,-0.35000000000000026,1.7333333333333334,1.0714285714285714,1.118568232662175,0.7179487179487175,-0.5555555555555556,-0.49999999999999944,1
800,0.6818181818181814,-0.08333333333333341,0.2352941176470589,1.9999999999999993,0.09999999999999522,-0.6,-0.5714285714285714,0.8501118568232768,-0.1025641025641025,-0.5555555555555556,0.31250000000000006,1
1221,1.3636363636363629,-0.8333333333333334,0.7647058823529412,-0.5714285714285715,2.5999999999999996,0.2,0.14285714285714285,0.2416107382550282,-0.1538461538461549,0.8333333333333337,0.8125000000000007,1
449,0.3181818181818177,0.041666666666666706,-0.11764705882352945,-0.2857142857142859,1.0,-0.4666666666666667,-0.2619047619047619,-0.04474272930648303,-0.5641025641025627,-0.33333333333333315,0.0,1
446,0.7272727272727267,0.8958333333333333,-0.4705882352941177,-0.14285714285714296,-0.05000000000000004,-0.5333333333333333,-0.16666666666666666,0.8053691275167939,-0.41025641025641,-0.33333333333333315,-0.06249999999999979,1
772,0.6818181818181814,0.6875000000000002,0.0,0.28571428571428525,0.09999999999999522,0.6,2.5,0.44742729306487994,-0.1538461538461549,-0.38888888888888873,-0.49999999999999944,0
717,0.04545454545454527,-0.3750000000000001,0.2941176470588235,0.14285714285714232,-0.25000000000000017,-0.26666666666666666,0.23809523809523808,0.3579418344519139,0.15384615384615263,-0.8888888888888891,-0.49999999999999944,0
1091,0.9545454545454539,-1.0833333333333335,0.8235294117647061,-0.4285714285714288,0.1500000000000001,1.8666666666666667,0.8571428571428571,-1.0246085011185806,-1.6923076923076903,0.05555555555555562,1.000000000000001,1
1,-0.22727272727272715,0.7499999999999998,-0.7647058823529412,-0.4285714285714288,-0.20000000000000015,-0.2,-0.09523809523809523,0.44742729306487994,1.0256410256410229,-0.33333333333333315,-0.49999999999999944,0
1313,0.04545454545454527,2.7499999999999996,-0.14705882352941183,-0.4285714285714288,0.1500000000000001,0.0,0.07142857142857142,-0.6621923937360382,0.15384615384615263,-0.8333333333333337,0.1875000000000005,0
1594,-0.5,0.4166666666666666,-0.5294117647058824,-0.4285714285714288,-0.5999999999999998,0.9333333333333333,0.0,-0.12975391498882066,0.5641025641025627,1.1111111111111112,-0.43749999999999967,1
78,-0.5,1.1041666666666667,-0.7647058823529412,0.28571428571428525,1.1999999999999995,0.0,-0.19047619047619047,-0.08948545861296606,1.076923076923075,-0.38888888888888873,0.31250000000000006,1
85,-0.7272727272727272,-0.9166666666666669,0.6470588235294118,-0.5714285714285715,-0.5499999999999997,0.26666666666666666,0.5476190476190477,-0.40268456375839695,0.6666666666666652,0.8888888888888894,0.0625000000000009,1
950,0.4545454545454543,-1.6666666666666667,0.5588235294117647,-0.5714285714285715,-0.25000000000000017,-0.26666666666666666,-0.40476190476190477,-0.5727069351230721,0.5128205128205126,0.7777777777777781,1.0625000000000009,1
83,-0.22727272727272715,-0.08333333333333341,0.6176470588235293,-0.2857142857142859,0.2999999999999995,0.4666666666666667,0.8333333333333334,0.08948545861296606,0.2564102564102551,-0.2777777777777781,-0.6874999999999999,0
1035,0.4545454545454543,0.9374999999999999,-0.2352941176470589,0.4285714285714282,-0.1500000000000001,0.06666666666666667,0.23809523809523808,0.26398210290826973,-0.5641025641025627,-0.8333333333333337,-0.31250000000000006,1
677,1.3181818181818177,-0.5,0.4411764705882352,0.0,0.20000000000000015,-0.4666666666666667,-0.5,0.7158836689037781,-1.1794871794871777,0.2777777777777781,-0.5624999999999992,1
1537,-0.8181818181818181,0.041666666666666706,-0.5294117647058824,-0.4285714285714288,-0.1500000000000001,0.6666666666666666,0.16666666666666666,-0.6800894854586016,1.4871794871794852,0.33333333333333376,0.0625000000000009,1
1141,-0.2727272727272728,-0.5,0.11764705882352937,-0.7142857142857144,0.0,1.2666666666666666,0.9761904761904762,0.04474272930648303,0.5128205128205126,0.16666666666666688,-0.43749999999999967,1
771,-0.36363636363636376,0.29166666666666646,-0.7058823529411766,0.14285714285714232,0.09999999999999522,0.6666666666666666,1.3333333333333333,0.28635346756151125,1.2307692307692277,-0.5,-0.31250000000000006,1
870,-0.13636363636363663,0.4583333333333333,-0.6764705882352942,-0.2857142857142859,0.0,0.8666666666666667,0.11904761904761904,-0.4563758389261865,0.6666666666666652,0.11111111111111124,0.4375000000000008,1
645,0.9090909090909086,0.08333333333333341,0.5588235294117647,0.14285714285714232,-0.4500000000000003,0.13333333333333333,0.047619047619047616,1.029082774049209,0.41025641025641,0.0,-0.49999999999999944,0
863,-0.18181818181818188,-0.4166666666666668,0.17647058823529413,0.7142857142857141,-0.6499999999999998,-0.4666666666666667,-0.30952380952380953,-0.23266219239372168,-0.35897435897435764,-1.0000000000000002,0.1250000000000007,0
1014,-0.18181818181818188,0.7916666666666665,-0.7647058823529412,-0.8571428571428571,0.5999999999999998,0.5333333333333333,-0.16666666666666666,-0.2013422818792233,0.35897435897435764,-0.2222222222222225,-0.12499999999999958,1
1269,-0.4545454545454543,-0.45833333333333354,0.14705882352941174,-0.2857142857142859,-0.05000000000000004,0.4666666666666667,0.30952380952380953,-0.05369127516778957,0.82051282051282,-0.38888888888888873,-0.43749999999999967,1
1190,0.40909090909090906,1.8124999999999998,-0.6176470588235295,-0.5714285714285715,-0.25000000000000017,-0.6,-0.4523809523809524,-0.28635346756151125,-0.05128205128205239,-1.0000000000000002,-0.37499999999999983,0
405,-0.09090909090909094,0.708333333333333,-0.6176470588235295,0.7142857142857141,-0.25000000000000017,0.06666666666666667,-0.2619047619047619,0.26845637583889814,-0.2564102564102574,-0.05555555555555562,-0.6874999999999999,0
1387,-0.22727272727272715,0.5,-0.5588235294117647,-0.5714285714285715,1.0,-0.4,-0.35714285714285715,-0.31319910514543087,-0.05128205128205239,-0.2222222222222225,-0.37499999999999983,0
1041,-0.22727272727272715,1.8541666666666665,-0.7647058823529412,0.0,0.3999999999999996,0.13333333333333333,-0.14285714285714285,0.3400447427293008,1.3846153846153826,0.2777777777777781,0.0,0
1554,-0.2727272727272728,0.8958333333333333,-0.7647058823529412,0.0,0.0,0.26666666666666666,-0.23809523809523808,0.38031319910515543,0.5128205128205126,-0.11111111111111124,-0.49999999999999944,0
105,-0.3181818181818181,-0.1250000000000001,-0.05882352941176476,0.0,-0.49999999999999967,-0.6,-0.047619047619047616,-0.3579418344519139,0.1025641025641025,-0.7777777777777781,-0.49999999999999944,0
610,-0.7272727272727272,-0.6666666666666669,-0.20588235294117652,1.4285714285714282,-0.25000000000000017,0.06666666666666667,0.023809523809523808,-0.536912751677846,1.2820512820512802,-0.5555555555555556,1.5625000000000004,1
1047,-0.13636363636363663,1.0833333333333335,-0.7647058823529412,-0.7142857142857144,-0.20000000000000015,1.2666666666666666,0.16666666666666666,-0.3042505592841243,0.0,0.0,0.31250000000000006,1
689,-0.09090909090909094,0.5833333333333334,-0.6470588235294118,-0.8571428571428571,-2.05,-0.6666666666666666,-0.6904761904761905,-0.2684563758389478,0.4615384615384601,-0.8333333333333337,-0.49999999999999944,0
1294,-0.18181818181818188,0.9791666666666666,-0.7647058823529412,-0.4285714285714288,0.20000000000000015,-0.5333333333333333,-0.6190476190476191,-0.035794183445176486,0.15384615384615263,-0.7222222222222225,-0.31250000000000006,0
827,-0.18181818181818188,-1.0416666666666667,0.2352941176470589,0.14285714285714232,-1.4999999999999996,-0.6666666666666666,-0.7142857142857143,-0.7606263982103109,0.4615384615384601,0.11111111111111124,0.5000000000000006,1
1217,0.0,0.20833333333333307,0.14705882352941174,-0.2857142857142859,-0.05000000000000004,-0.26666666666666666,0.9761904761904762,-0.013422818791934974,-0.1025641025641025,0.38888888888888873,-0.43749999999999967,1
1132,-0.9090909090909086,-1.3750000000000002,-0.14705882352941183,-0.7142857142857144,-1.7499999999999998,2.8666666666666667,2.3095238095238093,-1.5167785234899436,0.051282051282050115,-1.0000000000000002,-0.43749999999999967,0
63,-0.18181818181818188,0.0,-0.2941176470588236,-0.4285714285714288,0.25000000000000017,-0.13333333333333333,-0.07142857142857142,0.0,0.35897435897435764,0.0,-0.43749999999999967,1
853,0.04545454545454527,-0.4166666666666668,0.17647058823529413,0.4285714285714282,0.0,0.8,2.0,0.5413870246084744,-0.4615384615384601,2.5000000000000013,-0.31250000000000006,0
779,0.18181818181818188,-0.3750000000000001,0.11764705882352937,1.7142857142857135,-0.05000000000000004,-0.4666666666666667,-0.09523809523809523,0.4832214765100564,0.2564102564102551,-0.05555555555555562,0.1875000000000005,0
1590,-0.5909090909090909,0.8541666666666665,-0.17647058823529413,7.999999999999997,-0.35000000000000026,1.0,0.9761904761904762,0.40268456375839695,-0.1025641025641025,-0.44444444444444436,-0.6250000000000001,0
239,-0.3181818181818181,0.4583333333333333,-0.7647058823529412,-0.4285714285714288,0.8499999999999951,0.0,0.0,-0.022371364653241514,0.30769230769230754,-0.2222222222222225,-0.7499999999999997,1
224,0.3181818181818177,0.5208333333333334,-0.02941176470588238,-0.2857142857142859,0.1500000000000001,-0.4,-0.23809523809523808,0.6040268456375706,-0.1538461538461549,-0.11111111111111124,-0.12499999999999958,1
146,0.09090909090909054,0.6250000000000001,0.8529411764705884,-0.5714285714285715,1.8499999999999943,1.2,2.4523809523809526,0.0,-0.7179487179487175,0.0,-0.49999999999999944,0
1490,-0.7727272727272725,0.20833333333333307,-0.4705882352941177,-0.14285714285714296,-1.5999999999999996,-0.6666666666666666,-0.6428571428571429,-1.0380313199105156,0.6666666666666652,0.7777777777777781,0.375000000000001,1
1416,-0.7727272727272725,0.24999999999999978,-0.7647058823529412,-0.8571428571428571,-0.7499999999999998,-0.4,-0.47619047619047616,-0.08948545861296606,1.2820512820512802,1.2222222222222225,-0.49999999999999944,0
119,0.40909090909090906,0.1250000000000001,-0.6470588235294118,0.0,1.9499999999999993,0.0,0.42857142857142855,-0.2684563758389478,-0.5128205128205126,-0.11111111111111124,0.4375000000000008,1
1198,-0.09090909090909094,0.20833333333333307,-0.14705882352941183,-1.0,-0.5499999999999997,-0.6666666666666666,-0.6904761904761905,-0.9932885906040325,-0.7692307692307676,-0.44444444444444436,-0.24999999999999917,1
1578,-0.7727272727272725,0.7499999999999998,-0.32352941176470595,4.1428571428571415,-0.20000000000000015,-0.06666666666666667,-0.2619047619047619,-0.2595078299776413,1.1794871794871777,-0.11111111111111124,1.0625000000000009,1
251,1.3181818181818177,-0.8333333333333334,0.5294117647058824,-0.8571428571428571,-0.8499999999999999,0.13333333333333333,-0.023809523809523808,0.7606263982103109,-0.4615384615384601,0.8888888888888894,-0.12499999999999958,1
1540,-0.3181818181818181,-0.5416666666666667,0.17647058823529413,-0.5714285714285715,-0.7499999999999998,1.3333333333333333,0.5238095238095238,0.15212527964206216,0.7692307692307676,0.8888888888888894,-0.18749999999999936,0
1286,1.545454545454545,-0.6250000000000001,0.7058823529411765,-0.5714285714285715,0.49999999999999967,0.4,0.21428571428571427,0.2416107382550282,-0.82051282051282,-0.2777777777777781,0.1875000000000005,0
1134,-0.3181818181818181,-0.16666666666666682,-0.5588235294117647,4.714285714285713,0.4499999999999996,-0.26666666666666666,-0.47619047619047616,0.017897091722563405,0.30769230769230754,0.33333333333333376,0.6250000000000001,1
10,-0.18181818181818188,-0.08333333333333341,0.2941176470588235,5.571428571428569,-0.4500000000000003,0.2,1.5238095238095237,0.44742729306487994,0.205128205128205,1.0000000000000007,0.1875000000000005,0
450,1.8181818181818172,-0.5416666666666667,1.2647058823529411,0.8571428571428564,0.7499999999999998,0.2,-0.07142857142857142,1.1633109619686581,-1.076923076923075,-0.05555555555555562,0.375000000000001,1
1235,-0.36363636363636376,0.9583333333333333,-0.7352941176470589,0.0,-1.05,-0.2,-0.47619047619047616,-1.959731543624195,0.41025641025641,-1.2222222222222225,1.6250000000000013,1
1005,0.13636363636363583,-0.3750000000000001,0.08823529411764698,-0.8571428571428571,0.05000000000000004,0.8666666666666667,0.16666666666666666,-0.34451901565997894,-0.30769230769230754,-0.44444444444444436,0.0625000000000009,0
709,-0.04545454545454568,0.10416666666666677,-0.41176470588235303,0.4285714285714282,-0.5999999999999998,-0.2,-0.07142857142857142,-0.3579418344519139,0.15384615384615263,-0.05555555555555562,0.8750000000000004,1
256,0.04545454545454527,0.20833333333333307,-0.08823529411764706,1.4285714285714282,-0.35000000000000026,0.2,1.9285714285714286,-0.022371364653241514,-0.2564102564102574,-0.2777777777777781,-0.5624999999999992,0
883,0.22727272727272715,-0.8750000000000001,0.08823529411764698,1.2857142857142854,5.699999999999994,0.0,-0.2857142857142857,-0.6442953020134251,-0.4615384615384601,0.8888888888888894,1.1250000000000007,1
594,0.9090909090909086,-0.1250000000000001,0.9411764705882353,1.8571428571428563,0.6999999999999998,-0.3333333333333333,0.11904761904761904,1.610738255033538,-0.1025641025641025,-0.2222222222222225,-0.7499999999999997,0
390,0.772727272727272,-0.5833333333333334,0.14705882352941174,0.4285714285714282,0.7999999999999998,0.13333333333333333,0.2619047619047619,0.6263982102908121,-0.6153846153846151,0.44444444444444436,-0.12499999999999958,1
1256,-0.8181818181818181,0.5,-0.7058823529411766,0.28571428571428525,-0.5499999999999997,0.8,0.19047619047619047,-1.4407158836689125,0.82051282051282,-0.9444444444444446,0.5000000000000006,0
1278,-0.40909090909090906,0.708333333333333,-0.7647058823529412,-0.4285714285714288,1.6999999999999997,-0.7333333333333333,-0.6666666666666666,-0.1968680089485452,0.205128205128205,-0.11111111111111124,-0.31250000000000006,1
558,3.499999999999998,0.5208333333333334,0.6764705882352942,2.8571428571428563,0.7499999999999998,-0.26666666666666666,-0.35714285714285715,2.8411633109619703,-1.9999999999999978,0.6666666666666669,0.5625000000000003,0
909,-0.22727272727272715,0.0,-0.3823529411764706,0.28571428571428525,-0.10000000000000007,1.3333333333333333,0.5476190476190477,-0.6800894854586016,0.6153846153846151,-0.16666666666666688,0.375000000000001,1
1371,0.363636363636363,1.0833333333333335,0.7352941176470589,-0.7142857142857144,16.749999999999996,-0.13333333333333333,0.6666666666666666,-0.25503355704701286,-1.5897435897435876,3.0555555555555562,-0.6250000000000001,0
1122,-0.5909090909090909,-0.08333333333333341,-0.7647058823529412,-0.5714285714285715,-0.8999999999999999,0.4666666666666667,-0.23809523809523808,-1.4675615212528321,0.6666666666666652,-0.38888888888888873,1.312500000000001,1
461,0.5909090909090902,-0.3750000000000001,0.7647058823529412,0.14285714285714232,0.1500000000000001,0.0,-0.35714285714285715,0.3579418344519139,0.205128205128205,-0.05555555555555562,0.687500000000001,1
724,-0.36363636363636376,-0.8750000000000001,0.11764705882352937,0.0,-1.3499999999999999,1.4666666666666666,2.119047619047619,-0.13422818791944907,-1.8974358974358951,5.555555555555557,-0.43749999999999967,0
1334,0.5454545454545449,1.0625,-0.11764705882352945,0.0,-0.05000000000000004,-0.13333333333333333,0.23809523809523808,0.3579418344519139,-0.6666666666666652,-0.6111111111111113,-0.37499999999999983,0
1473,-0.13636363636363663,-0.7083333333333335,1.0,0.5714285714285712,-0.35000000000000026,0.6,0.14285714285714285,-0.10738255033557914,0.35897435897435764,0.944444444444445,0.5625000000000003,1
145,-1.2272727272727268,-0.75,-0.7647058823529412,-0.5714285714285715,-1.4999999999999996,0.8666666666666667,0.5952380952380952,-2.326621923937366,1.8974358974358951,0.944444444444445,2.375000000000001,1
502,1.1363636363636358,-0.3333333333333334,1.3823529411764706,6.214285714285713,-0.3000000000000002,1.6,0.9047619047619048,0.984340044742726,-0.7179487179487175,1.2777777777777781,1.1250000000000007,1
923,0.22727272727272715,0.4166666666666666,-0.41176470588235303,-0.5714285714285715,-0.4000000000000003,1.6,0.19047619047619047,-0.7874720357941808,0.35897435897435764,1.5000000000000007,1.000000000000001,1
1165,0.4999999999999996,1.1041666666666667,-0.05882352941176476,-0.7142857142857144,-0.10000000000000007,-0.26666666666666666,-0.40476190476190477,0.05369127516778957,-0.1025641025641025,0.2777777777777781,-0.12499999999999958,0
740,0.4999999999999996,0.708333333333333,-0.7647058823529412,0.28571428571428525,0.3999999999999996,0.3333333333333333,0.0,0.984340044742726,0.205128205128205,-0.11111111111111124,-0.5624999999999992,0
1476,-1.1818181818181814,-0.20833333333333354,-0.4411764705882354,0.0,-1.5999999999999996,0.13333333333333333,1.2142857142857142,-2.2281879194630934,1.1794871794871777,1.444444444444445,2.1041666666666874,1
869,-0.5,0.16666666666666682,-0.11764705882352945,-0.5714285714285715,-0.3000000000000002,0.06666666666666667,-0.3333333333333333,-1.0827740492169986,0.4615384615384601,1.1111111111111112,0.6250000000000001,1
732,0.4545454545454543,1.4791666666666667,-0.3823529411764706,1.7857142857142854,0.3999999999999996,-0.6666666666666666,-0.5714285714285714,1.1633109619686581,0.6666666666666652,-0.5555555555555556,0.8125000000000007,0
540,1.499999999999999,-0.08333333333333341,1.411764705882353,4.2142857142857135,1.0,-0.6,-0.5,1.2527964205816737,-0.4615384615384601,0.0,0.6250000000000001,0
178,-0.18181818181818188,0.0,0.47058823529411764,0.14285714285714232,0.34999999999999953,-0.4,0.0,0.1789709172259321,1.3846153846153826,-0.05555555555555562,0.1875000000000005,1
1542,-0.22727272727272715,-1.1250000000000002,0.08823529411764698,0.0,-1.2999999999999998,0.3333333333333333,0.2619047619047619,-0.06263982102909611,0.4615384615384601,0.7777777777777781,0.4375000000000008,1
698,-0.40909090909090906,0.5416666666666667,-0.7058823529411766,-0.14285714285714296,-0.6999999999999998,-0.4,-0.30952380952380953,0.1789709172259321,0.82051282051282,0.2777777777777781,-0.43749999999999967,1
1507,-0.5,1.2083333333333335,-0.6176470588235295,-0.2857142857142859,-0.49999999999999967,-0.5333333333333333,-0.5714285714285714,-0.5279642058165891,1.0256410256410229,0.2222222222222225,0.375000000000001,1
1158,-1.2727272727272725,-0.041666666666666706,-0.2352941176470589,-0.14285714285714296,-1.8999999999999997,0.13333333333333333,1.5,-1.9686800894855017,0.7692307692307676,1.3888888888888893,1.687500000000001,1
1023,-0.40909090909090906,-0.041666666666666706,-0.5000000000000001,-0.14285714285714296,-0.8999999999999999,-0.6666666666666666,-0.6904761904761905,-0.42953020134231656,0.205128205128205,-0.44444444444444436,0.1875000000000005,0
1592,-1.1363636363636358,0.9166666666666666,-0.5000000000000001,-0.7142857142857144,0.4499999999999996,0.13333333333333333,-0.2857142857142857,-1.2438478747203672,1.846153846153843,-0.33333333333333315,0.8750000000000004,1
984,0.5454545454545449,-0.08333333333333341,0.11764705882352937,-0.4285714285714288,-0.7499999999999998,-0.4,-0.5,0.4205816554809603,0.051282051282050115,0.5,0.1875000000000005,1
668,1.545454545454545,-0.75,0.5588235294117647,-0.2857142857142859,0.09999999999999522,-0.5333333333333333,-0.5476190476190477,0.8948545861297599,-1.8974358974358951,0.2222222222222225,-0.6250000000000001,1
1234,1.0454545454545445,-1.2083333333333335,0.3235294117647059,0.0,-1.1499999999999997,0.0,-0.047619047619047616,-0.2953020134228178,-0.41025641025641,-0.7222222222222225,-0.5624999999999992,0
358,1.181818181818181,-0.4166666666666668,1.1764705882352944,1.0714285714285712,1.7999999999999943,-0.13333333333333333,-0.21428571428571427,0.08948545861296606,-0.35897435897435764,0.7222222222222225,0.9375000000000002,1
968,0.27272727272727243,0.5833333333333334,-0.17647058823529413,-0.14285714285714296,0.8499999999999951,0.6,1.7857142857142858,0.2371364653243998,-0.9230769230769226,-0.7777777777777781,-0.6250000000000001,0
784,-0.6363636363636362,-0.25,-0.35294117647058826,0.28571428571428525,1.6999999999999997,-0.3333333333333333,-0.023809523809523808,0.23266219239372168,1.7948717948717927,0.16666666666666688,-0.24999999999999917,0
736,-0.09090909090909094,1.8541666666666665,-0.4705882352941177,-0.14285714285714296,1.5999999999999948,-0.2,-0.38095238095238093,-0.2237136465324648,-0.2564102564102574,-0.6666666666666669,-0.43749999999999967,0
330,1.2727272727272716,-0.25,0.3823529411764706,-0.2857142857142859,-0.95,-0.4666666666666667,-0.5476190476190477,0.5816554809843291,-0.6666666666666652,0.0,-0.43749999999999967,0
1117,-0.40909090909090906,0.708333333333333,-0.5588235294117647,0.4285714285714282,0.5499999999999997,0.06666666666666667,-0.40476190476190477,-0.4832214765100564,0.35897435897435764,-0.11111111111111124,0.687500000000001,1
971,1.1363636363636358,-1.0833333333333335,0.6470588235294118,-0.4285714285714288,-0.6999999999999998,-0.5333333333333333,-0.6666666666666666,0.1968680089485452,0.1025641025641025,1.3888888888888893,0.4375000000000008,1
953,0.13636363636363583,-0.8750000000000001,0.41176470588235303,0.0,-1.100000000000005,-0.5333333333333333,-0.6666666666666666,-0.6442953020134251,0.0,0.33333333333333376,0.6250000000000001,1
1222,1.3636363636363629,-0.8333333333333334,0.7647058823529412,-0.5714285714285715,2.5999999999999996,0.2,0.14285714285714285,0.2416107382550282,-0.1538461538461549,0.8333333333333337,0.8125000000000007,1
1188,-0.40909090909090906,-0.3750000000000001,0.11764705882352937,-0.2857142857142859,0.25000000000000017,-0.5333333333333333,0.023809523809523808,-1.494407158836702,0.1025641025641025,-0.8888888888888891,1.0625000000000009,1
259,-0.09090909090909094,-0.45833333333333354,1.4705882352941178,-0.5714285714285715,26.549999999999997,-0.4,0.16666666666666666,0.0,-1.2820512820512802,3.5555555555555567,-0.49999999999999944,0
1002,0.9090909090909086,-0.7083333333333335,0.35294117647058826,-1.0,-1.100000000000005,1.1333333333333333,0.21428571428571427,-0.01789709172261308,-0.2564102564102574,1.1111111111111112,0.2500000000000003,1
1250,-0.36363636363636376,0.3333333333333332,-0.7352941176470589,0.14285714285714232,-0.05000000000000004,0.6666666666666666,-0.023809523809523808,-0.7427293064876977,0.4615384615384601,-0.05555555555555562,0.4375000000000008,1
373,0.5454545454545449,-1.0,0.6470588235294118,-0.5714285714285715,-0.6499999999999998,0.8,0.19047619047619047,-0.04474272930648303,0.051282051282050115,2.3333333333333344,0.2500000000000003,1
1358,-0.2727272727272728,-0.3750000000000001,-0.05882352941176476,0.4285714285714282,-0.10000000000000007,0.8666666666666667,0.6904761904761905,-0.14317673378075563,1.4871794871794852,-0.16666666666666688,0.5625000000000003,1
415,0.40909090909090906,0.0,0.2352941176470589,0.7142857142857141,0.34999999999999953,0.6666666666666666,2.0,0.6263982102908121,-0.2564102564102574,-0.05555555555555562,-0.43749999999999967,0
143,-1.2272727272727268,-0.75,-0.7647058823529412,-0.5714285714285715,-1.4999999999999996,0.8666666666666667,0.5952380952380952,-2.326621923937366,1.8974358974358951,0.944444444444445,2.375000000000001,1
1209,-0.3181818181818181,-0.6666666666666669,0.5882352941176472,-0.14285714285714296,-0.3000000000000002,0.6666666666666666,0.14285714285714285,-0.6532438478747317,0.4615384615384601,1.2777777777777781,0.5000000000000006,1
233,0.27272727272727243,-0.6250000000000001,-0.17647058823529413,0.8571428571428564,0.49999999999999967,0.26666666666666666,0.47619047619047616,0.536912751677846,0.15384615384615263,0.44444444444444436,-0.37499999999999983,1
1192,-0.6363636363636362,1.5208333333333333,-0.7647058823529412,0.14285714285714232,4.3,-0.5333333333333333,-0.6190476190476191,-0.5771812080537007,1.2820512820512802,-0.6111111111111113,0.375000000000001,0
1579,-0.5,0.6250000000000001,-0.32352941176470595,-0.5714285714285715,1.8999999999999992,-0.06666666666666667,-0.42857142857142855,-0.6263982102908617,0.5641025641025627,0.2777777777777781,0.687500000000001,1
441,2.136363636363635,-0.8750000000000001,1.3529411764705883,0.0,-0.4000000000000003,-0.5333333333333333,-0.21428571428571427,0.8501118568232768,-2.2051282051282026,1.1111111111111112,-0.24999999999999917,1
532,1.8181818181818172,-0.5833333333333334,0.6764705882352942,0.7142857142857141,0.8999999999999999,-0.13333333333333333,0.09523809523809523,1.610738255033538,-0.7692307692307676,-0.05555555555555562,0.0625000000000009,0
227,0.4545454545454543,0.29166666666666646,0.7058823529411765,-0.2857142857142859,12.849999999999998,0.8666666666666667,1.0238095238095237,-0.1789709172259818,-1.3846153846153826,5.500000000000003,-0.43749999999999967,1
1097,-0.5909090909090909,0.8541666666666665,-0.5000000000000001,4.714285714285713,1.8499999999999943,-0.3333333333333333,-0.5,-0.11185682326620756,0.205128205128205,-0.7222222222222225,0.375000000000001,1
229,-0.09090909090909094,-0.3750000000000001,-0.02941176470588238,0.5714285714285712,-0.35000000000000026,1.0,0.5952380952380952,-0.29082774049218935,0.30769230769230754,-0.2222222222222225,0.1875000000000005,1
1362,0.18181818181818188,1.3749999999999998,-0.35294117647058826,0.4285714285714282,0.6499999999999998,-0.06666666666666667,0.38095238095238093,0.1968680089485452,0.2564102564102551,-0.44444444444444436,-0.06249999999999979,0
1381,-0.18181818181818188,0.20833333333333307,-0.7058823529411766,0.5714285714285712,-0.1500000000000001,-0.2,-0.07142857142857142,-0.5503355704698306,0.2564102564102551,0.0,0.375000000000001,1
213,1.6818181818181808,-0.3333333333333334,1.1176470588235294,-0.14285714285714296,-1.05,-0.6,-0.5476190476190477,0.536912751677846,-0.5128205128205126,0.2777777777777781,0.0,1
886,0.4545454545454543,0.9583333333333333,-0.35294117647058826,0.4285714285714282,0.2999999999999995,-0.3333333333333333,-0.19047619047619047,0.6442953020134251,0.15384615384615263,0.11111111111111124,0.1875000000000005,0
80,0.18181818181818188,0.43749999999999994,-0.17647058823529413,-1.0,0.0,0.8666666666666667,1.9285714285714286,0.1789709172259321,-0.7692307692307676,2.7777777777777795,-0.6874999999999999,0
149,-0.4545454545454543,-0.1250000000000001,-0.4705882352941177,0.14285714285714232,-0.3000000000000002,-0.13333333333333333,-0.19047619047619047,-0.40268456375839695,0.5641025641025627,-0.2222222222222225,0.0,1
815,2.136363636363635,-0.45833333333333354,0.8235294117647061,0.8571428571428564,1.1499999999999995,0.3333333333333333,0.07142857142857142,1.1588366890380297,-0.5128205128205126,0.7777777777777781,0.687500000000001,1
1028,-0.6818181818181814,1.1458333333333335,-0.7647058823529412,0.0,-0.7499999999999998,0.9333333333333333,0.3333333333333333,-1.3512304250559464,0.9230769230769226,-0.5555555555555556,0.8750000000000004,0
1425,0.18181818181818188,-1.0833333333333335,0.3235294117647059,-1.142857142857143,-0.20000000000000015,-0.4,-0.35714285714285715,0.26845637583889814,-0.2564102564102574,0.44444444444444436,-0.37499999999999983,1
672,0.13636363636363583,0.8749999999999999,-0.14705882352941183,-0.7142857142857144,-0.3000000000000002,-0.6,-0.5952380952380952,0.0,-0.5641025641025627,-0.5555555555555556,-0.43749999999999967,0
1229,-1.2727272727272725,-0.4166666666666668,-0.7647058823529412,-0.5714285714285715,-1.7999999999999998,0.26666666666666666,1.1904761904761905,-2.3400447427293507,1.8974358974358951,0.6111111111111113,2.125000000000001,1
556,3.454545454545453,0.5208333333333334,0.6764705882352942,2.8571428571428563,0.7499999999999998,-0.26666666666666666,-0.35714285714285715,2.8411633109619703,-1.9999999999999978,0.6666666666666669,0.5625000000000003,0
58,-0.18181818181818188,0.4583333333333333,-0.41176470588235303,4.1428571428571415,1.5499999999999996,2.4,1.7142857142857142,0.6711409395972951,-0.2564102564102574,0.8333333333333337,-0.49999999999999944,0
134,-0.5909090909090909,-0.08333333333333341,-0.7352941176470589,-1.0,-1.0,0.2,-0.2857142857142857,-0.7158836689038278,0.4615384615384601,-0.2222222222222225,-0.24999999999999917,1
1178,-0.36363636363636376,0.5833333333333334,-0.7647058823529412,0.28571428571428525,-1.4,-0.5333333333333333,-0.6428571428571429,-1.6196868008948944,0.205128205128205,0.2222222222222225,1.5625000000000004,1
934,-0.22727272727272715,0.3749999999999999,-0.7352941176470589,-0.2857142857142859,-0.3000000000000002,-0.06666666666666667,0.0,0.3042505592841243,0.8717948717948701,0.16666666666666688,-0.24999999999999917,0
1423,-0.40909090909090906,0.08333333333333341,-0.7647058823529412,-0.14285714285714296,-0.05000000000000004,1.6666666666666667,0.40476190476190477,-0.536912751677846,0.41025641025641,1.2222222222222225,0.7500000000000009,1
824,-0.5454545454545453,0.08333333333333341,-0.3823529411764706,-0.2857142857142859,-0.20000000000000015,0.06666666666666667,-0.047619047619047616,0.22371364653241513,1.5384615384615352,0.11111111111111124,-0.24999999999999917,0
409,1.1363636363636358,-0.75,0.9411764705882353,2.1428571428571423,4.699999999999998,-0.5333333333333333,-0.5238095238095238,0.08948545861296606,-0.6153846153846151,0.44444444444444436,0.687500000000001,1
369,1.0909090909090906,-0.75,0.7647058823529412,0.8571428571428564,3.9499999999999993,0.06666666666666667,0.8809523809523809,1.3422818791946398,-0.6666666666666652,0.11111111111111124,-0.49999999999999944,0
508,1.499999999999999,0.6250000000000001,0.8529411764705884,0.14285714285714232,0.20000000000000015,-0.5333333333333333,-0.5952380952380952,1.431767337807606,-0.7179487179487175,0.5,-0.43749999999999967,1
1332,-0.04545454545454568,1.4583333333333333,0.0,2.2857142857142847,1.3499999999999996,1.1333333333333333,0.6904761904761905,-0.05369127516778957,-0.2564102564102574,-0.8888888888888891,-0.6250000000000001,0
505,1.181818181818181,-1.1666666666666667,0.47058823529411764,-0.5714285714285715,-0.1500000000000001,-0.5333333333333333,-0.38095238095238093,0.3579418344519139,-0.5128205128205126,2.38888888888889,0.375000000000001,1
1420,-0.09090909090909094,0.5,-0.14705882352941183,0.0,-0.1500000000000001,1.2,2.261904761904762,-0.536912751677846,-0.205128205128205,-0.9444444444444446,-0.18749999999999936,0
348,2.6818181818181808,-0.1250000000000001,1.2058823529411766,1.1428571428571423,0.6499999999999998,-0.5333333333333333,-0.5476190476190477,0.8053691275167939,-1.4871794871794852,1.7222222222222232,1.1250000000000007,1
1413,0.13636363636363583,-1.1666666666666667,0.2352941176470589,4.1428571428571415,-0.8999999999999999,-0.4,-0.38095238095238093,0.26845637583889814,-0.4615384615384601,1.7777777777777781,0.4375000000000008,1
387,-0.04545454545454568,0.08333333333333341,0.0,-0.2857142857142859,0.3999999999999996,0.6,0.23809523809523808,0.5816554809843291,0.5128205128205126,0.6666666666666669,-0.6250000000000001,1
1025,-0.09090909090909094,0.24999999999999978,-0.7352941176470589,-0.5714285714285715,0.3999999999999996,-0.13333333333333333,-0.47619047619047616,-0.5011185682326695,0.051282051282050115,-0.33333333333333315,0.1875000000000005,1
895,-0.3181818181818181,0.4583333333333333,-0.6764705882352942,0.0,0.0,0.2,1.1904761904761905,0.29082774049213966,1.1282051282051253,-0.2222222222222225,-0.24999999999999917,1
829,-0.04545454545454568,0.20833333333333307,-0.5000000000000001,0.14285714285714232,-0.7499999999999998,1.3333333333333333,0.16666666666666666,-1.1767337807606428,0.7692307692307676,0.6666666666666669,1.5625000000000004,1
1508,-0.18181818181818188,-0.5833333333333334,0.9117647058823528,0.14285714285714232,1.2999999999999996,-0.6,-0.6190476190476191,-0.3355704697986724,0.2564102564102551,-0.38888888888888873,0.7500000000000009,1
476,0.772727272727272,0.6666666666666669,-0.05882352941176476,0.0,0.34999999999999953,-0.6,-0.23809523809523808,0.8948545861297599,-0.8717948717948701,-0.11111111111111124,0.0,0
1115,-1.3181818181818177,-0.5,0.7058823529411765,2.9999999999999987,-1.6999999999999997,1.0,1.0,-2.9530201342282276,0.9230769230769226,0.2222222222222225,2.125000000000001,1
653,3.6363636363636345,-0.6666666666666669,1.147058823529412,7.571428571428569,0.7999999999999998,0.5333333333333333,0.7857142857142857,0.3579418344519139,-1.6923076923076903,1.2222222222222225,2.9375000000000013,0
173,0.04545454545454527,-0.4166666666666668,-0.2647058823529412,-0.2857142857142859,-0.35000000000000026,-0.5333333333333333,-0.47619047619047616,0.1789709172259321,-0.1025641025641025,-0.05555555555555562,-0.6250000000000001,1
39,-0.9999999999999996,2.541666666666666,-0.5000000000000001,-1.0,4.599999999999999,-0.4666666666666667,-0.4523809523809524,-1.2527964205816737,0.9743589743589727,-0.7777777777777781,-0.24999999999999917,0
714,0.04545454545454527,-0.3750000000000001,0.2941176470588235,0.14285714285714232,-0.25000000000000017,-0.26666666666666666,0.23809523809523808,0.3579418344519139,0.15384615384615263,-0.8888888888888891,-0.49999999999999944,0
1546,-0.6363636363636362,0.4583333333333333,0.20588235294117652,-0.5714285714285715,-1.05,0.13333333333333333,-0.23809523809523808,-0.6666666666666666,0.2564102564102551,0.11111111111111124,-0.06249999999999979,1
876,0.40909090909090906,-0.8750000000000001,0.41176470588235303,0.8571428571428564,1.4499999999999995,-0.4666666666666667,-0.5238095238095238,-0.2953020134228178,0.0,0.944444444444445,1.000000000000001,1
1086,-0.5,-0.16666666666666682,-0.5294117647058824,-0.5714285714285715,-0.3000000000000002,1.7333333333333334,0.6190476190476191,-0.6756152125279732,-0.9743589743589727,-0.7222222222222225,-0.37499999999999983,0
1563,-0.3181818181818181,0.7291666666666664,-0.3823529411764706,-0.2857142857142859,-0.20000000000000015,-0.13333333333333333,-0.42857142857142855,-0.5995525727069422,-0.1025641025641025,-0.44444444444444436,-0.06249999999999979,0
500,0.363636363636363,0.708333333333333,0.14705882352941174,1.1428571428571423,0.2999999999999995,0.6,1.0238095238095237,1.521252796420572,0.8717948717948701,0.6666666666666669,0.8750000000000004,1
339,2.0454545454545445,-0.1250000000000001,0.9411764705882353,1.1428571428571423,1.1499999999999995,0.9333333333333333,1.4523809523809523,1.7897091722594702,-0.7692307692307676,2.111111111111112,0.8125000000000007,1
29,-0.36363636363636376,0.7916666666666665,-0.7647058823529412,-0.4285714285714288,0.0,0.0,-0.07142857142857142,0.1789709172259321,0.82051282051282,-0.38888888888888873,-0.49999999999999944,0
1058,-0.13636363636363663,-0.4166666666666668,-0.02941176470588238,2.4285714285714275,1.1999999999999995,0.9333333333333333,1.2380952380952381,0.46532438478744337,-0.82051282051282,-0.2777777777777781,-0.6874999999999999,0
1453,-0.5909090909090909,0.24999999999999978,-0.7058823529411766,-0.2857142857142859,-0.8999999999999999,1.5333333333333334,0.35714285714285715,-1.3691275167785595,0.205128205128205,0.7777777777777781,0.8750000000000004,1
946,1.0454545454545445,-0.3333333333333334,0.47058823529411764,-0.2857142857142859,-0.4500000000000003,-0.4666666666666667,-0.42857142857142855,-0.5100671140939761,-0.8717948717948701,0.944444444444445,0.5625000000000003,1
170,-0.18181818181818188,0.7708333333333331,-0.05882352941176476,-0.5714285714285715,13.999999999999996,0.06666666666666667,0.5952380952380952,-0.1789709172259818,-1.5897435897435876,5.388888888888891,-0.43749999999999967,0
913,0.9545454545454539,-0.25,0.5294117647058824,0.9999999999999993,-0.7499999999999998,-0.6666666666666666,-0.7142857142857143,-0.026845637583919623,0.1025641025641025,0.0,1.2500000000000002,1
492,0.5909090909090902,-0.45833333333333354,0.7058823529411765,0.4285714285714282,-1.2499999999999998,-0.13333333333333333,-0.30952380952380953,-0.7158836689038278,0.15384615384615263,0.944444444444445,1.9375000000000013,1
954,1.0454545454545445,-0.75,0.6470588235294118,-0.14285714285714296,-1.4,-0.6,-0.6904761904761905,-0.9932885906040325,-0.5641025641025627,0.38888888888888873,1.1875000000000004,1
1033,0.09090909090909054,1.2499999999999998,-0.7647058823529412,2.7142857142857126,0.7499999999999998,-0.6,-0.5714285714285714,0.7785234899328742,0.2564102564102551,-0.5,-0.37499999999999983,0
588,-0.2727272727272728,0.8749999999999999,-0.05882352941176476,-0.4285714285714288,1.3999999999999997,0.26666666666666666,1.5238095238095237,-0.04474272930648303,-0.2564102564102574,-0.16666666666666688,-0.5624999999999992,0
751,0.18181818181818188,0.5416666666666667,-0.4705882352941177,0.9999999999999993,0.4499999999999996,0.2,0.047619047619047616,0.550335570469781,-0.1025641025641025,-0.38888888888888873,-0.43749999999999967,0
658,1.8636363636363626,-0.08333333333333341,0.9705882352941176,-1.142857142857143,-0.35000000000000026,0.6,0.09523809523809523,0.536912751677846,-1.9999999999999978,0.33333333333333376,0.1875000000000005,1
235,0.13636363636363583,2.0,-0.5000000000000001,0.14285714285714232,-0.7499999999999998,-0.4666666666666667,-0.023809523809523808,0.022371364653241514,0.051282051282050115,-0.38888888888888873,-0.7499999999999997,1
733,-0.2727272727272728,1.3124999999999998,-0.6764705882352942,-0.14285714285714296,0.5999999999999998,-0.26666666666666666,-0.4523809523809524,-0.08948545861296606,0.41025641025641,-0.8333333333333337,-0.37499999999999983,0
1173,0.8181818181818173,-0.4166666666666668,0.5882352941176472,-0.14285714285714296,-0.3000000000000002,-0.6,-0.5238095238095238,-0.1387024608501272,-0.205128205128205,0.6666666666666669,1.312500000000001,1
1306,-0.18181818181818188,0.3749999999999999,0.0,-0.4285714285714288,-0.35000000000000026,0.6666666666666666,1.1904761904761905,-0.3042505592841243,-0.05128205128205239,-0.5,-0.24999999999999917,0
935,-0.5909090909090909,0.3749999999999999,-0.7352941176470589,-0.4285714285714288,0.0,-0.4,-0.30952380952380953,0.2953020134228178,1.9487179487179453,0.6111111111111113,0.1875000000000005,0
109,0.04545454545454527,-0.7916666666666667,0.7941176470588237,0.4285714285714282,0.5499999999999997,0.26666666666666666,1.0,0.3579418344519139,0.30769230769230754,1.0000000000000007,-0.37499999999999983,1
569,0.8636363636363634,-0.08333333333333341,0.6764705882352942,0.5714285714285712,8.499999999999998,-0.6,-0.42857142857142855,0.984340044742726,0.0,0.944444444444445,0.31250000000000006,1
891,-0.3181818181818181,-0.75,-0.05882352941176476,-0.2857142857142859,-0.4500000000000003,1.0666666666666667,0.3333333333333333,-0.46532438478749305,0.6666666666666652,-0.2222222222222225,-0.06249999999999979,0
948,0.18181818181818188,-1.0,0.6470588235294118,-0.14285714285714296,0.6499999999999998,-0.5333333333333333,-0.6190476190476191,-1.2170022371364972,-0.2564102564102574,0.0,1.3750000000000009,1
1049,0.6363636363636362,-0.1250000000000001,0.2941176470588235,-0.7142857142857144,0.05000000000000004,-0.7333333333333333,-0.5714285714285714,0.0984340044742726,-0.205128205128205,0.8888888888888894,0.4375000000000008,1
1076,0.5454545454545449,-1.1250000000000002,0.2352941176470589,-0.2857142857142859,-0.4500000000000003,2.066666666666667,0.6904761904761905,0.3982102908277188,0.6666666666666652,1.3333333333333337,0.0,1
885,0.40909090909090906,0.3749999999999999,-0.20588235294117652,2.5714285714285707,0.6999999999999998,1.0666666666666667,0.7380952380952381,0.478747203579428,-0.4615384615384601,-0.6666666666666669,-0.12499999999999958,1
1346,0.13636363636363583,-0.3333333333333334,-0.05882352941176476,0.14285714285714232,-0.8499999999999999,-0.26666666666666666,-0.23809523809523808,-0.2997762863534959,-0.30769230769230754,-0.5,0.0,1
851,0.6363636363636362,-0.3750000000000001,0.5294117647058824,-0.4285714285714288,0.25000000000000017,-0.3333333333333333,-0.38095238095238093,0.12527964205814254,-0.1538461538461549,-0.38888888888888873,-0.43749999999999967,0
735,-0.09090909090909094,0.16666666666666682,-0.17647058823529413,-0.2857142857142859,-0.25000000000000017,-0.3333333333333333,0.023809523809523808,0.8501118568232768,0.8717948717948701,0.0,-0.5624999999999992,0
718,-0.13636363636363663,-0.25,-0.4411764705882354,0.5714285714285712,-0.05000000000000004,-0.13333333333333333,0.2619047619047619,0.0,-0.5128205128205126,-0.2777777777777781,-0.12499999999999958,0
455,-0.40909090909090906,-1.2083333333333335,0.41176470588235303,-0.8571428571428571,-0.8499999999999999,0.4666666666666667,0.6904761904761905,-0.7158836689038278,0.9743589743589727,0.05555555555555562,0.5625000000000003,0
265,2.09090909090909,0.16666666666666682,0.6764705882352942,0.28571428571428525,-0.7999999999999998,-0.6,-0.2619047619047619,1.3870246085011229,-1.1794871794871777,1.3888888888888893,0.4375000000000008,0
76,0.40909090909090906,-0.45833333333333354,1.1176470588235294,0.0,0.6499999999999998,-0.3333333333333333,0.09523809523809523,0.8053691275167939,1.1794871794871777,0.2222222222222225,0.1875000000000005,0
445,-1.1818181818181814,0.20833333333333307,-0.7352941176470589,-0.7142857142857144,-1.2999999999999998,-0.6,-0.2619047619047619,-1.5212527964206217,1.3333333333333304,1.2222222222222225,1.4375000000000007,1
396,1.8636363636363626,-0.6250000000000001,1.4705882352941178,2.8571428571428563,-0.6999999999999998,-0.4666666666666667,0.0,1.610738255033538,-0.4615384615384601,-0.11111111111111124,1.7500000000000009,1
177,-0.2727272727272728,-0.5833333333333334,-0.14705882352941183,-0.2857142857142859,0.0,-0.4666666666666667,-0.07142857142857142,-0.31319910514543087,0.1025641025641025,-0.8333333333333337,-0.43749999999999967,0
1043,0.4545454545454543,-0.08333333333333341,-0.14705882352941183,0.0,0.3999999999999996,0.4666666666666667,0.023809523809523808,0.05369127516778957,0.1025641025641025,1.166666666666667,0.5625000000000003,1
1394,0.04545454545454527,0.0,-0.02941176470588238,-0.2857142857142859,-0.10000000000000007,0.3333333333333333,0.5,-0.3042505592841243,-0.05128205128205239,-0.7777777777777781,0.0,0
1118,-0.40909090909090906,0.708333333333333,-0.5588235294117647,0.4285714285714282,0.5499999999999997,0.06666666666666667,-0.40476190476190477,-0.4832214765100564,0.35897435897435764,-0.11111111111111124,0.687500000000001,1
1160,1.0454545454545445,-0.45833333333333354,0.5,0.0,1.4999999999999996,-0.2,-0.023809523809523808,0.21476510067115828,-0.7692307692307676,0.2777777777777781,0.375000000000001,0
596,0.4545454545454543,0.31249999999999983,0.4411764705882352,8.14285714285714,0.2999999999999995,1.0666666666666667,1.6904761904761905,1.3422818791946398,-0.205128205128205,-0.2777777777777781,-0.5624999999999992,0
62,-0.09090909090909094,0.708333333333333,0.6764705882352942,-0.5714285714285715,1.7499999999999998,0.4,1.7619047619047619,0.0,-0.5128205128205126,0.5,-0.5624999999999992,0
873,-0.2727272727272728,-0.7083333333333335,-0.05882352941176476,-0.2857142857142859,-0.6499999999999998,0.9333333333333333,0.23809523809523808,-0.46532438478749305,0.6153846153846151,-0.44444444444444436,-0.12499999999999958,0
1191,0.5454545454545449,-0.5,0.9117647058823528,3.428571428571427,0.0,-0.5333333333333333,-0.42857142857142855,-0.12527964205819223,-0.1538461538461549,-0.2777777777777781,1.4375000000000007,1
1498,-0.4545454545454543,0.9166666666666666,-0.6764705882352942,0.14285714285714232,-1.2999999999999998,-0.4666666666666667,-0.5238095238095238,-0.7695749440716174,0.7179487179487175,0.05555555555555562,0.8125000000000007,1
279,1.0909090909090906,-0.8333333333333334,0.5588235294117647,5.999999999999999,-0.35000000000000026,-0.6,-0.5952380952380952,0.3579418344519139,-0.41025641025641,1.1111111111111112,1.5000000000000007,1
37,-0.04545454545454568,0.3333333333333332,-0.35294117647058826,0.28571428571428525,0.2999999999999995,-0.7333333333333333,-0.5476190476190477,0.31319910514543087,0.5641025641025627,-0.11111111111111124,0.375000000000001,1
663,-0.3181818181818181,0.20833333333333307,-0.5882352941176472,-0.8571428571428571,-0.20000000000000015,-0.3333333333333333,-0.2619047619047619,0.1789709172259321,0.2564102564102551,0.44444444444444436,-0.37499999999999983,1
978,0.22727272727272715,0.29166666666666646,0.08823529411764698,0.5714285714285712,1.4499999999999995,1.1333333333333333,1.9285714285714286,0.5413870246084744,-0.82051282051282,-0.6666666666666669,-0.6874999999999999,0
739,0.4999999999999996,-0.25,-0.08823529411764706,0.8571428571428564,0.5999999999999998,0.9333333333333333,1.5714285714285714,0.6711409395972951,-1.076923076923075,-0.33333333333333315,-0.6250000000000001,0
192,-0.6818181818181814,-0.6250000000000001,-0.02941176470588238,-0.4285714285714288,-0.3000000000000002,0.4666666666666667,0.2619047619047619,0.26845637583889814,1.3333333333333304,0.0,-0.24999999999999917,1
920,0.22727272727272715,0.4166666666666666,-0.41176470588235303,-0.5714285714285715,-0.4000000000000003,1.6,0.19047619047619047,-0.7874720357941808,0.35897435897435764,1.5000000000000007,1.000000000000001,1
457,0.4545454545454543,0.29166666666666646,0.3823529411764706,0.14285714285714232,0.7499999999999998,-0.6,-0.38095238095238093,0.8053691275167939,0.30769230769230754,-0.2222222222222225,0.0625000000000009,0
676,0.6363636363636362,-0.45833333333333354,0.3823529411764706,0.0,-0.7999999999999998,-0.13333333333333333,-0.16666666666666666,0.7158836689037781,-0.2564102564102574,0.16666666666666688,0.0,0
761,0.4999999999999996,0.24999999999999978,-0.02941176470588238,0.8571428571428564,-0.25000000000000017,-0.3333333333333333,1.5714285714285714,0.44295302013420185,-0.41025641025641,-0.2777777777777781,-0.31250000000000006,0
1444,-0.4545454545454543,0.24999999999999978,-0.17647058823529413,-0.6428571428571429,-1.100000000000005,-0.4,-0.38095238095238093,-1.6017897091722813,0.35897435897435764,-0.7222222222222225,0.9375000000000002,0
729,-0.6818181818181814,0.20833333333333307,-0.7058823529411766,-0.5714285714285715,-0.6499999999999998,-0.6666666666666666,-0.6428571428571429,0.08948545861296606,0.7692307692307676,0.33333333333333376,-0.43749999999999967,0
413,-0.36363636363636376,0.8958333333333333,-0.2941176470588236,-0.4285714285714288,1.0,0.06666666666666667,0.9285714285714286,-0.08948545861296606,-0.205128205128205,0.11111111111111124,-0.5624999999999992,0
1099,0.04545454545454527,-0.8750000000000001,0.5588235294117647,-0.14285714285714296,6.799999999999999,-0.6,-0.5238095238095238,-1.4407158836689125,-0.82051282051282,1.0555555555555562,1.4375000000000007,1
826,-0.36363636363636376,-0.25,-0.35294117647058826,0.8571428571428564,-0.20000000000000015,0.06666666666666667,-0.023809523809523808,-0.25055928411633477,0.2564102564102551,-0.7222222222222225,0.31250000000000006,0
617,0.772727272727272,0.3333333333333332,0.7058823529411765,0.14285714285714232,-0.05000000000000004,0.9333333333333333,0.7857142857142857,1.2975391498881568,0.9743589743589727,-0.2777777777777781,-0.31250000000000006,0
115,-0.04545454545454568,0.16666666666666682,-0.20588235294117652,-0.5714285714285715,1.1999999999999995,-0.13333333333333333,0.21428571428571427,-0.1789709172259818,-0.6153846153846151,1.7222222222222232,-0.43749999999999967,0
418,-0.40909090909090906,0.24999999999999978,-0.41176470588235303,-0.4285714285714288,0.5499999999999997,1.3333333333333333,2.0476190476190474,-0.536912751677846,0.6666666666666652,-0.7777777777777781,0.1875000000000005,0
970,-0.5454545454545453,0.16666666666666682,-0.5000000000000001,0.9999999999999993,-0.05000000000000004,-0.4666666666666667,-0.38095238095238093,-0.049217002237161134,0.7692307692307676,-0.05555555555555562,0.0,0
605,0.18181818181818188,0.24999999999999978,-0.3823529411764706,0.9999999999999993,0.7999999999999998,0.0,0.5952380952380952,0.7158836689037781,-0.7179487179487175,0.0,-0.6874999999999999,1
1528,-0.36363636363636376,0.041666666666666706,-0.5588235294117647,-0.7142857142857144,-0.4500000000000003,0.06666666666666667,-0.3333333333333333,-0.7606263982103109,-0.1025641025641025,0.2222222222222225,0.375000000000001,1
90,-0.40909090909090906,0.4166666666666666,-0.5294117647058824,-0.5714285714285715,-0.20000000000000015,-0.4,-0.3333333333333333,0.44742729306487994,0.8717948717948701,-0.5,-0.7499999999999997,0
849,-0.6818181818181814,0.5,-0.14705882352941183,-0.5714285714285715,0.05000000000000004,0.0,-0.16666666666666666,0.0402684563758546,1.4358974358974328,0.2222222222222225,-0.24999999999999917,0
1218,0.13636363636363583,-0.75,0.3235294117647059,-0.4285714285714288,-1.1499999999999997,1.9333333333333333,0.8571428571428571,-1.2170022371364972,-0.41025641025641,1.0555555555555562,1.1250000000000007,1
1527,-0.5,-0.20833333333333354,-0.5294117647058824,0.0,-0.7999999999999998,0.26666666666666666,0.0,-0.5682326621923941,-0.05128205128205239,0.16666666666666688,-0.37499999999999983,1
754,0.18181818181818188,0.5416666666666667,-0.4705882352941177,0.9999999999999993,0.4499999999999996,0.2,0.047619047619047616,0.550335570469781,-0.1025641025641025,-0.38888888888888873,-0.43749999999999967,0
499,1.2727272727272716,-0.7083333333333335,0.7941176470588237,0.5714285714285712,-0.49999999999999967,-0.6,-0.5238095238095238,0.1789709172259321,-0.82051282051282,0.16666666666666688,0.5000000000000006,1
12,-0.18181818181818188,-0.08333333333333341,0.2941176470588235,5.571428571428569,-0.4500000000000003,0.2,1.5238095238095237,0.44742729306487994,0.205128205128205,1.0000000000000007,0.1875000000000005,0
397,-0.5909090909090909,0.8958333333333333,-0.7058823529411766,8.14285714285714,2.099999999999999,3.6,2.0476190476190474,1.1633109619686581,0.82051282051282,-0.5,-0.18749999999999936,0
285,0.9090909090909086,0.29166666666666646,-0.5588235294117647,1.7142857142857135,1.0999999999999994,1.2,0.7857142857142857,1.4988814317673802,0.0,0.5,-0.24999999999999917,0
1067,-0.5909090909090909,0.0,-0.5294117647058824,0.28571428571428525,-0.49999999999999967,-0.06666666666666667,-0.2857142857142857,-1.4407158836689125,0.4615384615384601,0.5555555555555556,1.4375000000000007,1
691,-0.22727272727272715,2.7708333333333335,-0.7647058823529412,2.9285714285714275,0.8499999999999951,-0.6,-0.5714285714285714,-0.08948545861296606,1.6410256410256379,-0.44444444444444436,0.31250000000000006,0
1309,0.8181818181818173,0.708333333333333,0.17647058823529413,0.4285714285714282,0.3999999999999996,0.5333333333333333,1.2619047619047619,0.492170022371363,-0.1025641025641025,0.0,-0.06249999999999979,0
1495,-0.6818181818181814,-0.8750000000000001,-0.5000000000000001,-1.142857142857143,-0.6999999999999998,0.06666666666666667,-0.23809523809523808,-0.9888143176734041,0.5641025641025627,0.44444444444444436,-0.12499999999999958,1
690,0.09090909090909054,-0.5833333333333334,0.6470588235294118,-0.5714285714285715,3.849999999999999,-0.6,-0.5,0.3579418344519139,-0.05128205128205239,2.38888888888889,-0.49999999999999944,0
852,0.6363636363636362,-0.3750000000000001,0.5294117647058824,-0.4285714285714288,0.25000000000000017,-0.3333333333333333,-0.38095238095238093,0.12527964205814254,-0.1538461538461549,-0.38888888888888873,-0.43749999999999967,0
160,-0.5,0.3333333333333332,-0.2352941176470589,-0.4285714285714288,-0.05000000000000004,0.26666666666666666,1.1428571428571428,0.0,1.4358974358974328,-0.2777777777777781,-0.5624999999999992,1
896,-0.36363636363636376,0.29166666666666646,-0.7352941176470589,0.14285714285714232,0.0,0.8666666666666667,0.11904761904761904,-0.5816554809843291,0.5641025641025627,-0.2222222222222225,0.31250000000000006,1
1446,-0.22727272727272715,1.1041666666666667,-0.20588235294117652,4.285714285714285,0.6999999999999998,0.3333333333333333,1.4285714285714286,0.14765100671138406,-0.7692307692307676,-0.5555555555555556,-0.37499999999999983,1
1499,-0.5909090909090909,1.5625,-0.6470588235294118,0.14285714285714232,-0.5999999999999998,-0.4666666666666667,-0.5952380952380952,-0.43847874720357344,1.1282051282051253,-0.2222222222222225,0.375000000000001,1
516,0.27272727272727243,0.5625000000000001,0.6764705882352942,5.571428571428569,2.099999999999999,1.3333333333333333,2.6904761904761907,1.8791946308724363,0.0,2.8888888888888893,-0.5624999999999992,0
769,-0.36363636363636376,0.29166666666666646,-0.7058823529411766,0.14285714285714232,0.09999999999999522,0.6666666666666666,1.3333333333333333,0.28635346756151125,1.2307692307692277,-0.5,-0.31250000000000006,1
1400,-0.3181818181818181,0.6250000000000001,-0.7647058823529412,0.0,-0.5999999999999998,-0.26666666666666666,-0.3333333333333333,-0.536912751677846,0.5641025641025627,0.5555555555555556,0.5625000000000003,1
1585,-0.5454545454545453,-0.8333333333333334,0.5294117647058824,0.28571428571428525,-0.95,0.6666666666666666,-0.09523809523809523,-0.8769574944071965,-0.1025641025641025,1.0000000000000007,0.8750000000000004,1
522,-0.13636363636363663,-0.45833333333333354,0.6764705882352942,-0.2857142857142859,0.3999999999999996,0.13333333333333333,0.11904761904761904,0.536912751677846,0.8717948717948701,0.11111111111111124,-0.6874999999999999,0
357,1.6363636363636354,-0.45833333333333354,0.7647058823529412,1.1428571428571423,0.0,1.0,0.40476190476190477,1.476510067114089,-0.2564102564102574,1.444444444444445,0.5000000000000006,0
1354,-0.13636363636363663,0.5208333333333334,-0.6764705882352942,-0.4285714285714288,0.2999999999999995,0.0,0.4523809523809524,0.04474272930648303,0.30769230769230754,-0.8888888888888891,0.0625000000000009,0
341,1.954545454545453,-0.75,0.7058823529411765,0.28571428571428525,-0.6999999999999998,-0.26666666666666666,-0.40476190476190477,1.431767337807606,-0.9743589743589727,3.111111111111112,-0.6250000000000001,1
432,-0.04545454545454568,0.1250000000000001,0.2647058823529411,0.0,-0.3000000000000002,0.4666666666666667,0.6666666666666666,0.26845637583889814,-0.30769230769230754,-0.33333333333333315,-0.6250000000000001,0
474,0.9090909090909086,-0.7083333333333335,0.8529411764705884,-0.14285714285714296,-0.8999999999999999,-0.6,-0.5714285714285714,0.13422818791944907,-0.2564102564102574,0.944444444444445,0.2500000000000003,0
218,0.09090909090909054,0.8541666666666665,-0.11764705882352945,0.0,-0.4000000000000003,-0.2,0.07142857142857142,-0.04474272930648303,0.2564102564102551,-0.38888888888888873,-0.6874999999999999,0
912,0.5454545454545449,-1.0,0.5882352941176472,9.714285714285712,1.6999999999999997,-0.7333333333333333,-0.6904761904761905,0.9888143176733544,-0.6666666666666652,-0.11111111111111124,0.4375000000000008,1
1282,-0.36363636363636376,-0.25,-0.17647058823529413,-0.4285714285714288,-0.1500000000000001,0.9333333333333333,0.38095238095238093,-0.536912751677846,0.30769230769230754,0.11111111111111124,0.1250000000000007,1
1012,0.4545454545454543,-0.8333333333333334,0.14705882352941174,-0.2857142857142859,0.3999999999999996,-0.13333333333333333,-0.4523809523809524,-0.492170022371363,-0.7179487179487175,-0.38888888888888873,0.1250000000000007,1
1556,-0.40909090909090906,0.16666666666666682,-0.2647058823529412,-0.7142857142857144,-0.7499999999999998,0.06666666666666667,-0.3333333333333333,-0.7427293064876977,0.6666666666666652,0.33333333333333376,0.21875000000000094,1
94,-0.09090909090909094,-0.1250000000000001,0.0,-0.4285714285714288,-0.8999999999999999,-0.3333333333333333,-0.16666666666666666,-0.08948545861296606,0.41025641025641,0.11111111111111124,-0.37499999999999983,0
1009,0.4545454545454543,-0.7083333333333335,0.41176470588235303,1.9999999999999993,1.4999999999999996,-0.13333333333333333,-0.3333333333333333,-0.5861297539150071,-0.41025641025641,0.44444444444444436,1.1250000000000007,1
1071,0.6363636363636362,-0.7916666666666667,0.5588235294117647,-1.0,-1.1499999999999997,0.3333333333333333,-0.023809523809523808,-0.8143176733781003,-0.6666666666666652,1.5000000000000007,0.5625000000000003,1
1093,-0.40909090909090906,0.08333333333333341,-0.5000000000000001,-0.2857142857142859,0.05000000000000004,-0.26666666666666666,-0.5238095238095238,-0.899328859060438,0.6153846153846151,-0.16666666666666688,0.8125000000000007,1
697,-0.40909090909090906,0.5416666666666667,-0.7058823529411766,-0.14285714285714296,-0.6999999999999998,-0.4,-0.30952380952380953,0.1789709172259321,0.82051282051282,0.2777777777777781,-0.43749999999999967,1
1432,-0.13636363636363663,-0.3750000000000001,0.14705882352941174,-0.14285714285714296,-0.5499999999999997,-0.06666666666666667,0.8571428571428571,-0.44742729306487994,-0.2564102564102574,-0.44444444444444436,-0.18749999999999936,1
997,-1.0454545454545452,0.5833333333333334,-0.7647058823529412,0.0,0.34999999999999953,-0.7333333333333333,-0.6428571428571429,-1.3512304250559464,2.051282051282048,0.05555555555555562,1.6250000000000013,1
154,-0.18181818181818188,0.3333333333333332,-0.6764705882352942,-0.5714285714285715,0.7499999999999998,0.7333333333333333,1.4523809523809523,-0.8053691275167939,0.205128205128205,-0.44444444444444436,-0.06249999999999979,0
1411,-0.5909090909090909,1.8333333333333333,-0.7647058823529412,-0.5714285714285715,0.09999999999999522,-0.6,-0.5238095238095238,-1.431767337807606,0.9743589743589727,-1.0000000000000002,1.0625000000000009,1
1597,-0.7272727272727272,-0.041666666666666706,-0.3823529411764706,0.14285714285714232,-0.20000000000000015,1.0,0.047619047619047616,-0.4742729306487996,0.5641025641025627,0.7222222222222225,0.5000000000000006,1
790,0.3181818181818177,0.4583333333333333,-0.2647058823529412,0.9999999999999993,0.95,0.4666666666666667,1.9285714285714286,0.536912751677846,-1.1282051282051275,-0.5555555555555556,-0.5624999999999992,0
581,1.9999999999999991,-0.08333333333333341,0.6764705882352942,0.0,0.4499999999999996,-0.6,-0.5714285714285714,1.521252796420572,-0.6153846153846151,-1.0000000000000002,-0.37499999999999983,0
704,-0.18181818181818188,-0.5833333333333334,0.6470588235294118,0.5714285714285712,-0.35000000000000026,0.5333333333333333,1.0952380952380953,0.1789709172259321,0.051282051282050115,0.44444444444444436,-0.37499999999999983,0
1340,-0.18181818181818188,-0.041666666666666706,-0.7058823529411766,-0.7142857142857144,0.20000000000000015,-0.06666666666666667,-0.16666666666666666,-0.6353467561521187,0.2564102564102551,-0.44444444444444436,0.1875000000000005,1
488,1.0454545454545445,0.5208333333333334,0.2941176470588235,-0.5714285714285715,-1.3499999999999999,-0.6,-0.5714285714285714,0.6263982102908121,-0.7179487179487175,-1.1111111111111116,-0.12499999999999958,1
560,2.318181818181817,-0.20833333333333354,0.6764705882352942,2.9999999999999987,0.25000000000000017,-0.5333333333333333,0.21428571428571427,2.371364653243849,-0.05128205128205239,0.33333333333333376,1.5625000000000004,1
1142,0.13636363636363583,-0.5833333333333334,0.17647058823529413,0.4285714285714282,0.0,0.6666666666666666,0.7857142857142857,-0.25055928411633477,-0.205128205128205,1.2777777777777781,0.5000000000000006,1
1120,-1.0454545454545452,0.5833333333333334,-0.7647058823529412,0.4285714285714282,-0.6999999999999998,-0.4666666666666667,-0.5476190476190477,-1.897091722595099,1.076923076923075,-0.2222222222222225,1.687500000000001,0
802,0.3181818181818177,0.1250000000000001,-0.5000000000000001,1.5714285714285705,-0.5999999999999998,-0.4,-0.5,0.24608501118565665,-0.41025641025641,-1.0000000000000002,-0.12499999999999958,0
513,1.2727272727272716,-0.5,0.6470588235294118,-0.14285714285714296,2.2499999999999996,0.06666666666666667,0.2619047619047619,0.536912751677846,-1.435897435897435,1.0555555555555562,-0.31250000000000006,1
634,0.9999999999999992,1.729166666666667,-0.11764705882352945,1.7142857142857135,1.2499999999999996,-0.2,1.1428571428571428,1.8791946308724363,0.6153846153846151,0.11111111111111124,0.687500000000001,0
1428,-0.13636363636363663,-0.45833333333333354,0.20588235294117652,0.4285714285714282,-0.10000000000000007,-0.5333333333333333,-0.35714285714285715,-0.492170022371363,-0.05128205128205239,-0.2222222222222225,0.6250000000000001,0
1151,0.13636363636363583,-0.7916666666666667,0.17647058823529413,0.8571428571428564,-0.6499999999999998,-0.6666666666666666,-0.6190476190476191,-0.926174496644308,-0.05128205128205239,0.7777777777777781,1.6250000000000013,1
791,-0.22727272727272715,-0.6250000000000001,0.5,0.5714285714285712,0.09999999999999522,0.26666666666666666,1.0476190476190477,0.12527964205814254,0.1025641025641025,0.33333333333333376,-0.31250000000000006,1
117,0.18181818181818188,0.08333333333333341,0.05882352941176476,-0.4285714285714288,-0.1500000000000001,-0.2,0.047619047619047616,0.44742729306487994,0.41025641025641,-0.05555555555555562,-0.12499999999999958,1
741,0.18181818181818188,1.0,0.08823529411764698,2.8571428571428563,-0.25000000000000017,-0.13333333333333333,-0.5238095238095238,-0.13422818791944907,0.7179487179487175,0.33333333333333376,0.8125000000000007,1
1082,0.0,-0.9166666666666669,1.235294117647059,8.714285714285714,-1.4999999999999996,1.5666666666666667,5.976190476190476,-1.6286353467561512,-1.5384615384615377,-0.6111111111111113,1.312500000000001,1
831,-0.18181818181818188,0.6875000000000002,-0.5588235294117647,0.4285714285714282,-1.100000000000005,-0.6,-0.6904761904761905,-0.21476510067115828,0.35897435897435764,-0.38888888888888873,0.4375000000000008,0
120,-0.40909090909090906,0.708333333333333,-0.5294117647058824,-0.5714285714285715,0.8499999999999951,0.5333333333333333,1.2142857142857142,-0.40268456375839695,0.15384615384615263,-0.44444444444444436,-0.6250000000000001,1
657,1.2727272727272716,-0.3750000000000001,0.3823529411764706,0.0,1.2999999999999996,-0.4,-0.14285714285714285,0.8053691275167939,-2.15384615384615,-0.6666666666666669,-0.37499999999999983,0
1519,-0.22727272727272715,-0.20833333333333354,0.5882352941176472,0.0,1.6999999999999997,-0.4666666666666667,-0.42857142857142855,-0.14765100671143375,0.051282051282050115,0.05555555555555562,0.1875000000000005,0
636,0.363636363636363,1.3333333333333333,-0.7647058823529412,-1.142857142857143,-0.7499999999999998,0.6666666666666666,-0.11904761904761904,-0.6263982102908617,-0.205128205128205,-0.38888888888888873,-0.31250000000000006,0
370,0.6818181818181814,-1.0416666666666667,0.7941176470588237,0.28571428571428525,-0.3000000000000002,-0.5333333333333333,-0.47619047619047616,-0.2684563758389478,-0.5641025641025627,2.833333333333334,1.1250000000000007,1
269,-0.4545454545454543,0.08333333333333341,-0.6470588235294118,1.1428571428571423,-0.1500000000000001,-0.4666666666666667,-0.2619047619047619,0.8501118568232768,1.9487179487179453,1.6111111111111118,-0.49999999999999944,1
656,0.8181818181818173,0.1250000000000001,-0.2647058823529412,0.9999999999999993,0.34999999999999953,0.4,0.35714285714285715,1.610738255033538,-0.8717948717948701,-0.05555555555555562,-0.49999999999999944,0
936,0.40909090909090906,-0.9166666666666669,0.35294117647058826,0.14285714285714232,-1.0,0.3333333333333333,0.8095238095238095,-0.6129753914988771,0.41025641025641,0.5555555555555556,1.000000000000001,1
823,-0.5454545454545453,0.08333333333333341,-0.3823529411764706,-0.2857142857142859,-0.20000000000000015,0.06666666666666667,-0.047619047619047616,0.22371364653241513,1.5384615384615352,0.11111111111111124,-0.24999999999999917,0
867,-0.5,-0.1250000000000001,-0.11764705882352945,0.14285714285714232,-0.4500000000000003,-0.06666666666666667,-0.3333333333333333,-1.0827740492169986,0.5128205128205126,1.166666666666667,0.687500000000001,1
47,-0.09090909090909094,1.729166666666667,0.5,0.0,1.6999999999999997,0.5333333333333333,1.8095238095238095,0.08948545861296606,-0.30769230769230754,0.6111111111111113,-0.6250000000000001,0
1374,-0.09090909090909094,0.9583333333333333,0.02941176470588238,2.2857142857142847,1.4999999999999996,1.3333333333333333,1.2142857142857142,-0.07158836689040265,-0.35897435897435764,-0.9444444444444446,-0.5624999999999992,0
992,-0.36363636363636376,-0.75,0.05882352941176476,-0.2857142857142859,0.09999999999999522,1.1333333333333333,0.7142857142857143,0.06263982102909611,0.7179487179487175,-0.7777777777777781,-0.49999999999999944,0
877,-0.36363636363636376,-0.20833333333333354,-0.7647058823529412,0.0,-0.6499999999999998,-0.4666666666666667,-0.5714285714285714,-0.7293064876957628,0.4615384615384601,-0.2222222222222225,0.4375000000000008,0
774,0.0,-0.5,0.08823529411764698,-0.5714285714285715,3.849999999999999,-0.8666666666666667,0.14285714285714285,0.22371364653241513,-0.05128205128205239,1.6666666666666674,-0.43749999999999967,1
1599,-0.8636363636363634,-0.8750000000000001,0.6176470588235293,1.9999999999999993,-0.6499999999999998,0.26666666666666666,0.09523809523809523,-0.5861297539150071,0.41025641025641,0.2222222222222225,0.5000000000000006,1
5,-0.22727272727272715,0.7499999999999998,-0.7647058823529412,-0.4285714285714288,-0.20000000000000015,-0.2,-0.09523809523809523,0.44742729306487994,1.0256410256410229,-0.33333333333333315,-0.49999999999999944,0
1004,-0.5,-0.6666666666666669,0.17647058823529413,-0.5714285714285715,-0.6499999999999998,-0.6666666666666666,-0.7142857142857143,-1.7897091722595198,0.2564102564102551,-0.38888888888888873,1.6250000000000013,1
1385,-0.36363636363636376,0.9791666666666666,-0.32352941176470595,-0.5714285714285715,1.3499999999999996,0.4,1.0952380952380953,-0.38926174496646193,-0.6153846153846151,-0.6666666666666669,-0.43749999999999967,0
264,0.0,-0.6250000000000001,-0.08823529411764706,-0.5714285714285715,-0.1500000000000001,0.6,0.2619047619047619,-0.2237136465324648,-0.1538461538461549,0.2777777777777781,-0.5624999999999992,0
1259,-0.5,0.5,-0.7647058823529412,0.7142857142857141,2.1499999999999995,0.06666666666666667,-0.11904761904761904,-0.6353467561521187,0.6666666666666652,0.05555555555555562,0.687500000000001,1
1461,-0.6818181818181814,-0.4166666666666668,-0.5000000000000001,0.14285714285714232,-1.2999999999999998,1.3333333333333333,0.6190476190476191,0.1968680089485452,0.5128205128205126,0.33333333333333376,0.1250000000000007,1
1003,0.5454545454545449,-0.9583333333333335,0.20588235294117652,-0.21428571428571475,-0.8499999999999999,-0.06666666666666667,-0.2619047619047619,-0.7337807606263912,-0.2564102564102574,1.2222222222222225,0.9375000000000002,1
1078,0.3181818181818177,-0.6250000000000001,1.147058823529412,5.999999999999999,0.0,-0.7333333333333333,-0.7142857142857143,0.6129753914988771,-0.205128205128205,-0.2222222222222225,0.5000000000000006,0
838,-0.5454545454545453,-1.0,0.05882352941176476,0.28571428571428525,-3.3999999999999995,1.4666666666666666,1.4761904761904763,-2.7561521252796823,-0.2564102564102574,-1.2777777777777781,0.9375000000000002,1
1430,0.0,-1.4166666666666667,0.41176470588235303,0.0,-1.5499999999999996,1.6,0.6904761904761905,-0.3579418344519139,0.1025641025641025,1.7222222222222232,0.687500000000001,0
305,0.22727272727272715,0.5416666666666667,1.0,-0.14285714285714296,1.5999999999999948,-0.13333333333333333,1.2380952380952381,0.22371364653241513,-0.5641025641025627,-0.5555555555555556,-0.6250000000000001,0
1388,-0.22727272727272715,0.5,-0.5588235294117647,-0.5714285714285715,1.0,-0.4,-0.35714285714285715,-0.31319910514543087,-0.05128205128205239,-0.2222222222222225,-0.37499999999999983,0
314,0.3181818181818177,-0.20833333333333354,0.11764705882352937,1.1428571428571423,-0.20000000000000015,1.0666666666666667,2.3095238095238093,0.3579418344519139,-0.05128205128205239,-0.5,-0.49999999999999944,0
150,0.13636363636363583,-0.5,0.5294117647058824,0.8571428571428564,0.4499999999999996,-0.2,0.11904761904761904,0.31319910514543087,1.1282051282051253,-0.05555555555555562,0.1875000000000005,1
1149,-0.04545454545454568,-0.5416666666666667,0.47058823529411764,-0.2857142857142859,0.2999999999999995,-0.3333333333333333,-0.40476190476190477,-0.6890380313199082,0.41025641025641,0.2222222222222225,0.8750000000000004,1
1214,0.772727272727272,-0.5833333333333334,0.47058823529411764,-0.4285714285714288,-0.4500000000000003,-0.6,-0.5952380952380952,-0.09395973154364416,-0.82051282051282,0.7222222222222225,0.1875000000000005,1
575,1.2272727272727264,-0.75,0.6764705882352942,1.4285714285714282,-0.10000000000000007,0.4,0.9523809523809523,1.073825503355692,-0.6153846153846151,0.44444444444444436,-0.12499999999999958,1
51,0.40909090909090906,0.5833333333333334,0.0,-0.7142857142857144,-0.3000000000000002,-0.6666666666666666,-0.35714285714285715,0.13422818791944907,-0.82051282051282,0.6666666666666669,-0.6250000000000001,0
1246,-0.22727272727272715,0.1250000000000001,-0.20588235294117652,-0.5714285714285715,0.09999999999999522,0.06666666666666667,-0.09523809523809523,-0.11185682326620756,0.9230769230769226,0.33333333333333376,0.1875000000000005,0
727,0.09090909090909054,0.8333333333333331,-0.5000000000000001,0.8571428571428564,0.20000000000000015,0.26666666666666666,0.2619047619047619,1.1633109619686581,0.6153846153846151,0.5555555555555556,0.5625000000000003,1
834,1.6818181818181808,-0.20833333333333354,0.5294117647058824,-0.8571428571428571,3.3499999999999988,1.4666666666666666,0.30952380952380953,0.6979865771812147,0.35897435897435764,1.3333333333333337,-0.18749999999999936,0
1116,-0.40909090909090906,0.708333333333333,-0.5588235294117647,0.4285714285714282,0.5499999999999997,0.06666666666666667,-0.40476190476190477,-0.4832214765100564,0.35897435897435764,-0.11111111111111124,0.687500000000001,1
1167,0.9090909090909086,0.08333333333333341,0.0,-0.2857142857142859,1.5499999999999996,-0.4666666666666667,0.5238095238095238,0.12975391498882066,-1.8974358974358951,2.0000000000000004,0.0,0
471,2.318181818181817,-0.8333333333333334,1.147058823529412,0.5714285714285712,0.6499999999999998,0.06666666666666667,0.21428571428571427,1.2527964205816737,-1.3333333333333326,-0.05555555555555562,0.2500000000000003,0
972,1.1363636363636358,-1.0833333333333335,0.6470588235294118,-0.4285714285714288,-0.6999999999999998,-0.5333333333333333,-0.6666666666666666,0.1968680089485452,0.1025641025641025,1.3888888888888893,0.4375000000000008,1
654,0.6818181818181814,-0.7916666666666667,0.9705882352941176,0.8571428571428564,-0.05000000000000004,-0.3333333333333333,-0.19047619047619047,0.3579418344519139,-0.9743589743589727,-0.44444444444444436,1.1250000000000007,1
400,0.363636363636363,1.0208333333333333,-0.11764705882352945,0.14285714285714232,-0.7999999999999998,-0.3333333333333333,0.09523809523809523,-0.2237136465324648,-1.076923076923075,-0.38888888888888873,-0.49999999999999944,0
512,0.9545454545454539,0.29166666666666646,0.14705882352941174,0.0,0.49999999999999967,0.8,0.5714285714285714,1.1633109619686581,-0.6666666666666652,0.05555555555555562,0.0,1
321,0.8636363636363634,0.5833333333333334,0.3823529411764706,1.4285714285714282,0.1500000000000001,0.4666666666666667,0.5,0.9395973154362429,0.30769230769230754,0.5,0.8125000000000007,1
20,0.0,-0.8333333333333334,0.7352941176470589,-0.5714285714285715,13.049999999999997,0.2,0.42857142857142855,0.04474272930648303,-1.3846153846153826,2.5555555555555567,-0.6250000000000001,1
685,0.8636363636363634,1.9166666666666665,0.17647058823529413,0.14285714285714232,-0.10000000000000007,1.4,2.7142857142857144,0.536912751677846,-0.30769230769230754,-0.7777777777777781,-0.49999999999999944,0
36,-0.04545454545454568,0.5208333333333334,-0.7647058823529412,4.714285714285713,0.2999999999999995,-0.6,-0.47619047619047616,0.8053691275167939,0.4615384615384601,-0.38888888888888873,-0.37499999999999983,1
903,-0.22727272727272715,0.47916666666666663,-0.4705882352941177,0.28571428571428525,0.0,0.13333333333333333,-0.11904761904761904,0.25055928411633477,1.3846153846153826,0.38888888888888873,0.375000000000001,1
828,-0.36363636363636376,-0.25,-0.35294117647058826,0.8571428571428564,-0.20000000000000015,0.06666666666666667,-0.023809523809523808,-0.25055928411633477,0.2564102564102551,-0.7222222222222225,0.31250000000000006,0
1435,1.0454545454545445,0.08333333333333341,0.3235294117647059,18.85714285714285,6.699999999999999,2.7333333333333334,1.3571428571428572,3.0827740492169986,-0.6666666666666652,0.8333333333333337,-0.7499999999999997,1
408,1.8636363636363626,-0.5416666666666667,1.1764705882352944,1.1428571428571423,0.6499999999999998,-0.13333333333333333,-0.19047619047619047,1.2527964205816737,-0.6666666666666652,0.05555555555555562,0.375000000000001,1
921,0.772727272727272,-0.45833333333333354,0.3235294117647059,0.14285714285714232,0.5499999999999997,-0.26666666666666666,-0.35714285714285715,0.4742729306487499,-0.35897435897435764,-0.33333333333333315,0.1875000000000005,0
538,0.09090909090909054,1.270833333333333,-0.05882352941176476,-0.14285714285714296,0.20000000000000015,-0.6,-0.5952380952380952,0.1789709172259321,0.30769230769230754,0.8333333333333337,0.31250000000000006,1
759,0.09090909090909054,1.4583333333333333,-0.7647058823529412,0.0,0.20000000000000015,-0.26666666666666666,-0.16666666666666666,-0.10738255033557914,-0.30769230769230754,-0.6666666666666669,-0.24999999999999917,0
1063,0.04545454545454527,-0.5833333333333334,0.5294117647058824,-0.4285714285714288,0.8999999999999999,-0.5333333333333333,-0.5476190476190477,-0.536912751677846,-0.05128205128205239,0.11111111111111124,0.7500000000000009,1
246,-0.2727272727272728,0.5833333333333334,-0.7647058823529412,-0.2857142857142859,0.20000000000000015,-0.5333333333333333,-0.35714285714285715,0.6711409395972951,1.5384615384615352,1.8888888888888893,-0.18749999999999936,1
785,-0.36363636363636376,0.29166666666666646,-0.7352941176470589,0.4285714285714282,-0.1500000000000001,0.4,1.119047619047619,0.2953020134228178,1.2307692307692277,-0.16666666666666688,-0.24999999999999917,0
490,0.6363636363636362,-0.5416666666666667,0.41176470588235303,0.5714285714285712,-0.35000000000000026,-0.26666666666666666,-0.2857142857142857,0.7158836689037781,0.15384615384615263,0.7222222222222225,0.0,1
155,-0.36363636363636376,-0.3750000000000001,0.47058823529411764,4.714285714285713,-0.49999999999999967,1.0,2.1666666666666665,0.22371364653241513,0.5641025641025627,0.5555555555555556,0.1875000000000005,0
962,-0.36363636363636376,0.16666666666666682,-0.35294117647058826,-0.8571428571428571,-0.10000000000000007,-0.4666666666666667,-0.47619047619047616,-0.3937360178970904,-0.205128205128205,0.0,-0.5624999999999992,0
854,0.6363636363636362,-0.6666666666666669,0.3823529411764706,-1.0,0.0,1.8,0.40476190476190477,-0.12527964205819223,0.82051282051282,0.6111111111111113,0.4375000000000008,1
686,0.09090909090909054,1.0833333333333335,-0.08823529411764706,0.5714285714285712,-1.05,-0.6,-0.5476190476190477,0.08948545861296606,0.30769230769230754,-0.33333333333333315,0.687500000000001,0
570,-0.7727272727272725,-0.6666666666666669,-0.05882352941176476,0.0,0.7499999999999998,0.3333333333333333,0.09523809523809523,-0.984340044742726,1.3333333333333304,-0.2777777777777781,0.9375000000000002,1
1520,-0.5909090909090909,0.7499999999999998,-0.5294117647058824,0.5714285714285712,1.2999999999999996,0.0,-0.2619047619047619,-0.06711409395972454,0.6666666666666652,-0.2222222222222225,0.0,0
18,0.09090909090909054,0.16666666666666682,0.05882352941176476,-0.7142857142857144,14.399999999999997,0.13333333333333333,0.42857142857142855,0.0,-1.025641025641025,3.6666666666666683,-0.5624999999999992,0
128,0.09090909090909054,3.3750000000000004,-0.7647058823529412,-0.5714285714285715,0.09999999999999522,-0.7333333333333333,-0.6190476190476191,-0.1789709172259818,1.1794871794871777,-0.7777777777777781,0.4375000000000008,0
1572,-0.6818181818181814,-0.5833333333333334,-0.35294117647058826,0.0,-2.0999999999999996,0.06666666666666667,-0.30952380952380953,-0.7427293064876977,0.6666666666666652,0.16666666666666688,0.5625000000000003,1
928,0.22727272727272715,0.6250000000000001,-0.20588235294117652,0.0,0.6499999999999998,-0.2,0.8809523809523809,0.25055928411633477,-0.5641025641025627,-0.16666666666666688,-0.6250000000000001,0
981,0.5454545454545449,-0.08333333333333341,0.11764705882352937,-0.4285714285714288,-0.7499999999999998,-0.4,-0.5,0.4205816554809603,0.051282051282050115,0.5,0.1875000000000005,1
1568,-0.3181818181818181,0.7291666666666664,-0.3823529411764706,-0.2857142857142859,-0.20000000000000015,-0.13333333333333333,-0.42857142857142855,-0.5995525727069422,-0.1025641025641025,-0.44444444444444436,-0.06249999999999979,0
191,0.13636363636363583,-0.08333333333333341,0.2647058823529411,0.9999999999999993,-0.1500000000000001,0.4666666666666667,2.119047619047619,0.3579418344519139,-0.41025641025641,0.0,-0.49999999999999944,0
993,-0.6363636363636362,-0.5,-0.4705882352941177,-0.2857142857142859,-0.20000000000000015,1.0666666666666667,0.21428571428571427,-0.5637583892617657,0.2564102564102551,-0.7777777777777781,-0.49999999999999944,1
1561,-0.04545454545454568,0.3333333333333332,0.0,-0.2857142857142859,0.0,1.1333333333333333,2.2142857142857144,-0.2595078299776413,-0.5128205128205126,-0.5555555555555556,-0.18749999999999936,0
1331,-0.22727272727272715,0.3333333333333332,0.0,-0.14285714285714296,0.1500000000000001,0.2,1.2619047619047619,-0.28635346756151125,-0.1025641025641025,-0.33333333333333315,-0.24999999999999917,1
607,0.6818181818181814,-0.45833333333333354,0.6470588235294118,3.428571428571427,-0.4000000000000003,-0.26666666666666666,-0.42857142857142855,0.22371364653241513,0.15384615384615263,0.944444444444445,1.2500000000000002,1
302,1.4545454545454535,-1.4166666666666667,0.6470588235294118,-1.0,-0.5999999999999998,-0.4666666666666667,-0.5476190476190477,0.22371364653241513,-0.4615384615384601,0.11111111111111124,-0.06249999999999979,1
497,-0.04545454545454568,0.0,-0.02941176470588238,-0.4285714285714288,0.05000000000000004,0.0,0.0,0.7158836689037781,0.6153846153846151,0.16666666666666688,-0.7499999999999997,1
1375,-0.5,1.2291666666666665,-0.7647058823529412,-1.4285714285714286,9.349999999999998,0.13333333333333333,-0.21428571428571427,-0.9351230425056145,0.051282051282050115,-0.6111111111111113,-0.24999999999999917,0
1336,-0.5909090909090909,0.24999999999999978,-0.7058823529411766,0.28571428571428525,-0.5499999999999997,0.3333333333333333,0.047619047619047616,-1.3109619686800917,0.35897435897435764,0.2222222222222225,1.5000000000000007,1
518,1.1363636363636358,0.3749999999999999,0.6764705882352942,-0.14285714285714296,5.999999999999999,-0.6,-0.5238095238095238,1.1633109619686581,-0.7692307692307676,0.05555555555555562,-1.1249999999999996,0
1070,0.04545454545454527,0.4166666666666666,0.2647058823529411,0.8571428571428564,0.2999999999999995,0.9333333333333333,0.3333333333333333,0.08948545861296606,0.0,0.0,0.375000000000001,0
477,0.6363636363636362,-1.0416666666666667,0.4411764705882352,-0.2857142857142859,0.5499999999999997,-0.5333333333333333,-0.5238095238095238,0.536912751677846,-0.1538461538461549,0.44444444444444436,-0.31250000000000006,0
158,-0.36363636363636376,-0.3750000000000001,0.47058823529411764,4.714285714285713,-0.4500000000000003,0.9333333333333333,2.142857142857143,0.22371364653241513,0.5641025641025627,0.5,0.1875000000000005,0
1244,0.18181818181818188,0.16666666666666682,-0.11764705882352945,0.28571428571428525,0.09999999999999522,-0.26666666666666666,1.1428571428571428,0.6711409395972951,0.30769230769230754,0.0,-0.43749999999999967,0
1196,-0.7727272727272725,-0.3750000000000001,-0.11764705882352945,-0.5714285714285715,-0.10000000000000007,0.4666666666666667,0.42857142857142855,-0.21029082774048016,1.076923076923075,-0.11111111111111124,-0.43749999999999967,1
17,0.27272727272727243,-1.0,0.8823529411764708,-0.5714285714285715,0.5999999999999998,1.4,1.5476190476190477,0.04474272930648303,-0.05128205128205239,0.7222222222222225,0.1875000000000005,1
1073,-0.3181818181818181,-0.7083333333333335,0.0,-0.5714285714285715,0.1500000000000001,1.2666666666666666,0.8809523809523809,0.0,0.4615384615384601,-0.2222222222222225,-0.43749999999999967,1
1575,-1.0454545454545452,-0.8750000000000001,1.5294117647058825,16.714285714285708,-0.3000000000000002,0.6,1.2857142857142858,-0.013422818791934974,0.41025641025641,-0.7777777777777781,0.1875000000000005,1
547,-0.18181818181818188,0.1250000000000001,-0.05882352941176476,-0.2857142857142859,-0.10000000000000007,-0.26666666666666666,-0.23809523809523808,0.6711409395972951,0.7179487179487175,0.8888888888888894,-0.43749999999999967,1
659,-0.3181818181818181,0.0,-0.5588235294117647,-1.142857142857143,-0.3000000000000002,-0.6,-0.42857142857142855,0.22371364653241513,0.051282051282050115,1.0555555555555562,-0.37499999999999983,1
1304,0.04545454545454527,-1.0,0.5294117647058824,-0.5714285714285715,0.05000000000000004,0.9333333333333333,0.7142857142857143,-0.8008948545861654,0.2564102564102551,0.2222222222222225,0.6250000000000001,0
1020,-0.40909090909090906,-0.08333333333333341,-0.35294117647058826,-0.5714285714285715,-0.10000000000000007,-0.26666666666666666,-0.35714285714285715,-0.1968680089485452,1.1282051282051253,-0.05555555555555562,0.1250000000000007,0
960,0.04545454545454527,0.29166666666666646,-0.6176470588235295,-0.2857142857142859,0.4499999999999996,-0.13333333333333333,-0.14285714285714285,0.24608501118565665,0.2564102564102551,-0.05555555555555562,-0.12499999999999958,0
1518,-0.6363636363636362,0.041666666666666706,-0.5882352941176472,-0.2857142857142859,-0.8499999999999999,1.0,0.14285714285714285,-0.8545861297539054,0.35897435897435764,1.166666666666667,0.0625000000000009,1
284,0.4545454545454543,-0.5,0.17647058823529413,4.857142857142855,0.34999999999999953,-0.26666666666666666,0.21428571428571427,1.029082774049209,0.35897435897435764,0.8333333333333337,0.1875000000000005,1
798,0.6363636363636362,-0.6250000000000001,0.5294117647058824,-0.8571428571428571,-2.0999999999999996,0.4666666666666667,0.09523809523809523,-0.6890380313199082,-0.35897435897435764,1.0555555555555562,0.375000000000001,1
226,-0.09090909090909094,-0.3750000000000001,-0.02941176470588238,0.5714285714285712,-0.35000000000000026,1.0,0.5952380952380952,-0.29082774049218935,0.30769230769230754,-0.2222222222222225,0.1875000000000005,1
27,-0.13636363636363663,-0.45833333333333354,-0.05882352941176476,-0.5714285714285715,0.0,-0.6666666666666666,-0.6428571428571429,-0.2684563758389478,-0.1538461538461549,-0.16666666666666688,-0.43749999999999967,0
438,1.4545454545454535,-0.2916666666666667,1.3823529411764706,1.4285714285714282,-0.6999999999999998,-0.5333333333333333,-0.38095238095238093,0.8053691275167939,-0.7179487179487175,0.2222222222222225,0.6250000000000001,1
1555,-0.5909090909090909,1.3958333333333333,-0.7058823529411766,0.28571428571428525,-0.8999999999999999,0.06666666666666667,-0.35714285714285715,-0.2371364653243998,1.1794871794871777,-0.11111111111111124,0.5000000000000006,1
230,-0.4545454545454543,0.0,-0.02941176470588238,0.5714285714285712,0.05000000000000004,-0.26666666666666666,-0.023809523809523808,0.022371364653241514,0.7692307692307676,-0.6666666666666669,0.5000000000000006,0
750,-0.2727272727272728,-0.041666666666666706,-0.2352941176470589,-0.14285714285714296,-0.49999999999999967,-0.13333333333333333,-0.23809523809523808,0.3937360178970904,1.076923076923075,0.6111111111111113,-0.43749999999999967,1
1046,-0.4545454545454543,-0.3333333333333334,-0.7647058823529412,-1.142857142857143,-0.49999999999999967,1.2,0.0,-1.0827740492169986,0.051282051282050115,-0.2222222222222225,0.7500000000000009,1
470,0.363636363636363,1.2499999999999998,-0.7058823529411766,-1.4285714285714286,-0.49999999999999967,1.4666666666666666,0.23809523809523808,-0.7158836689038278,-0.5641025641025627,-0.2222222222222225,-0.24999999999999917,0
1361,0.5909090909090902,0.08333333333333341,0.14705882352941174,0.14285714285714232,1.5999999999999948,-0.2,0.0,0.08501118568233762,-0.35897435897435764,-0.33333333333333315,0.4375000000000008,0
1571,-0.6818181818181814,-0.6666666666666669,0.7941176470588237,0.0,7.5,0.3333333333333333,-0.07142857142857142,-1.5212527964206217,0.30769230769230754,1.7222222222222232,1.3750000000000009,1
688,0.5454545454545449,0.5,-0.08823529411764706,1.2857142857142854,0.7499999999999998,-0.06666666666666667,0.0,1.3422818791946398,-0.1538461538461549,-0.16666666666666688,-0.31250000000000006,0
1470,-0.2727272727272728,1.9166666666666665,-0.6176470588235295,-0.14285714285714296,-0.95,0.4,0.2619047619047619,0.11185682326620756,0.0,-0.38888888888888873,-0.31250000000000006,0
640,0.4545454545454543,-0.9583333333333335,0.2647058823529411,-0.4285714285714288,-0.6499999999999998,0.7333333333333333,0.4523809523809524,0.08948545861296606,-0.6666666666666652,4.111111111111113,0.0625000000000009,1
1378,-1.2272727272727268,-0.1250000000000001,0.0,0.14285714285714232,0.49999999999999967,0.6,0.8571428571428571,-0.6711409395973448,2.051282051282048,0.0,1.2500000000000002,1
1219,0.13636363636363583,-0.5,0.14705882352941174,-0.4285714285714288,0.09999999999999522,-0.4,-0.3333333333333333,-0.3579418344519139,-0.35897435897435764,0.38888888888888873,0.2500000000000003,1
1159,-0.5454545454545453,-0.45833333333333354,0.5,0.8571428571428564,-0.20000000000000015,0.5333333333333333,0.38095238095238093,-0.4832214765100564,0.5641025641025627,3.0000000000000004,0.2500000000000003,1
1330,-0.22727272727272715,0.3333333333333332,0.0,-0.14285714285714296,0.1500000000000001,0.2,1.2619047619047619,-0.28635346756151125,-0.1025641025641025,-0.33333333333333315,-0.24999999999999917,1
1455,1.727272727272726,-0.2916666666666667,1.0882352941176472,0.0,-0.35000000000000026,-0.4666666666666667,-0.35714285714285715,1.3154362416107201,-0.5128205128205126,0.38888888888888873,0.4375000000000008,1
801,-0.3181818181818181,0.3749999999999999,-0.5294117647058824,2.5714285714285707,0.09999999999999522,0.8,1.6666666666666667,-0.17449664429530368,-0.30769230769230754,-0.6111111111111113,-0.49999999999999944,0
161,-0.13636363636363663,1.7916666666666665,-0.6764705882352942,-0.2857142857142859,0.49999999999999967,-0.4666666666666667,-0.42857142857142855,-0.40268456375839695,-0.5641025641025627,-0.33333333333333315,-0.37499999999999983,0
957,0.4999999999999996,-0.6666666666666669,0.7647058823529412,-0.14285714285714296,1.5499999999999996,-0.6,-0.6666666666666666,-0.5011185682326695,0.0,0.0,0.687500000000001,1
1187,-0.5909090909090909,1.1666666666666667,-0.6764705882352942,7.999999999999997,-0.05000000000000004,-0.5333333333333333,-0.6190476190476191,-0.2237136465324648,1.076923076923075,-0.6666666666666669,1.2500000000000002,0
822,-1.3636363636363629,-0.4166666666666668,-0.7647058823529412,-0.14285714285714296,-1.5999999999999996,0.13333333333333333,0.09523809523809523,-2.3534675615212857,2.051282051282048,0.6666666666666669,2.375000000000001,1
1353,-0.13636363636363663,0.5208333333333334,-0.6764705882352942,-0.4285714285714288,0.2999999999999995,0.0,0.4523809523809524,0.04474272930648303,0.30769230769230754,-0.8888888888888891,0.0625000000000009,0
878,-0.09090909090909094,0.8124999999999998,-0.7352941176470589,-0.14285714285714296,-0.7999999999999998,1.1333333333333333,0.11904761904761904,-1.3825503355704944,0.5128205128205126,-0.2777777777777781,1.000000000000001,1
914,0.6818181818181814,-0.5208333333333334,0.5882352941176472,3.428571428571427,0.6999999999999998,-0.7333333333333333,-0.6666666666666666,-0.18344519015661023,-0.205128205128205,0.11111111111111124,1.2500000000000002,1
153,-0.18181818181818188,0.3333333333333332,-0.6764705882352942,-0.5714285714285715,0.7499999999999998,0.7333333333333333,1.4523809523809523,-0.8053691275167939,0.205128205128205,-0.44444444444444436,-0.06249999999999979,0
1465,-0.5,0.29166666666666646,-0.4705882352941177,-0.7142857142857144,-0.8499999999999999,1.3333333333333333,0.35714285714285715,-0.44742729306487994,0.5128205128205126,0.2777777777777781,-0.31250000000000006,0
510,2.4545454545454537,-0.9583333333333335,1.4411764705882355,0.8571428571428564,0.20000000000000015,0.6,0.11904761904761904,0.8053691275167939,-1.3846153846153826,0.33333333333333376,0.7500000000000009,1
1136,0.04545454545454527,-1.1250000000000002,0.5,-0.7142857142857144,-0.6499999999999998,0.5333333333333333,0.2857142857142857,-0.984340044742726,0.35897435897435764,-0.11111111111111124,1.0625000000000009,1
1251,-0.36363636363636376,0.3333333333333332,-0.7352941176470589,0.14285714285714232,-0.05000000000000004,0.6666666666666666,-0.023809523809523808,-0.7427293064876977,0.4615384615384601,-0.05555555555555562,0.4375000000000008,1
1570,-0.7727272727272725,-0.041666666666666706,-0.35294117647058826,-0.4285714285714288,-1.200000000000005,0.06666666666666667,-0.09523809523809523,-1.2706935123042868,0.8717948717948701,-0.2777777777777781,0.8125000000000007,1
104,0.09090909090909054,0.2291666666666664,-0.11764705882352945,-0.14285714285714296,-0.1500000000000001,-0.13333333333333333,0.6428571428571429,-0.04474272930648303,-0.1025641025641025,-0.6111111111111113,-0.6250000000000001,0
587,1.4545454545454535,-0.8750000000000001,0.6764705882352942,0.7142857142857141,0.6999999999999998,0.13333333333333333,0.21428571428571427,0.8053691275167939,-0.9743589743589727,2.222222222222223,0.2500000000000003,1
1144,-0.40909090909090906,-1.2500000000000002,0.11764705882352937,-0.5714285714285715,-0.7499999999999998,0.13333333333333333,-0.42857142857142855,-0.035794183445176486,1.5384615384615352,1.1111111111111112,-0.12499999999999958,1
54,0.3181818181818177,-0.5833333333333334,0.2941176470588235,1.1428571428571423,0.05000000000000004,1.0666666666666667,1.9285714285714286,0.08948545861296606,-0.5641025641025627,-0.33333333333333315,-0.49999999999999944,0
152,0.5909090909090902,0.0,2.1764705882352944,1.7142857142857135,26.499999999999996,1.2,0.7380952380952381,1.2527964205816737,-2.923076923076918,7.666666666666669,-0.49999999999999944,0
404,1.5909090909090902,0.3333333333333332,0.6764705882352942,0.7142857142857141,0.25000000000000017,-0.26666666666666666,0.07142857142857142,1.1633109619686581,-0.82051282051282,0.05555555555555562,0.1875000000000005,1
1551,-0.36363636363636376,0.6666666666666669,-0.7647058823529412,0.14285714285714232,0.34999999999999953,0.2,-0.2857142857142857,0.46085011185681496,0.7179487179487175,-0.5,-0.43749999999999967,0
1510,0.0,-1.4166666666666667,0.41176470588235303,-0.5714285714285715,-0.8999999999999999,-0.4666666666666667,-0.42857142857142855,-1.2080536912751907,-0.1538461538461549,0.44444444444444436,0.5625000000000003,0
1123,-0.7272727272727272,-0.20833333333333354,-0.7647058823529412,-1.142857142857143,-1.2499999999999998,0.8666666666666667,-0.11904761904761904,-2.0581655480984677,0.7179487179487175,-0.7777777777777781,1.312500000000001,1
1402,0.0,0.708333333333333,-0.14705882352941183,-0.14285714285714296,0.0,1.2666666666666666,2.4523809523809526,-0.2684563758389478,-0.30769230769230754,-0.6111111111111113,-0.18749999999999936,0
9,-0.04545454545454568,0.24999999999999978,-0.7058823529411766,-0.2857142857142859,-0.35000000000000026,-0.3333333333333333,-0.47619047619047616,0.0,0.2564102564102551,-0.2777777777777781,-0.43749999999999967,1
1015,0.04545454545454527,0.24999999999999978,-0.2941176470588236,-0.2857142857142859,1.9999999999999993,-0.7333333333333333,-0.7380952380952381,-1.0111856823266456,-0.4615384615384601,-0.2222222222222225,0.6250000000000001,1
1434,-0.8181818181818181,-0.5,-0.2941176470588236,-0.5714285714285715,-0.5499999999999997,-0.2,-0.30952380952380953,-0.5816554809843291,0.5641025641025627,0.6666666666666669,-0.06249999999999979,1
1061,1.6818181818181808,-1.2083333333333335,0.9117647058823528,-0.5714285714285715,-0.3000000000000002,-0.7333333333333333,-0.7142857142857143,0.5816554809843291,-0.8717948717948701,0.44444444444444436,-0.18749999999999936,1
453,-0.5,0.16666666666666682,-0.6764705882352942,-0.7142857142857144,0.20000000000000015,0.26666666666666666,-0.07142857142857142,0.0,0.6666666666666652,0.05555555555555562,-0.12499999999999958,1
254,-0.09090909090909094,1.0625,0.47058823529411764,-0.4285714285714288,0.5999999999999998,-0.4,1.1428571428571428,-0.40268456375839695,-0.41025641025641,-0.16666666666666688,-0.43749999999999967,0
1328,-0.5454545454545453,-0.25,-0.05882352941176476,-0.7142857142857144,-0.1500000000000001,0.26666666666666666,-0.09523809523809523,-0.8948545861297599,0.41025641025641,-0.11111111111111124,0.2500000000000003,1
897,0.18181818181818188,-0.8750000000000001,0.3823529411764706,0.28571428571428525,-0.10000000000000007,0.2,0.11904761904761904,-1.0559284116331287,0.0,0.8333333333333337,1.4375000000000007,1
1392,0.04545454545454527,0.5,-0.11764705882352945,0.28571428571428525,0.6999999999999998,-0.6,-0.11904761904761904,-0.3042505592841243,0.30769230769230754,-0.2222222222222225,0.5000000000000006,0
881,0.5909090909090902,0.16666666666666682,-0.2352941176470589,-0.8571428571428571,-0.10000000000000007,-0.26666666666666666,-0.40476190476190477,-0.46532438478749305,-0.82051282051282,-0.7222222222222225,-0.18749999999999936,0
1505,-0.18181818181818188,-0.5833333333333334,0.9117647058823528,0.14285714285714232,1.2999999999999996,-0.6,-0.6190476190476191,-0.3355704697986724,0.2564102564102551,-0.38888888888888873,0.7500000000000009,1
624,0.0,-0.041666666666666706,-0.02941176470588238,0.9999999999999993,-0.1500000000000001,0.4666666666666667,0.16666666666666666,0.26845637583889814,0.9230769230769226,1.8888888888888893,1.1875000000000004,1
346,-0.40909090909090906,0.6875000000000002,-0.7647058823529412,-0.4285714285714288,-0.6499999999999998,1.7333333333333334,0.5952380952380952,0.492170022371363,1.4871794871794852,1.0555555555555562,-0.18749999999999936,0
1538,-1.1363636363636358,0.24999999999999978,-0.5294117647058824,-0.4285714285714288,-1.05,0.4,-0.16666666666666666,-0.8769574944071965,0.9743589743589727,0.11111111111111124,0.0,1
1322,-1.3181818181818177,0.9166666666666666,-0.7647058823529412,-1.4285714285714286,-1.9500000000000048,0.13333333333333333,0.19047619047619047,-1.8881431767337924,3.589743589743583,-0.16666666666666688,1.4375000000000007,1
151,-0.2727272727272728,-0.7916666666666667,0.6176470588235293,-0.14285714285714296,-0.1500000000000001,-0.6,-0.6428571428571429,-0.44742729306487994,0.1025641025641025,-0.5,0.0625000000000009,1
473,2.09090909090909,-0.6250000000000001,0.8529411764705884,0.5714285714285712,0.1500000000000001,0.7333333333333333,0.7142857142857143,1.2080536912751907,-0.82051282051282,1.1111111111111112,0.1250000000000007,1
641,0.9090909090909086,0.08333333333333341,0.5588235294117647,0.14285714285714232,-0.4500000000000003,0.13333333333333333,0.047619047619047616,1.029082774049209,0.41025641025641,0.0,-0.49999999999999944,0
1584,-0.7727272727272725,-0.25,0.08823529411764698,-0.14285714285714296,-0.3000000000000002,1.2,1.4285714285714286,-0.4563758389261865,0.1025641025641025,0.0,-0.24999999999999917,0
551,-0.5,-0.041666666666666706,-0.7352941176470589,-0.14285714285714296,-0.3000000000000002,-0.3333333333333333,-0.30952380952380953,-0.44742729306487994,0.1025641025641025,-0.33333333333333315,-0.43749999999999967,1
929,0.3181818181818177,-0.20833333333333354,0.02941176470588238,0.14285714285714232,-1.2499999999999998,0.0,-0.23809523809523808,-0.7337807606263912,-0.6666666666666652,1.0000000000000007,0.6250000000000001,0
489,1.6818181818181808,-0.8333333333333334,0.8529411764705884,0.8571428571428564,0.05000000000000004,1.4,0.6904761904761905,1.521252796420572,0.051282051282050115,1.6666666666666674,0.375000000000001,1
1448,-0.5,0.6250000000000001,-0.7647058823529412,-0.4285714285714288,0.0,0.5333333333333333,0.023809523809523808,0.0939597315435945,0.4615384615384601,0.6666666666666669,-0.31250000000000006,0
1172,-0.36363636363636376,0.29166666666666646,-0.7647058823529412,0.0,-0.10000000000000007,0.8,0.14285714285714285,-0.7069351230425213,0.5641025641025627,0.33333333333333376,0.375000000000001,1
147,-0.9545454545454544,0.6666666666666669,-0.7058823529411766,-0.5714285714285715,0.34999999999999953,0.4666666666666667,1.3333333333333333,-1.0738255033557418,1.1794871794871777,-0.5555555555555556,-0.12499999999999958,0
403,1.954545454545453,-0.16666666666666682,0.8235294117647061,0.5714285714285712,0.25000000000000017,0.3333333333333333,0.6190476190476191,1.431767337807606,-1.076923076923075,-0.05555555555555562,0.1875000000000005,1
955,-0.13636363636363663,-0.3750000000000001,0.41176470588235303,0.7142857142857141,0.09999999999999522,-0.5333333333333333,-0.6428571428571429,-0.6353467561521187,0.6666666666666652,-0.44444444444444436,1.2500000000000002,1
1497,-0.09090909090909094,0.08333333333333341,0.0,-0.4285714285714288,0.4499999999999996,0.6,2.5952380952380953,-0.1968680089485452,-0.2564102564102574,-0.16666666666666688,-0.31250000000000006,0
660,-0.36363636363636376,1.3333333333333333,-0.7058823529411766,3.1428571428571423,0.7999999999999998,-0.6,-0.5952380952380952,0.08948545861296606,0.5128205128205126,-0.2777777777777781,0.5000000000000006,0
464,0.09090909090909054,0.5833333333333334,1.2941176470588236,0.0,0.8999999999999999,0.7333333333333333,2.1666666666666665,0.1789709172259321,-1.1794871794871777,-0.5,-0.7499999999999997,0
1350,-0.4545454545454543,0.20833333333333307,-0.7647058823529412,0.8571428571428564,0.05000000000000004,0.4666666666666667,0.07142857142857142,-0.7248322147651344,0.5128205128205126,-0.5555555555555556,0.375000000000001,0
187,-0.22727272727272715,-0.5416666666666667,0.6470588235294118,-0.2857142857142859,0.09999999999999522,0.0,0.6904761904761905,0.1789709172259321,0.15384615384615263,-0.38888888888888873,-0.6250000000000001,0
1148,0.9545454545454539,-0.45833333333333354,0.5588235294117647,5.714285714285713,-0.4500000000000003,-0.5333333333333333,-0.5714285714285714,0.0984340044742726,-0.5128205128205126,-0.7222222222222225,1.000000000000001,1
609,0.9999999999999992,0.5416666666666667,0.3235294117647059,4.1428571428571415,1.4999999999999996,-0.2,0.6428571428571429,2.595078299776264,0.051282051282050115,0.11111111111111124,0.1250000000000007,1
144,-0.7272727272727272,-0.5416666666666667,-0.5294117647058824,-0.7142857142857144,-0.6999999999999998,-0.7333333333333333,-0.42857142857142855,-0.6263982102908617,0.15384615384615263,-0.2222222222222225,-0.49999999999999944,0
752,0.18181818181818188,0.5416666666666667,-0.4705882352941177,0.9999999999999993,0.4499999999999996,0.2,0.047619047619047616,0.550335570469781,-0.1025641025641025,-0.38888888888888873,-0.43749999999999967,0
982,0.7272727272727267,1.4166666666666665,0.0,-0.4285714285714288,-0.05000000000000004,-0.06666666666666667,-0.23809523809523808,0.14317673378075563,-0.30769230769230754,0.0,-0.12499999999999958,0
198,1.6363636363636354,-0.9166666666666669,1.0,-0.2857142857142859,-0.6499999999999998,-0.13333333333333333,-0.2619047619047619,0.5816554809843291,-1.025641025641025,1.944444444444445,-0.06249999999999979,1
884,-0.3181818181818181,0.3333333333333332,-0.6470588235294118,0.4285714285714282,-0.20000000000000015,0.26666666666666666,1.1904761904761905,0.29082774049213966,1.1282051282051253,-0.38888888888888873,-0.43749999999999967,0
280,0.4545454545454543,-0.5,0.17647058823529413,4.857142857142855,0.34999999999999953,-0.26666666666666666,0.21428571428571427,1.029082774049209,0.35897435897435764,0.8333333333333337,0.1875000000000005,1
294,-0.4545454545454543,-0.6666666666666669,-0.02941176470588238,0.28571428571428525,0.8999999999999999,-0.6,-0.5238095238095238,-0.1789709172259818,0.5128205128205126,-0.11111111111111124,-0.06249999999999979,1
1456,-0.6363636363636362,1.5833333333333335,-0.7647058823529412,-0.8571428571428571,-1.4,-0.3333333333333333,-0.5,-0.9530201342281779,0.9743589743589727,0.05555555555555562,0.4375000000000008,1
401,-0.5909090909090909,0.8958333333333333,-0.7058823529411766,8.14285714285714,2.099999999999999,3.6,2.0476190476190474,1.1633109619686581,0.82051282051282,-0.5,-0.18749999999999936,0
123,-0.2727272727272728,0.7291666666666664,-0.7647058823529412,0.4285714285714282,-0.25000000000000017,-0.7333333333333333,-0.5952380952380952,0.536912751677846,0.9230769230769226,-0.5555555555555556,-0.6250000000000001,0
1208,0.9090909090909086,0.8333333333333331,0.8529411764705884,-0.7142857142857144,2.8,0.6666666666666666,0.3333333333333333,0.32214765100668774,0.205128205128205,1.7777777777777781,-0.12499999999999958,0
203,-0.5,-0.08333333333333341,-0.4411764705882354,-1.0,-0.25000000000000017,0.13333333333333333,0.2619047619047619,-0.6040268456376202,0.2564102564102551,0.944444444444445,-0.43749999999999967,0
836,-0.13636363636363663,0.6041666666666667,-0.4705882352941177,-1.0,-0.6999999999999998,0.8666666666666667,0.40476190476190477,-0.11185682326620756,0.41025641025641,-0.6111111111111113,-0.5624999999999992,0
247,-0.36363636363636376,0.6666666666666669,-0.5588235294117647,-0.4285714285714288,-0.25000000000000017,0.13333333333333333,0.30952380952380953,0.022371364653241514,0.35897435897435764,-0.5555555555555556,-0.43749999999999967,0
1515,-0.4545454545454543,1.3333333333333333,-0.14705882352941183,2.7142857142857126,-0.3000000000000002,0.13333333333333333,0.6428571428571429,0.7248322147650846,1.1282051282051253,0.5555555555555556,-0.604166666666668,1
1154,0.772727272727272,-0.4166666666666668,0.2647058823529411,-0.14285714285714296,0.1500000000000001,0.2,0.0,-0.2595078299776413,-0.41025641025641,0.2222222222222225,0.5625000000000003,1
385,-0.09090909090909094,-0.041666666666666706,0.05882352941176476,-0.14285714285714296,0.34999999999999953,0.6,0.38095238095238093,0.536912751677846,0.5641025641025627,0.6666666666666669,-0.6250000000000001,0
1407,0.13636363636363583,-1.1666666666666667,0.2352941176470589,4.1428571428571415,-0.8999999999999999,-0.4,-0.38095238095238093,0.26845637583889814,-0.4615384615384601,1.7777777777777781,0.4375000000000008,1
855,0.6363636363636362,-0.6666666666666669,0.3823529411764706,-1.0,0.0,1.8,0.40476190476190477,-0.12527964205819223,0.82051282051282,0.6111111111111113,0.4375000000000008,1
220,-0.04545454545454568,0.041666666666666706,0.20588235294117652,0.28571428571428525,0.0,0.6666666666666666,2.5238095238095237,-0.11185682326620756,-0.05128205128205239,-0.11111111111111124,-0.43749999999999967,0
642,0.7272727272727267,0.29166666666666646,0.5294117647058824,0.14285714285714232,-0.4500000000000003,0.4666666666666667,0.7142857142857143,1.073825503355692,0.7692307692307676,0.05555555555555562,-0.43749999999999967,0
2,-0.04545454545454568,1.5,-0.7647058823529412,0.5714285714285712,0.8999999999999999,0.7333333333333333,0.6904761904761905,0.0,-0.5641025641025627,0.33333333333333376,-0.24999999999999917,0
113,0.22727272727272715,0.3333333333333332,-0.4705882352941177,0.0,0.25000000000000017,0.0,1.7380952380952381,-0.1789709172259818,-0.82051282051282,0.2222222222222225,-0.24999999999999917,0
952,0.18181818181818188,-1.0,0.6470588235294118,-0.14285714285714296,0.6499999999999998,-0.5333333333333333,-0.6190476190476191,-1.2170022371364972,-0.2564102564102574,0.0,1.3750000000000009,1
1417,0.9545454545454539,-0.8333333333333334,0.9705882352941176,0.0,-0.1500000000000001,-0.7333333333333333,-0.5476190476190477,1.1633109619686581,-0.5641025641025627,0.8888888888888894,-0.37499999999999983,0
1292,0.13636363636363583,0.47916666666666663,-0.4705882352941177,-0.14285714285714296,-0.35000000000000026,0.7333333333333333,0.5238095238095238,-0.18791946308723864,-0.1025641025641025,0.7222222222222225,0.4375000000000008,1
1445,-0.2727272727272728,0.6250000000000001,-0.7058823529411766,0.0,-0.4000000000000003,1.1333333333333333,1.2857142857142858,-0.5100671140939761,0.051282051282050115,0.33333333333333376,0.5625000000000003,1
442,1.8181818181818172,-0.5,1.147058823529412,-0.07142857142857179,-0.5999999999999998,-0.4666666666666667,-0.2619047619047619,0.8948545861297599,-1.2820512820512802,0.33333333333333376,0.687500000000001,1
1137,1.1363636363636358,0.0,0.5588235294117647,-0.2857142857142859,0.0,-0.5333333333333333,-0.5952380952380952,0.4205816554809603,-0.4615384615384601,0.7777777777777781,0.7500000000000009,1
1257,-0.18181818181818188,0.29166666666666646,-0.11764705882352945,-0.5714285714285715,0.09999999999999522,1.9333333333333333,0.5238095238095238,-0.8098434004474223,-1.076923076923075,-1.1111111111111116,-0.6250000000000001,0
1398,-0.2727272727272728,0.29166666666666646,0.0,-0.2857142857142859,0.0,0.2,1.5714285714285714,-0.42953020134231656,-0.1538461538461549,-0.5555555555555556,-0.18749999999999936,0
664,0.9999999999999992,-1.0,0.5882352941176472,-0.5714285714285715,-1.4999999999999996,-0.6,-0.5952380952380952,0.26845637583889814,-1.3846153846153826,0.944444444444445,0.0,1
1464,-0.4545454545454543,0.4583333333333333,-0.7352941176470589,0.28571428571428525,-0.20000000000000015,0.0,0.023809523809523808,-0.7069351230425213,0.15384615384615263,-0.5,0.375000000000001,1
1258,-0.40909090909090906,0.24999999999999978,0.05882352941176476,3.7142857142857126,0.25000000000000017,-0.13333333333333333,0.7380952380952381,-0.21029082774048016,0.051282051282050115,0.44444444444444436,0.5000000000000006,1
1419,-0.04545454545454568,0.041666666666666706,-0.7352941176470589,-0.8571428571428571,-0.1500000000000001,-0.7333333333333333,-0.4523809523809524,-0.8053691275167939,-0.7692307692307676,-0.8888888888888891,-0.24999999999999917,0
318,0.772727272727272,1.0416666666666667,-0.41176470588235303,0.9999999999999993,0.09999999999999522,1.0666666666666667,0.8571428571428571,0.8277404921700354,-0.05128205128205239,0.11111111111111124,0.1250000000000007,1
649,0.363636363636363,-0.16666666666666682,0.11764705882352937,0.8571428571428564,-0.6999999999999998,-0.26666666666666666,-0.23809523809523808,-0.1789709172259818,0.1025641025641025,0.2777777777777781,0.6250000000000001,1
710,0.8181818181818173,-0.8750000000000001,0.6176470588235293,-0.8571428571428571,-0.8999999999999999,-0.06666666666666667,-0.11904761904761904,0.6711409395972951,-0.205128205128205,0.2222222222222225,-0.12499999999999958,1
1383,0.04545454545454527,0.3333333333333332,-0.11764705882352945,-0.14285714285714296,0.0,0.7333333333333333,1.5952380952380953,-0.2997762863534959,-0.05128205128205239,-0.7222222222222225,-0.18749999999999936,0
1283,0.0,1.0208333333333333,-0.7647058823529412,-0.2857142857142859,0.20000000000000015,-0.3333333333333333,-0.38095238095238093,-0.2729306487695763,0.1025641025641025,0.33333333333333376,0.4375000000000008,1
628,0.40909090909090906,0.3333333333333332,0.08823529411764698,0.0,0.8999999999999999,-0.6,-0.5476190476190477,0.8948545861297599,0.2564102564102551,-0.7222222222222225,-0.6874999999999999,0
633,-0.13636363636363663,-0.45833333333333354,-0.35294117647058826,1.1428571428571423,0.34999999999999953,0.4666666666666667,0.11904761904761904,-0.1789709172259818,0.051282051282050115,-0.2777777777777781,0.1875000000000005,1
1409,0.09090909090909054,-0.9583333333333335,0.2941176470588235,0.0,-1.5999999999999996,1.4,0.35714285714285715,-0.8053691275167939,-0.205128205128205,2.1666666666666674,1.3750000000000009,1
1249,-0.4545454545454543,-0.45833333333333354,0.20588235294117652,0.0,0.05000000000000004,0.5333333333333333,-0.047619047619047616,-0.8501118568232768,0.5128205128205126,0.7222222222222225,0.5625000000000003,1
1559,-0.4545454545454543,0.4583333333333333,0.20588235294117652,6.428571428571427,7.749999999999997,3.466666666666667,1.8333333333333333,0.478747203579428,-0.4615384615384601,-0.33333333333333315,-0.43749999999999967,0
1255,-0.04545454545454568,0.7499999999999998,-0.5882352941176472,-0.4285714285714288,-0.05000000000000004,0.4,-0.07142857142857142,-0.23266219239372168,0.4615384615384601,0.38888888888888873,0.4375000000000008,0
1372,-0.18181818181818188,0.24999999999999978,0.8823529411764708,1.2857142857142854,3.649999999999999,-0.6,-0.5714285714285714,-0.912751677852373,-0.5128205128205126,2.2777777777777786,0.8750000000000004,1
1355,-0.3181818181818181,0.24999999999999978,-0.6764705882352942,0.14285714285714232,-0.1500000000000001,-0.4666666666666667,-0.23809523809523808,-0.5011185682326695,0.205128205128205,-0.5555555555555556,-0.12499999999999958,0
1535,-0.5909090909090909,0.16666666666666682,-0.35294117647058826,0.28571428571428525,-0.7999999999999998,-0.06666666666666667,-0.21428571428571427,-1.2662192393736087,0.5641025641025627,0.0,0.9375000000000002,1
1475,0.9090909090909086,-0.08333333333333341,0.7058823529411765,16.57142857142857,6.249999999999998,2.2666666666666666,1.0476190476190477,2.514541387024654,-0.7692307692307676,0.7222222222222225,-0.8749999999999993,0
796,1.3181818181818177,1.5416666666666667,0.11764705882352937,0.5714285714285712,2.5999999999999996,-0.4666666666666667,0.5238095238095238,0.4742729306487499,-1.6410256410256379,3.111111111111112,0.0,0
1013,-0.09090909090909094,2.020833333333333,-0.32352941176470595,-0.14285714285714296,1.0999999999999994,-0.2,-0.14285714285714285,-0.3400447427293008,-0.41025641025641,-0.7777777777777781,-0.12499999999999958,0
557,1.3636363636363629,0.041666666666666706,0.6764705882352942,3.428571428571427,1.8999999999999992,-0.26666666666666666,-0.5,1.521252796420572,-1.2307692307692302,-0.33333333333333315,0.9375000000000002,1
682,0.04545454545454527,-0.2916666666666667,-0.08823529411764706,0.0,0.6999999999999998,0.13333333333333333,-0.21428571428571427,-0.2684563758389478,-0.5128205128205126,-0.7222222222222225,0.0,1
578,0.40909090909090906,-0.3333333333333334,0.6764705882352942,0.8571428571428564,0.1500000000000001,0.26666666666666666,1.7380952380952381,0.6263982102908121,-0.05128205128205239,-0.11111111111111124,-0.43749999999999967,0
1110,1.3181818181818177,-0.20833333333333354,0.5,-0.14285714285714296,4.55,0.8666666666666667,0.6666666666666666,0.6263982102908121,-0.7179487179487175,0.7777777777777781,0.375000000000001,1
1267,-0.3181818181818181,0.20833333333333307,-0.6176470588235295,0.14285714285714232,0.05000000000000004,0.13333333333333333,-0.047619047619047616,-0.5190156599552826,0.35897435897435764,-0.11111111111111124,0.0625000000000009,1
1184,-0.5,0.5833333333333334,-0.5588235294117647,-0.8571428571428571,-0.49999999999999967,0.13333333333333333,0.5476190476190477,-0.4832214765100564,-0.1025641025641025,-0.11111111111111124,-0.5624999999999992,0
1060,0.4545454545454543,-0.16666666666666682,0.7941176470588237,2.5714285714285707,1.0499999999999945,-0.7333333333333333,-0.6666666666666666,-0.42058165548101,-0.5128205128205126,-0.16666666666666688,1.1875000000000004,1
541,0.5909090909090902,0.29166666666666646,-0.05882352941176476,1.5714285714285705,1.0499999999999945,0.4,0.21428571428571427,0.8948545861297599,-0.2564102564102574,0.2777777777777781,-0.37499999999999983,0
1195,-0.40909090909090906,0.9374999999999999,-0.41176470588235303,-0.5714285714285715,1.6999999999999997,0.06666666666666667,0.6190476190476191,-0.41163310961970345,-0.4615384615384601,-0.16666666666666688,-0.43749999999999967,1
749,-0.3181818181818181,-0.08333333333333341,-0.2352941176470589,-0.14285714285714296,-0.4500000000000003,-0.13333333333333333,-0.16666666666666666,0.3624161073825423,1.076923076923075,0.5555555555555556,-0.37499999999999983,1
1478,-1.1818181818181814,-0.20833333333333354,-0.4411764705882354,0.0,-1.5999999999999996,0.13333333333333333,1.2142857142857142,-2.2281879194630934,1.1794871794871777,1.444444444444445,2.125000000000001,1
1431,-0.22727272727272715,-0.45833333333333354,-0.05882352941176476,-0.5714285714285715,-0.6999999999999998,0.26666666666666666,0.21428571428571427,-0.536912751677846,0.30769230769230754,0.0,0.1250000000000007,0
485,1.2272727272727264,-0.3333333333333334,1.235294117647059,2.7142857142857126,1.6999999999999997,-0.5333333333333333,-0.3333333333333333,0.08948545861296606,-1.2820512820512802,0.2222222222222225,2.0000000000000013,1
96,-1.454545454545454,0.3333333333333332,-0.2647058823529412,0.14285714285714232,-1.100000000000005,0.2,1.619047619047619,-1.6107382550335878,2.769230769230765,-0.11111111111111124,1.687500000000001,1
1021,1.545454545454545,-0.6666666666666669,1.1764705882352944,0.28571428571428525,2.1499999999999995,-0.7333333333333333,-0.7142857142857143,-0.17002237136467524,-0.5641025641025627,-0.5,1.0625000000000009,1
564,-0.13636363636363663,-0.9583333333333335,0.6764705882352942,0.7142857142857141,0.5999999999999998,0.7333333333333333,0.5238095238095238,0.13422818791944907,0.0,-0.05555555555555562,-0.06249999999999979,1
864,-0.3181818181818181,0.4166666666666666,-0.5882352941176472,0.4285714285714282,-0.10000000000000007,0.2,1.0952380952380953,0.2953020134228178,1.0256410256410229,-0.5,-0.31250000000000006,0
1039,0.363636363636363,-0.45833333333333354,0.4411764705882352,5.714285714285713,-0.10000000000000007,0.7333333333333333,0.09523809523809523,-0.6711409395973448,-0.35897435897435764,0.8333333333333337,1.5000000000000007,1
207,2.227272727272726,-0.9166666666666669,1.411764705882353,0.5714285714285712,0.7499999999999998,-0.3333333333333333,-0.23809523809523808,1.1633109619686581,-0.5641025641025627,0.8333333333333337,0.375000000000001,1
393,0.7272727272727267,-0.6250000000000001,0.7647058823529412,-0.2857142857142859,0.09999999999999522,-0.5333333333333333,-0.2857142857142857,0.536912751677846,-0.6666666666666652,-0.6111111111111113,-0.43749999999999967,0
795,0.9999999999999992,-1.0416666666666667,0.8235294117647061,0.14285714285714232,-0.7499999999999998,-0.4666666666666667,-0.2857142857142857,-0.6666666666666666,-0.7179487179487175,-0.5,1.4375000000000007,1
871,-0.09090909090909094,0.8124999999999998,-0.7352941176470589,-0.14285714285714296,-0.7999999999999998,1.1333333333333333,0.11904761904761904,-1.3825503355704944,0.5128205128205126,-0.2777777777777781,1.000000000000001,1
398,1.6363636363636354,0.29166666666666646,0.9705882352941176,0.5714285714285712,0.34999999999999953,-0.06666666666666667,0.2619047619047619,0.8948545861297599,-0.6666666666666652,0.16666666666666688,0.5000000000000006,1
767,0.40909090909090906,0.29166666666666646,-0.2352941176470589,0.9999999999999993,0.4499999999999996,-0.13333333333333333,0.8571428571428571,0.2595078299776413,-0.8717948717948701,-0.44444444444444436,-0.49999999999999944,0
1468,-0.5454545454545453,2.166666666666667,-0.5294117647058824,0.14285714285714232,-0.6499999999999998,0.3333333333333333,-0.14285714285714285,-0.14317673378075563,1.076923076923075,-0.2777777777777781,0.5000000000000006,0
1242,0.8636363636363634,-0.6250000000000001,0.3823529411764706,0.4285714285714282,-0.05000000000000004,0.9333333333333333,0.6428571428571429,0.21923937360178672,-0.7692307692307676,-0.16666666666666688,-0.24999999999999917,0
1029,-0.3181818181818181,-0.75,-0.14705882352941183,0.4285714285714282,-0.25000000000000017,1.8,0.7142857142857143,-0.42058165548101,0.30769230769230754,-0.44444444444444436,-0.06249999999999979,1
643,0.9090909090909086,0.08333333333333341,0.5588235294117647,0.14285714285714232,-0.4500000000000003,0.13333333333333333,0.047619047619047616,1.029082774049209,0.41025641025641,0.0,-0.49999999999999944,0
613,-0.18181818181818188,0.5,-0.7647058823529412,0.28571428571428525,-0.1500000000000001,0.26666666666666666,-0.21428571428571427,-0.13422818791944907,0.051282051282050115,-0.11111111111111124,-0.12499999999999958,1
961,0.27272727272727243,-0.20833333333333354,0.02941176470588238,-0.4285714285714288,-1.100000000000005,0.26666666666666666,0.0,-0.7248322147651344,-0.7692307692307676,1.2777777777777781,0.5625000000000003,1
726,0.4999999999999996,0.5833333333333334,-0.2647058823529412,1.1428571428571423,-0.1500000000000001,-0.6,-0.5952380952380952,0.3579418344519139,-0.1025641025641025,-0.38888888888888873,0.1250000000000007,0
684,0.09090909090909054,1.0833333333333335,-0.08823529411764706,0.5714285714285712,-1.05,-0.6,-0.5476190476190477,0.08948545861296606,0.30769230769230754,-0.33333333333333315,0.687500000000001,0
99,-0.13636363636363663,1.5833333333333335,-0.5882352941176472,0.4285714285714282,-0.05000000000000004,-0.6,-0.6666666666666666,-0.04474272930648303,0.41025641025641,-0.33333333333333315,-0.24999999999999917,0
805,0.22727272727272715,0.0,-0.11764705882352945,0.7142857142857141,0.20000000000000015,-0.6666666666666666,-0.47619047619047616,0.00894854586130654,-0.2564102564102574,-0.2777777777777781,-0.18749999999999936,1
407,0.8636363636363634,-0.3333333333333334,0.6176470588235293,0.4285714285714282,-0.8499999999999999,-0.3333333333333333,-0.23809523809523808,0.5816554809843291,-0.35897435897435764,0.16666666666666688,0.375000000000001,1
503,1.1363636363636358,-0.3333333333333334,1.3823529411764706,6.214285714285713,-0.3000000000000002,1.6,0.9047619047619048,0.984340044742726,-0.7179487179487175,1.2777777777777781,1.1250000000000007,1
1072,-0.18181818181818188,1.0416666666666667,-0.17647058823529413,8.428571428571425,0.8999999999999999,1.0666666666666667,1.2857142857142858,0.9485458612975495,-0.5641025641025627,-0.2222222222222225,-0.6250000000000001,0
1057,0.4545454545454543,-0.16666666666666682,0.7941176470588237,2.5714285714285707,1.0499999999999945,-0.7333333333333333,-0.6666666666666666,-0.42058165548101,-0.5128205128205126,-0.16666666666666688,1.1875000000000004,1
930,0.363636363636363,-0.7916666666666667,0.35294117647058826,1.5714285714285705,-0.8499999999999999,-0.26666666666666666,-0.4523809523809524,-0.9485458612975495,-0.05128205128205239,0.6111111111111113,1.1250000000000007,1
201,0.772727272727272,-0.8333333333333334,0.6176470588235293,-1.142857142857143,-1.200000000000005,-0.3333333333333333,-0.3333333333333333,0.06711409395972454,-0.4615384615384601,1.1111111111111112,0.0625000000000009,1
135,0.0,2.166666666666667,-0.6176470588235295,0.0,0.20000000000000015,-0.06666666666666667,-0.21428571428571427,-0.40268456375839695,-0.4615384615384601,-0.38888888888888873,-0.18749999999999936,1
1052,0.27272727272727243,-0.25,0.9705882352941176,-1.142857142857143,16.699999999999996,0.13333333333333333,0.16666666666666666,0.0984340044742726,-1.435897435897435,4.000000000000002,-0.6250000000000001,0
41,-0.2727272727272728,-0.2916666666666667,0.2941176470588235,5.285714285714285,-0.3000000000000002,-0.13333333333333333,1.1666666666666667,0.44742729306487994,0.1025641025641025,1.166666666666667,0.1875000000000005,0
1018,0.04545454545454527,-1.4166666666666667,0.3235294117647059,-1.857142857142857,-1.5499999999999996,1.4666666666666666,1.6904761904761905,-3.0111856823266456,-2.15384615384615,-1.0000000000000002,1.5625000000000004,1
231,-1.2272727272727268,-0.16666666666666682,-0.6470588235294118,-0.8571428571428571,-1.2999999999999998,0.3333333333333333,1.619047619047619,-1.8344519015660028,1.1794871794871777,0.0,1.2500000000000002,1
379,1.5909090909090902,0.43749999999999994,1.1764705882352944,5.714285714285713,0.3999999999999996,-0.5333333333333333,-0.3333333333333333,0.8948545861297599,-1.025641025641025,2.0555555555555562,1.9375000000000013,1
289,0.363636363636363,0.0,-0.5000000000000001,0.4285714285714282,0.5499999999999997,0.4,0.2619047619047619,0.3579418344519139,0.15384615384615263,1.3333333333333337,0.2500000000000003,1
419,1.8181818181818172,-0.5833333333333334,0.7352941176470589,-0.2857142857142859,2.0499999999999994,-0.4666666666666667,-0.42857142857142855,1.2527964205816737,-0.35897435897435764,0.7777777777777781,0.1250000000000007,1
392,2.6363636363636345,-0.43750000000000017,1.235294117647059,0.9999999999999993,0.25000000000000017,0.2,0.11904761904761904,2.0581655480984677,-1.2820512820512802,1.0000000000000007,-0.12499999999999958,1
593,0.4999999999999996,-0.2916666666666667,0.6764705882352942,0.5714285714285712,0.20000000000000015,0.4666666666666667,0.8809523809523809,0.8501118568232768,0.205128205128205,-0.2777777777777781,-0.31250000000000006,0
1163,0.27272727272727243,-0.8333333333333334,0.47058823529411764,0.14285714285714232,-0.25000000000000017,-0.13333333333333333,-0.4523809523809524,-1.1006711409396117,-0.8717948717948701,0.5,1.000000000000001,1
1087,0.27272727272727243,-0.75,0.41176470588235303,3.5714285714285707,-1.2499999999999998,-0.7333333333333333,-0.6904761904761905,0.2595078299776413,0.35897435897435764,0.2222222222222225,0.8750000000000004,1
648,0.18181818181818188,1.3541666666666665,-0.7352941176470589,0.0,-0.49999999999999967,-0.6,-0.5714285714285714,-0.04474272930648303,0.051282051282050115,-0.2222222222222225,0.5000000000000006,0
521,0.8636363636363634,-1.1250000000000002,0.6764705882352942,0.7142857142857141,0.3999999999999996,0.06666666666666667,-0.11904761904761904,0.6263982102908121,0.5641025641025627,1.5555555555555562,-0.12499999999999958,1
15,0.4545454545454543,0.4166666666666666,-0.2352941176470589,2.2857142857142847,4.799999999999998,2.533333333333333,2.5476190476190474,0.8053691275167939,-0.7692307692307676,1.444444444444445,-0.6250000000000001,0
1181,0.13636363636363583,-0.7083333333333335,0.20588235294117652,0.28571428571428525,-0.20000000000000015,-0.2,0.21428571428571427,-0.3624161073825423,-0.205128205128205,1.0555555555555562,0.5000000000000006,1
1065,0.13636363636363583,0.9166666666666666,-0.5000000000000001,-0.2857142857142859,-0.6499999999999998,-0.6,-0.6666666666666666,-1.1722595078300142,-0.1538461538461549,-0.2777777777777781,1.000000000000001,1
493,0.4545454545454543,-0.5,0.7352941176470589,0.5714285714285712,-1.4,-0.06666666666666667,-0.2619047619047619,-0.8053691275167939,0.051282051282050115,1.5555555555555562,2.0000000000000013,1
380,0.18181818181818188,-0.4166666666666668,0.35294117647058826,0.4285714285714282,0.6999999999999998,0.6666666666666666,0.5238095238095238,0.492170022371363,0.0,0.44444444444444436,0.375000000000001,1
188,-0.09090909090909094,0.7708333333333331,-0.4705882352941177,0.5714285714285712,0.20000000000000015,-0.3333333333333333,-0.2857142857142857,0.3579418344519139,0.41025641025641,-0.7222222222222225,-0.31250000000000006,0
764,0.6363636363636362,0.5625000000000001,0.0,-0.2857142857142859,0.7999999999999998,-0.6,-0.07142857142857142,0.2595078299776413,-0.30769230769230754,-1.1111111111111116,-0.37499999999999983,0
217,0.363636363636363,0.43749999999999994,-0.2941176470588236,-0.2857142857142859,1.0499999999999945,-0.06666666666666667,0.2619047619047619,-0.2684563758389478,-0.8717948717948701,-0.2777777777777781,0.5000000000000006,0
792,0.40909090909090906,0.5,-0.2647058823529412,0.9999999999999993,0.20000000000000015,0.7333333333333333,2.1904761904761907,0.6174496644295056,-0.41025641025641,-0.44444444444444436,-0.37499999999999983,0
879,0.40909090909090906,0.3749999999999999,-0.20588235294117652,2.5714285714285707,0.6999999999999998,1.0666666666666667,0.7380952380952381,0.478747203579428,-0.4615384615384601,-0.6666666666666669,-0.12499999999999958,1
338,-0.04545454545454568,-0.3750000000000001,0.17647058823529413,0.8571428571428564,0.0,1.0,0.47619047619047616,0.26845637583889814,0.0,0.11111111111111124,0.0625000000000009,0
720,-0.36363636363636376,0.5833333333333334,-0.7647058823529412,2.4285714285714275,0.2999999999999995,0.2,0.16666666666666666,0.3579418344519139,0.7692307692307676,-0.44444444444444436,-0.43749999999999967,0
296,1.3181818181818177,-0.08333333333333341,0.5882352941176472,0.4285714285714282,-0.35000000000000026,-0.6,-0.2619047619047619,1.476510067114089,-1.3333333333333326,0.11111111111111124,-0.43749999999999967,0
1017,0.4545454545454543,-0.5833333333333334,0.41176470588235303,0.0,-0.5999999999999998,-0.13333333333333333,-0.23809523809523808,-0.86800894854589,-0.205128205128205,0.7222222222222225,1.5000000000000007,1
1276,0.04545454545454527,0.8124999999999998,-0.11764705882352945,0.14285714285714232,-0.25000000000000017,-0.06666666666666667,1.0238095238095237,0.035794183445176486,-0.35897435897435764,-0.44444444444444436,-0.43749999999999967,1
456,1.545454545454545,0.4166666666666666,1.2058823529411766,4.285714285714285,0.2999999999999995,-0.5333333333333333,-0.4523809523809524,0.8948545861297599,-0.4615384615384601,0.38888888888888873,2.0000000000000013,1
1596,-0.9090909090909086,0.1250000000000001,-0.4705882352941177,0.0,-0.8999999999999999,1.6666666666666667,0.30952380952380953,-0.7516778523490043,1.076923076923075,0.7777777777777781,0.6250000000000001,1
270,1.6363636363636354,-1.4166666666666667,0.7352941176470589,2.5714285714285707,1.1999999999999995,-0.6666666666666666,-0.35714285714285715,1.2527964205816737,-0.1538461538461549,1.944444444444445,-0.06249999999999979,1
202,0.40909090909090906,-0.6250000000000001,0.6470588235294118,-0.14285714285714296,0.8499999999999951,1.6666666666666667,2.5476190476190474,0.31319910514543087,-1.3846153846153826,2.2777777777777786,-0.5624999999999992,0
730,-0.6818181818181814,1.4375,-0.6764705882352942,1.4285714285714282,-0.4500000000000003,0.8666666666666667,0.47619047619047616,-0.8053691275167939,1.5384615384615352,-0.7222222222222225,1.5625000000000004,1
402,-0.09090909090909094,-1.0833333333333335,0.11764705882352937,-0.7142857142857144,-1.05,0.4,0.0,-0.8501118568232768,-0.1025641025641025,-0.8333333333333337,0.375000000000001,1
703,-0.40909090909090906,0.5,-0.7058823529411766,-0.14285714285714296,-0.6499999999999998,-0.3333333333333333,-0.35714285714285715,0.08948545861296606,0.82051282051282,0.2777777777777781,-0.49999999999999944,1
1501,-0.18181818181818188,0.8541666666666665,-0.6470588235294118,-1.0,-0.20000000000000015,-0.4,-0.5476190476190477,-0.7695749440716174,-0.2564102564102574,-0.5,-0.37499999999999983,0
1130,1.181818181818181,-0.3750000000000001,0.2647058823529411,1.5714285714285705,0.5999999999999998,0.6666666666666666,0.7619047619047619,0.5279642058165395,-0.5128205128205126,0.38888888888888873,0.1875000000000005,1
566,2.1818181818181803,0.3333333333333332,0.6764705882352942,0.8571428571428564,-0.25000000000000017,-0.6,-0.4523809523809524,1.1633109619686581,-0.8717948717948701,-0.2777777777777781,0.7500000000000009,0
1414,0.9090909090909086,0.20833333333333307,-0.02941176470588238,-0.2857142857142859,1.1999999999999995,-0.13333333333333333,1.2142857142857142,-0.2237136465324648,-1.3846153846153826,1.5555555555555562,-0.06249999999999979,0
1022,1.545454545454545,-0.6666666666666669,1.1764705882352944,0.28571428571428525,2.1499999999999995,-0.7333333333333333,-0.7142857142857143,-0.17002237136467524,-0.5641025641025627,-0.5,1.0625000000000009,1
1026,0.3181818181818177,1.2916666666666665,-0.7647058823529412,0.8571428571428564,0.7499999999999998,0.2,0.11904761904761904,0.6353467561521187,0.1025641025641025,-0.11111111111111124,0.1250000000000007,1
1412,-0.6818181818181814,-0.20833333333333354,0.41176470588235303,0.28571428571428525,-0.4500000000000003,-0.4,-0.4523809523809524,-0.2237136465324648,1.2820512820512802,0.6111111111111113,0.2500000000000003,1
1105,0.04545454545454527,-0.16666666666666682,0.2352941176470589,0.0,-0.35000000000000026,0.13333333333333333,-0.30952380952380953,-1.431767337807606,-0.1538461538461549,0.2222222222222225,1.3750000000000009,1
206,2.227272727272726,-0.9166666666666669,1.411764705882353,0.5714285714285712,0.7499999999999998,-0.3333333333333333,-0.23809523809523808,1.1633109619686581,-0.5641025641025627,0.8333333333333337,0.375000000000001,1
35,-1.2272727272727268,-0.8333333333333334,-0.02941176470588238,-0.5714285714285715,1.1499999999999995,-0.06666666666666667,0.2857142857142857,-0.492170022371363,0.35897435897435764,-0.38888888888888873,-0.6250000000000001,0
776,-0.3181818181818181,2.0,-0.7647058823529412,1.1428571428571423,1.0999999999999994,-0.4666666666666667,-0.5238095238095238,-0.42058165548101,0.6153846153846151,-0.8888888888888891,-0.12499999999999958,0
509,0.9545454545454539,0.29166666666666646,0.14705882352941174,0.0,0.49999999999999967,0.8,0.5714285714285714,1.1633109619686581,-0.6666666666666652,0.05555555555555562,0.0,1
1452,-0.04545454545454568,-0.8333333333333334,0.5294117647058824,0.7142857142857141,1.1999999999999995,-0.4,-0.5,0.23266219239372168,0.1025641025641025,0.8888888888888894,0.5000000000000006,1
1479,-0.36363636363636376,1.4791666666666667,-0.6176470588235295,4.999999999999999,0.09999999999999522,-0.7333333333333333,-0.5714285714285714,0.5727069351230225,0.4615384615384601,-0.5555555555555556,0.0,0
1574,-0.8636363636363634,0.24999999999999978,-0.17647058823529413,0.28571428571428525,-0.25000000000000017,0.06666666666666667,0.2857142857142857,-0.9530201342281779,1.3846153846153826,0.2777777777777781,1.4375000000000007,1
1391,-0.8636363636363634,-0.1250000000000001,-0.7647058823529412,0.14285714285714232,-0.5999999999999998,0.06666666666666667,-0.11904761904761904,-1.7360178970917302,1.3846153846153826,-0.16666666666666688,1.4375000000000007,1
92,0.3181818181818177,-0.1250000000000001,0.05882352941176476,-0.4285714285714288,1.4999999999999996,0.4,2.3333333333333335,0.1789709172259321,-1.9487179487179453,7.388888888888892,-0.18749999999999936,1
1364,0.04545454545454527,1.2916666666666665,0.02941176470588238,-0.2857142857142859,0.0,-0.2,0.5952380952380952,-0.12527964205819223,-0.1025641025641025,-0.7777777777777781,-0.24999999999999917,0
898,-0.36363636363636376,0.29166666666666646,-0.7352941176470589,0.14285714285714232,0.0,0.8666666666666667,0.11904761904761904,-0.5816554809843291,0.5641025641025627,-0.2222222222222225,0.31250000000000006,1
565,2.318181818181817,-0.20833333333333354,0.6764705882352942,2.9999999999999987,0.25000000000000017,-0.5333333333333333,0.21428571428571427,2.371364653243849,-0.05128205128205239,0.33333333333333376,1.5625000000000004,1
1370,-0.5909090909090909,0.3749999999999999,-0.7647058823529412,-0.8571428571428571,-0.5499999999999997,-0.6666666666666666,-0.7142857142857143,-1.2706935123042868,0.1025641025641025,-1.3888888888888893,0.1250000000000007,0
777,-0.4545454545454543,1.0208333333333333,-0.2352941176470589,0.28571428571428525,8.149999999999997,-0.5666666666666667,0.23809523809523808,-0.3042505592841243,0.4615384615384601,-0.11111111111111124,0.0625000000000009,1
242,1.8636363636363626,-0.5833333333333334,0.8823529411764708,-0.14285714285714296,0.6499999999999998,-0.5333333333333333,-0.3333333333333333,1.0961968680089336,-0.8717948717948701,0.5,0.4375000000000008,1
14,-0.04545454545454568,0.3749999999999999,0.08823529411764698,-0.8571428571428571,1.6999999999999997,-0.3333333333333333,-0.21428571428571427,0.26845637583889814,-0.2564102564102574,5.222222222222224,-0.6874999999999999,0
316,-0.36363636363636376,-0.7083333333333335,0.08823529411764698,0.4285714285714282,0.7999999999999998,0.4,0.35714285714285715,-0.2684563758389478,0.5641025641025627,0.16666666666666688,0.5000000000000006,1
388,0.18181818181818188,0.5833333333333334,-0.32352941176470595,-0.4285714285714288,-0.05000000000000004,0.2,0.09523809523809523,0.1789709172259321,0.0,-0.44444444444444436,-0.37499999999999983,1
1298,-0.3181818181818181,0.041666666666666706,-0.35294117647058826,-0.14285714285714296,-0.7999999999999998,0.06666666666666667,-0.21428571428571427,-1.5973154362416528,0.205128205128205,-0.05555555555555562,1.1875000000000004,1
841,1.4545454545454535,-0.4166666666666668,0.6176470588235293,0.6428571428571423,0.25000000000000017,-0.3333333333333333,-0.09523809523809523,0.25055928411633477,-0.35897435897435764,0.8333333333333337,1.1875000000000004,1
21,0.4545454545454543,-1.2500000000000002,0.6470588235294118,-0.5714285714285715,-0.1500000000000001,1.0,0.5238095238095238,0.0,0.41025641025641,-0.5,-0.49999999999999944,1
647,-0.2727272727272728,0.6250000000000001,-0.6176470588235295,1.9999999999999993,1.3499999999999996,-0.5333333333333333,-0.42857142857142855,0.1789709172259321,0.4615384615384601,0.05555555555555562,-0.06249999999999979,0
1509,-0.36363636363636376,-1.0416666666666667,1.0,-0.14285714285714296,-0.3000000000000002,0.2,-0.30952380952380953,0.5995525727069422,0.35897435897435764,0.5555555555555556,0.2500000000000003,1
1155,-0.5909090909090909,0.24999999999999978,-0.7647058823529412,0.0,1.0,2.4,0.5952380952380952,-0.6085011185682486,1.4358974358974328,0.33333333333333376,0.7500000000000009,1
1529,0.0,-0.9583333333333335,0.6764705882352942,0.0,0.7999999999999998,0.4666666666666667,0.5,0.15212527964206216,0.0,0.2777777777777781,-0.06249999999999979,1
832,-0.9090909090909086,0.3749999999999999,-0.5294117647058824,-0.14285714285714296,-0.4500000000000003,0.13333333333333333,-0.3333333333333333,-1.360178970917253,1.2820512820512802,0.8333333333333337,0.5625000000000003,1
1268,1.1363636363636358,-0.3750000000000001,0.7058823529411765,0.14285714285714232,-0.5999999999999998,-0.06666666666666667,-0.4523809523809524,-0.3579418344519139,-1.076923076923075,1.3888888888888893,0.7500000000000009,1
563,0.4999999999999996,0.08333333333333341,0.6764705882352942,0.9999999999999993,0.6999999999999998,1.8,1.7142857142857142,0.6263982102908121,-1.1794871794871777,-0.05555555555555562,-0.6250000000000001,0
1558,-0.5909090909090909,1.3958333333333333,-0.7058823529411766,0.28571428571428525,-0.8999999999999999,0.06666666666666667,-0.35714285714285715,-0.2371364653243998,1.1794871794871777,-0.11111111111111124,0.5000000000000006,1
958,0.7272727272727267,-0.6250000000000001,0.7647058823529412,-0.2857142857142859,0.3999999999999996,-0.13333333333333333,0.30952380952380953,-0.2997762863534959,-0.1025641025641025,-0.2222222222222225,0.5625000000000003,1
190,0.0,-0.1250000000000001,0.17647058823529413,-0.4285714285714288,0.09999999999999522,0.2,2.5238095238095237,0.0,-0.5641025641025627,-0.38888888888888873,-0.43749999999999967,0
976,-0.3181818181818181,-0.45833333333333354,0.11764705882352937,-0.14285714285714296,0.1500000000000001,1.4,0.8095238095238095,0.08948545861296606,0.6666666666666652,-0.5555555555555556,-0.49999999999999944,0
700,1.772727272727272,-0.5833333333333334,0.8529411764705884,-0.14285714285714296,-0.4500000000000003,-0.6,-0.4523809523809524,0.8053691275167939,-1.025641025641025,0.0,0.375000000000001,1
1500,-0.4545454545454543,0.9166666666666666,-0.6764705882352942,0.14285714285714232,-1.2999999999999998,-0.4666666666666667,-0.5238095238095238,-0.7695749440716174,0.7179487179487175,0.05555555555555562,0.8125000000000007,1
511,2.0454545454545445,-0.4166666666666668,0.6764705882352942,3.428571428571427,-0.35000000000000026,0.3333333333333333,0.11904761904761904,0.44742729306487994,-1.4871794871794852,-0.05555555555555562,-0.43749999999999967,0
1083,-0.3181818181818181,-0.5833333333333334,0.11764705882352937,-0.5714285714285715,-0.35000000000000026,1.1333333333333333,0.7619047619047619,0.022371364653241514,0.5641025641025627,-0.16666666666666688,-0.43749999999999967,1
475,1.181818181818181,-1.0,0.7352941176470589,-0.7142857142857144,0.0,-0.26666666666666666,-0.3333333333333333,0.6263982102908121,-0.5641025641025627,1.5000000000000007,-0.49999999999999944,1
857,0.6363636363636362,-0.6666666666666669,0.3823529411764706,-1.0,0.0,1.8,0.40476190476190477,-0.12527964205819223,0.82051282051282,0.6111111111111113,0.4375000000000008,1
748,0.3181818181818177,-0.7916666666666667,0.41176470588235303,0.5714285714285712,0.1500000000000001,0.13333333333333333,0.7142857142857143,0.4563758389261865,-0.05128205128205239,-0.7777777777777781,-0.49999999999999944,0
253,1.4545454545454535,-0.7083333333333335,0.6470588235294118,1.2857142857142854,0.49999999999999967,-0.6,-0.40476190476190477,0.8053691275167939,-0.7179487179487175,-0.5,0.1875000000000005,0
1338,-0.8636363636363634,-0.08333333333333341,-0.7647058823529412,-1.142857142857143,-1.1499999999999997,0.06666666666666667,-0.2857142857142857,-1.0380313199105156,0.2564102564102551,-0.9444444444444446,-0.43749999999999967,0
1185,-0.5454545454545453,0.5,-0.08823529411764706,-0.14285714285714296,0.0,-0.2,1.9285714285714286,-0.6353467561521187,0.2564102564102551,0.44444444444444436,0.4375000000000008,0
956,0.27272727272727243,-1.291666666666667,0.7647058823529412,-0.4285714285714288,0.49999999999999967,-0.3333333333333333,-0.35714285714285715,-0.14317673378075563,0.2564102564102551,0.2777777777777781,0.1250000000000007,0
386,-0.22727272727272715,0.4583333333333333,-0.5588235294117647,0.28571428571428525,0.49999999999999967,-0.2,-0.023809523809523808,0.492170022371363,0.6153846153846151,0.7777777777777781,-0.31250000000000006,1
1438,-0.5,1.6458333333333335,0.08823529411764698,3.7142857142857126,-0.49999999999999967,0.06666666666666667,0.023809523809523808,-0.46085011185681496,1.1282051282051253,-0.44444444444444436,0.5625000000000003,0
1516,-0.4545454545454543,1.3333333333333333,-0.14705882352941183,2.7142857142857126,-0.3000000000000002,0.13333333333333333,0.6428571428571429,0.7248322147650846,1.1282051282051253,0.5555555555555556,-0.5937499999999997,1
344,1.3636363636363629,-0.5416666666666667,0.6176470588235293,-0.5714285714285715,1.8999999999999992,-0.5333333333333333,-0.5714285714285714,0.6263982102908121,-0.05128205128205239,0.7222222222222225,-0.24999999999999917,1
770,0.0,0.8333333333333331,-0.7352941176470589,-0.4285714285714288,-0.20000000000000015,-0.4666666666666667,-0.14285714285714285,-0.05369127516778957,0.41025641025641,-0.44444444444444436,-0.37499999999999983,0
1333,0.22727272727272715,-0.5416666666666667,-0.4705882352941177,-0.7142857142857144,-0.25000000000000017,-0.5333333333333333,-0.30952380952380953,-0.44295302013425153,-1.1282051282051275,-1.055555555555556,-0.31250000000000006,1
131,0.04545454545454527,0.9374999999999999,0.8823529411764708,-0.2857142857142859,1.8999999999999992,1.0666666666666667,2.2857142857142856,0.0,-0.35897435897435764,0.2222222222222225,-0.49999999999999944,0
872,-0.4545454545454543,0.16666666666666682,-0.6764705882352942,-1.0,0.2999999999999995,1.4666666666666666,0.19047619047619047,-0.7069351230425213,1.1282051282051253,-0.2777777777777781,0.2500000000000003,0
1124,1.2727272727272716,-0.5,0.3235294117647059,-0.4285714285714288,0.05000000000000004,0.2,-0.21428571428571427,-0.026845637583919623,-0.9743589743589727,0.16666666666666688,0.6250000000000001,1
1397,0.363636363636363,0.6458333333333335,-0.4705882352941177,-0.8571428571428571,0.49999999999999967,-0.6666666666666666,-0.6428571428571429,0.29082774049213966,0.0,0.16666666666666688,-0.4062499999999992,0
88,-0.09090909090909094,-0.1250000000000001,0.0,-0.4285714285714288,-0.8999999999999999,-0.3333333333333333,-0.16666666666666666,-0.08948545861296606,0.41025641025641,0.11111111111111124,-0.37499999999999983,0
1483,-0.3181818181818181,0.24999999999999978,0.8235294117647061,-0.14285714285714296,1.6999999999999997,-0.7333333333333333,-0.6904761904761905,0.17449664429530368,0.1025641025641025,-0.2777777777777781,0.0625000000000009,0
1239,0.09090909090909054,0.8749999999999999,-0.7647058823529412,0.4285714285714282,0.05000000000000004,-0.13333333333333333,-0.3333333333333333,0.5279642058165395,0.35897435897435764,-0.8888888888888891,-0.37499999999999983,0
467,1.0909090909090906,-0.08333333333333341,0.47058823529411764,-0.2857142857142859,-0.5499999999999997,0.4666666666666667,0.30952380952380953,0.6263982102908121,-0.7692307692307676,0.5555555555555556,0.8125000000000007,1
122,0.40909090909090906,0.1250000000000001,-0.6470588235294118,0.0,1.9499999999999993,0.0,0.42857142857142855,-0.2684563758389478,-0.5128205128205126,-0.11111111111111124,0.4375000000000008,1
1096,0.6818181818181814,-0.5,0.6176470588235293,0.4285714285714282,0.34999999999999953,-0.5333333333333333,-0.42857142857142855,0.41163310961970345,-0.82051282051282,-0.6666666666666669,0.1875000000000005,0
1295,0.13636363636363583,0.47916666666666663,-0.4705882352941177,-0.14285714285714296,-0.35000000000000026,0.7333333333333333,0.5238095238095238,-0.18791946308723864,-0.1025641025641025,0.7222222222222225,0.4375000000000008,1
861,-0.3181818181818181,0.4166666666666666,-0.5882352941176472,0.7142857142857141,-0.1500000000000001,0.06666666666666667,1.119047619047619,0.2953020134228178,1.0256410256410229,-0.44444444444444436,-0.43749999999999967,0
1460,0.0,-1.3333333333333335,0.2647058823529411,-0.7142857142857144,-1.2999999999999998,-0.4666666666666667,-0.5476190476190477,-0.9932885906040325,0.051282051282050115,1.0000000000000007,1.0625000000000009,1
