id,fixed acidity,volatile acidity,citric acid,residual sugar,chlorides,free sulfur dioxide,total sulfur dioxide,density,pH,sulphates,alcohol,class
494,0.32558139534883684,0.7234042553191486,0.1515151515151515,1.1428571428571423,0.2999999999999995,0.6,1.0238095238095237,1.5212527964204965,0.894736842105263,0.6666666666666669,0.8750000000000004,1
343,1.3488372093023255,-0.5531914893617021,0.6363636363636364,-0.5714285714285715,1.8999999999999992,-0.5333333333333333,-0.5714285714285714,0.6263982102907809,-0.05263157894736965,0.7222222222222225,-0.24999999999999917,1
835,0.3720930232558142,0.7021276595744683,0.0,-0.8571428571428571,0.3999999999999996,0.13333333333333333,-0.35714285714285715,0.062639821029093,0.052631578947367315,-0.8333333333333337,-0.49999999999999944,0
706,0.1860465116279071,2.191489361702127,-0.3333333333333334,5.428571428571427,-0.35000000000000026,-0.2,0.38095238095238093,0.9843400447426771,0.3157894736842109,-0.7222222222222225,-0.18749999999999936,0
523,0.09302325581395314,-0.5531914893617021,0.696969696969697,0.14285714285714232,0.95,2.2,2.261904761904762,0.49217002237133856,0.3684210526315782,2.0555555555555562,-0.24999999999999917,0
1591,-0.7906976744186046,0.12765957446808524,-0.3333333333333334,-0.5714285714285715,-0.1500000000000001,0.8,-0.07142857142857142,-1.6375838926173762,0.052631578947367315,1.1111111111111112,0.8750000000000004,1
1405,0.0,-0.08510638297872349,0.393939393939394,0.5714285714285712,0.09999999999999522,-0.13333333333333333,0.19047619047619047,0.760626398210273,0.6315789473684218,0.0,0.31250000000000006,1
1056,0.09302325581395314,0.5106382978723404,0.030303030303030335,-0.2857142857142859,0.7499999999999998,-0.6,0.9285714285714286,0.29977628635343134,-0.9473684210526326,0.0,-0.6874999999999999,1
278,1.6279069767441858,-1.446808510638298,0.7575757575757577,2.5714285714285707,1.1999999999999995,-0.6666666666666666,-0.35714285714285715,1.2527964205816116,-0.15789473684210661,1.944444444444445,-0.06249999999999979,1
1240,-0.6976744186046511,0.6382978723404257,-0.787878787878788,2.9999999999999987,-1.1499999999999997,-0.2,-0.42857142857142855,-0.8590604026845408,0.7368421052631587,-0.33333333333333315,1.000000000000001,0
949,0.4186046511627908,-1.7021276595744683,0.5757575757575758,-0.5714285714285715,-0.25000000000000017,-0.26666666666666666,-0.40476190476190477,-0.5727069351230437,0.5263157894736848,0.7777777777777781,1.0625000000000009,1
793,-0.4186046511627908,0.3829787234042552,-0.7272727272727274,0.4285714285714282,0.05000000000000004,0.2,1.1666666666666667,0.29082774049212523,0.894736842105263,-0.11111111111111124,-0.31250000000000006,1
237,-0.3720930232558138,0.4680851063829787,-0.787878787878788,-0.4285714285714288,0.8499999999999951,0.0,0.0,-0.022371364653240404,0.3157894736842109,-0.2222222222222225,-0.7499999999999997,1
670,1.5348837209302326,-0.7659574468085106,0.5757575757575758,-0.2857142857142859,0.09999999999999522,-0.5333333333333333,-0.5476190476190477,0.8948545861297155,-1.9473684210526327,0.2222222222222225,-0.6250000000000001,1
1541,-0.8372093023255812,0.0,-0.5454545454545455,3.1428571428571423,-0.4500000000000003,-0.2,-0.14285714285714285,-0.1521252796420546,1.3157894736842108,0.05555555555555562,0.8750000000000004,1
340,2.093023255813953,-1.0212765957446808,0.8484848484848486,0.14285714285714232,0.09999999999999522,-0.13333333333333333,-0.21428571428571427,1.2975391498880924,-1.0526315789473697,4.111111111111113,-0.24999999999999917,1
1395,-0.7441860465116276,0.21276595744680823,-0.36363636363636365,2.4285714285714275,-0.49999999999999967,0.8666666666666667,0.8333333333333334,-0.04921700223715869,0.052631578947367315,-0.7777777777777781,-0.6250000000000001,0
209,-0.09302325581395356,-0.3404255319148937,0.06060606060606067,0.7142857142857141,1.0,0.26666666666666666,1.3571428571428572,-0.08948545861296162,-0.47368421052631515,0.2777777777777781,-0.49999999999999944,0
1084,0.32558139534883684,-0.4255319148936172,0.5757575757575758,0.28571428571428525,-0.4000000000000003,1.2,0.5,-0.2818791946308688,0.10526315789473696,0.8333333333333337,1.1250000000000007,1
947,1.023255813953488,-0.3404255319148937,0.9696969696969696,2.7142857142857126,0.5999999999999998,-0.2,-0.3333333333333333,0.29082774049212523,-0.10526315789473696,2.0555555555555562,1.1250000000000007,1
1492,-1.1162790697674418,0.08510638297872349,-0.6666666666666667,-0.7142857142857144,-1.5499999999999996,-0.6,-0.5952380952380952,-1.16331096196865,2.1578947368421066,-0.2222222222222225,0.7500000000000009,0
59,-0.09302325581395356,0.29787234042553173,-0.24242424242424251,0.14285714285714232,-0.20000000000000015,0.2,0.38095238095238093,0.3131991051454153,0.6315789473684218,-0.16666666666666688,-0.12499999999999958,0
1204,0.8837209302325582,0.9361702127659574,-0.21212121212121215,5.1428571428571415,1.5499999999999996,1.2666666666666666,0.9047619047619048,0.8859060402684094,-0.894736842105263,-0.38888888888888873,-0.49999999999999944,0
821,-0.4651162790697674,0.7021276595744683,-0.787878787878788,-0.4285714285714288,0.95,-0.3333333333333333,-0.38095238095238093,-0.3310961968680275,0.15789473684210428,-0.11111111111111124,-0.31250000000000006,0
1266,-0.3720930232558138,0.21276595744680823,-0.6363636363636365,0.14285714285714232,0.05000000000000004,0.13333333333333333,-0.047619047619047616,-0.5190156599552568,0.3684210526315782,-0.11111111111111124,0.0625000000000009,1
1459,0.1860465116279071,-0.9787234042553193,0.4242424242424243,-0.7142857142857144,-0.6499999999999998,-0.4,-0.42857142857142855,-0.3445190156599618,0.42105263157894784,-0.11111111111111124,0.1875000000000005,0
809,-0.27906976744186024,0.04255319148936174,-0.4242424242424243,-0.4285714285714288,4.249999999999999,-0.6666666666666666,-0.6190476190476191,0.09843400447426771,-0.2631578947368436,1.3333333333333337,-0.6250000000000001,0
1287,-0.4186046511627908,-1.5319148936170213,0.5454545454545455,0.4285714285714282,-0.5999999999999998,0.2,-0.16666666666666666,-1.5749440715882834,0.21052631578947392,-0.44444444444444436,1.3750000000000009,1
434,2.0,-0.5531914893617021,1.1212121212121213,0.14285714285714232,0.5499999999999997,-0.5333333333333333,-0.47619047619047616,1.6107382550334581,-0.7894736842105261,-0.7222222222222225,-0.43749999999999967,0
1436,1.023255813953488,0.08510638297872349,0.3333333333333333,18.85714285714285,6.699999999999999,2.7333333333333334,1.3571428571428572,3.0827740492168454,-0.6842105263157892,0.8333333333333337,-0.7499999999999997,1
293,1.1162790697674418,0.12765957446808524,-0.09090909090909091,0.7142857142857141,0.5499999999999997,0.26666666666666666,0.23809523809523808,1.1633109619686004,-0.47368421052631515,0.11111111111111124,0.0625000000000009,1
552,0.6511627906976745,-0.38297872340425543,-0.06060606060606067,0.8571428571428564,0.5999999999999998,0.0,0.16666666666666666,0.5369127516778194,-0.6315789473684218,0.6111111111111113,-0.12499999999999958,1
1228,0.4651162790697674,0.25531914893616997,-0.030303030303030335,-0.2857142857142859,1.1999999999999995,-0.4,-0.40476190476190477,0.39821029082769904,-0.21052631578947392,0.5555555555555556,-0.37499999999999983,0
1396,0.27906976744186024,0.7021276595744683,-0.4848484848484849,-0.8571428571428571,0.5999999999999998,-0.7333333333333333,-0.6190476190476191,0.29082774049212523,0.0,0.16666666666666688,-0.4062499999999992,1
1177,-0.6976744186046511,1.5319148936170213,-0.6969696969696971,4.857142857142855,-0.05000000000000004,0.6,0.21428571428571427,-0.48322147651003244,1.4210526315789478,-0.6666666666666669,0.6250000000000001,0
234,-0.511627906976744,0.0,-0.030303030303030335,0.5714285714285712,0.05000000000000004,-0.26666666666666666,-0.023809523809523808,0.022371364653240404,0.7894736842105261,-0.6666666666666669,0.5000000000000006,0
1125,-0.6976744186046511,0.25531914893616997,-0.787878787878788,0.0,0.7999999999999998,-0.7333333333333333,-0.5952380952380952,-0.5503355704698033,1.6315789473684217,0.0,0.8125000000000007,0
197,-0.32558139534883723,0.25531914893616997,0.12121212121212116,0.28571428571428525,-0.3000000000000002,0.06666666666666667,0.40476190476190477,0.0,0.7894736842105261,-0.16666666666666688,0.0,0
1439,-0.4651162790697674,0.29787234042553173,-0.787878787878788,-0.7142857142857144,-1.4,-0.7333333333333333,-0.7142857142857143,-0.35794183445189615,0.5263157894736848,-0.8333333333333337,0.0625000000000009,0
1341,-0.2325581395348837,-0.04255319148936174,-0.7272727272727274,-0.7142857142857144,0.20000000000000015,-0.06666666666666667,-0.16666666666666666,-0.635346756152087,0.26315789473684126,-0.44444444444444436,0.1875000000000005,1
82,-0.09302325581395356,-0.38297872340425543,1.3333333333333333,-0.4285714285714288,19.199999999999992,0.5333333333333333,0.6904761904761905,0.2684563758388848,-0.9473684210526326,3.6666666666666683,-0.49999999999999944,0
1496,-0.4651162790697674,-0.38297872340425543,-0.7272727272727274,-0.4285714285714288,0.0,0.06666666666666667,-0.23809523809523808,-0.8411633109619285,0.21052631578947392,1.0555555555555562,0.2500000000000003,1
439,1.1162790697674418,-0.46808510638297895,0.878787878787879,1.4285714285714282,-0.20000000000000015,0.5333333333333333,0.38095238095238093,1.2527964205816116,-0.8421052631578957,1.5000000000000007,-0.18749999999999936,1
1230,-0.1860465116279071,-0.38297872340425543,0.09090909090909083,-0.14285714285714296,-0.25000000000000017,0.3333333333333333,0.6666666666666666,0.17002237136461712,0.47368421052631515,0.11111111111111124,-0.43749999999999967,0
112,0.1860465116279071,0.42553191489361697,-0.5151515151515152,0.0,0.20000000000000015,-0.2,1.6666666666666667,-0.1789709172259729,-0.8421052631578957,0.2222222222222225,-0.24999999999999917,0
1359,-0.27906976744186024,0.5106382978723404,-0.27272727272727276,4.57142857142857,4.3999999999999995,2.533333333333333,1.4285714285714286,0.25055928411632233,-0.15789473684210661,-0.6666666666666669,-0.43749999999999967,0
1189,-0.6046511627906975,0.5106382978723404,-0.09090909090909091,-0.14285714285714296,0.0,-0.2,1.9285714285714286,-0.635346756152087,0.26315789473684126,0.44444444444444436,0.4375000000000008,0
1349,-0.3720930232558138,0.574468085106383,-0.6969696969696971,-0.5714285714285715,-0.10000000000000007,-0.4666666666666667,-0.6190476190476191,-0.4161073825503112,0.15789473684210428,-1.2777777777777781,-0.43749999999999967,0
472,0.7441860465116276,0.08510638297872349,0.4848484848484848,0.28571428571428525,0.05000000000000004,0.7333333333333333,0.3333333333333333,0.08948545861296162,-0.5789473684210521,0.5,0.7500000000000009,1
1347,-0.8837209302325582,0.29787234042553173,-0.7575757575757577,-0.14285714285714296,-1.200000000000005,-0.6,-0.5952380952380952,-0.9306487695748902,1.105263157894737,-0.33333333333333315,0.7500000000000009,0
933,-0.1860465116279071,-0.5106382978723404,0.09090909090909083,-0.4285714285714288,-0.10000000000000007,1.0,0.6666666666666666,0.1342281879194424,0.7368421052631587,-0.16666666666666688,-0.43749999999999967,1
311,1.0697674418604652,0.04255319148936174,0.6666666666666666,0.4285714285714282,-0.8499999999999999,-0.5333333333333333,-0.30952380952380953,1.3422818791945732,-1.0,-0.16666666666666688,-0.5624999999999992,1
1484,0.04651162790697657,-0.8085106382978724,0.5454545454545455,-1.0,-1.8999999999999997,-0.5333333333333333,-0.6190476190476191,-0.6174496644295245,0.21052631578947392,-0.05555555555555562,0.31250000000000006,0
479,0.7441860465116276,0.6808510638297874,-0.06060606060606067,0.0,0.34999999999999953,-0.6,-0.23809523809523808,0.8948545861297155,-0.894736842105263,-0.11111111111111124,0.0,0
602,2.41860465116279,-0.2553191489361702,0.787878787878788,0.0,-0.4500000000000003,-0.13333333333333333,-0.07142857142857142,1.7002237136464196,-1.105263157894737,-0.33333333333333315,-0.7499999999999997,1
715,0.8837209302325582,0.9361702127659574,0.06060606060606067,0.5714285714285712,-0.10000000000000007,0.4666666666666667,0.9285714285714286,0.5369127516778194,-0.15789473684210661,-0.6111111111111113,-0.24999999999999917,0
1182,0.8372093023255816,-0.5531914893617021,0.5151515151515151,-0.7857142857142859,-0.5999999999999998,-0.6,-0.6428571428571429,-0.9038031319910216,-0.6315789473684218,-0.8888888888888891,0.7500000000000009,0
519,1.3488372093023255,-1.3191489361702131,0.696969696969697,0.8571428571428564,0.3999999999999996,-0.2,-0.14285714285714285,0.17897091722592323,-0.47368421052631515,0.33333333333333376,0.9375000000000002,1
1587,-0.2325581395348837,-0.8936170212765959,0.4545454545454545,0.28571428571428525,-0.7499999999999998,1.3333333333333333,0.5238095238095238,-0.8411633109619285,0.15789473684210428,1.2777777777777781,0.7500000000000009,1
1090,1.6744186046511624,-0.46808510638297895,0.8484848484848486,-1.0,0.7499999999999998,0.5333333333333333,0.07142857142857142,0.24608501118564444,-1.5263157894736847,0.7777777777777781,-0.18749999999999936,1
622,0.09302325581395314,0.17021276595744697,-0.09090909090909091,1.7142857142857135,-0.10000000000000007,0.0,1.5714285714285714,0.35794183445189615,-0.15789473684210661,0.0,-0.49999999999999944,0
1534,0.0,-0.5531914893617021,0.12121212121212116,-0.4285714285714288,-0.3000000000000002,1.2,1.0952380952380953,0.1655480984339889,0.42105263157894784,-0.05555555555555562,-0.7499999999999997,0
889,-0.5581395348837209,0.21276595744680823,-0.787878787878788,0.4285714285714282,-0.4000000000000003,1.2,0.6190476190476191,-0.8456375838926065,0.6315789473684218,-0.33333333333333315,0.6250000000000001,1
810,-0.1860465116279071,-0.17021276595744697,0.1515151515151515,0.8571428571428564,-0.49999999999999967,-0.6666666666666666,-0.5476190476190477,0.058165548098415114,-0.47368421052631515,-0.38888888888888873,0.0625000000000009,1
708,-0.27906976744186024,-0.12765957446808524,-0.21212121212121215,1.1428571428571423,-0.1500000000000001,0.13333333333333333,-0.023809523809523808,-0.08948545861296162,0.3157894736842109,-0.6111111111111113,0.1875000000000005,0
1109,0.04651162790697657,1.1063829787234043,-0.4848484848484849,1.5714285714285705,0.49999999999999967,-0.6666666666666666,-0.5952380952380952,0.7829977628635134,0.26315789473684126,-0.7222222222222225,-0.43749999999999967,0
1314,-0.4651162790697674,-0.6808510638297874,-0.15151515151515157,0.14285714285714232,0.2999999999999995,0.4,0.6428571428571429,-0.5458612975391255,0.47368421052631515,-0.44444444444444436,-0.06249999999999979,1
1112,-1.209302325581395,-0.4255319148936172,0.030303030303030335,-0.2857142857142859,0.5999999999999998,0.6,0.40476190476190477,-0.9351230425055681,2.473684210526315,0.11111111111111124,1.312500000000001,1
1566,-0.6046511627906975,0.6382978723404257,-0.7272727272727274,-0.4285714285714288,-0.95,0.8,0.09523809523809523,-0.8545861297538628,0.42105263157894784,1.1111111111111112,0.4375000000000008,1
328,1.0697674418604652,-0.3404255319148937,0.7272727272727273,3.2857142857142847,1.3499999999999996,-0.6,-0.5952380952380952,0.5369127516778194,-0.15789473684210661,1.166666666666667,0.8125000000000007,0
255,-0.4186046511627908,0.34042553191489344,-0.787878787878788,-0.5714285714285715,-0.3000000000000002,0.13333333333333333,-0.09523809523809523,0.17897091722592323,0.8421052631578957,0.44444444444444436,-0.18749999999999936,1
323,-0.09302325581395356,0.42553191489361697,-0.6363636363636365,0.14285714285714232,-0.05000000000000004,-0.5333333333333333,-0.47619047619047616,0.24608501118564444,-0.10526315789473696,0.05555555555555562,-0.5624999999999992,0
1161,1.209302325581395,-0.6808510638297874,0.9393939393939393,0.14285714285714232,0.34999999999999953,-0.5333333333333333,-0.42857142857142855,-0.017897091722612193,-0.894736842105263,0.5555555555555556,0.5625000000000003,1
583,1.7209302325581388,-0.12765957446808524,0.696969696969697,0.0,0.1500000000000001,-0.6,-0.5476190476190477,1.4317673378075348,-0.6315789473684218,-1.055555555555556,-0.6250000000000001,0
627,0.3720930232558142,0.34042553191489344,0.09090909090909083,0.0,0.8999999999999999,-0.6,-0.5476190476190477,0.8948545861297155,0.26315789473684126,-0.7222222222222225,-0.6874999999999999,0
1031,-0.4186046511627908,0.29787234042553173,-0.787878787878788,-0.14285714285714296,0.5499999999999997,-0.3333333333333333,-0.5714285714285714,-0.8590604026845408,0.5789473684210521,-0.38888888888888873,0.8125000000000007,1
621,0.13953488372093054,0.08510638297872349,-0.06060606060606067,1.7142857142857135,-0.20000000000000015,0.13333333333333333,1.7619047619047619,0.35794183445189615,-0.21052631578947392,-0.05555555555555562,-0.49999999999999944,0
491,0.6046511627906979,1.0851063829787235,0.030303030303030335,0.8571428571428564,-0.10000000000000007,0.6666666666666666,0.42857142857142855,0.7158836689037426,0.0,0.2777777777777781,0.2500000000000003,1
959,-0.7441860465116276,0.21276595744680823,-0.4242424242424243,0.14285714285714232,1.9999999999999993,0.7333333333333333,-0.047619047619047616,-0.7203579418344205,0.8421052631578957,0.5,0.687500000000001,1
414,0.8837209302325582,-0.5106382978723404,0.8181818181818183,6.428571428571427,0.8499999999999951,-0.5333333333333333,-0.4523809523809524,0.8053691275167538,-0.21052631578947392,1.1111111111111112,0.9375000000000002,1
417,1.209302325581395,-0.17021276595744697,1.1515151515151516,0.0,1.5499999999999996,-0.5333333333333333,-0.42857142857142855,0.08948545861296162,-0.2631578947368436,0.2222222222222225,0.9375000000000002,1
87,0.27906976744186024,-0.12765957446808524,0.06060606060606067,-0.4285714285714288,1.4999999999999996,0.4,2.3333333333333335,0.17897091722592323,-2.0,7.388888888888892,-0.18749999999999936,1
1261,0.27906976744186024,0.48936170212765956,1.272727272727273,-0.5714285714285715,16.14999999999999,0.3333333333333333,0.42857142857142855,-0.2147651006711476,-1.5263157894736847,2.944444444444445,-0.5624999999999992,0
1514,-0.7441860465116276,0.17021276595744697,-0.3333333333333334,-0.5714285714285715,-0.10000000000000007,0.2,0.6428571428571429,-1.727069351230338,0.10526315789473696,-0.11111111111111124,0.1875000000000005,1
366,0.9302325581395348,-0.4255319148936172,0.7272727272727273,1.7142857142857135,1.3499999999999996,-0.4666666666666667,-0.40476190476190477,0.49217002237133856,-0.2631578947368436,1.7222222222222232,1.000000000000001,1
266,1.7674418604651163,-1.1063829787234043,0.787878787878788,-0.5714285714285715,-0.4500000000000003,-0.5333333333333333,-0.6666666666666666,0.0,-0.5789473684210521,0.5555555555555556,0.0,1
288,-0.2325581395348837,-0.5106382978723404,-0.4242424242424243,1.1428571428571423,0.5999999999999998,1.0,0.35714285714285715,-0.04474272930648081,0.3157894736842109,0.44444444444444436,0.0625000000000009,1
1583,-0.8837209302325582,0.8297872340425531,-0.4848484848484849,0.5714285714285712,-1.3499999999999999,-0.06666666666666667,-0.2619047619047619,-1.4228187919462785,1.3684210526315783,-0.6666666666666669,1.0625000000000009,0
359,1.813953488372093,-0.38297872340425543,1.2121212121212124,1.2857142857142854,1.4499999999999995,-0.26666666666666666,-0.35714285714285715,1.4317673378075348,-0.8421052631578957,1.2777777777777781,0.1250000000000007,1
1101,0.1860465116279071,-0.7659574468085106,0.4848484848484848,-0.14285714285714296,-0.4000000000000003,0.6,-0.047619047619047616,-1.2885906040267863,-1.0526315789473697,0.8888888888888894,1.3750000000000009,1
1201,-0.13953488372093012,0.21276595744680823,-0.15151515151515157,-1.0,-0.5499999999999997,-0.6666666666666666,-0.6904761904761905,-0.9932885906039832,-0.7894736842105261,-0.44444444444444436,-0.24999999999999917,1
1323,0.511627906976744,-0.7659574468085106,0.4848484848484848,-0.5714285714285715,-1.100000000000005,-0.3333333333333333,-0.47619047619047616,-1.2885906040267863,-0.6842105263157892,-0.38888888888888873,0.7500000000000009,0
1247,-0.27906976744186024,0.9361702127659574,-0.5757575757575758,-0.7142857142857144,0.2999999999999995,0.06666666666666667,0.23809523809523808,-0.7964205816554477,-1.0,-0.7777777777777781,-0.12499999999999958,0
1232,-0.09302325581395356,1.25531914893617,-0.7575757575757577,0.5714285714285712,-0.3000000000000002,2.2666666666666666,1.2380952380952381,-0.26398210290825663,0.3684210526315782,0.0,0.375000000000001,0
222,-0.27906976744186024,0.04255319148936174,0.0,-0.2857142857142859,1.0499999999999945,0.13333333333333333,0.8095238095238095,-0.49217002237133856,-0.8421052631578957,-0.2777777777777781,-0.49999999999999944,0
114,0.9767441860465113,-0.8936170212765959,0.5454545454545455,0.14285714285714232,0.0,0.5333333333333333,0.19047619047619047,0.8948545861297155,0.052631578947367315,0.2777777777777781,-0.31250000000000006,1
1598,-0.9767441860465113,0.5319148936170213,-0.4242424242424243,-0.2857142857142859,-0.25000000000000017,1.2,0.14285714285714285,-0.5950782997762841,1.3684210526315783,0.5,0.0,0
655,0.27906976744186024,-0.2127659574468087,0.6363636363636364,0.28571428571428525,-0.3000000000000002,-0.4666666666666667,-0.21428571428571427,0.49217002237133856,-1.210526315789474,-0.8888888888888891,-0.43749999999999967,0
175,-0.32558139534883723,-0.5957446808510639,-0.15151515151515157,-0.2857142857142859,0.0,-0.4666666666666667,-0.07142857142857142,-0.3131991051454153,0.10526315789473696,-0.8333333333333337,-0.43749999999999967,0
905,-0.5581395348837209,0.29787234042553173,-0.6060606060606062,5.428571428571427,-1.0,-0.2,-0.47619047619047616,-0.2684563758389345,0.5263157894736848,-0.16666666666666688,0.375000000000001,1
599,0.2325581395348837,0.27659574468085085,-0.24242424242424251,-0.14285714285714296,-0.10000000000000007,-0.6,-0.19047619047619047,-0.04474272930648081,-0.5789473684210521,-0.7777777777777781,-0.24999999999999917,1
808,0.09302325581395314,-1.0212765957446808,0.4242424242424243,0.28571428571428525,-1.4,-0.6666666666666666,-0.6666666666666666,-1.449664429530147,0.10526315789473696,0.44444444444444436,1.6250000000000013,1
1319,-0.2325581395348837,0.4680851063829787,0.030303030303030335,-0.2857142857142859,0.1500000000000001,0.2,1.2619047619047619,-0.28635346756149704,-0.2631578947368436,-0.2222222222222225,-0.24999999999999917,1
19,-0.27906976744186024,0.29787234042553173,-0.5454545454545455,3.1428571428571423,0.2999999999999995,-0.5333333333333333,-0.21428571428571427,0.2684563758388848,0.3684210526315782,-0.6666666666666669,-0.7499999999999997,0
1226,0.5581395348837205,-0.2553191489361702,-0.09090909090909091,0.5714285714285712,0.5499999999999997,0.26666666666666666,0.9285714285714286,1.0827740492169449,-0.8421052631578957,-0.6111111111111113,-0.49999999999999944,0
1068,1.4418604651162787,-0.8936170212765959,0.8181818181818183,0.0,-1.0,-0.7333333333333333,-0.6666666666666666,-0.48322147651003244,-1.5263157894736847,1.166666666666667,0.4375000000000008,1
286,0.8837209302325582,0.29787234042553173,-0.5757575757575758,1.7142857142857135,1.0999999999999994,1.2,0.7857142857142857,1.4988814317673056,0.0,0.5,-0.24999999999999917,0
429,0.511627906976744,0.0,0.21212121212121215,-1.2857142857142856,-0.49999999999999967,-0.3333333333333333,-0.19047619047619047,0.44742729306485773,-0.3684210526315782,-0.11111111111111124,-0.5624999999999992,0
989,-0.13953488372093012,-0.5531914893617021,-0.4242424242424243,-0.7142857142857144,0.8499999999999951,0.3333333333333333,-0.2619047619047619,-0.3758389261745083,-0.7894736842105261,-0.7222222222222225,-0.49999999999999944,0
701,1.209302325581395,2.127659574468085,0.5151515151515151,0.9999999999999993,-0.20000000000000015,0.8,1.1904761904761905,0.7158836689037426,-1.210526315789474,-0.2777777777777781,-0.06249999999999979,1
32,-0.511627906976744,0.7021276595744683,-0.787878787878788,0.4285714285714282,1.2499999999999996,0.5333333333333333,-0.023809523809523808,-0.08948545861296162,0.7894736842105261,-0.2777777777777781,0.2500000000000003,1
618,1.6279069767441858,-0.8936170212765959,0.7575757575757577,0.0,-0.05000000000000004,0.0,-0.23809523809523808,0.6263982102907809,-1.4736842105263175,1.7222222222222232,-0.24999999999999917,1
211,0.7906976744186042,0.04255319148936174,1.0303030303030303,-0.2857142857142859,-2.05,-0.6,-0.4523809523809524,-0.4250559284116173,-0.05263157894736965,1.3333333333333337,1.3750000000000009,1
440,-0.4651162790697674,0.42553191489361697,-0.24242424242424251,-1.0,-0.8999999999999999,-0.4666666666666667,0.2857142857142857,-0.760626398210273,-1.210526315789474,-0.11111111111111124,-0.5624999999999992,0
600,2.1860465116279064,0.29787234042553173,0.5757575757575758,0.14285714285714232,0.09999999999999522,-0.2,-0.38095238095238093,1.4317673378075348,-1.6315789473684217,0.44444444444444436,-0.5624999999999992,1
652,0.8372093023255816,1.5319148936170213,-0.030303030303030335,0.4285714285714282,1.1999999999999995,1.4,2.7857142857142856,1.8791946308723428,0.5263157894736848,0.2777777777777781,0.6250000000000001,0
215,-0.09302325581395356,0.9148936170212765,-0.5454545454545455,0.28571428571428525,0.5999999999999998,-0.26666666666666666,0.07142857142857142,0.2684563758388848,-0.3684210526315782,0.5,-0.24999999999999917,1
533,1.813953488372093,-0.5957446808510639,0.696969696969697,0.7142857142857141,0.8999999999999999,-0.13333333333333333,0.09523809523809523,1.6107382550334581,-0.7894736842105261,-0.05555555555555562,0.0625000000000009,0
918,-0.5581395348837209,-0.46808510638297895,0.1515151515151515,9.428571428571427,0.20000000000000015,0.8,0.16666666666666666,0.6442953020133931,0.3684210526315782,0.11111111111111124,-0.06249999999999979,1
327,1.6744186046511624,0.04255319148936174,1.2121212121212124,2.0714285714285707,2.0499999999999994,-0.5333333333333333,-0.5714285714285714,0.44742729306485773,-1.3684210526315805,0.6666666666666669,0.8125000000000007,1
1424,-0.7441860465116276,0.04255319148936174,-0.5151515151515152,2.4285714285714275,2.1499999999999995,0.0,-0.16666666666666666,0.0,1.0,0.2777777777777781,0.5000000000000006,0
908,-0.8837209302325582,0.17021276595744697,-0.787878787878788,0.0,-0.05000000000000004,-0.5333333333333333,-0.6904761904761905,-0.8948545861297155,1.4736842105263153,-0.44444444444444436,0.8125000000000007,1
469,1.5813953488372092,-0.6808510638297874,1.303030303030303,-0.14285714285714296,0.49999999999999967,-0.5333333333333333,-0.40476190476190477,1.4317673378075348,-0.7368421052631587,0.0,-0.6250000000000001,1
342,1.209302325581395,-0.4255319148936172,0.6666666666666666,0.7142857142857141,-0.7499999999999998,-0.6,-0.47619047619047616,0.17897091722592323,-0.5263157894736848,1.3888888888888893,0.687500000000001,1
941,0.7441860465116276,-0.8085106382978724,0.787878787878788,0.0,-0.3000000000000002,-0.06666666666666667,-0.30952380952380953,-0.7651006711409013,0.26315789473684126,0.7777777777777781,1.3750000000000009,1
148,-0.1860465116279071,-0.12765957446808524,0.0,-0.8571428571428571,7.799999999999997,-0.26666666666666666,1.1904761904761905,0.0,-1.0526315789473697,1.0000000000000007,-0.5624999999999992,0
979,-0.4651162790697674,-0.5106382978723404,0.18181818181818182,1.9999999999999993,-0.95,-0.3333333333333333,-0.21428571428571427,-1.1812080536912124,-0.15789473684210661,-0.7222222222222225,0.687500000000001,1
361,0.09302325581395314,0.7659574468085104,-0.09090909090909091,-0.2857142857142859,0.95,0.0,1.0238095238095237,0.22371364653240403,-0.6315789473684218,0.44444444444444436,-0.49999999999999944,0
84,-0.32558139534883723,0.6382978723404257,0.0,-0.5714285714285715,16.049999999999997,0.13333333333333333,0.30952380952380953,0.04474272930648081,-0.7894736842105261,2.8888888888888893,-0.49999999999999944,0
757,-0.7906976744186046,1.9574468085106382,-0.7575757575757577,-0.2857142857142859,-1.1499999999999997,0.06666666666666667,-0.11904761904761904,-0.8590604026845408,1.5263157894736847,-0.8888888888888891,0.6250000000000001,1
1166,0.2325581395348837,-0.3404255319148937,0.7272727272727273,-0.4285714285714288,14.449999999999996,0.06666666666666667,0.0,-0.2058165548098415,-1.5789473684210544,2.6666666666666683,-0.49999999999999944,0
1186,-0.4651162790697674,-0.38297872340425543,0.12121212121212116,-0.2857142857142859,0.25000000000000017,-0.5333333333333333,0.023809523809523808,-1.494407158836628,0.10526315789473696,-0.8888888888888891,1.0625000000000009,1
156,-0.4186046511627908,-0.38297872340425543,0.4848484848484848,4.714285714285713,-0.4500000000000003,0.9333333333333333,2.142857142857143,0.22371364653240403,0.5789473684210521,0.5,0.1875000000000005,0
501,-0.09302325581395356,0.0,-0.030303030303030335,-0.4285714285714288,0.05000000000000004,0.0,0.0,0.7158836689037426,0.6315789473684218,0.16666666666666688,-0.7499999999999997,1
1212,-0.6511627906976745,-0.3404255319148937,-0.3333333333333334,-0.14285714285714296,-0.20000000000000015,0.5333333333333333,0.35714285714285715,-0.49217002237133856,0.052631578947367315,0.0,-0.5624999999999992,0
498,-0.3720930232558138,-0.7659574468085106,0.18181818181818182,0.4285714285714282,0.49999999999999967,1.9333333333333333,1.7857142857142858,-0.08948545861296162,0.052631578947367315,0.944444444444445,0.5625000000000003,0
1119,-0.4186046511627908,-0.5531914893617021,-0.4242424242424243,-0.14285714285714296,-0.7499999999999998,0.0,-0.3333333333333333,-1.914988814317617,-0.05263157894736965,-0.5,1.9375000000000013,1
916,0.27906976744186024,-0.872340425531915,0.4242424242424243,0.0,-0.05000000000000004,-0.7333333333333333,-0.7619047619047619,-0.751677852348967,-0.21052631578947392,0.2777777777777781,1.0625000000000009,1
1308,-0.5581395348837209,0.6808510638297874,-0.5151515151515152,2.4285714285714275,-0.5999999999999998,0.06666666666666667,-0.21428571428571427,-0.6979865771811801,0.5263157894736848,-0.5555555555555556,0.5625000000000003,0
1580,-0.8372093023255812,0.17021276595744697,-0.5151515151515152,-0.7142857142857144,-1.3499999999999999,0.6666666666666666,-0.14285714285714285,-1.2438478747203054,1.210526315789474,-0.11111111111111124,0.687500000000001,0
1410,-0.9302325581395348,-0.04255319148936174,-0.787878787878788,-0.14285714285714296,-0.7999999999999998,1.7333333333333334,0.38095238095238093,-0.8053691275167538,1.210526315789474,1.7222222222222232,0.31250000000000006,1
180,0.3720930232558142,0.3829787234042552,-0.36363636363636365,0.28571428571428525,-0.6499999999999998,-0.26666666666666666,0.09523809523809523,0.04474272930648081,-0.6315789473684218,-0.16666666666666688,-0.43749999999999967,0
1469,-0.32558139534883723,-0.17021276595744697,0.18181818181818182,-0.14285714285714296,-0.8999999999999999,1.1333333333333333,0.38095238095238093,0.2147651006711476,-0.05263157894736965,0.16666666666666688,-0.12499999999999958,1
496,1.2558139534883717,-0.7234042553191491,0.8181818181818183,0.5714285714285712,-0.49999999999999967,-0.6,-0.5238095238095238,0.17897091722592323,-0.8421052631578957,0.16666666666666688,0.5000000000000006,1
1326,-0.6046511627906975,-0.2553191489361702,-0.06060606060606067,-0.7142857142857144,-0.1500000000000001,0.26666666666666666,-0.09523809523809523,-0.8948545861297155,0.42105263157894784,-0.11111111111111124,0.2500000000000003,1
577,0.8837209302325582,-0.08510638297872349,-0.06060606060606067,0.14285714285714232,1.1499999999999995,-0.5333333333333333,-0.5714285714285714,0.44742729306485773,0.15789473684210428,-0.5555555555555556,-0.12499999999999958,0
926,0.27906976744186024,-1.2765957446808514,0.303030303030303,-0.4285714285714288,-0.7999999999999998,2.6,0.9285714285714286,-0.3400447427292839,0.8421052631578957,1.3888888888888893,0.5000000000000006,1
364,2.093023255813953,-0.2553191489361702,1.1212121212121213,-0.2857142857142859,-0.4500000000000003,-0.5333333333333333,-0.5476190476190477,0.8948545861297155,-1.6842105263157892,1.3888888888888893,0.0,0
907,-0.3720930232558138,0.08510638297872349,0.030303030303030335,0.5714285714285712,0.20000000000000015,-0.13333333333333333,0.9523809523809523,-0.1789709172259729,0.42105263157894784,0.5,0.5000000000000006,0
427,-0.7441860465116276,0.6382978723404257,-0.5454545454545455,-0.14285714285714296,-1.7499999999999998,0.3333333333333333,0.23809523809523808,-0.8501118568232346,0.9473684210526326,-0.7222222222222225,0.7500000000000009,1
1252,-0.2325581395348837,0.25531914893616997,-0.36363636363636365,0.0,-0.1500000000000001,0.8666666666666667,0.5238095238095238,-0.2237136465324537,-0.15789473684210661,-0.16666666666666688,-0.24999999999999917,0
1275,-0.09302325581395356,0.25531914893616997,-0.393939393939394,-0.14285714285714296,1.0999999999999994,0.2,-0.047619047619047616,-1.0738255033556883,-0.3684210526315782,-0.5,0.6250000000000001,1
347,-0.6511627906976745,1.25531914893617,-0.7272727272727274,0.7142857142857141,-0.4000000000000003,0.2,-0.09523809523809523,-0.5816554809843002,1.4210526315789478,1.5000000000000007,1.312500000000001,1
1106,-0.7906976744186046,0.21276595744680823,0.06060606060606067,-0.14285714285714296,-1.5999999999999996,-0.06666666666666667,0.2619047619047619,-1.3691275167784915,0.5263157894736848,-0.11111111111111124,1.6250000000000013,0
1565,-0.3720930232558138,0.7446808510638295,-0.393939393939394,-0.2857142857142859,-0.20000000000000015,-0.13333333333333333,-0.42857142857142855,-0.5995525727069123,-0.10526315789473696,-0.44444444444444436,-0.06249999999999979,0
644,0.6976744186046511,0.29787234042553173,0.5454545454545455,0.14285714285714232,-0.4500000000000003,0.4666666666666667,0.7142857142857143,1.0738255033556388,0.7894736842105261,0.05555555555555562,-0.43749999999999967,0
1051,-0.4186046511627908,-0.38297872340425543,-0.27272727272727276,-0.5714285714285715,0.09999999999999522,0.8666666666666667,0.30952380952380953,-0.2058165548098415,0.9473684210526326,0.11111111111111124,0.1250000000000007,0
1376,-0.3720930232558138,0.17021276595744697,0.0,-0.2857142857142859,0.1500000000000001,-0.06666666666666667,1.4761904761904763,-0.42058165548098914,-0.2631578947368436,-0.5555555555555556,-0.18749999999999936,0
1454,-0.1860465116279071,-0.12765957446808524,0.21212121212121215,-0.4285714285714288,-0.3000000000000002,0.8666666666666667,1.119047619047619,0.11633109619683023,0.5263157894736848,-0.2222222222222225,-0.7499999999999997,0
1567,-0.6046511627906975,-1.5319148936170213,1.1515151515151516,-0.14285714285714296,-1.05,0.6666666666666666,0.3333333333333333,-0.8322147651006224,0.15789473684210428,0.5,0.6250000000000001,1
711,1.209302325581395,2.1489361702127656,0.5151515151515151,0.8571428571428564,0.0,0.4666666666666667,1.0952380952380953,0.760626398210273,-1.3157894736842108,-0.2777777777777781,-0.06249999999999979,0
244,3.2558139534883717,-1.3191489361702131,0.5454545454545455,0.0,-0.25000000000000017,-0.26666666666666666,-0.3333333333333333,1.454138702460825,-1.2631578947368436,1.2222222222222225,-0.6250000000000001,1
1367,-0.32558139534883723,0.9361702127659574,-0.5454545454545455,-0.7142857142857144,0.6999999999999998,-0.26666666666666666,0.16666666666666666,-0.4653243847874699,-0.3684210526315782,-0.6666666666666669,-0.24999999999999917,0
603,-0.13953488372093012,1.3404255319148934,-0.787878787878788,0.5714285714285712,0.05000000000000004,-0.5333333333333333,-0.5714285714285714,0.3131991051454153,-0.05263157894736965,-0.5555555555555556,-0.5624999999999992,0
695,0.4651162790697674,-0.2127659574468087,0.1515151515151515,0.7142857142857141,0.20000000000000015,0.6666666666666666,2.0714285714285716,0.7158836689037426,0.0,-0.05555555555555562,-0.49999999999999944,0
865,-0.3720930232558138,0.42553191489361697,-0.6060606060606062,0.7142857142857141,-0.1500000000000001,0.06666666666666667,1.119047619047619,0.2953020134228031,1.0526315789473673,-0.44444444444444436,-0.43749999999999967,0
1175,-0.1860465116279071,-0.6808510638297874,0.1515151515151515,-0.7142857142857144,-0.05000000000000004,0.8,0.6428571428571429,0.16107382550336072,0.7894736842105261,0.0,-0.43749999999999967,1
313,0.4651162790697674,-0.2553191489361702,0.1515151515151515,0.8571428571428564,0.6499999999999998,0.3333333333333333,1.4285714285714286,0.6040268456375405,0.052631578947367315,0.05555555555555562,-0.43749999999999967,1
436,2.0,-0.5531914893617021,1.1212121212121213,0.14285714285714232,0.5499999999999997,-0.5333333333333333,-0.47619047619047616,1.6107382550334581,-0.7894736842105261,-0.7222222222222225,-0.43749999999999967,0
1513,-0.7441860465116276,1.148936170212766,-0.6666666666666667,0.0,-0.95,-0.2,-0.5,-0.411633109619683,1.1578947368421042,0.16666666666666688,0.1250000000000007,1
753,-0.1860465116279071,0.08510638297872349,-0.393939393939394,0.4285714285714282,0.8499999999999951,0.6666666666666666,0.6666666666666666,0.46979865771809814,0.42105263157894784,-0.05555555555555562,-0.49999999999999944,0
309,1.0697674418604652,-0.38297872340425543,0.5454545454545455,0.28571428571428525,6.699999999999999,-0.6,-0.6190476190476191,1.1633109619686004,-0.6315789473684218,0.05555555555555562,-0.43749999999999967,1
1342,-0.2325581395348837,-0.04255319148936174,-0.7272727272727274,-0.7142857142857144,0.20000000000000015,-0.06666666666666667,-0.16666666666666666,-0.635346756152087,0.26315789473684126,-0.44444444444444436,0.1875000000000005,1
431,1.1627906976744184,-1.1914893617021278,0.6363636363636364,-0.14285714285714296,-0.6999999999999998,-0.5333333333333333,-0.3333333333333333,0.44742729306485773,-0.8421052631578957,1.5555555555555562,0.5000000000000006,1
1199,-0.13953488372093012,-1.1063829787234043,0.0,-0.2857142857142859,-1.4,0.3333333333333333,0.9285714285714286,-0.760626398210273,-0.8421052631578957,0.944444444444445,0.4375000000000008,1
424,1.1627906976744184,-1.1914893617021278,0.6363636363636364,-0.14285714285714296,-0.6999999999999998,-0.5333333333333333,-0.3333333333333333,0.44742729306485773,-0.8421052631578957,1.5555555555555562,0.5000000000000006,1
371,-0.511627906976744,1.0425531914893618,-0.7272727272727274,0.14285714285714232,-0.8499999999999999,1.4,0.5952380952380952,0.3131991051454153,1.3684210526315783,0.8888888888888894,-0.18749999999999936,0
1300,-0.1860465116279071,4.510638297872341,-0.787878787878788,-0.14285714285714296,2.8499999999999943,-0.6,-0.6904761904761905,-0.9127516778523277,1.0,-1.2222222222222225,0.4375000000000008,0
182,0.4186046511627908,0.3829787234042552,0.696969696969697,-0.2857142857142859,9.499999999999998,0.6,1.7142857142857142,0.17897091722592323,-1.0,2.222222222222223,-0.5624999999999992,0
778,-0.511627906976744,0.48936170212765956,-0.27272727272727276,0.28571428571428525,8.049999999999997,-0.5333333333333333,-0.47619047619047616,-0.3131991051454153,0.47368421052631515,-0.16666666666666688,0.0625000000000009,1
1467,-0.32558139534883723,-0.17021276595744697,0.18181818181818182,-0.14285714285714296,-0.8999999999999999,1.1333333333333333,0.38095238095238093,0.2147651006711476,-0.05263157894736965,0.16666666666666688,-0.12499999999999958,1
297,1.209302325581395,1.3191489361702127,0.3333333333333333,0.5714285714285712,0.2999999999999995,0.8,0.7619047619047619,0.5816554809843002,-0.7894736842105261,-0.5555555555555556,-0.18749999999999936,0
592,-0.6511627906976745,-0.5531914893617021,0.696969696969697,-0.7142857142857144,-0.49999999999999967,0.6,2.642857142857143,-2.0581655480983656,-1.0,-0.6666666666666669,0.8125000000000007,1
462,0.13953488372093054,0.4042553191489361,-0.12121212121212126,0.5714285714285712,0.34999999999999953,-0.5333333333333333,-0.4523809523809524,0.6263982102907809,-0.2631578947368436,-0.05555555555555562,-0.5624999999999992,0
1044,0.6976744186046511,-0.5531914893617021,0.4545454545454545,9.57142857142857,-0.5499999999999997,0.26666666666666666,0.023809523809523808,0.800894854586076,-0.10526315789473696,1.0555555555555562,0.4375000000000008,1
814,-0.511627906976744,-0.5531914893617021,-0.06060606060606067,-0.14285714285714296,1.0999999999999994,-0.6666666666666666,-0.7380952380952381,-0.9753914988814206,0.6842105263157892,-0.2222222222222225,0.7500000000000009,0
378,0.6511627906976745,-1.0638297872340425,0.8181818181818183,0.28571428571428525,-0.3000000000000002,-0.5333333333333333,-0.47619047619047616,-0.2684563758389345,-0.5789473684210521,2.833333333333334,1.1250000000000007,1
899,0.13953488372093054,-0.8936170212765959,0.393939393939394,0.28571428571428525,-0.10000000000000007,0.2,0.11904761904761904,-1.0559284116330763,0.0,0.8333333333333337,1.4375000000000007,1
127,0.09302325581395314,3.446808510638298,-0.787878787878788,-0.7142857142857144,0.05000000000000004,-0.7333333333333333,-0.6190476190476191,-0.1789709172259729,1.1578947368421042,-0.7222222222222225,0.4375000000000008,0
820,0.511627906976744,0.5957446808510639,-0.3333333333333334,1.4285714285714282,0.8499999999999951,-0.3333333333333333,0.5,1.324384787471961,-0.15789473684210661,-0.44444444444444436,-0.37499999999999983,0
549,2.0465116279069764,-0.7234042553191491,0.696969696969697,0.5714285714285712,-0.05000000000000004,0.8666666666666667,0.7380952380952381,1.1633109619686004,-1.0,0.7222222222222225,0.1250000000000007,1
356,-0.6046511627906975,0.9787234042553191,-0.7575757575757577,0.28571428571428525,-0.10000000000000007,0.2,-0.14285714285714285,-0.5816554809843002,1.2631578947368411,-0.05555555555555562,1.6250000000000013,1
1297,-0.6511627906976745,0.4680851063829787,-0.787878787878788,2.9999999999999987,0.6499999999999998,2.466666666666667,0.9404761904761905,-0.5458612975391255,-0.5789473684210521,-0.9444444444444446,-0.43749999999999967,0
210,1.3953488372093021,-0.9361702127659576,0.9696969696969696,-0.14285714285714296,-1.2999999999999998,-0.4666666666666667,-0.4523809523809524,0.5369127516778194,0.0,1.444444444444445,0.1875000000000005,1
141,0.1860465116279071,0.9574468085106382,-0.45454545454545464,-0.4285714285714288,0.49999999999999967,0.13333333333333333,0.5952380952380952,-0.1342281879194424,-0.6315789473684218,1.1111111111111112,-0.37499999999999983,0
1147,-0.09302325581395356,-0.08510638297872349,-0.4242424242424243,-0.5714285714285715,4.899999999999999,-0.5333333333333333,-0.40476190476190477,-0.35794183445189615,-0.15789473684210661,1.3888888888888893,-0.24999999999999917,1
1066,-0.13953488372093012,0.3829787234042552,-0.24242424242424251,0.28571428571428525,0.1500000000000001,-0.5333333333333333,-0.42857142857142855,-0.2237136465324537,-0.10526315789473696,-0.11111111111111124,0.0,1
773,0.6976744186046511,0.21276595744680823,0.030303030303030335,0.14285714285714232,0.09999999999999522,0.6,2.5238095238095237,0.45637583892616385,-0.21052631578947392,-0.38888888888888873,-0.49999999999999944,0
612,2.41860465116279,-0.5957446808510639,0.878787878787879,0.7142857142857141,0.05000000000000004,-0.6,-0.5238095238095238,1.7002237136464196,-1.7368421052631589,-0.44444444444444436,-0.49999999999999944,0
1150,0.9302325581395348,-0.7234042553191491,0.6363636363636364,-0.2857142857142859,-0.95,-0.5333333333333333,-0.6428571428571429,-0.4250559284116173,-0.42105263157894784,-0.5555555555555556,1.1250000000000007,1
562,0.4651162790697674,-0.3404255319148937,0.696969696969697,0.28571428571428525,-0.10000000000000007,0.8,1.9761904761904763,0.44742729306485773,-0.42105263157894784,-0.2222222222222225,-0.6250000000000001,0
11,-0.6046511627906975,0.25531914893616997,-0.5454545454545455,-0.5714285714285715,0.8499999999999951,0.06666666666666667,0.6428571428571429,-0.4026845637583769,-0.15789473684210661,-0.44444444444444436,-0.6250000000000001,0
812,2.27906976744186,-0.08510638297872349,0.878787878787879,0.8571428571428564,-0.4000000000000003,-0.4666666666666667,-0.3333333333333333,1.485458612975272,-1.1578947368421066,0.33333333333333376,0.4375000000000008,1
283,-0.1860465116279071,0.0,-0.4242424242424243,1.1428571428571423,-0.6499999999999998,-0.13333333333333333,0.35714285714285715,0.1342281879194424,0.26315789473684126,-0.2777777777777781,-0.6874999999999999,0
1399,-0.4651162790697674,0.34042553191489344,-0.4242424242424243,0.0,0.1500000000000001,-0.06666666666666667,-0.23809523809523808,-0.08948545861296162,1.105263157894737,0.0,0.0,1
130,-0.8837209302325582,-0.5957446808510639,-0.3333333333333334,-0.5714285714285715,-0.4000000000000003,-0.5333333333333333,-0.4523809523809524,-0.5816554809843002,0.5789473684210521,-0.2777777777777781,-0.49999999999999944,0
324,1.0697674418604652,0.29787234042553173,0.4848484848484848,0.8571428571428564,0.49999999999999967,1.4,0.8333333333333334,0.9843400447426771,-0.15789473684210661,0.44444444444444436,-0.43749999999999967,1
766,0.5581395348837205,0.6382978723404257,-0.4848484848484849,1.1428571428571423,0.5499999999999997,-0.13333333333333333,0.23809523809523808,0.9306487695748902,0.0,-0.44444444444444436,-0.43749999999999967,1
553,0.6976744186046511,-0.2553191489361702,-0.06060606060606067,0.7142857142857141,0.5999999999999998,0.0,0.14285714285714285,0.5369127516778194,-1.0,0.6666666666666669,-0.12499999999999958,1
632,1.1162790697674418,-1.0212765957446808,0.8484848484848486,0.7142857142857141,1.2499999999999996,-0.6,-0.4523809523809524,0.8948545861297155,-0.3157894736842109,0.05555555555555562,-0.43749999999999967,0
568,0.32558139534883684,0.7659574468085104,-0.06060606060606067,0.4285714285714282,7.3,-0.6,-0.5476190476190477,1.029082774049158,0.052631578947367315,-0.11111111111111124,-0.7499999999999997,1
758,0.04651162790697657,1.4893617021276595,-0.787878787878788,0.0,0.20000000000000015,-0.26666666666666666,-0.16666666666666666,-0.1073825503355738,-0.3157894736842109,-0.6666666666666669,-0.24999999999999917,0
1179,-1.1162790697674418,1.6808510638297873,-0.787878787878788,-0.14285714285714296,-1.9500000000000048,0.2,0.9523809523809523,-1.494407158836628,1.9473684210526327,0.6111111111111113,0.7500000000000009,0
1517,-0.8837209302325582,-0.8510638297872342,-0.030303030303030335,0.14285714285714232,-0.4500000000000003,0.6,0.47619047619047616,-0.21029082774046973,0.5789473684210521,1.944444444444445,0.2500000000000003,0
159,-0.4186046511627908,0.6808510638297874,-0.787878787878788,0.0,-0.35000000000000026,-0.13333333333333333,-0.38095238095238093,0.04474272930648081,0.894736842105263,-0.6666666666666669,-0.5624999999999992,0
661,-0.3720930232558138,0.0,-0.5757575757575758,-1.142857142857143,-0.3000000000000002,-0.6,-0.42857142857142855,0.22371364653240403,0.052631578947367315,1.0555555555555562,-0.37499999999999983,1
517,2.093023255813953,0.34042553191489344,0.696969696969697,2.9999999999999987,1.0,-0.6,-0.5714285714285714,1.8791946308723428,-0.3157894736842109,0.6666666666666669,1.0625000000000009,1
1406,-0.13953488372093012,-1.0212765957446808,0.12121212121212116,-0.2857142857142859,-0.8999999999999999,0.26666666666666666,-0.09523809523809523,-0.7158836689037923,-0.15789473684210661,1.5555555555555562,0.687500000000001,1
196,-0.09302325581395356,0.29787234042553173,0.21212121212121215,-0.2857142857142859,-0.3000000000000002,0.6666666666666666,1.9523809523809523,0.0,-0.3157894736842109,-0.44444444444444436,-0.49999999999999944,0
1320,0.511627906976744,1.0212765957446808,1.272727272727273,-0.7142857142857144,16.699999999999996,0.26666666666666666,0.6190476190476191,-0.125279642058186,-2.1578947368421066,3.9444444444444464,-0.6874999999999999,1
675,1.302325581395349,-0.5106382978723404,0.4545454545454545,0.0,0.20000000000000015,-0.4666666666666667,-0.5,0.7158836689037426,-1.210526315789474,0.2777777777777781,-0.5624999999999992,1
411,0.4651162790697674,-0.38297872340425543,0.24242424242424251,0.4285714285714282,0.0,0.8,1.1428571428571428,0.8501118568232346,0.3684210526315782,0.0,-0.43749999999999967,1
97,-0.5581395348837209,1.0851063829787235,-0.787878787878788,1.1428571428571423,1.0999999999999994,-0.4,-0.35714285714285715,-0.1342281879194424,0.7368421052631587,-0.33333333333333315,0.31250000000000006,0
980,1.9534883720930225,-0.29787234042553196,0.696969696969697,-1.142857142857143,-0.25000000000000017,-0.7333333333333333,-0.7619047619047619,0.04474272930648081,-0.9473684210526326,0.05555555555555562,0.1250000000000007,0
974,0.2325581395348837,-0.7659574468085106,0.5454545454545455,-0.7142857142857144,-0.05000000000000004,-0.5333333333333333,-0.6190476190476191,-0.33557046979865573,1.105263157894737,0.05555555555555562,0.31250000000000006,0
157,-0.4186046511627908,-0.38297872340425543,0.4848484848484848,4.714285714285713,-0.49999999999999967,1.0,2.1666666666666665,0.22371364653240403,0.5789473684210521,0.5555555555555556,0.1875000000000005,0
420,-0.5581395348837209,1.0638297872340425,-0.787878787878788,-0.5714285714285715,-0.6999999999999998,1.3333333333333333,0.3333333333333333,0.35794183445189615,1.6315789473684217,0.33333333333333376,-0.18749999999999936,0
1293,-0.9767441860465113,-0.5319148936170213,-0.393939393939394,0.28571428571428525,-1.200000000000005,0.0,-0.23809523809523808,-1.4228187919462785,1.6315789473684217,0.2777777777777781,1.3750000000000009,1
478,1.1162790697674418,-1.1914893617021278,0.696969696969697,-0.5714285714285715,-0.25000000000000017,-0.5333333333333333,-0.42857142857142855,0.4026845637583769,-0.6842105263157892,2.4444444444444455,0.5000000000000006,1
1248,-0.27906976744186024,0.12765957446808524,-0.21212121212121215,-0.5714285714285715,0.09999999999999522,0.06666666666666667,-0.09523809523809523,-0.11185682326620201,0.9473684210526326,0.33333333333333376,0.1875000000000005,0
1113,-0.04651162790697657,-0.8085106382978724,0.4545454545454545,-1.0,-1.200000000000005,-0.5333333333333333,-0.07142857142857142,-1.2706935123042238,-0.10526315789473696,0.5,0.5000000000000006,1
1042,-0.511627906976744,-0.12765957446808524,-0.21212121212121215,-0.7142857142857144,-0.05000000000000004,-0.06666666666666667,-0.2857142857142857,-0.5950782997762841,0.3684210526315782,0.11111111111111124,-0.24999999999999917,1
448,0.6046511627906979,-0.17021276595744697,0.09090909090909083,-0.14285714285714296,2.3499999999999996,-0.5333333333333333,-0.5238095238095238,0.0,-0.47368421052631515,0.5555555555555556,0.6250000000000001,0
794,-0.13953488372093012,0.34042553191489344,-0.787878787878788,0.5714285714285712,-1.2499999999999998,-0.4666666666666667,-0.5952380952380952,-0.1834451901566011,0.3684210526315782,-0.33333333333333315,0.375000000000001,0
179,-0.4651162790697674,1.2127659574468088,-0.787878787878788,0.4285714285714282,-0.5999999999999998,-0.4666666666666667,-0.42857142857142855,0.04474272930648081,0.894736842105263,-0.33333333333333315,-0.37499999999999983,0
391,-1.1162790697674418,1.404255319148936,-0.6363636363636365,-1.142857142857143,-1.7499999999999998,-0.13333333333333333,1.1904761904761905,-1.9686800894854037,1.3157894736842108,1.1111111111111112,1.687500000000001,1
579,0.3720930232558142,-0.2127659574468087,0.696969696969697,0.9999999999999993,0.25000000000000017,0.2,1.7142857142857142,0.6263982102907809,-0.10526315789473696,-0.11111111111111124,-0.24999999999999917,0
1373,0.32558139534883684,1.1063829787234043,0.7575757575757577,-0.7142857142857144,16.749999999999996,-0.13333333333333333,0.6666666666666666,-0.2550335570470002,-1.6315789473684217,3.0555555555555562,-0.6250000000000001,0
721,0.1860465116279071,0.17021276595744697,-0.6666666666666667,-0.2857142857142859,0.09999999999999522,-0.26666666666666666,-0.38095238095238093,0.35794183445189615,-0.47368421052631515,-1.0000000000000002,-0.37499999999999983,0
1321,0.7906976744186042,0.5957446808510639,0.24242424242424251,0.5714285714285712,0.6999999999999998,-0.13333333333333333,1.1904761904761905,0.5190156599552072,-0.2631578947368436,0.2222222222222225,-0.06249999999999979,0
681,2.4651162790697674,-0.38297872340425543,0.9696969696969696,-0.4285714285714288,-0.49999999999999967,0.06666666666666667,0.047619047619047616,1.6107382550334581,-1.3157894736842108,-0.7222222222222225,-0.7499999999999997,0
1418,-0.32558139534883723,-0.7659574468085106,0.21212121212121215,0.4285714285714282,-0.7999999999999998,0.4666666666666667,-0.023809523809523808,-0.7158836689037923,0.21052631578947392,0.8333333333333337,1.1875000000000004,1
722,0.4186046511627908,-0.17021276595744697,-0.06060606060606067,0.9285714285714282,0.6999999999999998,1.4,1.619047619047619,0.6263982102907809,-1.105263157894737,-0.5,-0.6250000000000001,0
987,0.8372093023255816,-0.7659574468085106,0.393939393939394,-1.142857142857143,-0.6999999999999998,-0.7333333333333333,-0.7380952380952381,-0.9395973154361963,-0.6315789473684218,-0.38888888888888873,0.7500000000000009,1
1215,1.023255813953488,-0.8085106382978724,0.6060606060606062,-0.4285714285714288,0.05000000000000004,-0.5333333333333333,-0.6904761904761905,-0.23266219239371014,-1.105263157894737,-0.7777777777777781,0.1250000000000007,1
890,1.2558139534883717,1.6170212765957448,0.24242424242424251,6.285714285714283,1.5999999999999948,0.6,1.4523809523809523,2.724832214764999,-0.47368421052631515,0.33333333333333376,-0.5624999999999992,0
1547,-0.4651162790697674,0.21276595744680823,-0.7272727272727274,-0.2857142857142859,-0.4000000000000003,0.2,-0.2857142857142857,-0.46979865771809814,0.26315789473684126,-0.05555555555555562,0.0,0
295,2.4651162790697674,-0.7659574468085106,0.787878787878788,1.4285714285714282,0.6999999999999998,0.2,0.35714285714285715,2.0581655480983656,-1.3684210526315805,1.0555555555555562,-0.43749999999999967,1
1369,0.0,1.0638297872340425,0.18181818181818182,-0.14285714285714296,-0.05000000000000004,0.13333333333333333,0.8571428571428571,-0.1073825503355738,-0.21052631578947392,-0.6666666666666669,-0.24999999999999917,1
89,0.6046511627906979,-0.5531914893617021,0.5454545454545455,-0.14285714285714296,1.3499999999999996,1.3333333333333333,2.0714285714285716,0.44742729306485773,-0.894736842105263,3.3333333333333344,-0.43749999999999967,0
42,0.3720930232558142,0.3829787234042552,0.12121212121212116,0.8571428571428564,0.3999999999999996,0.2,0.19047619047619047,0.35794183445189615,-0.2631578947368436,-0.6111111111111113,-0.5624999999999992,0
132,-1.1162790697674418,-0.08510638297872349,-0.5151515151515152,0.14285714285714232,-1.5499999999999996,0.2,1.4523809523809523,-1.387024608501054,1.6842105263157892,0.05555555555555562,1.7500000000000009,0
1183,1.023255813953488,-0.5106382978723404,0.4242424242424243,0.4285714285714282,-0.5999999999999998,1.8,0.38095238095238093,0.3310961968679778,0.3684210526315782,1.3333333333333337,0.1875000000000005,1
1549,1.4883720930232551,-0.5106382978723404,0.7272727272727273,-0.2857142857142859,0.95,0.3333333333333333,0.2857142857142857,0.46085011185679203,-1.105263157894737,-0.2222222222222225,0.1250000000000007,0
742,0.5581395348837205,0.04255319148936174,-0.06060606060606067,0.5714285714285712,-0.10000000000000007,0.9333333333333333,2.4047619047619047,0.48322147651003244,-0.5263157894736848,-0.2777777777777781,-0.43749999999999967,0
1531,-0.6511627906976745,-0.3404255319148937,-0.5151515151515152,0.0,-0.8499999999999999,-0.3333333333333333,-0.47619047619047616,-1.0559284116330763,0.5789473684210521,0.38888888888888873,0.687500000000001,1
783,0.4651162790697674,1.276595744680851,-0.6363636363636365,0.28571428571428525,0.05000000000000004,0.8,1.380952380952381,0.5995525727069123,0.26315789473684126,-0.5,-0.12499999999999958,0
165,-0.32558139534883723,0.29787234042553173,0.0,7.1428571428571415,-0.49999999999999967,1.4,1.9761904761904763,0.5816554809843002,0.3157894736842109,-0.7222222222222225,-0.49999999999999944,0
291,0.32558139534883684,0.0,-0.5151515151515152,0.4285714285714282,0.5499999999999997,0.4,0.2619047619047619,0.35794183445189615,0.15789473684210428,1.3333333333333337,0.2500000000000003,1
669,0.9302325581395348,0.8936170212765956,0.5151515151515151,0.14285714285714232,-1.05,0.06666666666666667,-0.16666666666666666,-0.08948545861296162,-0.8421052631578957,-0.2777777777777781,0.5000000000000006,0
349,0.7441860465116276,0.17021276595744697,0.1515151515151515,0.8571428571428564,0.4499999999999996,0.06666666666666667,0.19047619047619047,0.49217002237133856,-1.0526315789473697,1.6666666666666674,-0.12499999999999958,1
572,-0.8372093023255812,-0.6808510638297874,-0.06060606060606067,0.0,0.7499999999999998,0.3333333333333333,0.09523809523809523,-0.9843400447426771,1.3684210526315783,-0.2777777777777781,0.9375000000000002,1
638,0.6976744186046511,1.5531914893617023,0.030303030303030335,0.14285714285714232,0.20000000000000015,1.1333333333333333,2.5476190476190474,0.44742729306485773,-0.3684210526315782,-0.5,-0.49999999999999944,0
1504,-0.8372093023255812,-0.3404255319148937,0.393939393939394,0.4285714285714282,-0.1500000000000001,-0.5333333333333333,-0.5714285714285714,-0.5592841163310598,1.0526315789473673,0.38888888888888873,0.5000000000000006,1
1539,-0.8372093023255812,0.5106382978723404,-0.5151515151515152,0.4285714285714282,0.05000000000000004,0.06666666666666667,-0.2857142857142857,-0.635346756152087,1.3684210526315783,0.05555555555555562,1.1250000000000007,0
940,-0.8372093023255812,-0.2553191489361702,-0.27272727272727276,-0.8571428571428571,-0.35000000000000026,-0.4666666666666667,-0.6428571428571429,-1.1409395973154095,1.5789473684210522,-0.44444444444444436,0.7500000000000009,0
1053,-1.1162790697674418,0.3617021276595743,-0.6363636363636365,0.28571428571428525,-0.35000000000000026,0.3333333333333333,-0.30952380952380953,-1.8881431767336987,1.3157894736842108,-0.38888888888888873,1.687500000000001,0
673,0.8372093023255816,3.0638297872340425,0.24242424242424251,-0.2857142857142859,-0.05000000000000004,1.2,2.6904761904761907,0.5369127516778194,-0.8421052631578957,-0.5,-0.43749999999999967,0
459,1.1162790697674418,-0.8085106382978724,1.1212121212121213,0.8571428571428564,0.20000000000000015,-0.6,-0.38095238095238093,1.3422818791945732,-0.2631578947368436,0.6666666666666669,0.6250000000000001,1
376,1.6279069767441858,0.08510638297872349,1.3636363636363638,3.1428571428571423,2.1999999999999993,-0.5333333333333333,-0.5476190476190477,0.7158836689037426,-1.5789473684210544,1.166666666666667,1.000000000000001,1
334,0.1860465116279071,0.17021276595744697,-0.5454545454545455,-0.14285714285714296,1.2499999999999996,0.13333333333333333,0.14285714285714285,-0.44742729306485773,-0.9473684210526326,-0.5555555555555556,0.5000000000000006,0
856,-0.1860465116279071,0.9148936170212765,-0.7272727272727274,0.4285714285714282,-0.4500000000000003,-0.26666666666666666,-0.5714285714285714,-0.635346756152087,1.0526315789473673,0.5,0.9375000000000002,1
1408,-0.9302325581395348,-0.04255319148936174,-0.787878787878788,-0.14285714285714296,-0.7999999999999998,1.7333333333333334,0.38095238095238093,-0.8053691275167538,1.210526315789474,1.7222222222222232,0.31250000000000006,1
1164,0.4651162790697674,1.1276595744680853,-0.06060606060606067,-0.7142857142857144,-0.10000000000000007,-0.26666666666666666,-0.40476190476190477,0.0536912751677869,-0.10526315789473696,0.2777777777777781,-0.12499999999999958,0
1302,-0.6046511627906975,1.4468085106382977,-0.5757575757575758,-0.2857142857142859,1.0,0.4,0.4523809523809524,-0.3668903803132022,1.5263157894736847,0.6666666666666669,0.9375000000000002,1
995,0.9302325581395348,-0.7234042553191491,0.5757575757575758,0.4285714285714282,0.5999999999999998,0.4,1.1904761904761905,1.0648769574943326,-0.8421052631578957,-1.055555555555556,-0.49999999999999944,0
1481,-1.1162790697674418,0.42553191489361697,-0.6969696969696971,-1.0,0.0,-0.5333333333333333,-0.5952380952380952,-0.8143176733780599,1.8421052631578958,0.0,-0.06249999999999979,0
637,0.7441860465116276,1.5319148936170213,0.06060606060606067,0.28571428571428525,0.2999999999999995,1.0666666666666667,2.5952380952380953,0.49217002237133856,-0.3684210526315782,-0.5,-0.49999999999999944,0
329,2.5116279069767438,-1.0638297872340425,1.090909090909091,0.5714285714285712,0.09999999999999522,-0.5333333333333333,-0.40476190476190477,1.5212527964204965,-0.7894736842105261,0.2777777777777781,-0.31250000000000006,1
694,0.4651162790697674,-0.17021276595744697,0.18181818181818182,0.8571428571428564,0.20000000000000015,0.4666666666666667,2.0,0.7158836689037426,0.052631578947367315,0.0,-0.49999999999999944,0
1227,-0.2325581395348837,0.25531914893616997,-0.6969696969696971,2.7142857142857126,0.0,0.8666666666666667,0.19047619047619047,-0.39373601789707086,-1.5263157894736847,-0.8333333333333337,-0.6250000000000001,0
1174,-0.1860465116279071,-0.6808510638297874,0.1515151515151515,-0.7142857142857144,-0.05000000000000004,0.8,0.6428571428571429,0.16107382550336072,0.7894736842105261,0.0,-0.43749999999999967,1
13,-1.1162790697674418,0.4042553191489361,-0.787878787878788,-0.8571428571428571,0.4499999999999996,0.13333333333333333,0.5,-1.118568232662169,1.4210526315789478,-0.5555555555555556,-0.18749999999999936,0
172,0.0,-0.4255319148936172,-0.27272727272727276,-0.2857142857142859,-0.35000000000000026,-0.5333333333333333,-0.47619047619047616,0.17897091722592323,-0.10526315789473696,-0.05555555555555562,-0.6250000000000001,1
261,-0.04651162790697657,-0.8085106382978724,-0.09090909090909091,-0.7142857142857144,-0.1500000000000001,0.26666666666666666,0.16666666666666666,-0.24608501118569412,-0.10526315789473696,0.16666666666666688,-0.5624999999999992,0
1471,0.9302325581395348,0.7234042553191486,-0.45454545454545464,-1.142857142857143,0.20000000000000015,-0.4,-0.3333333333333333,-0.45637583892616385,-2.2631578947368434,-0.8333333333333337,-0.31250000000000006,0
1421,-0.09302325581395356,0.04255319148936174,-0.7575757575757577,-0.8571428571428571,-0.1500000000000001,-0.7333333333333333,-0.4523809523809524,-0.8053691275167538,-0.7894736842105261,-0.8888888888888891,-0.24999999999999917,0
139,-0.09302325581395356,0.17021276595744697,-0.21212121212121215,-0.14285714285714296,0.05000000000000004,0.06666666666666667,1.5952380952380953,-0.2684563758389345,0.10526315789473696,-0.44444444444444436,-0.43749999999999967,0
550,0.4651162790697674,0.04255319148936174,0.696969696969697,-0.4285714285714288,4.55,-0.5333333333333333,-0.30952380952380953,0.3131991051454153,-0.21052631578947392,-0.05555555555555562,-0.49999999999999944,1
1139,-0.2325581395348837,-0.46808510638297895,-0.3333333333333334,2.1428571428571423,1.1999999999999995,1.0,1.3333333333333333,0.47427293064872633,-0.894736842105263,-0.2222222222222225,-0.6874999999999999,0
963,-0.6511627906976745,0.21276595744680823,-0.7272727272727274,-0.14285714285714296,1.7499999999999998,-0.5333333333333333,-0.5238095238095238,-0.1163310961968799,0.3684210526315782,0.38888888888888873,-0.43749999999999967,0
1284,0.32558139534883684,0.4680851063829787,0.06060606060606067,0.7142857142857141,0.7999999999999998,0.2,0.7380952380952381,0.24161073825501622,-0.2631578947368436,0.05555555555555562,0.0,1
559,1.3488372093023255,0.04255319148936174,0.696969696969697,3.428571428571427,1.8999999999999992,-0.26666666666666666,-0.5,1.5212527964204965,-1.2631578947368436,-0.33333333333333315,0.9375000000000002,1
140,-0.09302325581395356,0.17021276595744697,-0.21212121212121215,-0.2857142857142859,0.05000000000000004,0.2,1.6666666666666667,-0.2684563758389345,0.052631578947367315,-0.44444444444444436,-0.43749999999999967,0
1393,-0.4186046511627908,0.42553191489361697,-0.6060606060606062,-1.2857142857142856,-0.49999999999999967,-0.6,-0.6190476190476191,-1.16331096196865,-0.7368421052631587,-0.7777777777777781,-0.24999999999999917,0
994,-0.4186046511627908,-0.7659574468085106,0.06060606060606067,-0.2857142857142859,0.09999999999999522,1.1333333333333333,0.7142857142857143,0.062639821029093,0.7368421052631587,-0.7777777777777781,-0.49999999999999944,0
225,0.1860465116279071,0.48936170212765956,0.303030303030303,-0.2857142857142859,0.4499999999999996,0.06666666666666667,0.40476190476190477,0.29082774049212523,0.0,-0.2777777777777781,0.1250000000000007,0
1363,1.6744186046511624,-0.19148936170212785,0.4242424242424243,-1.142857142857143,0.5499999999999997,-0.5333333333333333,-0.23809523809523808,0.1073825503355738,-1.2631578947368436,0.16666666666666688,-0.10416666666668742,1
410,2.093023255813953,-0.2553191489361702,0.696969696969697,3.2857142857142847,-0.49999999999999967,0.8,0.2619047619047619,0.5816554809843002,-1.3684210526315805,-0.2777777777777781,-0.37499999999999983,0
326,0.9302325581395348,-0.12765957446808524,-0.18181818181818182,12.57142857142857,-0.4500000000000003,-0.06666666666666667,0.2857142857142857,2.1029082774048464,-0.7894736842105261,0.38888888888888873,-0.6250000000000001,1
1157,0.2325581395348837,-1.446808510638298,0.7575757575757577,-0.6428571428571429,-0.4500000000000003,2.066666666666667,1.1904761904761905,-0.6979865771811801,0.10526315789473696,0.7777777777777781,1.000000000000001,1
300,-0.511627906976744,0.6382978723404257,-0.6060606060606062,-0.14285714285714296,0.0,-0.4,-0.11904761904761904,0.738255033556983,1.9473684210526327,0.5,-0.37499999999999983,0
1007,0.511627906976744,-0.9787234042553193,0.21212121212121215,-0.21428571428571475,-0.8499999999999999,-0.06666666666666667,-0.2619047619047619,-0.7337807606263548,-0.2631578947368436,1.2222222222222225,0.9375000000000002,1
1553,-0.7906976744186046,0.6808510638297874,-0.7575757575757577,2.1428571428571423,1.1499999999999995,1.2,0.38095238095238093,-0.42058165548098914,1.0526315789473673,0.2222222222222225,0.687500000000001,1
1482,0.09302325581395314,-1.0212765957446808,1.0303030303030303,1.1428571428571423,1.1999999999999995,-0.26666666666666666,-0.38095238095238093,0.6621923937359556,0.42105263157894784,0.33333333333333376,0.2500000000000003,0
194,-0.1860465116279071,0.12765957446808524,-0.15151515151515157,0.0,-0.4500000000000003,-0.4666666666666667,-0.23809523809523808,-0.1789709172259729,-0.15789473684210661,-0.38888888888888873,-0.31250000000000006,0
1202,-0.04651162790697657,-0.7659574468085106,0.303030303030303,-0.4285714285714288,-0.7499999999999998,-0.6,-0.6666666666666666,-1.167785234899278,-0.21052631578947392,-0.44444444444444436,0.6250000000000001,1
574,1.1627906976744184,0.29787234042553173,0.696969696969697,-0.14285714285714296,-0.49999999999999967,0.0,0.21428571428571427,1.029082774049158,-0.05263157894736965,-0.33333333333333315,-0.37499999999999983,0
504,1.1627906976744184,-1.1063829787234043,0.6363636363636364,-0.4285714285714288,-0.10000000000000007,-0.5333333333333333,-0.3333333333333333,0.35794183445189615,-0.6842105263157892,2.3333333333333344,0.4375000000000008,1
606,0.13953488372093054,0.34042553191489344,-0.393939393939394,0.5714285714285712,0.25000000000000017,-0.5333333333333333,-0.3333333333333333,0.7158836689037426,0.0,-0.16666666666666688,-0.6250000000000001,1
1162,0.3720930232558142,-0.29787234042553196,0.5151515151515151,-1.142857142857143,-0.20000000000000015,-0.13333333333333333,-0.40476190476190477,-0.5771812080536719,-0.5263157894736848,0.7222222222222225,0.0,1
1427,-0.13953488372093012,-1.2340425531914896,0.3333333333333333,-0.5714285714285715,-1.6999999999999997,0.6,0.5238095238095238,0.1342281879194424,0.5263157894736848,0.5,1.1875000000000004,1
4,1.4883720930232551,-1.0212765957446808,0.9090909090909093,-0.4285714285714288,-0.25000000000000017,0.2,0.5238095238095238,0.5369127516778194,-0.7894736842105261,-0.2222222222222225,-0.24999999999999917,1
844,-0.4186046511627908,0.7021276595744683,0.27272727272727265,-0.2857142857142859,0.3999999999999996,-0.3333333333333333,1.2857142857142858,-0.2237136465324537,-0.15789473684210661,0.0,-0.49999999999999944,0
468,0.3720930232558142,-0.2553191489361702,0.5757575757575758,0.5714285714285712,-0.7499999999999998,-0.4666666666666667,-0.47619047619047616,-0.9395973154361963,0.052631578947367315,0.944444444444445,2.375000000000001,1
322,0.6046511627906979,0.3829787234042552,0.0,1.7142857142857135,0.49999999999999967,0.7333333333333333,1.1666666666666667,1.3199105145413328,-0.3684210526315782,0.0,-0.31250000000000006,0
223,-0.5581395348837209,0.3829787234042552,-0.6666666666666667,-1.0,-1.1499999999999997,-0.6,-0.6666666666666666,-0.6935123042505519,0.5789473684210521,-0.11111111111111124,-0.43749999999999967,0
548,1.209302325581395,-0.8936170212765959,0.696969696969697,0.4285714285714282,-0.6499999999999998,-0.5333333333333333,-0.40476190476190477,0.8501118568232346,-0.2631578947368436,1.3333333333333337,0.31250000000000006,1
846,-0.7441860465116276,0.5106382978723404,-0.15151515151515157,-0.5714285714285715,0.05000000000000004,0.0,-0.16666666666666666,0.04026845637585259,1.4736842105263153,0.2222222222222225,-0.24999999999999917,0
40,-0.32558139534883723,-0.29787234042553196,0.303030303030303,5.285714285714285,-0.3000000000000002,-0.13333333333333333,1.1666666666666667,0.44742729306485773,0.10526315789473696,1.166666666666667,0.1875000000000005,0
543,0.6046511627906979,0.8297872340425531,-0.06060606060606067,-0.14285714285714296,-0.49999999999999967,-0.6,-0.42857142857142855,-0.08948545861296162,-1.0,-0.16666666666666688,-0.18749999999999936,0
243,-0.13953488372093012,0.25531914893616997,-0.4848484848484849,-0.5714285714285715,1.0999999999999994,0.9333333333333333,1.6904761904761905,-0.514541387024579,-1.210526315789474,-0.7222222222222225,-0.24999999999999917,1
137,0.13953488372093054,0.8297872340425531,-0.3333333333333334,-0.5714285714285715,0.4499999999999996,-0.26666666666666666,0.3333333333333333,0.0,-0.42105263157894784,0.8333333333333337,-0.43749999999999967,0
1404,-0.3720930232558138,-0.8085106382978724,0.21212121212121215,-0.7142857142857144,-0.95,-0.7333333333333333,-0.5952380952380952,-0.35794183445189615,-0.42105263157894784,2.6666666666666683,-0.12499999999999958,1
1262,-0.7906976744186046,2.127659574468085,-0.787878787878788,-0.2857142857142859,0.1500000000000001,0.2,-0.3333333333333333,-1.0872483221476226,1.4736842105263153,-0.38888888888888873,0.6250000000000001,0
678,0.27906976744186024,1.1914893617021278,-0.45454545454545464,0.14285714285714232,0.20000000000000015,-0.13333333333333333,-0.16666666666666666,0.49217002237133856,0.47368421052631515,-0.7777777777777781,-0.18749999999999936,0
874,0.511627906976744,-1.3191489361702131,0.3333333333333333,-0.8571428571428571,-0.6499999999999998,-0.5333333333333333,-0.6666666666666666,-0.5727069351230437,-0.42105263157894784,-0.2222222222222225,0.5625000000000003,1
922,0.1860465116279071,-0.6808510638297874,0.18181818181818182,0.0,0.05000000000000004,1.2,0.9761904761904762,-0.1789709172259729,-0.05263157894736965,0.5555555555555556,0.5000000000000006,1
1133,-0.27906976744186024,-0.6808510638297874,0.24242424242424251,-0.5714285714285715,-0.25000000000000017,0.26666666666666666,0.0,-1.5659955257270268,0.3684210526315782,1.444444444444445,2.125000000000001,1
850,-0.7441860465116276,0.4680851063829787,-0.15151515151515157,-0.8571428571428571,0.0,-0.13333333333333333,-0.14285714285714285,0.04026845637585259,1.4210526315789478,0.2222222222222225,-0.24999999999999917,0
1457,-0.9302325581395348,0.08510638297872349,-0.6060606060606062,-0.5714285714285715,-1.4999999999999996,1.6,1.2142857142857142,-1.9865771812079664,-0.05263157894736965,-0.6666666666666669,0.21875000000000094,1
582,2.0,-0.08510638297872349,0.696969696969697,0.0,0.4499999999999996,-0.6,-0.5714285714285714,1.5212527964204965,-0.6315789473684218,-1.0000000000000002,-0.37499999999999983,0
1573,-0.32558139534883723,0.7234042553191486,0.18181818181818182,0.0,-0.5499999999999997,1.4,1.5714285714285714,-0.2147651006711476,0.10526315789473696,-0.6111111111111113,-0.43749999999999967,0
662,-0.2325581395348837,-0.4255319148936172,0.1515151515151515,-0.8571428571428571,0.0,0.06666666666666667,0.09523809523809523,0.44742729306485773,0.0,0.11111111111111124,-0.7499999999999997,0
1238,-0.4186046511627908,0.9787234042553191,-0.7575757575757577,0.0,-1.05,-0.2,-0.47619047619047616,-1.9597315436240976,0.42105263157894784,-1.2222222222222225,1.6250000000000013,1
1480,0.09302325581395314,-1.0212765957446808,1.0303030303030303,1.1428571428571423,1.1999999999999995,-0.26666666666666666,-0.38095238095238093,0.6621923937359556,0.42105263157894784,0.33333333333333376,0.2500000000000003,0
377,1.6279069767441858,-0.29787234042553196,0.7272727272727273,1.1428571428571423,-0.10000000000000007,0.3333333333333333,0.21428571428571427,1.5659955257269773,-0.2631578947368436,2.7222222222222237,0.5000000000000006,1
315,-0.27906976744186024,-0.6808510638297874,0.09090909090909083,0.5714285714285712,0.34999999999999953,0.8,0.8095238095238095,-0.1565995525727325,0.42105263157894784,0.33333333333333376,0.5000000000000006,0
443,3.5348837209302317,0.7021276595744683,1.5151515151515154,2.1428571428571423,1.0,-0.5333333333333333,0.11904761904761904,2.8635346756151194,-1.894736842105263,0.33333333333333376,0.6250000000000001,1
320,0.7441860465116276,1.0638297872340425,-0.4242424242424243,0.9999999999999993,0.09999999999999522,1.0666666666666667,0.8571428571428571,0.8277404921699942,-0.05263157894736965,0.11111111111111124,0.1250000000000007,1
1493,-0.8372093023255812,0.5531914893617021,-0.6060606060606062,-0.8571428571428571,-1.4999999999999996,-0.5333333333333333,-0.47619047619047616,-1.4854586129753218,1.3684210526315783,-0.44444444444444436,1.0937500000000002,0
1054,0.13953488372093054,-0.8085106382978724,0.4848484848484848,0.14285714285714232,-0.49999999999999967,-0.3333333333333333,-0.42857142857142855,-1.1364653243847316,0.3684210526315782,0.8333333333333337,1.5625000000000004,1
1536,-0.4651162790697674,0.12765957446808524,-0.393939393939394,0.0,-0.25000000000000017,0.06666666666666667,-0.07142857142857142,-0.4026845637583769,0.26315789473684126,-0.16666666666666688,-0.31250000000000006,1
1203,0.27906976744186024,-0.4255319148936172,0.393939393939394,-0.5714285714285715,-0.5999999999999998,-0.5333333333333333,-0.6190476190476191,-0.7337807606263548,0.21052631578947392,0.38888888888888873,0.9375000000000002,1
425,-0.13953488372093012,1.8723404255319147,-0.18181818181818182,-0.2857142857142859,-1.6499999999999997,0.06666666666666667,0.5238095238095238,-0.5816554809843002,0.26315789473684126,-1.0000000000000002,0.4375000000000008,0
554,-1.3953488372093021,2.2127659574468086,-0.06060606060606067,-0.8571428571428571,-1.4999999999999996,1.2,1.380952380952381,-1.521252796420546,2.2631578947368434,0.0,0.8125000000000007,0
1477,0.8837209302325582,-0.08510638297872349,0.7272727272727273,16.57142857142857,6.249999999999998,2.2666666666666666,1.0476190476190477,2.5145413870245292,-0.7894736842105261,0.7222222222222225,-0.8749999999999993,0
945,0.13953488372093054,-0.9361702127659576,0.696969696969697,2.2857142857142847,0.49999999999999967,-0.2,-0.3333333333333333,-0.8143176733780599,-0.21052631578947392,0.11111111111111124,1.1875000000000004,1
893,0.9767441860465113,-0.29787234042553196,-0.09090909090909091,-0.4285714285714288,0.09999999999999522,-0.26666666666666666,-0.47619047619047616,0.42058165548093945,-0.47368421052631515,0.16666666666666688,-0.5624999999999992,1
1550,-0.27906976744186024,-0.6808510638297874,0.12121212121212116,-0.5714285714285715,-0.3000000000000002,0.2,-0.3333333333333333,-1.167785234899278,-0.3684210526315782,0.44444444444444436,0.7500000000000009,1
840,-0.9302325581395348,-0.08510638297872349,-0.6666666666666667,0.0,0.5999999999999998,-0.06666666666666667,-0.2857142857142857,-0.1476510067114264,0.7894736842105261,-0.8333333333333337,-0.12499999999999958,0
1138,1.1162790697674418,0.0,0.5757575757575758,-0.2857142857142859,0.0,-0.5333333333333333,-0.5952380952380952,0.42058165548093945,-0.47368421052631515,0.7777777777777781,0.7500000000000009,1
919,0.1860465116279071,-0.6808510638297874,0.18181818181818182,0.0,0.05000000000000004,1.2,0.9761904761904762,-0.1789709172259729,-0.05263157894736965,0.5555555555555556,0.5000000000000006,1
775,-0.04651162790697657,-0.5106382978723404,0.12121212121212116,-0.5714285714285715,3.849999999999999,-0.8,0.16666666666666666,0.21029082774046973,0.0,1.6111111111111118,-0.43749999999999967,1
394,0.1860465116279071,0.6170212765957448,1.0606060606060608,-0.2857142857142859,1.5999999999999948,-0.06666666666666667,1.3571428571428572,0.08948545861296162,-0.7894736842105261,-0.44444444444444436,-0.6874999999999999,0
580,1.209302325581395,-0.8936170212765959,0.696969696969697,0.0,-0.8499999999999999,0.26666666666666666,0.047619047619047616,0.35794183445189615,-0.894736842105263,-0.6111111111111113,-0.24999999999999917,1
25,-0.511627906976744,-0.5106382978723404,-0.36363636363636365,0.28571428571428525,0.25000000000000017,0.4666666666666667,0.047619047619047616,0.0,0.6315789473684218,0.05555555555555562,-0.31250000000000006,1
212,0.0,0.8723404255319148,-0.06060606060606067,0.8571428571428564,0.1500000000000001,-0.26666666666666666,0.5714285714285714,0.022371364653240404,0.21052631578947392,-0.33333333333333315,-0.12499999999999958,1
1233,-0.1860465116279071,-0.38297872340425543,0.09090909090909083,-0.14285714285714296,-0.25000000000000017,0.3333333333333333,0.6666666666666666,0.17002237136461712,0.47368421052631515,0.11111111111111124,-0.43749999999999967,0
1193,-0.3720930232558138,-1.148936170212766,0.3333333333333333,0.4285714285714282,-0.8499999999999999,-0.2,0.07142857142857142,-1.0782997762863167,1.105263157894737,1.0000000000000007,1.3750000000000009,1
537,0.8837209302325582,0.4680851063829787,-0.06060606060606067,0.28571428571428525,-0.1500000000000001,-0.5333333333333333,-0.11904761904761904,0.2684563758388848,-1.1578947368421066,-0.2777777777777781,-0.49999999999999944,0
744,1.6744186046511624,-0.46808510638297895,0.9696969696969696,0.8571428571428564,0.7999999999999998,0.7333333333333333,1.5,1.5391498881431087,-0.9473684210526326,-0.5,-0.12499999999999958,0
86,-0.511627906976744,0.12765957446808524,-0.3333333333333334,0.0,-0.20000000000000015,0.3333333333333333,0.047619047619047616,-0.3131991051454153,0.5263157894736848,-0.16666666666666688,-0.06249999999999979,0
1440,-0.32558139534883723,0.6382978723404257,-0.7272727272727274,0.0,-0.4000000000000003,1.1333333333333333,1.2857142857142858,-0.5100671140939508,0.052631578947367315,0.33333333333333376,0.5416666666666871,1
273,1.3488372093023255,-0.6382978723404257,0.9696969696969696,2.5714285714285707,-0.4500000000000003,0.2,0.6428571428571429,1.14093959731536,-0.47368421052631515,0.8888888888888894,-0.06249999999999979,0
1034,-0.2325581395348837,0.21276595744680823,-0.5454545454545455,0.5714285714285712,0.4499999999999996,0.0,-0.2619047619047619,-0.39373601789707086,-0.05263157894736965,-0.16666666666666688,0.1250000000000007,1
887,0.4651162790697674,1.1914893617021278,-0.4242424242424243,0.28571428571428525,0.1500000000000001,-0.4,-0.23809523809523808,0.6979865771811801,0.10526315789473696,0.16666666666666688,0.1250000000000007,1
1447,-0.511627906976744,0.4680851063829787,-0.7272727272727274,-0.4285714285714288,-0.10000000000000007,0.26666666666666666,-0.19047619047619047,0.14317673378074852,0.47368421052631515,0.7222222222222225,-0.24999999999999917,0
1442,-0.27906976744186024,1.1276595744680853,-0.21212121212121215,4.285714285714285,0.6999999999999998,0.3333333333333333,1.4285714285714286,0.14765100671137674,-0.7894736842105261,-0.5555555555555556,-0.39583333333333093,1
631,0.32558139534883684,0.08510638297872349,0.0,0.4285714285714282,0.8499999999999951,-0.4666666666666667,-0.16666666666666666,0.35794183445189615,-0.21052631578947392,-0.11111111111111124,-0.5624999999999992,1
1094,0.5581395348837205,-0.8936170212765959,0.303030303030303,0.0,-0.05000000000000004,-0.2,-0.16666666666666666,-0.2908277404921749,0.10526315789473696,1.3333333333333337,1.1250000000000007,1
1491,-0.4186046511627908,-1.2765957446808514,0.696969696969697,-0.5714285714285715,-2.05,-0.4,-0.47619047619047616,-1.503355704697934,0.42105263157894784,-0.33333333333333315,1.3750000000000009,1
506,1.023255813953488,-0.12765957446808524,1.1212121212121213,0.9999999999999993,-0.4000000000000003,-0.26666666666666666,-0.2857142857142857,0.0,-0.7894736842105261,0.8888888888888894,1.4375000000000007,1
274,0.1860465116279071,0.8297872340425531,-0.18181818181818182,0.28571428571428525,-0.20000000000000015,-0.26666666666666666,0.0,0.24608501118564444,0.0,0.11111111111111124,-0.49999999999999944,0
813,1.302325581395349,-0.29787234042553196,0.21212121212121215,0.4285714285714282,0.95,0.4,0.0,0.6174496644294749,-0.3684210526315782,0.5,0.375000000000001,0
623,0.9302325581395348,0.25531914893616997,-0.12121212121212126,-0.4285714285714288,0.0,-0.3333333333333333,-0.14285714285714285,0.2684563758388848,-0.9473684210526326,-0.38888888888888873,-0.43749999999999967,0
7,-0.04651162790697657,0.34042553191489344,-0.6060606060606062,-0.8571428571428571,-0.5499999999999997,0.06666666666666667,0.5,-0.1789709172259729,-0.05263157894736965,-0.8888888888888891,-0.49999999999999944,0
312,-0.04651162790697657,0.04255319148936174,-0.06060606060606067,-0.2857142857142859,-0.4000000000000003,0.06666666666666667,1.5952380952380953,-0.35794183445189615,-0.21052631578947392,-0.44444444444444436,-0.49999999999999944,1
745,1.4418604651162787,-0.5531914893617021,0.8484848484848486,0.7142857142857141,0.7499999999999998,0.4666666666666667,1.5,1.4765100671140157,-0.9473684210526326,-0.6111111111111113,-0.43749999999999967,0
666,0.6511627906976745,0.29787234042553173,-0.36363636363636365,-0.2857142857142859,0.20000000000000015,0.7333333333333333,0.23809523809523808,0.5816554809843002,-0.894736842105263,-0.33333333333333315,-0.31250000000000006,0
365,2.2325581395348837,0.4042553191489361,1.2121212121212124,5.1428571428571415,0.1500000000000001,-0.4666666666666667,0.09523809523809523,2.4161073825502117,-1.2631578947368436,0.6111111111111113,-0.12499999999999958,1
1576,-0.2325581395348837,0.0,0.4242424242424243,0.0,-1.0,-0.13333333333333333,-0.42857142857142855,-0.9217002237136338,-0.2631578947368436,0.11111111111111124,1.000000000000001,1
216,-0.4651162790697674,-0.12765957446808524,0.696969696969697,4.857142857142855,-1.0,0.8,1.9761904761904763,0.2684563758388848,0.15789473684210428,0.7777777777777781,0.1875000000000005,0
1581,-0.27906976744186024,-0.7234042553191491,0.21212121212121215,0.28571428571428525,-0.5999999999999998,-0.3333333333333333,-0.2857142857142857,-0.9395973154361963,0.26315789473684126,-0.11111111111111124,1.0625000000000009,1
28,-0.04651162790697657,-0.38297872340425543,-0.15151515151515157,-0.8571428571428571,1.2999999999999996,-0.26666666666666666,-0.023809523809523808,-0.08948545861296162,-0.7368421052631587,1.6111111111111118,-0.43749999999999967,0
988,-0.4186046511627908,-0.6808510638297874,0.12121212121212116,-0.8571428571428571,0.0,1.4,0.7619047619047619,0.058165548098415114,0.6842105263157892,-0.6666666666666669,-0.49999999999999944,0
1463,-0.5581395348837209,0.5106382978723404,-0.6969696969696971,0.14285714285714232,-0.25000000000000017,0.0,-0.16666666666666666,-0.6040268456375902,0.26315789473684126,-0.2222222222222225,0.1250000000000007,1
1586,-0.3720930232558138,-0.5531914893617021,0.5454545454545455,0.5714285714285712,-0.6999999999999998,0.5333333333333333,0.23809523809523808,-0.8322147651006224,-0.05263157894736965,1.2222222222222225,0.8125000000000007,1
719,0.1860465116279071,0.17021276595744697,-0.6666666666666667,-0.2857142857142859,0.09999999999999522,-0.26666666666666666,-0.38095238095238093,0.35794183445189615,-0.47368421052631515,-1.0000000000000002,-0.37499999999999983,0
692,0.5581395348837205,1.7021276595744683,-0.06060606060606067,0.5714285714285712,0.34999999999999953,-0.13333333333333333,1.3095238095238095,1.3422818791945732,0.894736842105263,-0.44444444444444436,-0.24999999999999917,0
939,-0.3720930232558138,-0.5957446808510639,0.36363636363636365,0.8571428571428564,-0.5999999999999998,0.6,0.09523809523809523,-1.449664429530147,0.15789473684210428,0.5555555555555556,1.687500000000001,1
625,-0.5581395348837209,0.7234042553191486,-0.787878787878788,4.857142857142855,2.1999999999999993,0.4666666666666667,0.47619047619047616,1.2975391498880924,0.7894736842105261,0.5555555555555556,0.0,0
257,0.6511627906976745,-0.7659574468085106,0.3333333333333333,0.0,-0.25000000000000017,-0.6,-0.5952380952380952,0.5369127516778194,-0.47368421052631515,0.0,-0.6250000000000001,0
26,-0.7906976744186046,-0.5531914893617021,-0.3030303030303031,-1.142857142857143,0.0,-0.2,-0.35714285714285715,-0.5816554809843002,0.15789473684210428,-0.33333333333333315,-0.5624999999999992,0
337,0.4186046511627908,-0.38297872340425543,0.5757575757575758,-0.4285714285714288,-1.4,-0.5333333333333333,-0.5238095238095238,-0.8948545861297155,0.21052631578947392,0.44444444444444436,1.4375000000000007,1
573,1.023255813953488,-1.1914893617021278,0.696969696969697,0.28571428571428525,-0.25000000000000017,-0.26666666666666666,-0.23809523809523808,0.44742729306485773,-0.894736842105263,-0.05555555555555562,0.1250000000000007,0
107,-0.09302325581395356,-0.46808510638297895,1.272727272727273,-0.7142857142857144,19.349999999999998,0.26666666666666666,0.7380952380952381,0.22371364653240403,-1.210526315789474,3.833333333333335,-0.5624999999999992,0
350,0.511627906976744,1.1276595744680853,-0.787878787878788,0.5714285714285712,0.6499999999999998,-0.2,-0.23809523809523808,1.1633109619686004,0.26315789473684126,1.3333333333333337,-0.49999999999999944,1
56,-0.13953488372093012,0.42553191489361697,-0.6666666666666667,2.2857142857142847,0.20000000000000015,0.7333333333333333,0.16666666666666666,0.44742729306485773,0.15789473684210428,-0.5,-0.43749999999999967,0
917,-1.2558139534883719,0.8297872340425531,-0.21212121212121215,-1.0,4.049999999999999,-0.4666666666666667,0.5714285714285714,-1.275167785234852,1.6315789473684217,-0.05555555555555562,0.5000000000000006,0
214,0.09302325581395314,0.21276595744680823,0.0,0.0,-1.0,0.9333333333333333,0.6428571428571429,-0.4026845637583769,-0.05263157894736965,-1.055555555555556,-0.06249999999999979,0
991,-0.13953488372093012,-0.5531914893617021,-0.4242424242424243,-0.7142857142857144,0.8499999999999951,0.3333333333333333,-0.2619047619047619,-0.3758389261745083,-0.7894736842105261,-0.7222222222222225,-0.49999999999999944,0
1006,-0.5581395348837209,-0.6808510638297874,0.18181818181818182,-0.5714285714285715,-0.6499999999999998,-0.6666666666666666,-0.7142857142857143,-1.789709172259431,0.26315789473684126,-0.38888888888888873,1.6250000000000013,1
1384,0.0,0.34042553191489344,-0.12121212121212126,-0.14285714285714296,0.0,0.7333333333333333,1.5952380952380953,-0.299776286353481,-0.05263157894736965,-0.7222222222222225,-0.18749999999999936,0
882,-0.1860465116279071,0.8297872340425531,-0.787878787878788,-0.14285714285714296,-0.5999999999999998,1.0666666666666667,-0.07142857142857142,-0.6577181208053274,0.894736842105263,0.16666666666666688,0.7500000000000009,1
1345,1.6279069767441858,-0.4255319148936172,0.6666666666666666,0.5714285714285712,-0.1500000000000001,-0.4,-0.42857142857142855,0.7695749440715295,-1.1578947368421066,-0.5,0.5000000000000006,0
524,0.6046511627906979,-0.5106382978723404,0.696969696969697,0.4285714285714282,0.25000000000000017,1.6,2.4761904761904763,0.44742729306485773,-0.47368421052631515,-0.38888888888888873,-0.49999999999999944,0
990,0.7906976744186042,-0.9574468085106385,0.4242424242424243,-1.0,-0.35000000000000026,0.0,-0.40476190476190477,-0.5548098434004315,-0.894736842105263,-0.6111111111111113,0.4375000000000008,1
894,-0.3720930232558138,0.5957446808510639,-0.6969696969696971,0.14285714285714232,-0.10000000000000007,0.13333333333333333,1.1428571428571428,0.2818791946308688,1.1578947368421042,-0.2777777777777781,-0.31250000000000006,0
985,1.9534883720930225,-0.29787234042553196,0.696969696969697,-1.142857142857143,-0.25000000000000017,-0.7333333333333333,-0.7619047619047619,0.04474272930648081,-0.9473684210526326,0.05555555555555562,0.1250000000000007,0
900,0.13953488372093054,2.127659574468085,-0.7272727272727274,1.7142857142857135,0.20000000000000015,-0.5333333333333333,-0.6428571428571429,0.9485458612975024,0.894736842105263,-0.7222222222222225,0.5000000000000006,0
1380,-0.2325581395348837,0.21276595744680823,-0.7272727272727274,0.5714285714285712,-0.1500000000000001,-0.2,-0.07142857142857142,-0.5503355704698033,0.26315789473684126,0.0,0.375000000000001,1
604,2.41860465116279,-0.2553191489361702,0.787878787878788,0.0,-0.4500000000000003,-0.13333333333333333,-0.07142857142857142,1.7002237136464196,-1.105263157894737,-0.33333333333333315,-0.7499999999999997,1
466,0.9302325581395348,-0.9787234042553193,0.4242424242424243,0.9999999999999993,0.8999999999999999,-0.26666666666666666,-0.2857142857142857,1.7002237136464196,0.894736842105263,1.6111111111111118,-0.31250000000000006,0
924,-0.5581395348837209,-0.46808510638297895,0.1515151515151515,9.428571428571427,0.20000000000000015,0.8,0.16666666666666666,0.6442953020133931,0.3684210526315782,0.11111111111111124,-0.06249999999999979,1
880,-0.3720930232558138,0.34042553191489344,-0.6666666666666667,0.4285714285714282,-0.20000000000000015,0.26666666666666666,1.1904761904761905,0.29082774049212523,1.1578947368421042,-0.38888888888888873,-0.43749999999999967,0
1593,-0.7906976744186046,-0.04255319148936174,-0.393939393939394,0.14285714285714232,-0.20000000000000015,1.0,0.047619047619047616,-0.474272930648776,0.5789473684210521,0.7222222222222225,0.5000000000000006,1
61,0.3720930232558142,-0.5106382978723404,0.4242424242424243,0.0,-0.05000000000000004,0.3333333333333333,0.3333333333333333,0.5369127516778194,0.6842105263157892,0.11111111111111124,-0.6250000000000001,0
93,0.27906976744186024,-0.12765957446808524,0.09090909090909083,-0.2857142857142859,1.4999999999999996,0.3333333333333333,2.261904761904762,0.17897091722592323,-2.0,7.555555555555557,-0.24999999999999917,0
667,0.13953488372093054,-0.12765957446808524,0.303030303030303,-0.5714285714285715,7.1,-0.5333333333333333,-0.5238095238095238,0.5369127516778194,-0.6842105263157892,-0.11111111111111124,-0.43749999999999967,1
1595,-0.8372093023255812,0.34042553191489344,-0.5454545454545455,-0.2857142857142859,0.49999999999999967,1.2,0.14285714285714285,-0.8501118568232346,0.7368421052631587,-0.2222222222222225,0.1875000000000005,0
281,1.5813953488372092,-1.1063829787234043,0.5454545454545455,1.9999999999999993,-0.4500000000000003,-0.5333333333333333,-0.4523809523809524,0.8053691275167538,-1.0,1.1111111111111112,-0.5624999999999992,1
360,2.1395348837209296,-0.5957446808510639,1.2121212121212124,0.5714285714285712,0.3999999999999996,-0.26666666666666666,0.07142857142857142,1.8791946308723428,-0.7368421052631587,0.33333333333333376,-0.24999999999999917,1
520,-0.32558139534883723,-0.6595744680851066,0.696969696969697,0.4285714285714282,0.3999999999999996,1.6666666666666667,1.619047619047619,-0.08948545861296162,0.26315789473684126,0.8888888888888894,0.5000000000000006,0
932,-0.27906976744186024,0.3829787234042552,-0.7575757575757577,-0.2857142857142859,-0.3000000000000002,-0.06666666666666667,0.0,0.3042505592841092,0.894736842105263,0.16666666666666688,-0.24999999999999917,0
868,-0.511627906976744,-0.04255319148936174,-0.09090909090909091,-0.2857142857142859,-0.4000000000000003,-0.06666666666666667,-0.38095238095238093,-1.0827740492169449,0.47368421052631515,1.2222222222222225,0.6250000000000001,1
1098,0.27906976744186024,0.0,0.36363636363636365,-1.0,0.7999999999999998,-0.6,-0.47619047619047616,-0.062639821029093,-0.5789473684210521,-0.5555555555555556,-0.49999999999999944,0
111,-0.09302325581395356,0.17021276595744697,-0.21212121212121215,-0.5714285714285715,1.1999999999999995,-0.13333333333333333,0.21428571428571427,-0.1789709172259729,-0.6315789473684218,1.7222222222222232,-0.43749999999999967,0
944,0.8372093023255816,-0.08510638297872349,0.24242424242424251,0.14285714285714232,0.6999999999999998,-0.26666666666666666,0.16666666666666666,0.8232662192393164,-0.3684210526315782,-0.11111111111111124,-0.31250000000000006,1
747,0.09302325581395314,-0.7659574468085106,0.36363636363636365,0.4285714285714282,0.0,-0.13333333333333333,0.4523809523809524,0.44742729306485773,-0.05263157894736965,-0.8333333333333337,-0.7499999999999997,1
126,0.4651162790697674,0.42553191489361697,-0.6666666666666667,-0.4285714285714288,3.299999999999999,0.8666666666666667,1.2380952380952381,0.7158836689037426,-0.7894736842105261,0.44444444444444436,-0.49999999999999944,0
205,-0.4651162790697674,-0.38297872340425543,0.303030303030303,-0.8571428571428571,0.4499999999999996,0.0,-0.023809523809523808,-0.2908277404921749,0.15789473684210428,-0.33333333333333315,-0.6250000000000001,1
931,-0.6511627906976745,0.3829787234042552,-0.7575757575757577,-0.4285714285714288,0.0,-0.4,-0.30952380952380953,0.2953020134228031,2.0,0.6111111111111113,0.1875000000000005,0
53,-0.6511627906976745,-0.08510638297872349,-0.6666666666666667,-0.14285714285714296,-0.5999999999999998,-0.5333333333333333,-0.5714285714285714,-0.5816554809843002,0.42105263157894784,0.11111111111111124,-0.49999999999999944,1
1274,-0.2325581395348837,0.25531914893616997,-0.18181818181818182,-0.2857142857142859,-0.35000000000000026,1.3333333333333333,0.14285714285714285,-0.8322147651006224,-1.105263157894737,-1.055555555555556,-0.5624999999999992,0
546,0.511627906976744,-0.2127659574468087,0.696969696969697,0.5714285714285712,0.6999999999999998,1.6,1.619047619047619,0.6263982102907809,-1.210526315789474,-0.16666666666666688,-0.6874999999999999,0
69,0.6046511627906979,-0.8510638297872342,0.9393939393939393,-0.2857142857142859,-0.3000000000000002,0.8666666666666667,0.6428571428571429,0.04474272930648081,-0.15789473684210661,0.944444444444445,0.31250000000000006,0
1019,0.0,-1.446808510638298,0.3333333333333333,-1.857142857142857,-1.5499999999999996,1.4666666666666666,1.6904761904761905,-3.011185682326496,-2.210526315789474,-1.0000000000000002,1.5625000000000004,1
1458,-0.1860465116279071,-0.12765957446808524,0.21212121212121215,-0.4285714285714288,-0.3000000000000002,0.8666666666666667,1.119047619047619,0.11633109619683023,0.5263157894736848,-0.2222222222222225,-0.7499999999999997,0
975,0.3720930232558142,-0.8085106382978724,0.4545454545454545,5.285714285714285,-0.35000000000000026,-0.4666666666666667,-0.5952380952380952,-0.09843400447426771,-0.05263157894736965,0.0,1.1875000000000004,1
1069,1.4418604651162787,-0.8936170212765959,0.8181818181818183,0.0,-1.0,-0.7333333333333333,-0.6666666666666666,-0.48322147651003244,-1.5263157894736847,1.166666666666667,0.4375000000000008,1
184,-0.5581395348837209,0.3829787234042552,-0.18181818181818182,-0.5714285714285715,-0.1500000000000001,-0.2,0.6428571428571429,0.1342281879194424,1.210526315789474,-0.2222222222222225,-0.5624999999999992,0
138,-0.3720930232558138,-0.4468085106382981,0.303030303030303,-0.2857142857142859,0.05000000000000004,-0.06666666666666667,0.16666666666666666,0.17897091722592323,0.894736842105263,0.11111111111111124,-0.6250000000000001,0
797,0.32558139534883684,-0.2553191489361702,0.1515151515151515,0.4285714285714282,2.2999999999999994,0.6666666666666666,0.6190476190476191,0.2953020134228031,-1.105263157894737,0.6666666666666669,-0.37499999999999983,0
133,-1.1162790697674418,-0.08510638297872349,-0.5151515151515152,0.14285714285714232,-1.5499999999999996,0.2,1.4523809523809523,-1.387024608501054,1.6842105263157892,0.05555555555555562,1.7500000000000009,0
1290,-0.4651162790697674,0.34042553191489344,0.12121212121212116,3.2857142857142847,-0.5999999999999998,0.4,1.7142857142857142,1.0469798657717702,-0.05263157894736965,3.0555555555555562,0.0,0
106,0.04651162790697657,0.23404255319148912,-0.12121212121212126,-0.14285714285714296,-0.1500000000000001,-0.13333333333333333,0.6428571428571429,-0.04474272930648081,-0.10526315789473696,-0.6111111111111113,-0.6250000000000001,0
542,0.6976744186046511,-0.2553191489361702,0.696969696969697,5.857142857142855,-0.7999999999999998,-0.6,-0.5,0.8948545861297155,-0.5263157894736848,0.6111111111111113,0.5000000000000006,1
833,1.1162790697674418,-0.3404255319148937,0.4848484848484848,-1.0,3.2499999999999987,1.3333333333333333,0.23809523809523808,0.6800894854585678,0.3684210526315782,1.3333333333333337,-0.18749999999999936,0
481,1.209302325581395,-1.0212765957446808,0.393939393939394,18.999999999999996,-0.5499999999999997,-0.5333333333333333,-0.35714285714285715,2.595078299776135,-1.0,0.2222222222222225,-0.6250000000000001,0
166,-0.09302325581395356,0.4680851063829787,0.6666666666666666,-0.7142857142857144,1.0,0.0,1.380952380952381,-0.3131991051454153,-0.6315789473684218,0.0,-0.43749999999999967,0
308,1.0697674418604652,-0.46808510638297895,0.4848484848484848,0.28571428571428525,6.6499999999999995,-0.5333333333333333,-0.5714285714285714,1.1633109619686004,-0.6315789473684218,0.0,-0.43749999999999967,1
843,1.209302325581395,-0.08510638297872349,0.5757575757575758,0.5714285714285712,1.9499999999999993,1.3333333333333333,0.7142857142857143,0.12527964205813633,-0.42105263157894784,0.5555555555555556,0.4375000000000008,1
335,-0.04651162790697657,0.5531914893617021,-0.7575757575757577,0.4285714285714282,-0.10000000000000007,0.2,0.0,-0.2237136465324537,0.15789473684210428,0.6666666666666669,0.9375000000000002,1
1254,-0.04651162790697657,0.5957446808510639,-0.787878787878788,-1.142857142857143,0.7999999999999998,-0.5333333333333333,-0.5952380952380952,-0.4966442953020164,0.6315789473684218,-0.2222222222222225,-0.43749999999999967,0
98,-0.4651162790697674,-0.08510638297872349,-0.030303030303030335,-0.2857142857142859,-0.49999999999999967,-0.7333333333333333,-0.38095238095238093,-0.2237136465324537,-0.3157894736842109,0.05555555555555562,-0.6250000000000001,0
859,1.7209302325581388,-1.0212765957446808,0.6363636363636364,-0.7142857142857144,-1.2999999999999998,0.2,-0.14285714285714285,0.026845637583868615,-0.8421052631578957,0.2777777777777781,0.2500000000000003,1
1577,0.0,-0.9361702127659576,1.1212121212121213,-0.8571428571428571,0.05000000000000004,0.13333333333333333,-0.21428571428571427,-0.411633109619683,-0.05263157894736965,0.8888888888888894,0.375000000000001,1
738,0.09302325581395314,0.29787234042553173,-0.787878787878788,0.4285714285714282,0.6499999999999998,0.3333333333333333,0.47619047619047616,1.5212527964204965,1.0,0.16666666666666688,-0.5624999999999992,1
999,0.4186046511627908,1.3617021276595744,0.24242424242424251,-1.142857142857143,-1.4999999999999996,-0.6666666666666666,-0.6666666666666666,-0.5637583892617376,-1.0,-0.7777777777777781,-0.6874999999999999,1
1092,-0.04651162790697657,-0.7659574468085106,0.4848484848484848,-0.2857142857142859,0.2999999999999995,-0.4,-0.4523809523809524,-0.5995525727069123,0.21052631578947392,-0.11111111111111124,0.7500000000000009,1
422,-0.6511627906976745,1.3617021276595744,-0.6969696969696971,0.14285714285714232,-1.05,1.2,0.23809523809523808,-0.7158836689037923,1.105263157894737,-0.33333333333333315,1.312500000000001,1
103,0.04651162790697657,0.10638297872340435,-0.24242424242424251,-0.4285714285714288,0.0,-0.06666666666666667,-0.07142857142857142,0.17897091722592323,-0.05263157894736965,-0.16666666666666688,-0.7499999999999997,1
435,1.1162790697674418,-0.46808510638297895,0.878787878787879,1.4285714285714282,-0.20000000000000015,0.5333333333333333,0.38095238095238093,1.2527964205816116,-0.8421052631578957,1.5000000000000007,-0.18749999999999936,1
75,0.7906976744186042,-0.8510638297872342,0.8484848484848486,0.4285714285714282,0.6999999999999998,0.9333333333333333,1.0714285714285714,0.7158836689037426,-0.15789473684210661,1.1111111111111112,-0.37499999999999983,0
1441,-0.3720930232558138,-0.6382978723404257,0.18181818181818182,-0.2857142857142859,-0.8999999999999999,0.06666666666666667,-0.23809523809523808,-0.9395973154361963,-0.42105263157894784,0.6111111111111113,0.687500000000001,1
998,-1.1162790697674418,0.5957446808510639,-0.787878787878788,0.0,0.34999999999999953,-0.7333333333333333,-0.6428571428571429,-1.3512304250558793,2.105263157894737,0.05555555555555562,1.6250000000000013,1
1451,-0.3720930232558138,-0.6382978723404257,0.18181818181818182,-0.2857142857142859,-0.8999999999999999,0.06666666666666667,-0.23809523809523808,-0.9395973154361963,-0.42105263157894784,0.6111111111111113,0.687500000000001,1
303,0.13953488372093054,0.7872340425531913,-0.4242424242424243,0.5714285714285712,0.5999999999999998,-0.13333333333333333,-0.23809523809523808,1.1633109619686004,1.0526315789473673,0.5555555555555556,-0.12499999999999958,0
1377,0.09302325581395314,1.5531914893617023,-0.18181818181818182,-1.142857142857143,0.2999999999999995,-0.4666666666666667,-0.16666666666666666,-0.9843400447426771,-1.0526315789473697,-0.8888888888888891,-0.12499999999999958,0
1344,-0.2325581395348837,-0.04255319148936174,-0.7272727272727274,-0.7142857142857144,0.20000000000000015,-0.06666666666666667,-0.16666666666666666,-0.635346756152087,0.26315789473684126,-0.44444444444444436,0.1875000000000005,1
825,-0.4186046511627908,-0.17021276595744697,0.06060606060606067,0.8571428571428564,-0.5999999999999998,-0.5333333333333333,-0.5238095238095238,0.008948545861306096,-0.3684210526315782,-0.5,0.0625000000000009,0
763,0.3720930232558142,0.7659574468085104,-0.787878787878788,-0.7142857142857144,-0.5499999999999997,-0.4,-0.4523809523809524,0.09395973154358982,0.0,-0.5,-0.12499999999999958,1
734,-0.4651162790697674,-0.29787234042553196,0.24242424242424251,0.7142857142857141,0.09999999999999522,0.13333333333333333,0.8095238095238095,0.5369127516778194,1.2631578947368411,-0.11111111111111124,-0.43749999999999967,0
389,-0.09302325581395356,-0.2553191489361702,0.0,-0.4285714285714288,0.3999999999999996,0.6,0.35714285714285715,0.5816554809843002,0.6315789473684218,0.6666666666666669,-0.6250000000000001,1
236,-0.3720930232558138,0.4680851063829787,-0.787878787878788,-0.4285714285714288,0.8499999999999951,0.0,0.0,-0.022371364653240404,0.3157894736842109,-0.2222222222222225,-0.7499999999999997,1
1325,-0.6046511627906975,-0.2553191489361702,-0.06060606060606067,-0.7142857142857144,-0.1500000000000001,0.26666666666666666,-0.09523809523809523,-0.8948545861297155,0.42105263157894784,-0.11111111111111124,0.2500000000000003,1
268,-0.04651162790697657,-0.7234042553191491,0.6060606060606062,1.9999999999999993,-0.10000000000000007,0.06666666666666667,-0.023809523809523808,0.22371364653240403,0.21052631578947392,1.3333333333333337,1.6250000000000013,1
306,1.0697674418604652,0.04255319148936174,0.6666666666666666,0.4285714285714282,-0.8499999999999999,-0.5333333333333333,-0.30952380952380953,1.3422818791945732,-1.0,-0.16666666666666688,-0.5624999999999992,1
1449,-0.511627906976744,0.25531914893616997,-0.7575757575757577,-0.4285714285714288,0.0,1.7333333333333334,0.38095238095238093,0.013422818791934308,0.47368421052631515,0.6111111111111113,-0.31250000000000006,0
118,-0.09302325581395356,0.17021276595744697,-0.4242424242424243,-0.2857142857142859,0.09999999999999522,-0.4666666666666667,-0.23809523809523808,0.08948545861296162,0.3157894736842109,-0.6666666666666669,-0.49999999999999944,1
1289,-0.4651162790697674,0.34042553191489344,0.12121212121212116,3.2857142857142847,-0.5999999999999998,0.4,1.7142857142857142,1.0469798657717702,-0.05263157894736965,3.0555555555555562,0.0,0
674,0.09302325581395314,0.8936170212765956,-0.15151515151515157,-0.7142857142857144,-0.3000000000000002,-0.6,-0.5952380952380952,0.0,-0.5789473684210521,-0.5555555555555556,-0.43749999999999967,0
250,-0.32558139534883723,0.5957446808510639,-0.787878787878788,-0.2857142857142859,0.20000000000000015,-0.5333333333333333,-0.35714285714285715,0.6711409395972617,1.5789473684210522,1.8888888888888893,-0.18749999999999936,1
1303,0.511627906976744,-0.6382978723404257,0.18181818181818182,-0.14285714285714296,-0.7999999999999998,-0.6666666666666666,-0.5476190476190477,-0.4653243847874699,-0.05263157894736965,1.0000000000000007,0.6250000000000001,1
1143,-0.511627906976744,-0.29787234042553196,-0.45454545454545464,0.28571428571428525,-1.8499999999999999,-0.5333333333333333,-0.6190476190476191,-1.4586129753914532,-0.05263157894736965,0.16666666666666688,0.7500000000000009,1
72,-0.13953488372093012,0.6382978723404257,-0.09090909090909091,-0.14285714285714296,0.3999999999999996,0.2,1.380952380952381,-0.2684563758389345,0.052631578947367315,-0.7777777777777781,-0.43749999999999967,0
95,-1.3953488372093021,2.127659574468085,-0.6666666666666667,-1.142857142857143,-1.7499999999999998,1.8,1.119047619047619,-1.3422818791945732,2.315789473684211,-0.7777777777777781,0.1875000000000005,0
965,0.2325581395348837,-0.2127659574468087,0.030303030303030335,-0.4285714285714288,-1.100000000000005,0.26666666666666666,0.0,-0.7248322147650983,-0.7894736842105261,1.2777777777777781,0.5625000000000003,1
800,0.6511627906976745,-0.08510638297872349,0.24242424242424251,1.9999999999999993,0.09999999999999522,-0.6,-0.5714285714285714,0.8501118568232346,-0.10526315789473696,-0.5555555555555556,0.31250000000000006,1
1221,1.3488372093023255,-0.8510638297872342,0.787878787878788,-0.5714285714285715,2.5999999999999996,0.2,0.14285714285714285,0.24161073825501622,-0.15789473684210661,0.8333333333333337,0.8125000000000007,1
449,0.27906976744186024,0.04255319148936174,-0.12121212121212126,-0.2857142857142859,1.0,-0.4666666666666667,-0.2619047619047619,-0.04474272930648081,-0.5789473684210521,-0.33333333333333315,0.0,1
446,0.6976744186046511,0.9148936170212765,-0.4848484848484849,-0.14285714285714296,-0.05000000000000004,-0.5333333333333333,-0.16666666666666666,0.8053691275167538,-0.42105263157894784,-0.33333333333333315,-0.06249999999999979,1
772,0.6511627906976745,0.7021276595744683,0.0,0.28571428571428525,0.09999999999999522,0.6,2.5,0.44742729306485773,-0.15789473684210661,-0.38888888888888873,-0.49999999999999944,0
717,0.0,-0.38297872340425543,0.303030303030303,0.14285714285714232,-0.25000000000000017,-0.26666666666666666,0.23809523809523808,0.35794183445189615,0.15789473684210428,-0.8888888888888891,-0.49999999999999944,0
1091,0.9302325581395348,-1.1063829787234043,0.8484848484848486,-0.4285714285714288,0.1500000000000001,1.8666666666666667,0.8571428571428571,-1.0246085011185297,-1.7368421052631589,0.05555555555555562,1.000000000000001,1
1277,0.2325581395348837,-0.5106382978723404,0.4242424242424243,5.857142857142855,-1.4999999999999996,-0.7333333333333333,-0.6666666666666666,-0.5100671140939508,-0.15789473684210661,-0.33333333333333315,1.1250000000000007,0
1313,0.0,2.808510638297872,-0.15151515151515157,-0.4285714285714288,0.1500000000000001,0.0,0.07142857142857142,-0.6621923937360054,0.15789473684210428,-0.8333333333333337,0.1875000000000005,0
1594,-0.5581395348837209,0.42553191489361697,-0.5454545454545455,-0.4285714285714288,-0.5999999999999998,0.9333333333333333,0.0,-0.1297539149888142,0.5789473684210521,1.1111111111111112,-0.43749999999999967,1
78,-0.5581395348837209,1.1276595744680853,-0.787878787878788,0.28571428571428525,1.1999999999999995,0.0,-0.19047619047619047,-0.08948545861296162,1.105263157894737,-0.38888888888888873,0.31250000000000006,1
85,-0.7906976744186046,-0.9361702127659576,0.6666666666666666,-0.5714285714285715,-0.5499999999999997,0.26666666666666666,0.5476190476190477,-0.4026845637583769,0.6842105263157892,0.8888888888888894,0.0625000000000009,1
950,0.4186046511627908,-1.7021276595744683,0.5757575757575758,-0.5714285714285715,-0.25000000000000017,-0.26666666666666666,-0.40476190476190477,-0.5727069351230437,0.5263157894736848,0.7777777777777781,1.0625000000000009,1
83,-0.27906976744186024,-0.08510638297872349,0.6363636363636364,-0.2857142857142859,0.2999999999999995,0.4666666666666667,0.8333333333333334,0.08948545861296162,0.26315789473684126,-0.2777777777777781,-0.6874999999999999,0
458,0.5581395348837205,0.4680851063829787,-0.15151515151515157,0.7142857142857141,0.8499999999999951,1.0,0.6428571428571429,0.8948545861297155,-0.15789473684210661,-0.2222222222222225,-0.37499999999999983,0
1035,0.4186046511627908,0.9574468085106382,-0.24242424242424251,0.4285714285714282,-0.1500000000000001,0.06666666666666667,0.23809523809523808,0.26398210290825663,-0.5789473684210521,-0.8333333333333337,-0.31250000000000006,1
677,1.302325581395349,-0.5106382978723404,0.4545454545454545,0.0,0.20000000000000015,-0.4666666666666667,-0.5,0.7158836689037426,-1.210526315789474,0.2777777777777781,-0.5624999999999992,1
1537,-0.8837209302325582,0.04255319148936174,-0.5454545454545455,-0.4285714285714288,-0.1500000000000001,0.6666666666666666,0.16666666666666666,-0.6800894854585678,1.5263157894736847,0.33333333333333376,0.0625000000000009,1
1141,-0.32558139534883723,-0.5106382978723404,0.12121212121212116,-0.7142857142857144,0.0,1.2666666666666666,0.9761904761904762,0.04474272930648081,0.5263157894736848,0.16666666666666688,-0.43749999999999967,1
437,0.0,0.6382978723404257,0.12121212121212116,-0.2857142857142859,-1.0,1.6,0.5714285714285714,-0.44742729306485773,-0.2631578947368436,-0.33333333333333315,0.0,1
771,-0.4186046511627908,0.29787234042553173,-0.7272727272727274,0.14285714285714232,0.09999999999999522,0.6666666666666666,1.3333333333333333,0.28635346756149704,1.2631578947368411,-0.5,-0.31250000000000006,1
870,-0.1860465116279071,0.4680851063829787,-0.6969696969696971,-0.2857142857142859,0.0,0.8666666666666667,0.11904761904761904,-0.45637583892616385,0.6842105263157892,0.11111111111111124,0.4375000000000008,1
645,0.8837209302325582,0.08510638297872349,0.5757575757575758,0.14285714285714232,-0.4500000000000003,0.13333333333333333,0.047619047619047616,1.029082774049158,0.42105263157894784,0.0,-0.49999999999999944,0
863,-0.2325581395348837,-0.4255319148936172,0.18181818181818182,0.7142857142857141,-0.6499999999999998,-0.4666666666666667,-0.30952380952380953,-0.23266219239371014,-0.3684210526315782,-1.0000000000000002,0.1250000000000007,0
1014,-0.2325581395348837,0.8085106382978722,-0.787878787878788,-0.8571428571428571,0.5999999999999998,0.5333333333333333,-0.16666666666666666,-0.2013422818792133,0.3684210526315782,-0.2222222222222225,-0.12499999999999958,1
1030,-0.13953488372093012,0.25531914893616997,-0.7575757575757577,-0.5714285714285715,0.3999999999999996,-0.13333333333333333,-0.47619047619047616,-0.5011185682326447,0.052631578947367315,-0.33333333333333315,0.1875000000000005,1
1190,0.3720930232558142,1.851063829787234,-0.6363636363636365,-0.5714285714285715,-0.25000000000000017,-0.6,-0.4523809523809524,-0.28635346756149704,-0.05263157894736965,-1.0000000000000002,-0.37499999999999983,0
405,-0.13953488372093012,0.7234042553191486,-0.6363636363636365,0.7142857142857141,-0.25000000000000017,0.06666666666666667,-0.2619047619047619,0.2684563758388848,-0.2631578947368436,-0.05555555555555562,-0.6874999999999999,0
1387,-0.27906976744186024,0.5106382978723404,-0.5757575757575758,-0.5714285714285715,1.0,-0.4,-0.35714285714285715,-0.3131991051454153,-0.05263157894736965,-0.2222222222222225,-0.37499999999999983,0
1041,-0.27906976744186024,1.8936170212765957,-0.787878787878788,0.0,0.3999999999999996,0.13333333333333333,-0.14285714285714285,0.3400447427292839,1.4210526315789478,0.2777777777777781,0.0,0
610,-0.7906976744186046,-0.6808510638297874,-0.21212121212121215,1.4285714285714282,-0.25000000000000017,0.06666666666666667,0.023809523809523808,-0.5369127516778194,1.3157894736842108,-0.5555555555555556,1.5625000000000004,1
1047,-0.1860465116279071,1.1063829787234043,-0.787878787878788,-0.7142857142857144,-0.20000000000000015,1.2666666666666666,0.16666666666666666,-0.3042505592841092,0.0,0.0,0.31250000000000006,1
1294,-0.2325581395348837,1.0,-0.787878787878788,-0.4285714285714288,0.20000000000000015,-0.5333333333333333,-0.6190476190476191,-0.03579418344517471,0.15789473684210428,-0.7222222222222225,-0.31250000000000006,0
827,-0.2325581395348837,-1.0638297872340425,0.24242424242424251,0.14285714285714232,-1.4999999999999996,-0.6666666666666666,-0.7142857142857143,-0.760626398210273,0.47368421052631515,0.11111111111111124,0.5000000000000006,1
63,-0.2325581395348837,0.0,-0.3030303030303031,-0.4285714285714288,0.25000000000000017,-0.13333333333333333,-0.07142857142857142,0.0,0.3684210526315782,0.0,-0.43749999999999967,1
282,-0.13953488372093012,-1.0638297872340425,1.272727272727273,1.8571428571428563,13.899999999999995,-0.6,-0.6666666666666666,0.17897091722592323,-0.3157894736842109,2.5555555555555567,-0.18749999999999936,1
853,0.0,-0.4255319148936172,0.18181818181818182,0.4285714285714282,0.0,0.8,2.0,0.5413870246084476,-0.47368421052631515,2.5000000000000013,-0.31250000000000006,0
1590,-0.6511627906976745,0.8723404255319148,-0.18181818181818182,7.999999999999997,-0.35000000000000026,1.0,0.9761904761904762,0.4026845637583769,-0.10526315789473696,-0.44444444444444436,-0.6250000000000001,0
239,-0.3720930232558138,0.4680851063829787,-0.787878787878788,-0.4285714285714288,0.8499999999999951,0.0,0.0,-0.022371364653240404,0.3157894736842109,-0.2222222222222225,-0.7499999999999997,1
224,0.27906976744186024,0.5319148936170213,-0.030303030303030335,-0.2857142857142859,0.1500000000000001,-0.4,-0.23809523809523808,0.6040268456375405,-0.15789473684210661,-0.11111111111111124,-0.12499999999999958,1
146,0.04651162790697657,0.6382978723404257,0.878787878787879,-0.5714285714285715,1.8499999999999943,1.2,2.4523809523809526,0.0,-0.7368421052631587,0.0,-0.49999999999999944,0
1490,-0.8372093023255812,0.21276595744680823,-0.4848484848484849,-0.14285714285714296,-1.5999999999999996,-0.6666666666666666,-0.6428571428571429,-1.038031319910464,0.6842105263157892,0.7777777777777781,0.375000000000001,1
374,-0.27906976744186024,0.12765957446808524,-0.12121212121212126,0.0,1.2999999999999996,-0.13333333333333333,0.8095238095238095,-0.4026845637583769,-1.3684210526315805,0.05555555555555562,-0.6250000000000001,0
1416,-0.8372093023255812,0.25531914893616997,-0.787878787878788,-0.8571428571428571,-0.7499999999999998,-0.4,-0.47619047619047616,-0.08948545861296162,1.3157894736842108,1.2222222222222225,-0.49999999999999944,0
119,0.3720930232558142,0.12765957446808524,-0.6666666666666667,0.0,1.9499999999999993,0.0,0.42857142857142855,-0.2684563758389345,-0.5263157894736848,-0.11111111111111124,0.4375000000000008,1
1198,-0.13953488372093012,0.21276595744680823,-0.15151515151515157,-1.0,-0.5499999999999997,-0.6666666666666666,-0.6904761904761905,-0.9932885906039832,-0.7894736842105261,-0.44444444444444436,-0.24999999999999917,1
1578,-0.8372093023255812,0.7659574468085104,-0.3333333333333334,4.1428571428571415,-0.20000000000000015,-0.06666666666666667,-0.2619047619047619,-0.2595078299776284,1.210526315789474,-0.11111111111111124,1.0625000000000009,1
1540,-0.3720930232558138,-0.5531914893617021,0.18181818181818182,-0.5714285714285715,-0.7499999999999998,1.3333333333333333,0.5238095238095238,0.1521252796420546,0.7894736842105261,0.8888888888888894,-0.18749999999999936,0
1286,1.5348837209302326,-0.6382978723404257,0.7272727272727273,-0.5714285714285715,0.49999999999999967,0.4,0.21428571428571427,0.24161073825501622,-0.8421052631578957,-0.2777777777777781,0.1875000000000005,0
1134,-0.3720930232558138,-0.17021276595744697,-0.5757575757575758,4.714285714285713,0.4499999999999996,-0.26666666666666666,-0.47619047619047616,0.017897091722562517,0.3157894736842109,0.33333333333333376,0.6250000000000001,1
10,-0.2325581395348837,-0.08510638297872349,0.303030303030303,5.571428571428569,-0.4500000000000003,0.2,1.5238095238095237,0.44742729306485773,0.21052631578947392,1.0000000000000007,0.1875000000000005,0
450,1.813953488372093,-0.5531914893617021,1.303030303030303,0.8571428571428564,0.7499999999999998,0.2,-0.07142857142857142,1.1633109619686004,-1.105263157894737,-0.05555555555555562,0.375000000000001,1
1235,-0.4186046511627908,0.9787234042553191,-0.7575757575757577,0.0,-1.05,-0.2,-0.47619047619047616,-1.9597315436240976,0.42105263157894784,-1.2222222222222225,1.6250000000000013,1
1005,0.09302325581395314,-0.38297872340425543,0.09090909090909083,-0.8571428571428571,0.05000000000000004,0.8666666666666667,0.16666666666666666,-0.3445190156599618,-0.3157894736842109,-0.44444444444444436,0.0625000000000009,0
709,-0.09302325581395356,0.10638297872340435,-0.4242424242424243,0.4285714285714282,-0.5999999999999998,-0.2,-0.07142857142857142,-0.35794183445189615,0.15789473684210428,-0.05555555555555562,0.8750000000000004,1
256,0.0,0.21276595744680823,-0.09090909090909091,1.4285714285714282,-0.35000000000000026,0.2,1.9285714285714286,-0.022371364653240404,-0.2631578947368436,-0.2777777777777781,-0.5624999999999992,0
883,0.1860465116279071,-0.8936170212765959,0.09090909090909083,1.2857142857142854,5.699999999999994,0.0,-0.2857142857142857,-0.6442953020133931,-0.47368421052631515,0.8888888888888894,1.1250000000000007,1
390,0.7441860465116276,-0.5957446808510639,0.1515151515151515,0.4285714285714282,0.7999999999999998,0.13333333333333333,0.2619047619047619,0.6263982102907809,-0.6315789473684218,0.44444444444444436,-0.12499999999999958,1
1256,-0.8837209302325582,0.5106382978723404,-0.7272727272727274,0.28571428571428525,-0.5499999999999997,0.8,0.19047619047619047,-1.440715883668841,0.8421052631578957,-0.9444444444444446,0.5000000000000006,0
1278,-0.4651162790697674,0.7234042553191486,-0.787878787878788,-0.4285714285714288,1.6999999999999997,-0.7333333333333333,-0.6666666666666666,-0.19686800894853543,0.21052631578947392,-0.11111111111111124,-0.31250000000000006,1
558,3.5348837209302317,0.5319148936170213,0.696969696969697,2.8571428571428563,0.7499999999999998,-0.26666666666666666,-0.35714285714285715,2.841163310961829,-2.0526315789473695,0.6666666666666669,0.5625000000000003,0
925,0.27906976744186024,-0.2127659574468087,0.030303030303030335,0.14285714285714232,-1.2499999999999998,0.0,-0.23809523809523808,-0.7337807606263548,-0.6842105263157892,1.0000000000000007,0.6250000000000001,0
1371,0.32558139534883684,1.1063829787234043,0.7575757575757577,-0.7142857142857144,16.749999999999996,-0.13333333333333333,0.6666666666666666,-0.2550335570470002,-1.6315789473684217,3.0555555555555562,-0.6250000000000001,0
1122,-0.6511627906976745,-0.08510638297872349,-0.787878787878788,-0.5714285714285715,-0.8999999999999999,0.4666666666666667,-0.23809523809523808,-1.4675615212527593,0.6842105263157892,-0.38888888888888873,1.312500000000001,1
724,-0.4186046511627908,-0.8936170212765959,0.12121212121212116,0.0,-1.3499999999999999,1.4666666666666666,2.119047619047619,-0.1342281879194424,-1.9473684210526327,5.555555555555557,-0.43749999999999967,0
1334,0.511627906976744,1.0851063829787235,-0.12121212121212126,0.0,-0.05000000000000004,-0.13333333333333333,0.23809523809523808,0.35794183445189615,-0.6842105263157892,-0.6111111111111113,-0.37499999999999983,0
1473,-0.1860465116279071,-0.7234042553191491,1.0303030303030303,0.5714285714285712,-0.35000000000000026,0.6,0.14285714285714285,-0.1073825503355738,0.3684210526315782,0.944444444444445,0.5625000000000003,1
145,-1.3023255813953485,-0.7659574468085106,-0.787878787878788,-0.5714285714285715,-1.4999999999999996,0.8666666666666667,0.5952380952380952,-2.32662192393725,1.9473684210526327,0.944444444444445,2.375000000000001,1
502,1.1162790697674418,-0.3404255319148937,1.4242424242424243,6.214285714285713,-0.3000000000000002,1.6,0.9047619047619048,0.9843400447426771,-0.7368421052631587,1.2777777777777781,1.1250000000000007,1
923,0.1860465116279071,0.42553191489361697,-0.4242424242424243,-0.5714285714285715,-0.4000000000000003,1.6,0.19047619047619047,-0.7874720357941417,0.3684210526315782,1.5000000000000007,1.000000000000001,1
1165,0.4651162790697674,1.1276595744680853,-0.06060606060606067,-0.7142857142857144,-0.10000000000000007,-0.26666666666666666,-0.40476190476190477,0.0536912751677869,-0.10526315789473696,0.2777777777777781,-0.12499999999999958,0
740,0.4651162790697674,0.7234042553191486,-0.787878787878788,0.28571428571428525,0.3999999999999996,0.3333333333333333,0.0,0.9843400447426771,0.21052631578947392,-0.11111111111111124,-0.5624999999999992,0
1476,-1.2558139534883719,-0.2127659574468087,-0.45454545454545464,0.0,-1.5999999999999996,0.13333333333333333,1.2142857142857142,-2.228187919462983,1.210526315789474,1.444444444444445,2.1041666666666874,1
869,-0.5581395348837209,0.17021276595744697,-0.12121212121212126,-0.5714285714285715,-0.3000000000000002,0.06666666666666667,-0.3333333333333333,-1.0827740492169449,0.47368421052631515,1.1111111111111112,0.6250000000000001,1
540,1.4883720930232551,-0.08510638297872349,1.4545454545454546,4.2142857142857135,1.0,-0.6,-0.5,1.2527964205816116,-0.47368421052631515,0.0,0.6250000000000001,0
1542,-0.27906976744186024,-1.148936170212766,0.09090909090909083,0.0,-1.2999999999999998,0.3333333333333333,0.2619047619047619,-0.062639821029093,0.47368421052631515,0.7777777777777781,0.4375000000000008,1
1507,-0.5581395348837209,1.2340425531914896,-0.6363636363636365,-0.2857142857142859,-0.49999999999999967,-0.5333333333333333,-0.5714285714285714,-0.5279642058165629,1.0526315789473673,0.2222222222222225,0.375000000000001,1
1111,0.13953488372093054,0.04255319148936174,-0.787878787878788,-1.142857142857143,-0.49999999999999967,-0.5333333333333333,-0.5714285714285714,-0.3892617449664426,-0.3157894736842109,0.11111111111111124,-0.12499999999999958,1
1158,-1.3488372093023255,-0.04255319148936174,-0.24242424242424251,-0.14285714285714296,-1.8999999999999997,0.13333333333333333,1.5,-1.9686800894854037,0.7894736842105261,1.3888888888888893,1.687500000000001,1
1023,-0.4651162790697674,-0.04255319148936174,-0.5151515151515152,-0.14285714285714296,-0.8999999999999999,-0.6666666666666666,-0.6904761904761905,-0.4295302013422952,0.21052631578947392,-0.44444444444444436,0.1875000000000005,0
8,-0.32558139534883723,0.5531914893617021,-0.787878787878788,-1.4285714285714286,-0.7499999999999998,0.06666666666666667,-0.40476190476190477,-0.9843400447426771,0.42105263157894784,-0.8333333333333337,-0.12499999999999958,1
984,0.511627906976744,-0.08510638297872349,0.12121212121212116,-0.4285714285714288,-0.7499999999999998,-0.4,-0.5,0.42058165548093945,0.052631578947367315,0.5,0.1875000000000005,1
668,1.5348837209302326,-0.7659574468085106,0.5757575757575758,-0.2857142857142859,0.09999999999999522,-0.5333333333333333,-0.5476190476190477,0.8948545861297155,-1.9473684210526327,0.2222222222222225,-0.6250000000000001,1
1234,1.023255813953488,-1.2340425531914896,0.3333333333333333,0.0,-1.1499999999999997,0.0,-0.047619047619047616,-0.2953020134228031,-0.42105263157894784,-0.7222222222222225,-0.5624999999999992,0
784,-0.6976744186046511,-0.2553191489361702,-0.36363636363636365,0.28571428571428525,1.6999999999999997,-0.3333333333333333,-0.023809523809523808,0.23266219239371014,1.8421052631578958,0.16666666666666688,-0.24999999999999917,0
330,1.2558139534883717,-0.2553191489361702,0.393939393939394,-0.2857142857142859,-0.95,-0.4666666666666667,-0.5476190476190477,0.5816554809843002,-0.6842105263157892,0.0,-0.43749999999999967,0
1117,-0.4651162790697674,0.7234042553191486,-0.5757575757575758,0.4285714285714282,0.5499999999999997,0.06666666666666667,-0.40476190476190477,-0.48322147651003244,0.3684210526315782,-0.11111111111111124,0.687500000000001,1
971,1.1162790697674418,-1.1063829787234043,0.6666666666666666,-0.4285714285714288,-0.6999999999999998,-0.5333333333333333,-0.6666666666666666,0.19686800894853543,0.10526315789473696,1.3888888888888893,0.4375000000000008,1
953,0.09302325581395314,-0.8936170212765959,0.4242424242424243,0.0,-1.100000000000005,-0.5333333333333333,-0.6666666666666666,-0.6442953020133931,0.0,0.33333333333333376,0.6250000000000001,1
1188,-0.4651162790697674,-0.38297872340425543,0.12121212121212116,-0.2857142857142859,0.25000000000000017,-0.5333333333333333,0.023809523809523808,-1.494407158836628,0.10526315789473696,-0.8888888888888891,1.0625000000000009,1
259,-0.13953488372093012,-0.46808510638297895,1.5151515151515154,-0.5714285714285715,26.549999999999997,-0.4,0.16666666666666666,0.0,-1.3157894736842108,3.5555555555555567,-0.49999999999999944,0
1002,0.8837209302325582,-0.7234042553191491,0.36363636363636365,-1.0,-1.100000000000005,1.1333333333333333,0.21428571428571427,-0.017897091722612193,-0.2631578947368436,1.1111111111111112,0.2500000000000003,1
373,0.511627906976744,-1.0212765957446808,0.6666666666666666,-0.5714285714285715,-0.6499999999999998,0.8,0.19047619047619047,-0.04474272930648081,0.052631578947367315,2.3333333333333344,0.2500000000000003,1
1358,-0.32558139534883723,-0.38297872340425543,-0.06060606060606067,0.4285714285714282,-0.10000000000000007,0.8666666666666667,0.6904761904761905,-0.14317673378074852,1.5263157894736847,-0.16666666666666688,0.5625000000000003,1
415,0.3720930232558142,0.0,0.24242424242424251,0.7142857142857141,0.34999999999999953,0.6666666666666666,2.0,0.6263982102907809,-0.2631578947368436,-0.05555555555555562,-0.43749999999999967,0
143,-1.3023255813953485,-0.7659574468085106,-0.787878787878788,-0.5714285714285715,-1.4999999999999996,0.8666666666666667,0.5952380952380952,-2.32662192393725,1.9473684210526327,0.944444444444445,2.375000000000001,1
526,1.1162790697674418,0.5106382978723404,-0.06060606060606067,0.8571428571428564,1.2499999999999996,1.0,0.35714285714285715,1.3422818791945732,-0.3684210526315782,0.2777777777777781,-0.18749999999999936,0
1209,-0.3720930232558138,-0.6808510638297874,0.6060606060606062,-0.14285714285714296,-0.3000000000000002,0.6666666666666666,0.14285714285714285,-0.6532438478746992,0.47368421052631515,1.2777777777777781,0.5000000000000006,1
233,0.2325581395348837,-0.6382978723404257,-0.18181818181818182,0.8571428571428564,0.49999999999999967,0.26666666666666666,0.47619047619047616,0.5369127516778194,0.15789473684210428,0.44444444444444436,-0.37499999999999983,1
1192,-0.6976744186046511,1.5531914893617023,-0.787878787878788,0.14285714285714232,4.3,-0.5333333333333333,-0.6190476190476191,-0.5771812080536719,1.3157894736842108,-0.6111111111111113,0.375000000000001,0
1579,-0.5581395348837209,0.6382978723404257,-0.3333333333333334,-0.5714285714285715,1.8999999999999992,-0.06666666666666667,-0.42857142857142855,-0.6263982102908306,0.5789473684210521,0.2777777777777781,0.687500000000001,1
441,2.1395348837209296,-0.8936170212765959,1.393939393939394,0.0,-0.4000000000000003,-0.5333333333333333,-0.21428571428571427,0.8501118568232346,-2.2631578947368434,1.1111111111111112,-0.24999999999999917,1
532,1.813953488372093,-0.5957446808510639,0.696969696969697,0.7142857142857141,0.8999999999999999,-0.13333333333333333,0.09523809523809523,1.6107382550334581,-0.7894736842105261,-0.05555555555555562,0.0625000000000009,0
1279,0.0,0.8297872340425531,-0.12121212121212126,0.14285714285714232,-0.25000000000000017,-0.06666666666666667,1.0238095238095237,0.03579418344517471,-0.3684210526315782,-0.44444444444444436,-0.43749999999999967,1
227,0.4186046511627908,0.29787234042553173,0.7272727272727273,-0.2857142857142859,12.849999999999998,0.8666666666666667,1.0238095238095237,-0.1789709172259729,-1.4210526315789478,5.500000000000003,-0.43749999999999967,1
229,-0.13953488372093012,-0.38297872340425543,-0.030303030303030335,0.5714285714285712,-0.35000000000000026,1.0,0.5952380952380952,-0.2908277404921749,0.3157894736842109,-0.2222222222222225,0.1875000000000005,1
1362,0.13953488372093054,1.404255319148936,-0.36363636363636365,0.4285714285714282,0.6499999999999998,-0.06666666666666667,0.38095238095238093,0.19686800894853543,0.26315789473684126,-0.44444444444444436,-0.06249999999999979,0
1381,-0.2325581395348837,0.21276595744680823,-0.7272727272727274,0.5714285714285712,-0.1500000000000001,-0.2,-0.07142857142857142,-0.5503355704698033,0.26315789473684126,0.0,0.375000000000001,1
213,1.6744186046511624,-0.3404255319148937,1.1515151515151516,-0.14285714285714296,-1.05,-0.6,-0.5476190476190477,0.5369127516778194,-0.5263157894736848,0.2777777777777781,0.0,1
886,0.4186046511627908,0.9787234042553191,-0.36363636363636365,0.4285714285714282,0.2999999999999995,-0.3333333333333333,-0.19047619047619047,0.6442953020133931,0.15789473684210428,0.11111111111111124,0.1875000000000005,0
80,0.13953488372093054,0.4468085106382978,-0.18181818181818182,-1.0,0.0,0.8666666666666667,1.9285714285714286,0.17897091722592323,-0.7894736842105261,2.7777777777777795,-0.6874999999999999,0
149,-0.511627906976744,-0.12765957446808524,-0.4848484848484849,0.14285714285714232,-0.3000000000000002,-0.13333333333333333,-0.19047619047619047,-0.4026845637583769,0.5789473684210521,-0.2222222222222225,0.0,1
815,2.1395348837209296,-0.46808510638297895,0.8484848484848486,0.8571428571428564,1.1499999999999995,0.3333333333333333,0.07142857142857142,1.158836689037972,-0.5263157894736848,0.7777777777777781,0.687500000000001,1
1028,-0.7441860465116276,1.170212765957447,-0.787878787878788,0.0,-0.7499999999999998,0.9333333333333333,0.3333333333333333,-1.3512304250558793,0.9473684210526326,-0.5555555555555556,0.8750000000000004,0
1425,0.13953488372093054,-1.1063829787234043,0.3333333333333333,-1.142857142857143,-0.20000000000000015,-0.4,-0.35714285714285715,0.2684563758388848,-0.2631578947368436,0.44444444444444436,-0.37499999999999983,1
672,0.09302325581395314,0.8936170212765956,-0.15151515151515157,-0.7142857142857144,-0.3000000000000002,-0.6,-0.5952380952380952,0.0,-0.5789473684210521,-0.5555555555555556,-0.43749999999999967,0
1229,-1.3488372093023255,-0.4255319148936172,-0.787878787878788,-0.5714285714285715,-1.7999999999999998,0.26666666666666666,1.1904761904761905,-2.3400447427292344,1.9473684210526327,0.6111111111111113,2.125000000000001,1
58,-0.2325581395348837,0.4680851063829787,-0.4242424242424243,4.1428571428571415,1.5499999999999996,2.4,1.7142857142857142,0.6711409395972617,-0.2631578947368436,0.8333333333333337,-0.49999999999999944,0
134,-0.6511627906976745,-0.08510638297872349,-0.7575757575757577,-1.0,-1.0,0.2,-0.2857142857142857,-0.7158836689037923,0.47368421052631515,-0.2222222222222225,-0.24999999999999917,1
1178,-0.4186046511627908,0.5957446808510639,-0.787878787878788,0.28571428571428525,-1.4,-0.5333333333333333,-0.6428571428571429,-1.6196868008948138,0.21052631578947392,0.2222222222222225,1.5625000000000004,1
934,-0.27906976744186024,0.3829787234042552,-0.7575757575757577,-0.2857142857142859,-0.3000000000000002,-0.06666666666666667,0.0,0.3042505592841092,0.894736842105263,0.16666666666666688,-0.24999999999999917,0
1423,-0.4651162790697674,0.08510638297872349,-0.787878787878788,-0.14285714285714296,-0.05000000000000004,1.6666666666666667,0.40476190476190477,-0.5369127516778194,0.42105263157894784,1.2222222222222225,0.7500000000000009,1
824,-0.6046511627906975,0.08510638297872349,-0.393939393939394,-0.2857142857142859,-0.20000000000000015,0.06666666666666667,-0.047619047619047616,0.22371364653240403,1.5789473684210522,0.11111111111111124,-0.24999999999999917,0
409,1.1162790697674418,-0.7659574468085106,0.9696969696969696,2.1428571428571423,4.699999999999998,-0.5333333333333333,-0.5238095238095238,0.08948545861296162,-0.6315789473684218,0.44444444444444436,0.687500000000001,1
369,1.0697674418604652,-0.7659574468085106,0.787878787878788,0.8571428571428564,3.9499999999999993,0.06666666666666667,0.8809523809523809,1.3422818791945732,-0.6842105263157892,0.11111111111111124,-0.49999999999999944,0
508,1.4883720930232551,0.6382978723404257,0.878787878787879,0.14285714285714232,0.20000000000000015,-0.5333333333333333,-0.5952380952380952,1.4317673378075348,-0.7368421052631587,0.5,-0.43749999999999967,1
1332,-0.09302325581395356,1.4893617021276595,0.0,2.2857142857142847,1.3499999999999996,1.1333333333333333,0.6904761904761905,-0.0536912751677869,-0.2631578947368436,-0.8888888888888891,-0.6250000000000001,0
505,1.1627906976744184,-1.1914893617021278,0.4848484848484848,-0.5714285714285715,-0.1500000000000001,-0.5333333333333333,-0.38095238095238093,0.35794183445189615,-0.5263157894736848,2.38888888888889,0.375000000000001,1
1420,-0.13953488372093012,0.5106382978723404,-0.15151515151515157,0.0,-0.1500000000000001,1.2,2.261904761904762,-0.5369127516778194,-0.21052631578947392,-0.9444444444444446,-0.18749999999999936,0
348,2.697674418604651,-0.12765957446808524,1.2424242424242427,1.1428571428571423,0.6499999999999998,-0.5333333333333333,-0.5476190476190477,0.8053691275167538,-1.5263157894736847,1.7222222222222232,1.1250000000000007,1
1413,0.09302325581395314,-1.1914893617021278,0.24242424242424251,4.1428571428571415,-0.8999999999999999,-0.4,-0.38095238095238093,0.2684563758388848,-0.47368421052631515,1.7777777777777781,0.4375000000000008,1
387,-0.09302325581395356,0.08510638297872349,0.0,-0.2857142857142859,0.3999999999999996,0.6,0.23809523809523808,0.5816554809843002,0.5263157894736848,0.6666666666666669,-0.6250000000000001,1
1025,-0.13953488372093012,0.25531914893616997,-0.7575757575757577,-0.5714285714285715,0.3999999999999996,-0.13333333333333333,-0.47619047619047616,-0.5011185682326447,0.052631578947367315,-0.33333333333333315,0.1875000000000005,1
829,-0.09302325581395356,0.21276595744680823,-0.5151515151515152,0.14285714285714232,-0.7499999999999998,1.3333333333333333,0.16666666666666666,-1.1767337807605842,0.7894736842105261,0.6666666666666669,1.5625000000000004,1
476,0.7441860465116276,0.6808510638297874,-0.06060606060606067,0.0,0.34999999999999953,-0.6,-0.23809523809523808,0.8948545861297155,-0.894736842105263,-0.11111111111111124,0.0,0
1115,-1.3953488372093021,-0.5106382978723404,0.7272727272727273,2.9999999999999987,-1.6999999999999997,1.0,1.0,-2.953020134228081,0.9473684210526326,0.2222222222222225,2.125000000000001,1
653,3.674418604651162,-0.6808510638297874,1.181818181818182,7.571428571428569,0.7999999999999998,0.5333333333333333,0.7857142857142857,0.35794183445189615,-1.7368421052631589,1.2222222222222225,2.9375000000000013,0
39,-1.0697674418604648,2.5957446808510634,-0.5151515151515152,-1.0,4.599999999999999,-0.4666666666666667,-0.4523809523809524,-1.2527964205816116,1.0,-0.7777777777777781,-0.24999999999999917,0
714,0.0,-0.38297872340425543,0.303030303030303,0.14285714285714232,-0.25000000000000017,-0.26666666666666666,0.23809523809523808,0.35794183445189615,0.15789473684210428,-0.8888888888888891,-0.49999999999999944,0
91,-0.04651162790697657,0.0,0.0,-0.4285714285714288,-0.05000000000000004,1.8666666666666667,2.4285714285714284,-0.1789709172259729,-0.42105263157894784,-0.44444444444444436,-0.43749999999999967,0
1546,-0.6976744186046511,0.4680851063829787,0.21212121212121215,-0.5714285714285715,-1.05,0.13333333333333333,-0.23809523809523808,-0.6666666666666335,0.26315789473684126,0.11111111111111124,-0.06249999999999979,1
876,0.3720930232558142,-0.8936170212765959,0.4242424242424243,0.8571428571428564,1.4499999999999995,-0.4666666666666667,-0.5238095238095238,-0.2953020134228031,0.0,0.944444444444445,1.000000000000001,1
1075,-0.2325581395348837,1.0638297872340425,-0.18181818181818182,8.428571428571425,0.8999999999999999,1.0666666666666667,1.2857142857142858,0.9485458612975024,-0.5789473684210521,-0.2222222222222225,-0.6250000000000001,0
1086,-0.5581395348837209,-0.17021276595744697,-0.5454545454545455,-0.5714285714285715,-0.3000000000000002,1.7333333333333334,0.6190476190476191,-0.6756152125279397,-1.0,-0.7222222222222225,-0.37499999999999983,0
1563,-0.3720930232558138,0.7446808510638295,-0.393939393939394,-0.2857142857142859,-0.20000000000000015,-0.13333333333333333,-0.42857142857142855,-0.5995525727069123,-0.10526315789473696,-0.44444444444444436,-0.06249999999999979,0
500,0.32558139534883684,0.7234042553191486,0.1515151515151515,1.1428571428571423,0.2999999999999995,0.6,1.0238095238095237,1.5212527964204965,0.894736842105263,0.6666666666666669,0.8750000000000004,1
339,2.0465116279069764,-0.12765957446808524,0.9696969696969696,1.1428571428571423,1.1499999999999995,0.9333333333333333,1.4523809523809523,1.7897091722593812,-0.7894736842105261,2.111111111111112,0.8125000000000007,1
29,-0.4186046511627908,0.8085106382978722,-0.787878787878788,-0.4285714285714288,0.0,0.0,-0.07142857142857142,0.17897091722592323,0.8421052631578957,-0.38888888888888873,-0.49999999999999944,0
1058,-0.1860465116279071,-0.4255319148936172,-0.030303030303030335,2.4285714285714275,1.1999999999999995,0.9333333333333333,1.2380952380952381,0.4653243847874203,-0.8421052631578957,-0.2777777777777781,-0.6874999999999999,0
1453,-0.6511627906976745,0.25531914893616997,-0.7272727272727274,-0.2857142857142859,-0.8999999999999999,1.5333333333333334,0.35714285714285715,-1.3691275167784915,0.21052631578947392,0.7777777777777781,0.8750000000000004,1
946,1.023255813953488,-0.3404255319148937,0.4848484848484848,-0.2857142857142859,-0.4500000000000003,-0.4666666666666667,-0.42857142857142855,-0.5100671140939508,-0.894736842105263,0.944444444444445,0.5625000000000003,1
170,-0.2325581395348837,0.7872340425531913,-0.06060606060606067,-0.5714285714285715,13.999999999999996,0.06666666666666667,0.5952380952380952,-0.1789709172259729,-1.6315789473684217,5.388888888888891,-0.43749999999999967,0
913,0.9302325581395348,-0.2553191489361702,0.5454545454545455,0.9999999999999993,-0.7499999999999998,-0.6666666666666666,-0.7142857142857143,-0.026845637583918287,0.10526315789473696,0.0,1.2500000000000002,1
492,0.5581395348837205,-0.46808510638297895,0.7272727272727273,0.4285714285714282,-1.2499999999999998,-0.13333333333333333,-0.30952380952380953,-0.7158836689037923,0.15789473684210428,0.944444444444445,1.9375000000000013,1
954,1.023255813953488,-0.7659574468085106,0.6666666666666666,-0.14285714285714296,-1.4,-0.6,-0.6904761904761905,-0.9932885906039832,-0.5789473684210521,0.38888888888888873,1.1875000000000004,1
1033,0.04651162790697657,1.276595744680851,-0.787878787878788,2.7142857142857126,0.7499999999999998,-0.6,-0.5714285714285714,0.7785234899328356,0.26315789473684126,-0.5,-0.37499999999999983,0
588,-0.32558139534883723,0.8936170212765956,-0.06060606060606067,-0.4285714285714288,1.3999999999999997,0.26666666666666666,1.5238095238095237,-0.04474272930648081,-0.2631578947368436,-0.16666666666666688,-0.5624999999999992,0
751,0.13953488372093054,0.5531914893617021,-0.4848484848484849,0.9999999999999993,0.4499999999999996,0.2,0.047619047619047616,0.5503355704697537,-0.10526315789473696,-0.38888888888888873,-0.43749999999999967,0
658,1.8604651162790695,-0.08510638297872349,1.0,-1.142857142857143,-0.35000000000000026,0.6,0.09523809523809523,0.5369127516778194,-2.0526315789473695,0.33333333333333376,0.1875000000000005,1
235,0.09302325581395314,2.0425531914893615,-0.5151515151515152,0.14285714285714232,-0.7499999999999998,-0.4666666666666667,-0.023809523809523808,0.022371364653240404,0.052631578947367315,-0.38888888888888873,-0.7499999999999997,1
733,-0.32558139534883723,1.3404255319148934,-0.6969696969696971,-0.14285714285714296,0.5999999999999998,-0.26666666666666666,-0.4523809523809524,-0.08948545861296162,0.42105263157894784,-0.8333333333333337,-0.37499999999999983,0
1173,0.7906976744186042,-0.4255319148936172,0.6060606060606062,-0.14285714285714296,-0.3000000000000002,-0.6,-0.5238095238095238,-0.1387024608501203,-0.21052631578947392,0.6666666666666669,1.312500000000001,1
1306,-0.2325581395348837,0.3829787234042552,0.0,-0.4285714285714288,-0.35000000000000026,0.6666666666666666,1.1904761904761905,-0.3042505592841092,-0.05263157894736965,-0.5,-0.24999999999999917,0
935,-0.6511627906976745,0.3829787234042552,-0.7575757575757577,-0.4285714285714288,0.0,-0.4,-0.30952380952380953,0.2953020134228031,2.0,0.6111111111111113,0.1875000000000005,0
109,0.0,-0.8085106382978724,0.8181818181818183,0.4285714285714282,0.5499999999999997,0.26666666666666666,1.0,0.35794183445189615,0.3157894736842109,1.0000000000000007,-0.37499999999999983,1
569,0.8372093023255816,-0.08510638297872349,0.696969696969697,0.5714285714285712,8.499999999999998,-0.6,-0.42857142857142855,0.9843400447426771,0.0,0.944444444444445,0.31250000000000006,1
891,-0.3720930232558138,-0.7659574468085106,-0.06060606060606067,-0.2857142857142859,-0.4500000000000003,1.0666666666666667,0.3333333333333333,-0.4653243847874699,0.6842105263157892,-0.2222222222222225,-0.06249999999999979,0
948,0.13953488372093054,-1.0212765957446808,0.6666666666666666,-0.14285714285714296,0.6499999999999998,-0.5333333333333333,-0.6190476190476191,-1.2170022371364368,-0.2631578947368436,0.0,1.3750000000000009,1
1049,0.6046511627906979,-0.12765957446808524,0.303030303030303,-0.7142857142857144,0.05000000000000004,-0.7333333333333333,-0.5714285714285714,0.09843400447426771,-0.21052631578947392,0.8888888888888894,0.4375000000000008,1
1076,0.511627906976744,-1.148936170212766,0.24242424242424251,-0.2857142857142859,-0.4500000000000003,2.066666666666667,0.6904761904761905,0.39821029082769904,0.6842105263157892,1.3333333333333337,0.0,1
885,0.3720930232558142,0.3829787234042552,-0.21212121212121215,2.5714285714285707,0.6999999999999998,1.0666666666666667,0.7380952380952381,0.47874720357940426,-0.47368421052631515,-0.6666666666666669,-0.12499999999999958,1
1346,0.09302325581395314,-0.3404255319148937,-0.06060606060606067,0.14285714285714232,-0.8499999999999999,-0.26666666666666666,-0.23809523809523808,-0.299776286353481,-0.3157894736842109,-0.5,0.0,1
851,0.6046511627906979,-0.38297872340425543,0.5454545454545455,-0.4285714285714288,0.25000000000000017,-0.3333333333333333,-0.38095238095238093,0.12527964205813633,-0.15789473684210661,-0.38888888888888873,-0.43749999999999967,0
455,-0.4651162790697674,-1.2340425531914896,0.4242424242424243,-0.8571428571428571,-0.8499999999999999,0.4666666666666667,0.6904761904761905,-0.7158836689037923,1.0,0.05555555555555562,0.5625000000000003,0
265,2.093023255813953,0.17021276595744697,0.696969696969697,0.28571428571428525,-0.7999999999999998,-0.6,-0.2619047619047619,1.387024608501054,-1.210526315789474,1.3888888888888893,0.4375000000000008,0
76,0.3720930232558142,-0.46808510638297895,1.1515151515151516,0.0,0.6499999999999998,-0.3333333333333333,0.09523809523809523,0.8053691275167538,1.210526315789474,0.2222222222222225,0.1875000000000005,0
445,-1.2558139534883719,0.21276595744680823,-0.7575757575757577,-0.7142857142857144,-1.2999999999999998,-0.6,-0.2619047619047619,-1.521252796420546,1.3684210526315783,1.2222222222222225,1.4375000000000007,1
396,1.8604651162790695,-0.6382978723404257,1.5151515151515154,2.8571428571428563,-0.6999999999999998,-0.4666666666666667,0.0,1.6107382550334581,-0.47368421052631515,-0.11111111111111124,1.7500000000000009,1
177,-0.32558139534883723,-0.5957446808510639,-0.15151515151515157,-0.2857142857142859,0.0,-0.4666666666666667,-0.07142857142857142,-0.3131991051454153,0.10526315789473696,-0.8333333333333337,-0.43749999999999967,0
1043,0.4186046511627908,-0.08510638297872349,-0.15151515151515157,0.0,0.3999999999999996,0.4666666666666667,0.023809523809523808,0.0536912751677869,0.10526315789473696,1.166666666666667,0.5625000000000003,1
1394,0.0,0.0,-0.030303030303030335,-0.2857142857142859,-0.10000000000000007,0.3333333333333333,0.5,-0.3042505592841092,-0.05263157894736965,-0.7777777777777781,0.0,0
1118,-0.4651162790697674,0.7234042553191486,-0.5757575757575758,0.4285714285714282,0.5499999999999997,0.06666666666666667,-0.40476190476190477,-0.48322147651003244,0.3684210526315782,-0.11111111111111124,0.687500000000001,1
1160,1.023255813953488,-0.46808510638297895,0.5151515151515151,0.0,1.4999999999999996,-0.2,-0.023809523809523808,0.2147651006711476,-0.7894736842105261,0.2777777777777781,0.375000000000001,0
596,0.4186046511627908,0.3191489361702126,0.4545454545454545,8.14285714285714,0.2999999999999995,1.0666666666666667,1.6904761904761905,1.3422818791945732,-0.21052631578947392,-0.2777777777777781,-0.5624999999999992,0
62,-0.13953488372093012,0.7234042553191486,0.696969696969697,-0.5714285714285715,1.7499999999999998,0.4,1.7619047619047619,0.0,-0.5263157894736848,0.5,-0.5624999999999992,0
873,-0.32558139534883723,-0.7234042553191491,-0.06060606060606067,-0.2857142857142859,-0.6499999999999998,0.9333333333333333,0.23809523809523808,-0.4653243847874699,0.6315789473684218,-0.44444444444444436,-0.12499999999999958,0
1191,0.511627906976744,-0.5106382978723404,0.9393939393939393,3.428571428571427,0.0,-0.5333333333333333,-0.42857142857142855,-0.125279642058186,-0.15789473684210661,-0.2777777777777781,1.4375000000000007,1
1498,-0.511627906976744,0.9361702127659574,-0.6969696969696971,0.14285714285714232,-1.2999999999999998,-0.4666666666666667,-0.5238095238095238,-0.7695749440715791,0.7368421052631587,0.05555555555555562,0.8125000000000007,1
279,1.0697674418604652,-0.8510638297872342,0.5757575757575758,5.999999999999999,-0.35000000000000026,-0.6,-0.5952380952380952,0.35794183445189615,-0.42105263157894784,1.1111111111111112,1.5000000000000007,1
37,-0.09302325581395356,0.34042553191489344,-0.36363636363636365,0.28571428571428525,0.2999999999999995,-0.7333333333333333,-0.5476190476190477,0.3131991051454153,0.5789473684210521,-0.11111111111111124,0.375000000000001,1
663,-0.3720930232558138,0.21276595744680823,-0.6060606060606062,-0.8571428571428571,-0.20000000000000015,-0.3333333333333333,-0.2619047619047619,0.17897091722592323,0.26315789473684126,0.44444444444444436,-0.37499999999999983,1
1443,-0.511627906976744,0.4680851063829787,-0.7272727272727274,-0.4285714285714288,-0.10000000000000007,0.26666666666666666,-0.19047619047619047,0.14317673378074852,0.47368421052631515,0.7222222222222225,-0.24999999999999917,0
1487,-0.5581395348837209,0.6808510638297874,-0.15151515151515157,-0.14285714285714296,-0.49999999999999967,-0.3333333333333333,-0.35714285714285715,-0.5995525727069123,0.3684210526315782,-0.11111111111111124,0.0625000000000009,0
978,0.1860465116279071,0.29787234042553173,0.09090909090909083,0.5714285714285712,1.4499999999999995,1.1333333333333333,1.9285714285714286,0.5413870246084476,-0.8421052631578957,-0.6666666666666669,-0.6874999999999999,0
739,0.4651162790697674,-0.2553191489361702,-0.09090909090909091,0.8571428571428564,0.5999999999999998,0.9333333333333333,1.5714285714285714,0.6711409395972617,-1.105263157894737,-0.33333333333333315,-0.6250000000000001,0
920,0.1860465116279071,0.42553191489361697,-0.4242424242424243,-0.5714285714285715,-0.4000000000000003,1.6,0.19047619047619047,-0.7874720357941417,0.3684210526315782,1.5000000000000007,1.000000000000001,1
457,0.4186046511627908,0.29787234042553173,0.393939393939394,0.14285714285714232,0.7499999999999998,-0.6,-0.38095238095238093,0.8053691275167538,0.3157894736842109,-0.2222222222222225,0.0625000000000009,0
761,0.4651162790697674,0.25531914893616997,-0.030303030303030335,0.8571428571428564,-0.25000000000000017,-0.3333333333333333,1.5714285714285714,0.44295302013417986,-0.42105263157894784,-0.2777777777777781,-0.31250000000000006,0
1444,-0.511627906976744,0.25531914893616997,-0.18181818181818182,-0.6428571428571429,-1.100000000000005,-0.4,-0.38095238095238093,-1.6017897091722015,0.3684210526315782,-0.7222222222222225,0.9375000000000002,0
729,-0.7441860465116276,0.21276595744680823,-0.7272727272727274,-0.5714285714285715,-0.6499999999999998,-0.6666666666666666,-0.6428571428571429,0.08948545861296162,0.7894736842105261,0.33333333333333376,-0.43749999999999967,0
413,-0.4186046511627908,0.9148936170212765,-0.3030303030303031,-0.4285714285714288,1.0,0.06666666666666667,0.9285714285714286,-0.08948545861296162,-0.21052631578947392,0.11111111111111124,-0.5624999999999992,0
1099,0.0,-0.8936170212765959,0.5757575757575758,-0.14285714285714296,6.799999999999999,-0.6,-0.5238095238095238,-1.440715883668841,-0.8421052631578957,1.0555555555555562,1.4375000000000007,1
826,-0.4186046511627908,-0.2553191489361702,-0.36363636363636365,0.8571428571428564,-0.20000000000000015,0.06666666666666667,-0.023809523809523808,-0.25055928411632233,0.26315789473684126,-0.7222222222222225,0.31250000000000006,0
617,0.7441860465116276,0.34042553191489344,0.7272727272727273,0.14285714285714232,-0.05000000000000004,0.9333333333333333,0.7857142857142857,1.2975391498880924,1.0,-0.2777777777777781,-0.31250000000000006,0
115,-0.09302325581395356,0.17021276595744697,-0.21212121212121215,-0.5714285714285715,1.1999999999999995,-0.13333333333333333,0.21428571428571427,-0.1789709172259729,-0.6315789473684218,1.7222222222222232,-0.43749999999999967,0
418,-0.4651162790697674,0.25531914893616997,-0.4242424242424243,-0.4285714285714288,0.5499999999999997,1.3333333333333333,2.0476190476190474,-0.5369127516778194,0.6842105263157892,-0.7777777777777781,0.1875000000000005,0
1522,-0.511627906976744,-0.17021276595744697,-0.18181818181818182,-0.4285714285714288,0.09999999999999522,-0.3333333333333333,-0.35714285714285715,-0.4250559284116173,0.42105263157894784,-1.055555555555556,-0.7187499999999992,0
970,-0.6046511627906975,0.17021276595744697,-0.5151515151515152,0.9999999999999993,-0.05000000000000004,-0.4666666666666667,-0.38095238095238093,-0.04921700223715869,0.7894736842105261,-0.05555555555555562,0.0,0
605,0.13953488372093054,0.25531914893616997,-0.393939393939394,0.9999999999999993,0.7999999999999998,0.0,0.5952380952380952,0.7158836689037426,-0.7368421052631587,0.0,-0.6874999999999999,1
1528,-0.4186046511627908,0.04255319148936174,-0.5757575757575758,-0.7142857142857144,-0.4500000000000003,0.06666666666666667,-0.3333333333333333,-0.760626398210273,-0.10526315789473696,0.2222222222222225,0.375000000000001,1
90,-0.4651162790697674,0.42553191489361697,-0.5454545454545455,-0.5714285714285715,-0.20000000000000015,-0.4,-0.3333333333333333,0.44742729306485773,0.894736842105263,-0.5,-0.7499999999999997,0
849,-0.7441860465116276,0.5106382978723404,-0.15151515151515157,-0.5714285714285715,0.05000000000000004,0.0,-0.16666666666666666,0.04026845637585259,1.4736842105263153,0.2222222222222225,-0.24999999999999917,0
1218,0.09302325581395314,-0.7659574468085106,0.3333333333333333,-0.4285714285714288,-1.1499999999999997,1.9333333333333333,0.8571428571428571,-1.2170022371364368,-0.42105263157894784,1.0555555555555562,1.1250000000000007,1
1527,-0.5581395348837209,-0.2127659574468087,-0.5454545454545455,0.0,-0.7999999999999998,0.26666666666666666,0.0,-0.5682326621923658,-0.05263157894736965,0.16666666666666688,-0.37499999999999983,1
754,0.13953488372093054,0.5531914893617021,-0.4848484848484849,0.9999999999999993,0.4499999999999996,0.2,0.047619047619047616,0.5503355704697537,-0.10526315789473696,-0.38888888888888873,-0.43749999999999967,0
499,1.2558139534883717,-0.7234042553191491,0.8181818181818183,0.5714285714285712,-0.49999999999999967,-0.6,-0.5238095238095238,0.17897091722592323,-0.8421052631578957,0.16666666666666688,0.5000000000000006,1
397,-0.6511627906976745,0.9148936170212765,-0.7272727272727274,8.14285714285714,2.099999999999999,3.6,2.0476190476190474,1.1633109619686004,0.8421052631578957,-0.5,-0.18749999999999936,0
285,0.8837209302325582,0.29787234042553173,-0.5757575757575758,1.7142857142857135,1.0999999999999994,1.2,0.7857142857142857,1.4988814317673056,0.0,0.5,-0.24999999999999917,0
1067,-0.6511627906976745,0.0,-0.5454545454545455,0.28571428571428525,-0.49999999999999967,-0.06666666666666667,-0.2857142857142857,-1.440715883668841,0.47368421052631515,0.5555555555555556,1.4375000000000007,1
691,-0.27906976744186024,2.8297872340425534,-0.787878787878788,2.9285714285714275,0.8499999999999951,-0.6,-0.5714285714285714,-0.08948545861296162,1.6842105263157892,-0.44444444444444436,0.31250000000000006,0
1309,0.7906976744186042,0.7234042553191486,0.18181818181818182,0.4285714285714282,0.3999999999999996,0.5333333333333333,1.2619047619047619,0.49217002237133856,-0.10526315789473696,0.0,-0.06249999999999979,0
1495,-0.7441860465116276,-0.8936170212765959,-0.5151515151515152,-1.142857142857143,-0.6999999999999998,0.06666666666666667,-0.23809523809523808,-0.9888143176733549,0.5789473684210521,0.44444444444444436,-0.12499999999999958,1
690,0.04651162790697657,-0.5957446808510639,0.6666666666666666,-0.5714285714285715,3.849999999999999,-0.6,-0.5,0.35794183445189615,-0.05263157894736965,2.38888888888889,-0.49999999999999944,0
852,0.6046511627906979,-0.38297872340425543,0.5454545454545455,-0.4285714285714288,0.25000000000000017,-0.3333333333333333,-0.38095238095238093,0.12527964205813633,-0.15789473684210661,-0.38888888888888873,-0.43749999999999967,0
160,-0.5581395348837209,0.34042553191489344,-0.24242424242424251,-0.4285714285714288,-0.05000000000000004,0.26666666666666666,1.1428571428571428,0.0,1.4736842105263153,-0.2777777777777781,-0.5624999999999992,1
896,-0.4186046511627908,0.29787234042553173,-0.7575757575757577,0.14285714285714232,0.0,0.8666666666666667,0.11904761904761904,-0.5816554809843002,0.5789473684210521,-0.2222222222222225,0.31250000000000006,1
1446,-0.27906976744186024,1.1276595744680853,-0.21212121212121215,4.285714285714285,0.6999999999999998,0.3333333333333333,1.4285714285714286,0.14765100671137674,-0.7894736842105261,-0.5555555555555556,-0.37499999999999983,1
258,-0.6511627906976745,0.7446808510638295,-0.787878787878788,-0.14285714285714296,-0.25000000000000017,-0.13333333333333333,0.42857142857142855,0.0,0.9473684210526326,0.2777777777777781,-0.6250000000000001,0
336,1.813953488372093,0.7446808510638295,0.8181818181818183,1.7142857142857135,2.3999999999999995,-0.4666666666666667,-0.40476190476190477,1.0738255033556388,-0.7368421052631587,1.2222222222222225,1.2500000000000002,1
1499,-0.6511627906976745,1.595744680851064,-0.6666666666666667,0.14285714285714232,-0.5999999999999998,-0.4666666666666667,-0.5952380952380952,-0.4384787472035516,1.1578947368421042,-0.2222222222222225,0.375000000000001,1
1040,0.4186046511627908,-0.08510638297872349,-0.15151515151515157,0.0,0.3999999999999996,0.4666666666666667,0.023809523809523808,0.0536912751677869,0.10526315789473696,1.166666666666667,0.5625000000000003,1
516,0.2325581395348837,0.574468085106383,0.696969696969697,5.571428571428569,2.099999999999999,1.3333333333333333,2.6904761904761907,1.8791946308723428,0.0,2.8888888888888893,-0.5624999999999992,0
1016,1.1627906976744184,-0.5531914893617021,0.6060606060606062,0.0,-0.25000000000000017,0.0,-0.2619047619047619,-0.3668903803132022,-1.3157894736842108,1.2222222222222225,0.7500000000000009,1
769,-0.4186046511627908,0.29787234042553173,-0.7272727272727274,0.14285714285714232,0.09999999999999522,0.6666666666666666,1.3333333333333333,0.28635346756149704,1.2631578947368411,-0.5,-0.31250000000000006,1
1400,-0.3720930232558138,0.6382978723404257,-0.787878787878788,0.0,-0.5999999999999998,-0.26666666666666666,-0.3333333333333333,-0.5369127516778194,0.5789473684210521,0.5555555555555556,0.5625000000000003,1
762,0.6046511627906979,0.574468085106383,0.0,-0.2857142857142859,0.7999999999999998,-0.6,-0.07142857142857142,0.2595078299776284,-0.3157894736842109,-1.1111111111111116,-0.37499999999999983,0
1171,0.5581395348837205,-0.6808510638297874,0.24242424242424251,-0.8571428571428571,-0.8999999999999999,-0.6,-0.6190476190476191,-0.05816554809846479,-0.5789473684210521,0.2777777777777781,0.1875000000000005,1
1585,-0.6046511627906975,-0.8510638297872342,0.5454545454545455,0.28571428571428525,-0.95,0.6666666666666666,-0.09523809523809523,-0.876957494407153,-0.10526315789473696,1.0000000000000007,0.8750000000000004,1
522,-0.1860465116279071,-0.46808510638297895,0.696969696969697,-0.2857142857142859,0.3999999999999996,0.13333333333333333,0.11904761904761904,0.5369127516778194,0.894736842105263,0.11111111111111124,-0.6874999999999999,0
23,-0.04651162790697657,-0.38297872340425543,-0.15151515151515157,-0.8571428571428571,1.2999999999999996,-0.26666666666666666,-0.023809523809523808,-0.08948545861296162,-0.7368421052631587,1.6111111111111118,-0.43749999999999967,0
357,1.6279069767441858,-0.46808510638297895,0.787878787878788,1.1428571428571423,0.0,1.0,0.40476190476190477,1.4765100671140157,-0.2631578947368436,1.444444444444445,0.5000000000000006,0
1354,-0.1860465116279071,0.5319148936170213,-0.6969696969696971,-0.4285714285714288,0.2999999999999995,0.0,0.4523809523809524,0.04474272930648081,0.3157894736842109,-0.8888888888888891,0.0625000000000009,0
341,1.9534883720930225,-0.7659574468085106,0.7272727272727273,0.28571428571428525,-0.6999999999999998,-0.26666666666666666,-0.40476190476190477,1.4317673378075348,-1.0,3.111111111111112,-0.6250000000000001,1
432,-0.09302325581395356,0.12765957446808524,0.27272727272727265,0.0,-0.3000000000000002,0.4666666666666667,0.6666666666666666,0.2684563758388848,-0.3157894736842109,-0.33333333333333315,-0.6250000000000001,0
474,0.8837209302325582,-0.7234042553191491,0.878787878787879,-0.14285714285714296,-0.8999999999999999,-0.6,-0.5714285714285714,0.1342281879194424,-0.2631578947368436,0.944444444444445,0.2500000000000003,0
218,0.04651162790697657,0.8723404255319148,-0.12121212121212126,0.0,-0.4000000000000003,-0.2,0.07142857142857142,-0.04474272930648081,0.26315789473684126,-0.38888888888888873,-0.6874999999999999,0
912,0.511627906976744,-1.0212765957446808,0.6060606060606062,9.714285714285712,1.6999999999999997,-0.7333333333333333,-0.6904761904761905,0.9888143176733053,-0.6842105263157892,-0.11111111111111124,0.4375000000000008,1
1282,-0.4186046511627908,-0.2553191489361702,-0.18181818181818182,-0.4285714285714288,-0.1500000000000001,0.9333333333333333,0.38095238095238093,-0.5369127516778194,0.3157894736842109,0.11111111111111124,0.1250000000000007,1
1012,0.4186046511627908,-0.8510638297872342,0.1515151515151515,-0.2857142857142859,0.3999999999999996,-0.13333333333333333,-0.4523809523809524,-0.49217002237133856,-0.7368421052631587,-0.38888888888888873,0.1250000000000007,1
1556,-0.4651162790697674,0.17021276595744697,-0.27272727272727276,-0.7142857142857144,-0.7499999999999998,0.06666666666666667,-0.3333333333333333,-0.7427293064876609,0.6842105263157892,0.33333333333333376,0.21875000000000094,1
1009,0.4186046511627908,-0.7234042553191491,0.4242424242424243,1.9999999999999993,1.4999999999999996,-0.13333333333333333,-0.3333333333333333,-0.586129753914978,-0.42105263157894784,0.44444444444444436,1.1250000000000007,1
1071,0.6046511627906979,-0.8085106382978724,0.5757575757575758,-1.0,-1.1499999999999997,0.3333333333333333,-0.023809523809523808,-0.8143176733780599,-0.6842105263157892,1.5000000000000007,0.5625000000000003,1
1093,-0.4651162790697674,0.08510638297872349,-0.5151515151515152,-0.2857142857142859,0.05000000000000004,-0.26666666666666666,-0.5238095238095238,-0.8993288590603934,0.6315789473684218,-0.16666666666666688,0.8125000000000007,1
697,-0.4651162790697674,0.5531914893617021,-0.7272727272727274,-0.14285714285714296,-0.6999999999999998,-0.4,-0.30952380952380953,0.17897091722592323,0.8421052631578957,0.2777777777777781,-0.43749999999999967,1
1432,-0.1860465116279071,-0.38297872340425543,0.1515151515151515,-0.14285714285714296,-0.5499999999999997,-0.06666666666666667,0.8571428571428571,-0.44742729306485773,-0.2631578947368436,-0.44444444444444436,-0.18749999999999936,1
997,-1.1162790697674418,0.5957446808510639,-0.787878787878788,0.0,0.34999999999999953,-0.7333333333333333,-0.6428571428571429,-1.3512304250558793,2.105263157894737,0.05555555555555562,1.6250000000000013,1
154,-0.2325581395348837,0.34042553191489344,-0.6969696969696971,-0.5714285714285715,0.7499999999999998,0.7333333333333333,1.4523809523809523,-0.8053691275167538,0.21052631578947392,-0.44444444444444436,-0.06249999999999979,0
1100,0.27906976744186024,0.0,0.36363636363636365,-1.0,0.7999999999999998,-0.6,-0.47619047619047616,-0.062639821029093,-0.5789473684210521,-0.5555555555555556,-0.49999999999999944,0
1411,-0.6511627906976745,1.8723404255319147,-0.787878787878788,-0.5714285714285715,0.09999999999999522,-0.6,-0.5238095238095238,-1.4317673378075348,1.0,-1.0000000000000002,1.0625000000000009,1
1597,-0.7906976744186046,-0.04255319148936174,-0.393939393939394,0.14285714285714232,-0.20000000000000015,1.0,0.047619047619047616,-0.474272930648776,0.5789473684210521,0.7222222222222225,0.5000000000000006,1
790,0.27906976744186024,0.4680851063829787,-0.27272727272727276,0.9999999999999993,0.95,0.4666666666666667,1.9285714285714286,0.5369127516778194,-1.1578947368421066,-0.5555555555555556,-0.5624999999999992,0
704,-0.2325581395348837,-0.5957446808510639,0.6666666666666666,0.5714285714285712,-0.35000000000000026,0.5333333333333333,1.0952380952380953,0.17897091722592323,0.052631578947367315,0.44444444444444436,-0.37499999999999983,0
488,1.023255813953488,0.5319148936170213,0.303030303030303,-0.5714285714285715,-1.3499999999999999,-0.6,-0.5714285714285714,0.6263982102907809,-0.7368421052631587,-1.1111111111111116,-0.12499999999999958,1
560,2.325581395348837,-0.2127659574468087,0.696969696969697,2.9999999999999987,0.25000000000000017,-0.5333333333333333,0.21428571428571427,2.371364653243731,-0.05263157894736965,0.33333333333333376,1.5625000000000004,1
1142,0.09302325581395314,-0.5957446808510639,0.18181818181818182,0.4285714285714282,0.0,0.6666666666666666,0.7857142857142857,-0.25055928411632233,-0.21052631578947392,1.2777777777777781,0.5000000000000006,1
1120,-1.1162790697674418,0.5957446808510639,-0.787878787878788,0.4285714285714282,-0.6999999999999998,-0.4666666666666667,-0.5476190476190477,-1.8970917225950048,1.105263157894737,-0.2222222222222225,1.687500000000001,0
802,0.27906976744186024,0.12765957446808524,-0.5151515151515152,1.5714285714285705,-0.5999999999999998,-0.4,-0.5,0.24608501118564444,-0.42105263157894784,-1.0000000000000002,-0.12499999999999958,0
513,1.2558139534883717,-0.5106382978723404,0.6666666666666666,-0.14285714285714296,2.2499999999999996,0.06666666666666667,0.2619047619047619,0.5369127516778194,-1.4736842105263175,1.0555555555555562,-0.31250000000000006,1
634,0.9767441860465113,1.7659574468085109,-0.12121212121212126,1.7142857142857135,1.2499999999999996,-0.2,1.1428571428571428,1.8791946308723428,0.6315789473684218,0.11111111111111124,0.687500000000001,0
1180,0.09302325581395314,-0.7234042553191491,0.21212121212121215,0.28571428571428525,-0.20000000000000015,-0.2,0.21428571428571427,-0.36241610738252433,-0.21052631578947392,1.0555555555555562,0.5000000000000006,1
1428,-0.1860465116279071,-0.46808510638297895,0.21212121212121215,0.4285714285714282,-0.10000000000000007,-0.5333333333333333,-0.35714285714285715,-0.49217002237133856,-0.05263157894736965,-0.2222222222222225,0.6250000000000001,0
1151,0.09302325581395314,-0.8085106382978724,0.18181818181818182,0.8571428571428564,-0.6499999999999998,-0.6666666666666666,-0.6190476190476191,-0.926174496644262,-0.05263157894736965,0.7777777777777781,1.6250000000000013,1
791,-0.27906976744186024,-0.6382978723404257,0.5151515151515151,0.5714285714285712,0.09999999999999522,0.26666666666666666,1.0476190476190477,0.12527964205813633,0.10526315789473696,0.33333333333333376,-0.31250000000000006,1
117,0.13953488372093054,0.08510638297872349,0.06060606060606067,-0.4285714285714288,-0.1500000000000001,-0.2,0.047619047619047616,0.44742729306485773,0.42105263157894784,-0.05555555555555562,-0.12499999999999958,1
741,0.13953488372093054,1.0212765957446808,0.09090909090909083,2.8571428571428563,-0.25000000000000017,-0.13333333333333333,-0.5238095238095238,-0.1342281879194424,0.7368421052631587,0.33333333333333376,0.8125000000000007,1
1082,-0.04651162790697657,-0.9361702127659576,1.272727272727273,8.714285714285714,-1.4999999999999996,1.5666666666666667,5.976190476190476,-1.6286353467560701,-1.5789473684210544,-0.6111111111111113,1.312500000000001,1
831,-0.2325581395348837,0.7021276595744683,-0.5757575757575758,0.4285714285714282,-1.100000000000005,-0.6,-0.6904761904761905,-0.2147651006711476,0.3684210526315782,-0.38888888888888873,0.4375000000000008,0
657,1.2558139534883717,-0.38297872340425543,0.393939393939394,0.0,1.2999999999999996,-0.4,-0.14285714285714285,0.8053691275167538,-2.210526315789474,-0.6666666666666669,-0.37499999999999983,0
1519,-0.27906976744186024,-0.2127659574468087,0.6060606060606062,0.0,1.6999999999999997,-0.4666666666666667,-0.42857142857142855,-0.1476510067114264,0.052631578947367315,0.05555555555555562,0.1875000000000005,0
370,0.6511627906976745,-1.0638297872340425,0.8181818181818183,0.28571428571428525,-0.3000000000000002,-0.5333333333333333,-0.47619047619047616,-0.2684563758389345,-0.5789473684210521,2.833333333333334,1.1250000000000007,1
269,-0.511627906976744,0.08510638297872349,-0.6666666666666667,1.1428571428571423,-0.1500000000000001,-0.4666666666666667,-0.2619047619047619,0.8501118568232346,2.0,1.6111111111111118,-0.49999999999999944,1
936,0.3720930232558142,-0.9361702127659576,0.36363636363636365,0.14285714285714232,-1.0,0.3333333333333333,0.8095238095238095,-0.6129753914988466,0.42105263157894784,0.5555555555555556,1.000000000000001,1
823,-0.6046511627906975,0.08510638297872349,-0.393939393939394,-0.2857142857142859,-0.20000000000000015,0.06666666666666667,-0.047619047619047616,0.22371364653240403,1.5789473684210522,0.11111111111111124,-0.24999999999999917,0
867,-0.5581395348837209,-0.12765957446808524,-0.12121212121212126,0.14285714285714232,-0.4500000000000003,-0.06666666666666667,-0.3333333333333333,-1.0827740492169449,0.5263157894736848,1.166666666666667,0.687500000000001,1
47,-0.13953488372093012,1.7659574468085109,0.5151515151515151,0.0,1.6999999999999997,0.5333333333333333,1.8095238095238095,0.08948545861296162,-0.3157894736842109,0.6111111111111113,-0.6250000000000001,0
1374,-0.13953488372093012,0.9787234042553191,0.030303030303030335,2.2857142857142847,1.4999999999999996,1.3333333333333333,1.2142857142857142,-0.07158836689039909,-0.3684210526315782,-0.9444444444444446,-0.5624999999999992,0
992,-0.4186046511627908,-0.7659574468085106,0.06060606060606067,-0.2857142857142859,0.09999999999999522,1.1333333333333333,0.7142857142857143,0.062639821029093,0.7368421052631587,-0.7777777777777781,-0.49999999999999944,0
877,-0.4186046511627908,-0.2127659574468087,-0.787878787878788,0.0,-0.6499999999999998,-0.4666666666666667,-0.5714285714285714,-0.7293064876957266,0.47368421052631515,-0.2222222222222225,0.4375000000000008,0
774,-0.04651162790697657,-0.5106382978723404,0.09090909090909083,-0.5714285714285715,3.849999999999999,-0.8666666666666667,0.14285714285714285,0.22371364653240403,-0.05263157894736965,1.6666666666666674,-0.43749999999999967,1
1599,-0.9302325581395348,-0.8936170212765959,0.6363636363636364,1.9999999999999993,-0.6499999999999998,0.26666666666666666,0.09523809523809523,-0.586129753914978,0.42105263157894784,0.2222222222222225,0.5000000000000006,1
5,-0.27906976744186024,0.7659574468085104,-0.787878787878788,-0.4285714285714288,-0.20000000000000015,-0.2,-0.09523809523809523,0.44742729306485773,1.0526315789473673,-0.33333333333333315,-0.49999999999999944,0
1004,-0.5581395348837209,-0.6808510638297874,0.18181818181818182,-0.5714285714285715,-0.6499999999999998,-0.6666666666666666,-0.7142857142857143,-1.789709172259431,0.26315789473684126,-0.38888888888888873,1.6250000000000013,1
1385,-0.4186046511627908,1.0,-0.3333333333333334,-0.5714285714285715,1.3499999999999996,0.4,1.0952380952380953,-0.3892617449664426,-0.6315789473684218,-0.6666666666666669,-0.43749999999999967,0
264,-0.04651162790697657,-0.6382978723404257,-0.09090909090909091,-0.5714285714285715,-0.1500000000000001,0.6,0.2619047619047619,-0.2237136465324537,-0.15789473684210661,0.2777777777777781,-0.5624999999999992,0
1259,-0.5581395348837209,0.5106382978723404,-0.787878787878788,0.7142857142857141,2.1499999999999995,0.06666666666666667,-0.11904761904761904,-0.635346756152087,0.6842105263157892,0.05555555555555562,0.687500000000001,1
1461,-0.7441860465116276,-0.4255319148936172,-0.5151515151515152,0.14285714285714232,-1.2999999999999998,1.3333333333333333,0.6190476190476191,0.19686800894853543,0.5263157894736848,0.33333333333333376,0.1250000000000007,1
444,0.9302325581395348,-0.3404255319148937,0.696969696969697,0.7142857142857141,-0.1500000000000001,-0.2,-0.4523809523809524,-0.2237136465324537,-0.42105263157894784,0.05555555555555562,0.8750000000000004,1
1003,0.511627906976744,-0.9787234042553193,0.21212121212121215,-0.21428571428571475,-0.8499999999999999,-0.06666666666666667,-0.2619047619047619,-0.7337807606263548,-0.2631578947368436,1.2222222222222225,0.9375000000000002,1
1078,0.27906976744186024,-0.6382978723404257,1.181818181818182,5.999999999999999,0.0,-0.7333333333333333,-0.7142857142857143,0.6129753914988466,-0.21052631578947392,-0.2222222222222225,0.5000000000000006,0
838,-0.6046511627906975,-1.0212765957446808,0.06060606060606067,0.28571428571428525,-3.3999999999999995,1.4666666666666666,1.4761904761904763,-2.7561521252795456,-0.2631578947368436,-1.2777777777777781,0.9375000000000002,1
1430,-0.04651162790697657,-1.446808510638298,0.4242424242424243,0.0,-1.5499999999999996,1.6,0.6904761904761905,-0.35794183445189615,0.10526315789473696,1.7222222222222232,0.687500000000001,0
305,0.1860465116279071,0.5531914893617021,1.0303030303030303,-0.14285714285714296,1.5999999999999948,-0.13333333333333333,1.2380952380952381,0.22371364653240403,-0.5789473684210521,-0.5555555555555556,-0.6250000000000001,0
1388,-0.27906976744186024,0.5106382978723404,-0.5757575757575758,-0.5714285714285715,1.0,-0.4,-0.35714285714285715,-0.3131991051454153,-0.05263157894736965,-0.2222222222222225,-0.37499999999999983,0
314,0.27906976744186024,-0.2127659574468087,0.12121212121212116,1.1428571428571423,-0.20000000000000015,1.0666666666666667,2.3095238095238093,0.35794183445189615,-0.05263157894736965,-0.5,-0.49999999999999944,0
1149,-0.09302325581395356,-0.5531914893617021,0.4848484848484848,-0.2857142857142859,0.2999999999999995,-0.3333333333333333,-0.40476190476190477,-0.689038031319874,0.42105263157894784,0.2222222222222225,0.8750000000000004,1
1214,0.7441860465116276,-0.5957446808510639,0.4848484848484848,-0.4285714285714288,-0.4500000000000003,-0.6,-0.5952380952380952,-0.0939597315436395,-0.8421052631578957,0.7222222222222225,0.1875000000000005,1
575,1.209302325581395,-0.7659574468085106,0.696969696969697,1.4285714285714282,-0.10000000000000007,0.4,0.9523809523809523,1.0738255033556388,-0.6315789473684218,0.44444444444444436,-0.12499999999999958,1
51,0.3720930232558142,0.5957446808510639,0.0,-0.7142857142857144,-0.3000000000000002,-0.6666666666666666,-0.35714285714285715,0.1342281879194424,-0.8421052631578957,0.6666666666666669,-0.6250000000000001,0
1246,-0.27906976744186024,0.12765957446808524,-0.21212121212121215,-0.5714285714285715,0.09999999999999522,0.06666666666666667,-0.09523809523809523,-0.11185682326620201,0.9473684210526326,0.33333333333333376,0.1875000000000005,0
727,0.04651162790697657,0.8510638297872339,-0.5151515151515152,0.8571428571428564,0.20000000000000015,0.26666666666666666,0.2619047619047619,1.1633109619686004,0.6315789473684218,0.5555555555555556,0.5625000000000003,1
834,1.6744186046511624,-0.2127659574468087,0.5454545454545455,-0.8571428571428571,3.3499999999999988,1.4666666666666666,0.30952380952380953,0.6979865771811801,0.3684210526315782,1.3333333333333337,-0.18749999999999936,0
1116,-0.4651162790697674,0.7234042553191486,-0.5757575757575758,0.4285714285714282,0.5499999999999997,0.06666666666666667,-0.40476190476190477,-0.48322147651003244,0.3684210526315782,-0.11111111111111124,0.687500000000001,1
1167,0.8837209302325582,0.08510638297872349,0.0,-0.2857142857142859,1.5499999999999996,-0.4666666666666667,0.5238095238095238,0.1297539149888142,-1.9473684210526327,2.0000000000000004,0.0,0
471,2.325581395348837,-0.8510638297872342,1.181818181818182,0.5714285714285712,0.6499999999999998,0.06666666666666667,0.21428571428571427,1.2527964205816116,-1.3684210526315805,-0.05555555555555562,0.2500000000000003,0
972,1.1162790697674418,-1.1063829787234043,0.6666666666666666,-0.4285714285714288,-0.6999999999999998,-0.5333333333333333,-0.6666666666666666,0.19686800894853543,0.10526315789473696,1.3888888888888893,0.4375000000000008,1
654,0.6511627906976745,-0.8085106382978724,1.0,0.8571428571428564,-0.05000000000000004,-0.3333333333333333,-0.19047619047619047,0.35794183445189615,-1.0,-0.44444444444444436,1.1250000000000007,1
400,0.32558139534883684,1.0425531914893618,-0.12121212121212126,0.14285714285714232,-0.7999999999999998,-0.3333333333333333,0.09523809523809523,-0.2237136465324537,-1.105263157894737,-0.38888888888888873,-0.49999999999999944,0
512,0.9302325581395348,0.29787234042553173,0.1515151515151515,0.0,0.49999999999999967,0.8,0.5714285714285714,1.1633109619686004,-0.6842105263157892,0.05555555555555562,0.0,1
321,0.8372093023255816,0.5957446808510639,0.393939393939394,1.4285714285714282,0.1500000000000001,0.4666666666666667,0.5,0.9395973154361963,0.3157894736842109,0.5,0.8125000000000007,1
20,-0.04651162790697657,-0.8510638297872342,0.7575757575757577,-0.5714285714285715,13.049999999999997,0.2,0.42857142857142855,0.04474272930648081,-1.4210526315789478,2.5555555555555567,-0.6250000000000001,1
685,0.8372093023255816,1.9574468085106382,0.18181818181818182,0.14285714285714232,-0.10000000000000007,1.4,2.7142857142857144,0.5369127516778194,-0.3157894736842109,-0.7777777777777781,-0.49999999999999944,0
36,-0.09302325581395356,0.5319148936170213,-0.787878787878788,4.714285714285713,0.2999999999999995,-0.6,-0.47619047619047616,0.8053691275167538,0.47368421052631515,-0.38888888888888873,-0.37499999999999983,1
903,-0.27906976744186024,0.48936170212765956,-0.4848484848484849,0.28571428571428525,0.0,0.13333333333333333,-0.11904761904761904,0.25055928411632233,1.4210526315789478,0.38888888888888873,0.375000000000001,1
828,-0.4186046511627908,-0.2553191489361702,-0.36363636363636365,0.8571428571428564,-0.20000000000000015,0.06666666666666667,-0.023809523809523808,-0.25055928411632233,0.26315789473684126,-0.7222222222222225,0.31250000000000006,0
1435,1.023255813953488,0.08510638297872349,0.3333333333333333,18.85714285714285,6.699999999999999,2.7333333333333334,1.3571428571428572,3.0827740492168454,-0.6842105263157892,0.8333333333333337,-0.7499999999999997,1
408,1.8604651162790695,-0.5531914893617021,1.2121212121212124,1.1428571428571423,0.6499999999999998,-0.13333333333333333,-0.19047619047619047,1.2527964205816116,-0.6842105263157892,0.05555555555555562,0.375000000000001,1
921,0.7441860465116276,-0.46808510638297895,0.3333333333333333,0.14285714285714232,0.5499999999999997,-0.26666666666666666,-0.35714285714285715,0.47427293064872633,-0.3684210526315782,-0.33333333333333315,0.1875000000000005,0
759,0.04651162790697657,1.4893617021276595,-0.787878787878788,0.0,0.20000000000000015,-0.26666666666666666,-0.16666666666666666,-0.1073825503355738,-0.3157894736842109,-0.6666666666666669,-0.24999999999999917,0
1063,0.0,-0.5957446808510639,0.5454545454545455,-0.4285714285714288,0.8999999999999999,-0.5333333333333333,-0.5476190476190477,-0.5369127516778194,-0.05263157894736965,0.11111111111111124,0.7500000000000009,1
1200,-0.04651162790697657,0.25531914893616997,-0.09090909090909091,0.14285714285714232,-0.20000000000000015,0.6,1.3333333333333333,0.026845637583868615,-0.5263157894736848,-0.2222222222222225,-0.43749999999999967,1
246,-0.32558139534883723,0.5957446808510639,-0.787878787878788,-0.2857142857142859,0.20000000000000015,-0.5333333333333333,-0.35714285714285715,0.6711409395972617,1.5789473684210522,1.8888888888888893,-0.18749999999999936,1
1128,-0.7906976744186046,1.0212765957446808,-0.787878787878788,0.9999999999999993,-0.4000000000000003,0.8,0.3333333333333333,-1.3467561521252511,1.0526315789473673,-0.11111111111111124,0.8125000000000007,1
785,-0.4186046511627908,0.29787234042553173,-0.7575757575757577,0.4285714285714282,-0.1500000000000001,0.4,1.119047619047619,0.2953020134228031,1.2631578947368411,-0.16666666666666688,-0.24999999999999917,0
490,0.6046511627906979,-0.5531914893617021,0.4242424242424243,0.5714285714285712,-0.35000000000000026,-0.26666666666666666,-0.2857142857142857,0.7158836689037426,0.15789473684210428,0.7222222222222225,0.0,1
155,-0.4186046511627908,-0.38297872340425543,0.4848484848484848,4.714285714285713,-0.49999999999999967,1.0,2.1666666666666665,0.22371364653240403,0.5789473684210521,0.5555555555555556,0.1875000000000005,0
962,-0.4186046511627908,0.17021276595744697,-0.36363636363636365,-0.8571428571428571,-0.10000000000000007,-0.4666666666666667,-0.47619047619047616,-0.39373601789707086,-0.21052631578947392,0.0,-0.5624999999999992,0
854,0.6046511627906979,-0.6808510638297874,0.393939393939394,-1.0,0.0,1.8,0.40476190476190477,-0.125279642058186,0.8421052631578957,0.6111111111111113,0.4375000000000008,1
626,-0.5581395348837209,0.7234042553191486,-0.787878787878788,4.857142857142855,2.1999999999999993,0.4666666666666667,0.47619047619047616,1.2975391498880924,0.7894736842105261,0.5555555555555556,0.0,0
686,0.04651162790697657,1.1063829787234043,-0.09090909090909091,0.5714285714285712,-1.05,-0.6,-0.5476190476190477,0.08948545861296162,0.3157894736842109,-0.33333333333333315,0.687500000000001,0
570,-0.8372093023255812,-0.6808510638297874,-0.06060606060606067,0.0,0.7499999999999998,0.3333333333333333,0.09523809523809523,-0.9843400447426771,1.3684210526315783,-0.2777777777777781,0.9375000000000002,1
128,0.04651162790697657,3.446808510638298,-0.787878787878788,-0.5714285714285715,0.09999999999999522,-0.7333333333333333,-0.6190476190476191,-0.1789709172259729,1.210526315789474,-0.7777777777777781,0.4375000000000008,0
1572,-0.7441860465116276,-0.5957446808510639,-0.36363636363636365,0.0,-2.0999999999999996,0.06666666666666667,-0.30952380952380953,-0.7427293064876609,0.6842105263157892,0.16666666666666688,0.5625000000000003,1
928,0.1860465116279071,0.6382978723404257,-0.21212121212121215,0.0,0.6499999999999998,-0.2,0.8809523809523809,0.25055928411632233,-0.5789473684210521,-0.16666666666666688,-0.6250000000000001,0
981,0.511627906976744,-0.08510638297872349,0.12121212121212116,-0.4285714285714288,-0.7499999999999998,-0.4,-0.5,0.42058165548093945,0.052631578947367315,0.5,0.1875000000000005,1
1568,-0.3720930232558138,0.7446808510638295,-0.393939393939394,-0.2857142857142859,-0.20000000000000015,-0.13333333333333333,-0.42857142857142855,-0.5995525727069123,-0.10526315789473696,-0.44444444444444436,-0.06249999999999979,0
191,0.09302325581395314,-0.08510638297872349,0.27272727272727265,0.9999999999999993,-0.1500000000000001,0.4666666666666667,2.119047619047619,0.35794183445189615,-0.42105263157894784,0.0,-0.49999999999999944,0
1140,0.09302325581395314,-0.04255319148936174,-0.06060606060606067,-0.2857142857142859,-0.05000000000000004,0.13333333333333333,1.1428571428571428,0.37583892617445863,0.15789473684210428,0.11111111111111124,-0.43749999999999967,1
993,-0.6976744186046511,-0.5106382978723404,-0.4848484848484849,-0.2857142857142859,-0.20000000000000015,1.0666666666666667,0.21428571428571427,-0.5637583892617376,0.26315789473684126,-0.7777777777777781,-0.49999999999999944,1
1561,-0.09302325581395356,0.34042553191489344,0.0,-0.2857142857142859,0.0,1.1333333333333333,2.2142857142857144,-0.2595078299776284,-0.5263157894736848,-0.5555555555555556,-0.18749999999999936,0
181,0.3720930232558142,0.3829787234042552,-0.36363636363636365,0.28571428571428525,-0.6499999999999998,-0.26666666666666666,0.09523809523809523,0.04474272930648081,-0.6315789473684218,-0.16666666666666688,-0.43749999999999967,0
497,-0.09302325581395356,0.0,-0.030303030303030335,-0.4285714285714288,0.05000000000000004,0.0,0.0,0.7158836689037426,0.6315789473684218,0.16666666666666688,-0.7499999999999997,1
1375,-0.5581395348837209,1.25531914893617,-0.787878787878788,-1.4285714285714286,9.349999999999998,0.13333333333333333,-0.21428571428571427,-0.9351230425055681,0.052631578947367315,-0.6111111111111113,-0.24999999999999917,0
1336,-0.6511627906976745,0.25531914893616997,-0.7272727272727274,0.28571428571428525,-0.5499999999999997,0.3333333333333333,0.047619047619047616,-1.3109619686800267,0.3684210526315782,0.2222222222222225,1.5000000000000007,1
1316,-0.2325581395348837,0.4680851063829787,0.030303030303030335,-0.2857142857142859,0.1500000000000001,0.2,1.2619047619047619,-0.28635346756149704,-0.2631578947368436,-0.2222222222222225,-0.24999999999999917,1
518,1.1162790697674418,0.3829787234042552,0.696969696969697,-0.14285714285714296,5.999999999999999,-0.6,-0.5238095238095238,1.1633109619686004,-0.7894736842105261,0.05555555555555562,-1.1249999999999996,0
1070,0.0,0.42553191489361697,0.27272727272727265,0.8571428571428564,0.2999999999999995,0.9333333333333333,0.3333333333333333,0.08948545861296162,0.0,0.0,0.375000000000001,0
477,0.6046511627906979,-1.0638297872340425,0.4545454545454545,-0.2857142857142859,0.5499999999999997,-0.5333333333333333,-0.5238095238095238,0.5369127516778194,-0.15789473684210661,0.44444444444444436,-0.31250000000000006,0
158,-0.4186046511627908,-0.38297872340425543,0.4848484848484848,4.714285714285713,-0.4500000000000003,0.9333333333333333,2.142857142857143,0.22371364653240403,0.5789473684210521,0.5,0.1875000000000005,0
1244,0.13953488372093054,0.17021276595744697,-0.12121212121212126,0.28571428571428525,0.09999999999999522,-0.26666666666666666,1.1428571428571428,0.6711409395972617,0.3157894736842109,0.0,-0.43749999999999967,0
1196,-0.8372093023255812,-0.38297872340425543,-0.12121212121212126,-0.5714285714285715,-0.10000000000000007,0.4666666666666667,0.42857142857142855,-0.21029082774046973,1.105263157894737,-0.11111111111111124,-0.43749999999999967,1
17,0.2325581395348837,-1.0212765957446808,0.9090909090909093,-0.5714285714285715,0.5999999999999998,1.4,1.5476190476190477,0.04474272930648081,-0.05263157894736965,0.7222222222222225,0.1875000000000005,1
1073,-0.3720930232558138,-0.7234042553191491,0.0,-0.5714285714285715,0.1500000000000001,1.2666666666666666,0.8809523809523809,0.0,0.47368421052631515,-0.2222222222222225,-0.43749999999999967,1
547,-0.2325581395348837,0.12765957446808524,-0.06060606060606067,-0.2857142857142859,-0.10000000000000007,-0.26666666666666666,-0.23809523809523808,0.6711409395972617,0.7368421052631587,0.8888888888888894,-0.43749999999999967,1
659,-0.3720930232558138,0.0,-0.5757575757575758,-1.142857142857143,-0.3000000000000002,-0.6,-0.42857142857142855,0.22371364653240403,0.052631578947367315,1.0555555555555562,-0.37499999999999983,1
1304,0.0,-1.0212765957446808,0.5454545454545455,-0.5714285714285715,0.05000000000000004,0.9333333333333333,0.7142857142857143,-0.8008948545861256,0.26315789473684126,0.2222222222222225,0.6250000000000001,0
1020,-0.4651162790697674,-0.08510638297872349,-0.36363636363636365,-0.5714285714285715,-0.10000000000000007,-0.26666666666666666,-0.35714285714285715,-0.19686800894853543,1.1578947368421042,-0.05555555555555562,0.1250000000000007,0
1337,-0.9302325581395348,-0.08510638297872349,-0.787878787878788,-1.142857142857143,-1.1499999999999997,0.06666666666666667,-0.2857142857142857,-1.038031319910464,0.26315789473684126,-0.9444444444444446,-0.43749999999999967,0
960,0.0,0.29787234042553173,-0.6363636363636365,-0.2857142857142859,0.4499999999999996,-0.13333333333333333,-0.14285714285714285,0.24608501118564444,0.26315789473684126,-0.05555555555555562,-0.12499999999999958,0
1518,-0.6976744186046511,0.04255319148936174,-0.6060606060606062,-0.2857142857142859,-0.8499999999999999,1.0,0.14285714285714285,-0.8545861297538628,0.3684210526315782,1.166666666666667,0.0625000000000009,1
284,0.4186046511627908,-0.5106382978723404,0.18181818181818182,4.857142857142855,0.34999999999999953,-0.26666666666666666,0.21428571428571427,1.029082774049158,0.3684210526315782,0.8333333333333337,0.1875000000000005,1
798,0.6046511627906979,-0.6382978723404257,0.5454545454545455,-0.8571428571428571,-2.0999999999999996,0.4666666666666667,0.09523809523809523,-0.689038031319874,-0.3684210526315782,1.0555555555555562,0.375000000000001,1
226,-0.13953488372093012,-0.38297872340425543,-0.030303030303030335,0.5714285714285712,-0.35000000000000026,1.0,0.5952380952380952,-0.2908277404921749,0.3157894736842109,-0.2222222222222225,0.1875000000000005,1
27,-0.1860465116279071,-0.46808510638297895,-0.06060606060606067,-0.5714285714285715,0.0,-0.6666666666666666,-0.6428571428571429,-0.2684563758389345,-0.15789473684210661,-0.16666666666666688,-0.43749999999999967,0
438,1.4418604651162787,-0.29787234042553196,1.4242424242424243,1.4285714285714282,-0.6999999999999998,-0.5333333333333333,-0.38095238095238093,0.8053691275167538,-0.7368421052631587,0.2222222222222225,0.6250000000000001,1
1555,-0.6511627906976745,1.425531914893617,-0.7272727272727274,0.28571428571428525,-0.8999999999999999,0.06666666666666667,-0.35714285714285715,-0.237136465324388,1.210526315789474,-0.11111111111111124,0.5000000000000006,1
230,-0.511627906976744,0.0,-0.030303030303030335,0.5714285714285712,0.05000000000000004,-0.26666666666666666,-0.023809523809523808,0.022371364653240404,0.7894736842105261,-0.6666666666666669,0.5000000000000006,0
38,0.04651162790697657,-0.5957446808510639,0.06060606060606067,-0.14285714285714296,-0.6999999999999998,-0.06666666666666667,-0.19047619047619047,0.0,-0.42105263157894784,0.6111111111111113,-0.31250000000000006,1
750,-0.32558139534883723,-0.04255319148936174,-0.24242424242424251,-0.14285714285714296,-0.49999999999999967,-0.13333333333333333,-0.23809523809523808,0.39373601789707086,1.105263157894737,0.6111111111111113,-0.43749999999999967,1
1046,-0.511627906976744,-0.3404255319148937,-0.787878787878788,-1.142857142857143,-0.49999999999999967,1.2,0.0,-1.0827740492169449,0.052631578947367315,-0.2222222222222225,0.7500000000000009,1
470,0.32558139534883684,1.276595744680851,-0.7272727272727274,-1.4285714285714286,-0.49999999999999967,1.4666666666666666,0.23809523809523808,-0.7158836689037923,-0.5789473684210521,-0.2222222222222225,-0.24999999999999917,0
1361,0.5581395348837205,0.08510638297872349,0.1515151515151515,0.14285714285714232,1.5999999999999948,-0.2,0.0,0.0850111856823334,-0.3684210526315782,-0.33333333333333315,0.4375000000000008,0
1571,-0.7441860465116276,-0.6808510638297874,0.8181818181818183,0.0,7.5,0.3333333333333333,-0.07142857142857142,-1.521252796420546,0.3157894736842109,1.7222222222222232,1.3750000000000009,1
688,0.511627906976744,0.5106382978723404,-0.09090909090909091,1.2857142857142854,0.7499999999999998,-0.06666666666666667,0.0,1.3422818791945732,-0.15789473684210661,-0.16666666666666688,-0.31250000000000006,0
1470,-0.32558139534883723,1.9574468085106382,-0.6363636363636365,-0.14285714285714296,-0.95,0.4,0.2619047619047619,0.11185682326620201,0.0,-0.38888888888888873,-0.31250000000000006,0
640,0.4186046511627908,-0.9787234042553193,0.27272727272727265,-0.4285714285714288,-0.6499999999999998,0.7333333333333333,0.4523809523809524,0.08948545861296162,-0.6842105263157892,4.111111111111113,0.0625000000000009,1
1378,-1.3023255813953485,-0.12765957446808524,0.0,0.14285714285714232,0.49999999999999967,0.6,0.8571428571428571,-0.6711409395973115,2.105263157894737,0.0,1.2500000000000002,1
1219,0.09302325581395314,-0.5106382978723404,0.1515151515151515,-0.4285714285714288,0.09999999999999522,-0.4,-0.3333333333333333,-0.35794183445189615,-0.3684210526315782,0.38888888888888873,0.2500000000000003,1
1159,-0.6046511627906975,-0.46808510638297895,0.5151515151515151,0.8571428571428564,-0.20000000000000015,0.5333333333333333,0.38095238095238093,-0.48322147651003244,0.5789473684210521,3.0000000000000004,0.2500000000000003,1
1330,-0.27906976744186024,0.34042553191489344,0.0,-0.14285714285714296,0.1500000000000001,0.2,1.2619047619047619,-0.28635346756149704,-0.10526315789473696,-0.33333333333333315,-0.24999999999999917,1
1301,-1.3023255813953485,0.5319148936170213,-0.787878787878788,-0.07142857142857179,0.0,0.06666666666666667,-0.23809523809523808,-1.0559284116330763,2.473684210526315,-0.05555555555555562,1.4375000000000007,1
1455,1.7209302325581388,-0.29787234042553196,1.1212121212121213,0.0,-0.35000000000000026,-0.4666666666666667,-0.35714285714285715,1.3154362416106549,-0.5263157894736848,0.38888888888888873,0.4375000000000008,1
801,-0.3720930232558138,0.3829787234042552,-0.5454545454545455,2.5714285714285707,0.09999999999999522,0.8,1.6666666666666667,-0.17449664429529502,-0.3157894736842109,-0.6111111111111113,-0.49999999999999944,0
161,-0.1860465116279071,1.829787234042553,-0.6969696969696971,-0.2857142857142859,0.49999999999999967,-0.4666666666666667,-0.42857142857142855,-0.4026845637583769,-0.5789473684210521,-0.33333333333333315,-0.37499999999999983,0
957,0.4651162790697674,-0.6808510638297874,0.787878787878788,-0.14285714285714296,1.5499999999999996,-0.6,-0.6666666666666666,-0.5011185682326447,0.0,0.0,0.687500000000001,1
1187,-0.6511627906976745,1.1914893617021278,-0.6969696969696971,7.999999999999997,-0.05000000000000004,-0.5333333333333333,-0.6190476190476191,-0.2237136465324537,1.105263157894737,-0.6666666666666669,1.2500000000000002,0
822,-1.4418604651162787,-0.4255319148936172,-0.787878787878788,-0.14285714285714296,-1.5999999999999996,0.13333333333333333,0.09523809523809523,-2.3534675615211684,2.105263157894737,0.6666666666666669,2.375000000000001,1
1353,-0.1860465116279071,0.5319148936170213,-0.6969696969696971,-0.4285714285714288,0.2999999999999995,0.0,0.4523809523809524,0.04474272930648081,0.3157894736842109,-0.8888888888888891,0.0625000000000009,0
878,-0.13953488372093012,0.8297872340425531,-0.7575757575757577,-0.14285714285714296,-0.7999999999999998,1.1333333333333333,0.11904761904761904,-1.3825503355704258,0.5263157894736848,-0.2777777777777781,1.000000000000001,1
914,0.6511627906976745,-0.5319148936170213,0.6060606060606062,3.428571428571427,0.6999999999999998,-0.7333333333333333,-0.6666666666666666,-0.1834451901566011,-0.21052631578947392,0.11111111111111124,1.2500000000000002,1
153,-0.2325581395348837,0.34042553191489344,-0.6969696969696971,-0.5714285714285715,0.7499999999999998,0.7333333333333333,1.4523809523809523,-0.8053691275167538,0.21052631578947392,-0.44444444444444436,-0.06249999999999979,0
1465,-0.5581395348837209,0.29787234042553173,-0.4848484848484849,-0.7142857142857144,-0.8499999999999999,1.3333333333333333,0.35714285714285715,-0.44742729306485773,0.5263157894736848,0.2777777777777781,-0.31250000000000006,0
510,2.4651162790697674,-0.9787234042553193,1.484848484848485,0.8571428571428564,0.20000000000000015,0.6,0.11904761904761904,0.8053691275167538,-1.4210526315789478,0.33333333333333376,0.7500000000000009,1
1136,0.0,-1.148936170212766,0.5151515151515151,-0.7142857142857144,-0.6499999999999998,0.5333333333333333,0.2857142857142857,-0.9843400447426771,0.3684210526315782,-0.11111111111111124,1.0625000000000009,1
1251,-0.4186046511627908,0.34042553191489344,-0.7575757575757577,0.14285714285714232,-0.05000000000000004,0.6666666666666666,-0.023809523809523808,-0.7427293064876609,0.47368421052631515,-0.05555555555555562,0.4375000000000008,1
1570,-0.8372093023255812,-0.04255319148936174,-0.36363636363636365,-0.4285714285714288,-1.200000000000005,0.06666666666666667,-0.09523809523809523,-1.2706935123042238,0.894736842105263,-0.2777777777777781,0.8125000000000007,1
104,0.04651162790697657,0.23404255319148912,-0.12121212121212126,-0.14285714285714296,-0.1500000000000001,-0.13333333333333333,0.6428571428571429,-0.04474272930648081,-0.10526315789473696,-0.6111111111111113,-0.6250000000000001,0
587,1.4418604651162787,-0.8936170212765959,0.696969696969697,0.7142857142857141,0.6999999999999998,0.13333333333333333,0.21428571428571427,0.8053691275167538,-1.0,2.222222222222223,0.2500000000000003,1
1521,-0.6976744186046511,0.04255319148936174,-0.6060606060606062,-0.2857142857142859,-0.8499999999999999,1.0,0.14285714285714285,-0.8545861297538628,0.3684210526315782,1.166666666666667,0.0625000000000009,1
1144,-0.4651162790697674,-1.2765957446808514,0.12121212121212116,-0.5714285714285715,-0.7499999999999998,0.13333333333333333,-0.42857142857142855,-0.03579418344517471,1.5789473684210522,1.1111111111111112,-0.12499999999999958,1
54,0.27906976744186024,-0.5957446808510639,0.303030303030303,1.1428571428571423,0.05000000000000004,1.0666666666666667,1.9285714285714286,0.08948545861296162,-0.5789473684210521,-0.33333333333333315,-0.49999999999999944,0
152,0.5581395348837205,0.0,2.2424242424242427,1.7142857142857135,26.499999999999996,1.2,0.7380952380952381,1.2527964205816116,-3.0,7.666666666666669,-0.49999999999999944,0
404,1.5813953488372092,0.34042553191489344,0.696969696969697,0.7142857142857141,0.25000000000000017,-0.26666666666666666,0.07142857142857142,1.1633109619686004,-0.8421052631578957,0.05555555555555562,0.1875000000000005,1
1551,-0.4186046511627908,0.6808510638297874,-0.787878787878788,0.14285714285714232,0.34999999999999953,0.2,-0.2857142857142857,0.46085011185679203,0.7368421052631587,-0.5,-0.43749999999999967,0
208,-0.09302325581395356,0.21276595744680823,0.1515151515151515,-0.5714285714285715,-0.5499999999999997,0.8,1.9523809523809523,-0.24608501118569412,-0.10526315789473696,-0.5,-0.5624999999999992,0
1510,-0.04651162790697657,-1.446808510638298,0.4242424242424243,-0.5714285714285715,-0.8999999999999999,-0.4666666666666667,-0.42857142857142855,-1.2080536912751307,-0.15789473684210661,0.44444444444444436,0.5625000000000003,0
1123,-0.7906976744186046,-0.2127659574468087,-0.787878787878788,-1.142857142857143,-1.2499999999999998,0.8666666666666667,-0.11904761904761904,-2.0581655480983656,0.7368421052631587,-0.7777777777777781,1.312500000000001,1
1402,-0.04651162790697657,0.7234042553191486,-0.15151515151515157,-0.14285714285714296,0.0,1.2666666666666666,2.4523809523809526,-0.2684563758389345,-0.3157894736842109,-0.6111111111111113,-0.18749999999999936,0
9,-0.09302325581395356,0.25531914893616997,-0.7272727272727274,-0.2857142857142859,-0.35000000000000026,-0.3333333333333333,-0.47619047619047616,0.0,0.26315789473684126,-0.2777777777777781,-0.43749999999999967,1
1015,0.0,0.25531914893616997,-0.3030303030303031,-0.2857142857142859,1.9999999999999993,-0.7333333333333333,-0.7380952380952381,-1.0111856823265954,-0.47368421052631515,-0.2222222222222225,0.6250000000000001,1
1061,1.6744186046511624,-1.2340425531914896,0.9393939393939393,-0.5714285714285715,-0.3000000000000002,-0.7333333333333333,-0.7142857142857143,0.5816554809843002,-0.894736842105263,0.44444444444444436,-0.18749999999999936,1
453,-0.5581395348837209,0.17021276595744697,-0.6969696969696971,-0.7142857142857144,0.20000000000000015,0.26666666666666666,-0.07142857142857142,0.0,0.6842105263157892,0.05555555555555562,-0.12499999999999958,1
1328,-0.6046511627906975,-0.2553191489361702,-0.06060606060606067,-0.7142857142857144,-0.1500000000000001,0.26666666666666666,-0.09523809523809523,-0.8948545861297155,0.42105263157894784,-0.11111111111111124,0.2500000000000003,1
897,0.13953488372093054,-0.8936170212765959,0.393939393939394,0.28571428571428525,-0.10000000000000007,0.2,0.11904761904761904,-1.0559284116330763,0.0,0.8333333333333337,1.4375000000000007,1
1392,0.0,0.5106382978723404,-0.12121212121212126,0.28571428571428525,0.6999999999999998,-0.6,-0.11904761904761904,-0.3042505592841092,0.3157894736842109,-0.2222222222222225,0.5000000000000006,0
881,0.5581395348837205,0.17021276595744697,-0.24242424242424251,-0.8571428571428571,-0.10000000000000007,-0.26666666666666666,-0.40476190476190477,-0.4653243847874699,-0.8421052631578957,-0.7222222222222225,-0.18749999999999936,0
624,-0.04651162790697657,-0.04255319148936174,-0.030303030303030335,0.9999999999999993,-0.1500000000000001,0.4666666666666667,0.16666666666666666,0.2684563758388848,0.9473684210526326,1.8888888888888893,1.1875000000000004,1
346,-0.4651162790697674,0.7021276595744683,-0.787878787878788,-0.4285714285714288,-0.6499999999999998,1.7333333333333334,0.5952380952380952,0.49217002237133856,1.5263157894736847,1.0555555555555562,-0.18749999999999936,0
1538,-1.209302325581395,0.25531914893616997,-0.5454545454545455,-0.4285714285714288,-1.05,0.4,-0.16666666666666666,-0.876957494407153,1.0,0.11111111111111124,0.0,1
263,0.0,0.0,-0.6969696969696971,-0.7142857142857144,-0.49999999999999967,-0.26666666666666666,-0.07142857142857142,-0.46979865771809814,0.15789473684210428,-0.2777777777777781,-0.12499999999999958,0
1322,-1.3953488372093021,0.9361702127659574,-0.787878787878788,-1.4285714285714286,-1.9500000000000048,0.13333333333333333,0.19047619047619047,-1.8881431767336987,3.684210526315789,-0.16666666666666688,1.4375000000000007,1
151,-0.32558139534883723,-0.8085106382978724,0.6363636363636364,-0.14285714285714296,-0.1500000000000001,-0.6,-0.6428571428571429,-0.44742729306485773,0.10526315789473696,-0.5,0.0625000000000009,1
473,2.093023255813953,-0.6382978723404257,0.878787878787879,0.5714285714285712,0.1500000000000001,0.7333333333333333,0.7142857142857143,1.2080536912751307,-0.8421052631578957,1.1111111111111112,0.1250000000000007,1
641,0.8837209302325582,0.08510638297872349,0.5757575757575758,0.14285714285714232,-0.4500000000000003,0.13333333333333333,0.047619047619047616,1.029082774049158,0.42105263157894784,0.0,-0.49999999999999944,0
1584,-0.8372093023255812,-0.2553191489361702,0.09090909090909083,-0.14285714285714296,-0.3000000000000002,1.2,1.4285714285714286,-0.45637583892616385,0.10526315789473696,0.0,-0.24999999999999917,0
1502,-0.09302325581395356,1.276595744680851,0.09090909090909083,2.9999999999999987,0.1500000000000001,0.4666666666666667,0.6190476190476191,-0.1700223713646668,-0.7894736842105261,-0.5,-0.49999999999999944,0
551,-0.5581395348837209,-0.04255319148936174,-0.7575757575757577,-0.14285714285714296,-0.3000000000000002,-0.3333333333333333,-0.30952380952380953,-0.44742729306485773,0.10526315789473696,-0.33333333333333315,-0.43749999999999967,1
929,0.27906976744186024,-0.2127659574468087,0.030303030303030335,0.14285714285714232,-1.2499999999999998,0.0,-0.23809523809523808,-0.7337807606263548,-0.6842105263157892,1.0000000000000007,0.6250000000000001,0
489,1.6744186046511624,-0.8510638297872342,0.878787878787879,0.8571428571428564,0.05000000000000004,1.4,0.6904761904761905,1.5212527964204965,0.052631578947367315,1.6666666666666674,0.375000000000001,1
1448,-0.5581395348837209,0.6382978723404257,-0.787878787878788,-0.4285714285714288,0.0,0.5333333333333333,0.023809523809523808,0.09395973154358982,0.47368421052631515,0.6666666666666669,-0.31250000000000006,0
1172,-0.4186046511627908,0.29787234042553173,-0.787878787878788,0.0,-0.10000000000000007,0.8,0.14285714285714285,-0.7069351230424862,0.5789473684210521,0.33333333333333376,0.375000000000001,1
147,-1.0232558139534882,0.6808510638297874,-0.7272727272727274,-0.5714285714285715,0.34999999999999953,0.4666666666666667,1.3333333333333333,-1.0738255033556883,1.210526315789474,-0.5555555555555556,-0.12499999999999958,0
403,1.9534883720930225,-0.17021276595744697,0.8484848484848486,0.5714285714285712,0.25000000000000017,0.3333333333333333,0.6190476190476191,1.4317673378075348,-1.105263157894737,-0.05555555555555562,0.1875000000000005,1
955,-0.1860465116279071,-0.38297872340425543,0.4242424242424243,0.7142857142857141,0.09999999999999522,-0.5333333333333333,-0.6428571428571429,-0.635346756152087,0.6842105263157892,-0.44444444444444436,1.2500000000000002,1
1497,-0.13953488372093012,0.08510638297872349,0.0,-0.4285714285714288,0.4499999999999996,0.6,2.5952380952380953,-0.19686800894853543,-0.2631578947368436,-0.16666666666666688,-0.31250000000000006,0
464,0.04651162790697657,0.5957446808510639,1.3333333333333333,0.0,0.8999999999999999,0.7333333333333333,2.1666666666666665,0.17897091722592323,-1.210526315789474,-0.5,-0.7499999999999997,0
1350,-0.511627906976744,0.21276595744680823,-0.787878787878788,0.8571428571428564,0.05000000000000004,0.4666666666666667,0.07142857142857142,-0.7248322147650983,0.5263157894736848,-0.5555555555555556,0.375000000000001,0
187,-0.27906976744186024,-0.5531914893617021,0.6666666666666666,-0.2857142857142859,0.09999999999999522,0.0,0.6904761904761905,0.17897091722592323,0.15789473684210428,-0.38888888888888873,-0.6250000000000001,0
1148,0.9302325581395348,-0.46808510638297895,0.5757575757575758,5.714285714285713,-0.4500000000000003,-0.5333333333333333,-0.5714285714285714,0.09843400447426771,-0.5263157894736848,-0.7222222222222225,1.000000000000001,1
1225,2.1395348837209296,-0.5531914893617021,0.696969696969697,0.4285714285714282,0.0,-0.4,-0.42857142857142855,1.0738255033556388,-1.2631578947368436,1.1111111111111112,0.0625000000000009,1
609,0.9767441860465113,0.5531914893617021,0.3333333333333333,4.1428571428571415,1.4999999999999996,-0.2,0.6428571428571429,2.595078299776135,0.052631578947367315,0.11111111111111124,0.1250000000000007,1
144,-0.7906976744186046,-0.5531914893617021,-0.5454545454545455,-0.7142857142857144,-0.6999999999999998,-0.7333333333333333,-0.42857142857142855,-0.6263982102908306,0.15789473684210428,-0.2222222222222225,-0.49999999999999944,0
752,0.13953488372093054,0.5531914893617021,-0.4848484848484849,0.9999999999999993,0.4499999999999996,0.2,0.047619047619047616,0.5503355704697537,-0.10526315789473696,-0.38888888888888873,-0.43749999999999967,0
982,0.6976744186046511,1.4468085106382977,0.0,-0.4285714285714288,-0.05000000000000004,-0.06666666666666667,-0.23809523809523808,0.14317673378074852,-0.3157894736842109,0.0,-0.12499999999999958,0
198,1.6279069767441858,-0.9361702127659576,1.0303030303030303,-0.2857142857142859,-0.6499999999999998,-0.13333333333333333,-0.2619047619047619,0.5816554809843002,-1.0526315789473697,1.944444444444445,-0.06249999999999979,1
884,-0.3720930232558138,0.34042553191489344,-0.6666666666666667,0.4285714285714282,-0.20000000000000015,0.26666666666666666,1.1904761904761905,0.29082774049212523,1.1578947368421042,-0.38888888888888873,-0.43749999999999967,0
280,0.4186046511627908,-0.5106382978723404,0.18181818181818182,4.857142857142855,0.34999999999999953,-0.26666666666666666,0.21428571428571427,1.029082774049158,0.3684210526315782,0.8333333333333337,0.1875000000000005,1
294,-0.511627906976744,-0.6808510638297874,-0.030303030303030335,0.28571428571428525,0.8999999999999999,-0.6,-0.5238095238095238,-0.1789709172259729,0.5263157894736848,-0.11111111111111124,-0.06249999999999979,1
1456,-0.6976744186046511,1.6170212765957448,-0.787878787878788,-0.8571428571428571,-1.4,-0.3333333333333333,-0.5,-0.9530201342281306,1.0,0.05555555555555562,0.4375000000000008,1
401,-0.6511627906976745,0.9148936170212765,-0.7272727272727274,8.14285714285714,2.099999999999999,3.6,2.0476190476190474,1.1633109619686004,0.8421052631578957,-0.5,-0.18749999999999936,0
123,-0.32558139534883723,0.7446808510638295,-0.787878787878788,0.4285714285714282,-0.25000000000000017,-0.7333333333333333,-0.5952380952380952,0.5369127516778194,0.9473684210526326,-0.5555555555555556,-0.6250000000000001,0
1208,0.8837209302325582,0.8510638297872339,0.878787878787879,-0.7142857142857144,2.8,0.6666666666666666,0.3333333333333333,0.32214765100667175,0.21052631578947392,1.7777777777777781,-0.12499999999999958,0
203,-0.5581395348837209,-0.08510638297872349,-0.45454545454545464,-1.0,-0.25000000000000017,0.13333333333333333,0.2619047619047619,-0.6040268456375902,0.26315789473684126,0.944444444444445,-0.43749999999999967,0
836,-0.1860465116279071,0.6170212765957448,-0.4848484848484849,-1.0,-0.6999999999999998,0.8666666666666667,0.40476190476190477,-0.11185682326620201,0.42105263157894784,-0.6111111111111113,-0.5624999999999992,0
247,-0.4186046511627908,0.6808510638297874,-0.5757575757575758,-0.4285714285714288,-0.25000000000000017,0.13333333333333333,0.30952380952380953,0.022371364653240404,0.3684210526315782,-0.5555555555555556,-0.43749999999999967,0
1515,-0.511627906976744,1.3617021276595744,-0.15151515151515157,2.7142857142857126,-0.3000000000000002,0.13333333333333333,0.6428571428571429,0.7248322147650487,1.1578947368421042,0.5555555555555556,-0.604166666666668,1
1562,-0.09302325581395356,0.34042553191489344,0.0,-0.2857142857142859,0.0,1.1333333333333333,2.2142857142857144,-0.2595078299776284,-0.5263157894736848,-0.5555555555555556,-0.18749999999999936,0
1154,0.7441860465116276,-0.4255319148936172,0.27272727272727265,-0.14285714285714296,0.1500000000000001,0.2,0.0,-0.2595078299776284,-0.42105263157894784,0.2222222222222225,0.5625000000000003,1
385,-0.13953488372093012,-0.04255319148936174,0.06060606060606067,-0.14285714285714296,0.34999999999999953,0.6,0.38095238095238093,0.5369127516778194,0.5789473684210521,0.6666666666666669,-0.6250000000000001,0
1407,0.09302325581395314,-1.1914893617021278,0.24242424242424251,4.1428571428571415,-0.8999999999999999,-0.4,-0.38095238095238093,0.2684563758388848,-0.47368421052631515,1.7777777777777781,0.4375000000000008,1
855,0.6046511627906979,-0.6808510638297874,0.393939393939394,-1.0,0.0,1.8,0.40476190476190477,-0.125279642058186,0.8421052631578957,0.6111111111111113,0.4375000000000008,1
220,-0.09302325581395356,0.04255319148936174,0.21212121212121215,0.28571428571428525,0.0,0.6666666666666666,2.5238095238095237,-0.11185682326620201,-0.05263157894736965,-0.11111111111111124,-0.43749999999999967,0
642,0.6976744186046511,0.29787234042553173,0.5454545454545455,0.14285714285714232,-0.4500000000000003,0.4666666666666667,0.7142857142857143,1.0738255033556388,0.7894736842105261,0.05555555555555562,-0.43749999999999967,0
2,-0.09302325581395356,1.5319148936170213,-0.787878787878788,0.5714285714285712,0.8999999999999999,0.7333333333333333,0.6904761904761905,0.0,-0.5789473684210521,0.33333333333333376,-0.24999999999999917,0
113,0.1860465116279071,0.34042553191489344,-0.4848484848484849,0.0,0.25000000000000017,0.0,1.7380952380952381,-0.1789709172259729,-0.8421052631578957,0.2222222222222225,-0.24999999999999917,0
699,0.6511627906976745,0.4042553191489361,0.06060606060606067,1.4285714285714282,0.34999999999999953,0.26666666666666666,0.8095238095238095,1.4765100671140157,0.0,-0.5,-0.31250000000000006,0
1525,-0.9302325581395348,-0.4255319148936172,-0.21212121212121215,-0.2857142857142859,-0.25000000000000017,0.5333333333333333,0.21428571428571427,-0.7069351230424862,0.42105263157894784,0.8888888888888894,-0.12499999999999958,1
952,0.13953488372093054,-1.0212765957446808,0.6666666666666666,-0.14285714285714296,0.6499999999999998,-0.5333333333333333,-0.6190476190476191,-1.2170022371364368,-0.2631578947368436,0.0,1.3750000000000009,1
1417,0.9302325581395348,-0.8510638297872342,1.0,0.0,-0.1500000000000001,-0.7333333333333333,-0.5476190476190477,1.1633109619686004,-0.5789473684210521,0.8888888888888894,-0.37499999999999983,0
1292,0.09302325581395314,0.48936170212765956,-0.4848484848484849,-0.14285714285714296,-0.35000000000000026,0.7333333333333333,0.5238095238095238,-0.18791946308722932,-0.10526315789473696,0.7222222222222225,0.4375000000000008,1
1445,-0.32558139534883723,0.6382978723404257,-0.7272727272727274,0.0,-0.4000000000000003,1.1333333333333333,1.2857142857142858,-0.5100671140939508,0.052631578947367315,0.33333333333333376,0.5625000000000003,1
442,1.813953488372093,-0.5106382978723404,1.181818181818182,-0.07142857142857179,-0.5999999999999998,-0.4666666666666667,-0.2619047619047619,0.8948545861297155,-1.3157894736842108,0.33333333333333376,0.687500000000001,1
1137,1.1162790697674418,0.0,0.5757575757575758,-0.2857142857142859,0.0,-0.5333333333333333,-0.5952380952380952,0.42058165548093945,-0.47368421052631515,0.7777777777777781,0.7500000000000009,1
1257,-0.2325581395348837,0.29787234042553173,-0.12121212121212126,-0.5714285714285715,0.09999999999999522,1.9333333333333333,0.5238095238095238,-0.809843400447382,-1.105263157894737,-1.1111111111111116,-0.6250000000000001,0
1398,-0.32558139534883723,0.29787234042553173,0.0,-0.2857142857142859,0.0,0.2,1.5714285714285714,-0.4295302013422952,-0.15789473684210661,-0.5555555555555556,-0.18749999999999936,0
664,0.9767441860465113,-1.0212765957446808,0.6060606060606062,-0.5714285714285715,-1.4999999999999996,-0.6,-0.5952380952380952,0.2684563758388848,-1.4210526315789478,0.944444444444445,0.0,1
1464,-0.511627906976744,0.4680851063829787,-0.7575757575757577,0.28571428571428525,-0.20000000000000015,0.0,0.023809523809523808,-0.7069351230424862,0.15789473684210428,-0.5,0.375000000000001,1
1258,-0.4651162790697674,0.25531914893616997,0.06060606060606067,3.7142857142857126,0.25000000000000017,-0.13333333333333333,0.7380952380952381,-0.21029082774046973,0.052631578947367315,0.44444444444444436,0.5000000000000006,1
1419,-0.09302325581395356,0.04255319148936174,-0.7575757575757577,-0.8571428571428571,-0.1500000000000001,-0.7333333333333333,-0.4523809523809524,-0.8053691275167538,-0.7894736842105261,-0.8888888888888891,-0.24999999999999917,0
318,0.7441860465116276,1.0638297872340425,-0.4242424242424243,0.9999999999999993,0.09999999999999522,1.0666666666666667,0.8571428571428571,0.8277404921699942,-0.05263157894736965,0.11111111111111124,0.1250000000000007,1
649,0.32558139534883684,-0.17021276595744697,0.12121212121212116,0.8571428571428564,-0.6999999999999998,-0.26666666666666666,-0.23809523809523808,-0.1789709172259729,0.10526315789473696,0.2777777777777781,0.6250000000000001,1
710,0.7906976744186042,-0.8936170212765959,0.6363636363636364,-0.8571428571428571,-0.8999999999999999,-0.06666666666666667,-0.11904761904761904,0.6711409395972617,-0.21052631578947392,0.2222222222222225,-0.12499999999999958,1
1383,0.0,0.34042553191489344,-0.12121212121212126,-0.14285714285714296,0.0,0.7333333333333333,1.5952380952380953,-0.299776286353481,-0.05263157894736965,-0.7222222222222225,-0.18749999999999936,0
1283,-0.04651162790697657,1.0425531914893618,-0.787878787878788,-0.2857142857142859,0.20000000000000015,-0.3333333333333333,-0.38095238095238093,-0.27293064876956274,0.10526315789473696,0.33333333333333376,0.4375000000000008,1
973,0.9767441860465113,-0.5957446808510639,0.7272727272727273,0.28571428571428525,1.1999999999999995,-0.5333333333333333,-0.5952380952380952,-0.1655480984339889,-0.47368421052631515,0.16666666666666688,0.8750000000000004,1
628,0.3720930232558142,0.34042553191489344,0.09090909090909083,0.0,0.8999999999999999,-0.6,-0.5476190476190477,0.8948545861297155,0.26315789473684126,-0.7222222222222225,-0.6874999999999999,0
633,-0.1860465116279071,-0.46808510638297895,-0.36363636363636365,1.1428571428571423,0.34999999999999953,0.4666666666666667,0.11904761904761904,-0.1789709172259729,0.052631578947367315,-0.2777777777777781,0.1875000000000005,1
1307,0.7906976744186042,0.7234042553191486,0.18181818181818182,0.4285714285714282,0.3999999999999996,0.5333333333333333,1.2619047619047619,0.49217002237133856,-0.10526315789473696,0.0,-0.06249999999999979,0
1401,-0.04651162790697657,0.7234042553191486,-0.15151515151515157,-0.14285714285714296,0.0,1.2666666666666666,2.4523809523809526,-0.2684563758389345,-0.3157894736842109,-0.6111111111111113,-0.18749999999999936,0
1409,0.04651162790697657,-0.9787234042553193,0.303030303030303,0.0,-1.5999999999999996,1.4,0.35714285714285715,-0.8053691275167538,-0.21052631578947392,2.1666666666666674,1.3750000000000009,1
1249,-0.511627906976744,-0.46808510638297895,0.21212121212121215,0.0,0.05000000000000004,0.5333333333333333,-0.047619047619047616,-0.8501118568232346,0.5263157894736848,0.7222222222222225,0.5625000000000003,1
1559,-0.511627906976744,0.4680851063829787,0.21212121212121215,6.428571428571427,7.749999999999997,3.466666666666667,1.8333333333333333,0.47874720357940426,-0.47368421052631515,-0.33333333333333315,-0.43749999999999967,0
1255,-0.09302325581395356,0.7659574468085104,-0.6060606060606062,-0.4285714285714288,-0.05000000000000004,0.4,-0.07142857142857142,-0.23266219239371014,0.47368421052631515,0.38888888888888873,0.4375000000000008,0
1372,-0.2325581395348837,0.25531914893616997,0.9090909090909093,1.2857142857142854,3.649999999999999,-0.6,-0.5714285714285714,-0.9127516778523277,-0.5263157894736848,2.2777777777777786,0.8750000000000004,1
1355,-0.3720930232558138,0.25531914893616997,-0.6969696969696971,0.14285714285714232,-0.1500000000000001,-0.4666666666666667,-0.23809523809523808,-0.5011185682326447,0.21052631578947392,-0.5555555555555556,-0.12499999999999958,0
1535,-0.6511627906976745,0.17021276595744697,-0.36363636363636365,0.28571428571428525,-0.7999999999999998,-0.06666666666666667,-0.21428571428571427,-1.2662192393735459,0.5789473684210521,0.0,0.9375000000000002,1
796,1.302325581395349,1.574468085106383,0.12121212121212116,0.5714285714285712,2.5999999999999996,-0.4666666666666667,0.5238095238095238,0.47427293064872633,-1.6842105263157892,3.111111111111112,0.0,0
646,-0.09302325581395356,0.5106382978723404,-0.4848484848484849,5.428571428571427,1.7499999999999998,-0.6,-0.6428571428571429,0.7158836689037426,0.3157894736842109,0.38888888888888873,-0.06249999999999979,1
1013,-0.13953488372093012,2.063829787234042,-0.3333333333333334,-0.14285714285714296,1.0999999999999994,-0.2,-0.14285714285714285,-0.3400447427292839,-0.42105263157894784,-0.7777777777777781,-0.12499999999999958,0
557,1.3488372093023255,0.04255319148936174,0.696969696969697,3.428571428571427,1.8999999999999992,-0.26666666666666666,-0.5,1.5212527964204965,-1.2631578947368436,-0.33333333333333315,0.9375000000000002,1
682,0.0,-0.29787234042553196,-0.09090909090909091,0.0,0.6999999999999998,0.13333333333333333,-0.21428571428571427,-0.2684563758389345,-0.5263157894736848,-0.7222222222222225,0.0,1
578,0.3720930232558142,-0.3404255319148937,0.696969696969697,0.8571428571428564,0.1500000000000001,0.26666666666666666,1.7380952380952381,0.6263982102907809,-0.05263157894736965,-0.11111111111111124,-0.43749999999999967,0
1110,1.302325581395349,-0.2127659574468087,0.5151515151515151,-0.14285714285714296,4.55,0.8666666666666667,0.6666666666666666,0.6263982102907809,-0.7368421052631587,0.7777777777777781,0.375000000000001,1
1267,-0.3720930232558138,0.21276595744680823,-0.6363636363636365,0.14285714285714232,0.05000000000000004,0.13333333333333333,-0.047619047619047616,-0.5190156599552568,0.3684210526315782,-0.11111111111111124,0.0625000000000009,1
1184,-0.5581395348837209,0.5957446808510639,-0.5757575757575758,-0.8571428571428571,-0.49999999999999967,0.13333333333333333,0.5476190476190477,-0.48322147651003244,-0.10526315789473696,-0.11111111111111124,-0.5624999999999992,0
525,0.5581395348837205,-0.38297872340425543,0.696969696969697,0.28571428571428525,0.2999999999999995,0.6,1.8571428571428572,0.35794183445189615,-0.42105263157894784,0.11111111111111124,-0.43749999999999967,0
1060,0.4186046511627908,-0.17021276595744697,0.8181818181818183,2.5714285714285707,1.0499999999999945,-0.7333333333333333,-0.6666666666666666,-0.42058165548098914,-0.5263157894736848,-0.16666666666666688,1.1875000000000004,1
541,0.5581395348837205,0.29787234042553173,-0.06060606060606067,1.5714285714285705,1.0499999999999945,0.4,0.21428571428571427,0.8948545861297155,-0.2631578947368436,0.2777777777777781,-0.37499999999999983,0
749,-0.3720930232558138,-0.08510638297872349,-0.24242424242424251,-0.14285714285714296,-0.4500000000000003,-0.13333333333333333,-0.16666666666666666,0.36241610738252433,1.105263157894737,0.5555555555555556,-0.37499999999999983,1
1478,-1.2558139534883719,-0.2127659574468087,-0.45454545454545464,0.0,-1.5999999999999996,0.13333333333333333,1.2142857142857142,-2.228187919462983,1.210526315789474,1.444444444444445,2.125000000000001,1
1431,-0.27906976744186024,-0.46808510638297895,-0.06060606060606067,-0.5714285714285715,-0.6999999999999998,0.26666666666666666,0.21428571428571427,-0.5369127516778194,0.3157894736842109,0.0,0.1250000000000007,0
485,1.209302325581395,-0.3404255319148937,1.272727272727273,2.7142857142857126,1.6999999999999997,-0.5333333333333333,-0.3333333333333333,0.08948545861296162,-1.3157894736842108,0.2222222222222225,2.0000000000000013,1
96,-1.5348837209302322,0.34042553191489344,-0.27272727272727276,0.14285714285714232,-1.100000000000005,0.2,1.619047619047619,-1.6107382550335076,2.8421052631578956,-0.11111111111111124,1.687500000000001,1
1021,1.5348837209302326,-0.6808510638297874,1.2121212121212124,0.28571428571428525,2.1499999999999995,-0.7333333333333333,-0.7142857142857143,-0.1700223713646668,-0.5789473684210521,-0.5,1.0625000000000009,1
564,-0.1860465116279071,-0.9787234042553193,0.696969696969697,0.7142857142857141,0.5999999999999998,0.7333333333333333,0.5238095238095238,0.1342281879194424,0.0,-0.05555555555555562,-0.06249999999999979,1
1265,0.2325581395348837,-0.6382978723404257,0.18181818181818182,-0.5714285714285715,-0.6999999999999998,0.8,0.30952380952380953,-1.0022371364652893,0.3684210526315782,0.5555555555555556,1.000000000000001,1
743,-0.6976744186046511,0.4042553191489361,-0.787878787878788,-0.4285714285714288,-0.7499999999999998,-0.3333333333333333,-0.47619047619047616,0.17897091722592323,0.7894736842105261,0.16666666666666688,-0.6250000000000001,0
864,-0.3720930232558138,0.42553191489361697,-0.6060606060606062,0.4285714285714282,-0.10000000000000007,0.2,1.0952380952380953,0.2953020134228031,1.0526315789473673,-0.5,-0.31250000000000006,0
892,-0.3720930232558138,0.5957446808510639,-0.6969696969696971,0.14285714285714232,-0.10000000000000007,0.13333333333333333,1.1428571428571428,0.2818791946308688,1.1578947368421042,-0.2777777777777781,-0.31250000000000006,0
1039,0.32558139534883684,-0.46808510638297895,0.4545454545454545,5.714285714285713,-0.10000000000000007,0.7333333333333333,0.09523809523809523,-0.6711409395973115,-0.3684210526315782,0.8333333333333337,1.5000000000000007,1
207,2.2325581395348837,-0.9361702127659576,1.4545454545454546,0.5714285714285712,0.7499999999999998,-0.3333333333333333,-0.23809523809523808,1.1633109619686004,-0.5789473684210521,0.8333333333333337,0.375000000000001,1
393,0.6976744186046511,-0.6382978723404257,0.787878787878788,-0.2857142857142859,0.09999999999999522,-0.5333333333333333,-0.2857142857142857,0.5369127516778194,-0.6842105263157892,-0.6111111111111113,-0.43749999999999967,0
795,0.9767441860465113,-1.0638297872340425,0.8484848484848486,0.14285714285714232,-0.7499999999999998,-0.4666666666666667,-0.2857142857142857,-0.6666666666666335,-0.7368421052631587,-0.5,1.4375000000000007,1
871,-0.13953488372093012,0.8297872340425531,-0.7575757575757577,-0.14285714285714296,-0.7999999999999998,1.1333333333333333,0.11904761904761904,-1.3825503355704258,0.5263157894736848,-0.2777777777777781,1.000000000000001,1
398,1.6279069767441858,0.29787234042553173,1.0,0.5714285714285712,0.34999999999999953,-0.06666666666666667,0.2619047619047619,0.8948545861297155,-0.6842105263157892,0.16666666666666688,0.5000000000000006,1
767,0.3720930232558142,0.29787234042553173,-0.24242424242424251,0.9999999999999993,0.4499999999999996,-0.13333333333333333,0.8571428571428571,0.2595078299776284,-0.894736842105263,-0.44444444444444436,-0.49999999999999944,0
1468,-0.6046511627906975,2.2127659574468086,-0.5454545454545455,0.14285714285714232,-0.6499999999999998,0.3333333333333333,-0.14285714285714285,-0.14317673378074852,1.105263157894737,-0.2777777777777781,0.5000000000000006,0
1242,0.8372093023255816,-0.6382978723404257,0.393939393939394,0.4285714285714282,-0.05000000000000004,0.9333333333333333,0.6428571428571429,0.2192393736017758,-0.7894736842105261,-0.16666666666666688,-0.24999999999999917,0
1029,-0.3720930232558138,-0.7659574468085106,-0.15151515151515157,0.4285714285714282,-0.25000000000000017,1.8,0.7142857142857143,-0.42058165548098914,0.3157894736842109,-0.44444444444444436,-0.06249999999999979,1
643,0.8837209302325582,0.08510638297872349,0.5757575757575758,0.14285714285714232,-0.4500000000000003,0.13333333333333333,0.047619047619047616,1.029082774049158,0.42105263157894784,0.0,-0.49999999999999944,0
613,-0.2325581395348837,0.5106382978723404,-0.787878787878788,0.28571428571428525,-0.1500000000000001,0.26666666666666666,-0.21428571428571427,-0.1342281879194424,0.052631578947367315,-0.11111111111111124,-0.12499999999999958,1
961,0.2325581395348837,-0.2127659574468087,0.030303030303030335,-0.4285714285714288,-1.100000000000005,0.26666666666666666,0.0,-0.7248322147650983,-0.7894736842105261,1.2777777777777781,0.5625000000000003,1
726,0.4651162790697674,0.5957446808510639,-0.27272727272727276,1.1428571428571423,-0.1500000000000001,-0.6,-0.5952380952380952,0.35794183445189615,-0.10526315789473696,-0.38888888888888873,0.1250000000000007,0
684,0.04651162790697657,1.1063829787234043,-0.09090909090909091,0.5714285714285712,-1.05,-0.6,-0.5476190476190477,0.08948545861296162,0.3157894736842109,-0.33333333333333315,0.687500000000001,0
805,0.1860465116279071,0.0,-0.12121212121212126,0.7142857142857141,0.20000000000000015,-0.6666666666666666,-0.47619047619047616,0.008948545861306096,-0.2631578947368436,-0.2777777777777781,-0.18749999999999936,1
407,0.8372093023255816,-0.3404255319148937,0.6363636363636364,0.4285714285714282,-0.8499999999999999,-0.3333333333333333,-0.23809523809523808,0.5816554809843002,-0.3684210526315782,0.16666666666666688,0.375000000000001,1
503,1.1162790697674418,-0.3404255319148937,1.4242424242424243,6.214285714285713,-0.3000000000000002,1.6,0.9047619047619048,0.9843400447426771,-0.7368421052631587,1.2777777777777781,1.1250000000000007,1
1072,-0.2325581395348837,1.0638297872340425,-0.18181818181818182,8.428571428571425,0.8999999999999999,1.0666666666666667,1.2857142857142858,0.9485458612975024,-0.5789473684210521,-0.2222222222222225,-0.6250000000000001,0
780,-0.4186046511627908,0.0,-0.6969696969696971,0.5714285714285712,-0.20000000000000015,0.4666666666666667,1.2857142857142858,0.29082774049212523,1.0,-0.11111111111111124,-0.24999999999999917,0
201,0.7441860465116276,-0.8510638297872342,0.6363636363636364,-1.142857142857143,-1.200000000000005,-0.3333333333333333,-0.3333333333333333,0.0671140939597212,-0.47368421052631515,1.1111111111111112,0.0625000000000009,1
135,-0.04651162790697657,2.2127659574468086,-0.6363636363636365,0.0,0.20000000000000015,-0.06666666666666667,-0.21428571428571427,-0.4026845637583769,-0.47368421052631515,-0.38888888888888873,-0.18749999999999936,1
1052,0.2325581395348837,-0.2553191489361702,1.0,-1.142857142857143,16.699999999999996,0.13333333333333333,0.16666666666666666,0.09843400447426771,-1.4736842105263175,4.000000000000002,-0.6250000000000001,0
1018,0.0,-1.446808510638298,0.3333333333333333,-1.857142857142857,-1.5499999999999996,1.4666666666666666,1.6904761904761905,-3.011185682326496,-2.210526315789474,-1.0000000000000002,1.5625000000000004,1
231,-1.3023255813953485,-0.17021276595744697,-0.6666666666666667,-0.8571428571428571,-1.2999999999999998,0.3333333333333333,1.619047619047619,-1.8344519015659118,1.210526315789474,0.0,1.2500000000000002,1
379,1.5813953488372092,0.4468085106382978,1.2121212121212124,5.714285714285713,0.3999999999999996,-0.5333333333333333,-0.3333333333333333,0.8948545861297155,-1.0526315789473697,2.0555555555555562,1.9375000000000013,1
289,0.32558139534883684,0.0,-0.5151515151515152,0.4285714285714282,0.5499999999999997,0.4,0.2619047619047619,0.35794183445189615,0.15789473684210428,1.3333333333333337,0.2500000000000003,1
419,1.813953488372093,-0.5957446808510639,0.7575757575757577,-0.2857142857142859,2.0499999999999994,-0.4666666666666667,-0.42857142857142855,1.2527964205816116,-0.3684210526315782,0.7777777777777781,0.1250000000000007,1
392,2.651162790697674,-0.4468085106382981,1.272727272727273,0.9999999999999993,0.25000000000000017,0.2,0.11904761904761904,2.0581655480983656,-1.3157894736842108,1.0000000000000007,-0.12499999999999958,1
593,0.4651162790697674,-0.29787234042553196,0.696969696969697,0.5714285714285712,0.20000000000000015,0.4666666666666667,0.8809523809523809,0.8501118568232346,0.21052631578947392,-0.2777777777777781,-0.31250000000000006,0
1163,0.2325581395348837,-0.8510638297872342,0.4848484848484848,0.14285714285714232,-0.25000000000000017,-0.13333333333333333,-0.4523809523809524,-1.1006711409395569,-0.894736842105263,0.5,1.000000000000001,1
1087,0.2325581395348837,-0.7659574468085106,0.4242424242424243,3.5714285714285707,-1.2499999999999998,-0.7333333333333333,-0.6904761904761905,0.2595078299776284,0.3684210526315782,0.2222222222222225,0.8750000000000004,1
648,0.13953488372093054,1.3829787234042552,-0.7575757575757577,0.0,-0.49999999999999967,-0.6,-0.5714285714285714,-0.04474272930648081,0.052631578947367315,-0.2222222222222225,0.5000000000000006,0
1153,0.13953488372093054,0.34042553191489344,-0.030303030303030335,0.0,1.8999999999999992,-0.3333333333333333,0.0,-0.28635346756149704,-0.8421052631578957,-0.5,-0.24999999999999917,0
1368,-0.511627906976744,0.08510638297872349,0.12121212121212116,0.0,0.3999999999999996,-0.3333333333333333,1.5952380952380953,0.20134228187916361,-0.3157894736842109,3.111111111111112,0.1875000000000005,1
521,0.8372093023255816,-1.148936170212766,0.696969696969697,0.7142857142857141,0.3999999999999996,0.06666666666666667,-0.11904761904761904,0.6263982102907809,0.5789473684210521,1.5555555555555562,-0.12499999999999958,1
65,-0.3720930232558138,0.8723404255319148,-0.6363636363636365,3.4999999999999996,0.2999999999999995,-0.6666666666666666,-0.6428571428571429,-0.2684563758389345,0.5263157894736848,-1.2777777777777781,0.4375000000000008,0
15,0.4186046511627908,0.42553191489361697,-0.24242424242424251,2.2857142857142847,4.799999999999998,2.533333333333333,2.5476190476190474,0.8053691275167538,-0.7894736842105261,1.444444444444445,-0.6250000000000001,0
1181,0.09302325581395314,-0.7234042553191491,0.21212121212121215,0.28571428571428525,-0.20000000000000015,-0.2,0.21428571428571427,-0.36241610738252433,-0.21052631578947392,1.0555555555555562,0.5000000000000006,1
1065,0.09302325581395314,0.9361702127659574,-0.5151515151515152,-0.2857142857142859,-0.6499999999999998,-0.6,-0.6666666666666666,-1.172259507829956,-0.15789473684210661,-0.2777777777777781,1.000000000000001,1
493,0.4186046511627908,-0.5106382978723404,0.7575757575757577,0.5714285714285712,-1.4,-0.06666666666666667,-0.2619047619047619,-0.8053691275167538,0.052631578947367315,1.5555555555555562,2.0000000000000013,1
380,0.13953488372093054,-0.4255319148936172,0.36363636363636365,0.4285714285714282,0.6999999999999998,0.6666666666666666,0.5238095238095238,0.49217002237133856,0.0,0.44444444444444436,0.375000000000001,1
188,-0.13953488372093012,0.7872340425531913,-0.4848484848484849,0.5714285714285712,0.20000000000000015,-0.3333333333333333,-0.2857142857142857,0.35794183445189615,0.42105263157894784,-0.7222222222222225,-0.31250000000000006,0
764,0.6046511627906979,0.574468085106383,0.0,-0.2857142857142859,0.7999999999999998,-0.6,-0.07142857142857142,0.2595078299776284,-0.3157894736842109,-1.1111111111111116,-0.37499999999999983,0
217,0.32558139534883684,0.4468085106382978,-0.3030303030303031,-0.2857142857142859,1.0499999999999945,-0.06666666666666667,0.2619047619047619,-0.2684563758389345,-0.894736842105263,-0.2777777777777781,0.5000000000000006,0
792,0.3720930232558142,0.5106382978723404,-0.27272727272727276,0.9999999999999993,0.20000000000000015,0.7333333333333333,2.1904761904761907,0.6174496644294749,-0.42105263157894784,-0.44444444444444436,-0.37499999999999983,0
1077,0.8837209302325582,-0.8510638297872342,0.9090909090909093,-0.2857142857142859,-0.35000000000000026,-0.7333333333333333,-0.7142857142857143,-0.6532438478746992,-0.8421052631578957,0.6111111111111113,0.7500000000000009,1
879,0.3720930232558142,0.3829787234042552,-0.21212121212121215,2.5714285714285707,0.6999999999999998,1.0666666666666667,0.7380952380952381,0.47874720357940426,-0.47368421052631515,-0.6666666666666669,-0.12499999999999958,1
338,-0.09302325581395356,-0.38297872340425543,0.18181818181818182,0.8571428571428564,0.0,1.0,0.47619047619047616,0.2684563758388848,0.0,0.11111111111111124,0.0625000000000009,0
720,-0.4186046511627908,0.5957446808510639,-0.787878787878788,2.4285714285714275,0.2999999999999995,0.2,0.16666666666666666,0.35794183445189615,0.7894736842105261,-0.44444444444444436,-0.43749999999999967,0
296,1.302325581395349,-0.08510638297872349,0.6060606060606062,0.4285714285714282,-0.35000000000000026,-0.6,-0.2619047619047619,1.4765100671140157,-1.3684210526315805,0.11111111111111124,-0.43749999999999967,0
1017,0.4186046511627908,-0.5957446808510639,0.4242424242424243,0.0,-0.5999999999999998,-0.13333333333333333,-0.23809523809523808,-0.8680089485458469,-0.21052631578947392,0.7222222222222225,1.5000000000000007,1
1276,0.0,0.8297872340425531,-0.12121212121212126,0.14285714285714232,-0.25000000000000017,-0.06666666666666667,1.0238095238095237,0.03579418344517471,-0.3684210526315782,-0.44444444444444436,-0.43749999999999967,1
1486,-0.4651162790697674,0.574468085106383,-0.3030303030303031,-0.14285714285714296,-0.3000000000000002,-0.4,-0.30952380952380953,-0.3310961968680275,0.3157894736842109,-0.38888888888888873,-0.31250000000000006,0
456,1.5348837209302326,0.42553191489361697,1.2424242424242427,4.285714285714285,0.2999999999999995,-0.5333333333333333,-0.4523809523809524,0.8948545861297155,-0.47368421052631515,0.38888888888888873,2.0000000000000013,1
1596,-0.9767441860465113,0.12765957446808524,-0.4848484848484849,0.0,-0.8999999999999999,1.6666666666666667,0.30952380952380953,-0.751677852348967,1.105263157894737,0.7777777777777781,0.6250000000000001,1
816,1.302325581395349,-0.29787234042553196,0.21212121212121215,0.4285714285714282,0.95,0.4,0.0,0.6174496644294749,-0.3684210526315782,0.5,0.375000000000001,0
270,1.6279069767441858,-1.446808510638298,0.7575757575757577,2.5714285714285707,1.1999999999999995,-0.6666666666666666,-0.35714285714285715,1.2527964205816116,-0.15789473684210661,1.944444444444445,-0.06249999999999979,1
996,-0.13953488372093012,0.34042553191489344,-0.6060606060606062,-0.2857142857142859,-0.05000000000000004,0.3333333333333333,0.07142857142857142,0.0760626398210273,0.42105263157894784,0.0,-0.06249999999999979,1
202,0.3720930232558142,-0.6382978723404257,0.6666666666666666,-0.14285714285714296,0.8499999999999951,1.6666666666666667,2.5476190476190474,0.3131991051454153,-1.4210526315789478,2.2777777777777786,-0.5624999999999992,0
162,-0.1860465116279071,0.6808510638297874,-0.7272727272727274,-1.2857142857142856,-0.4000000000000003,-0.3333333333333333,-0.42857142857142855,-0.1342281879194424,-0.7368421052631587,2.5555555555555567,-0.6250000000000001,0
402,-0.13953488372093012,-1.1063829787234043,0.12121212121212116,-0.7142857142857144,-1.05,0.4,0.0,-0.8501118568232346,-0.10526315789473696,-0.8333333333333337,0.375000000000001,1
703,-0.4651162790697674,0.5106382978723404,-0.7272727272727274,-0.14285714285714296,-0.6499999999999998,-0.3333333333333333,-0.35714285714285715,0.08948545861296162,0.8421052631578957,0.2777777777777781,-0.49999999999999944,1
1501,-0.2325581395348837,0.8723404255319148,-0.6666666666666667,-1.0,-0.20000000000000015,-0.4,-0.5476190476190477,-0.7695749440715791,-0.2631578947368436,-0.5,-0.37499999999999983,0
1130,1.1627906976744184,-0.38297872340425543,0.27272727272727265,1.5714285714285705,0.5999999999999998,0.6666666666666666,0.7619047619047619,0.5279642058165133,-0.5263157894736848,0.38888888888888873,0.1875000000000005,1
566,2.1860465116279064,0.34042553191489344,0.696969696969697,0.8571428571428564,-0.25000000000000017,-0.6,-0.4523809523809524,1.1633109619686004,-0.894736842105263,-0.2777777777777781,0.7500000000000009,0
1414,0.8837209302325582,0.21276595744680823,-0.030303030303030335,-0.2857142857142859,1.1999999999999995,-0.13333333333333333,1.2142857142857142,-0.2237136465324537,-1.4210526315789478,1.5555555555555562,-0.06249999999999979,0
1022,1.5348837209302326,-0.6808510638297874,1.2121212121212124,0.28571428571428525,2.1499999999999995,-0.7333333333333333,-0.7142857142857143,-0.1700223713646668,-0.5789473684210521,-0.5,1.0625000000000009,1
1412,-0.7441860465116276,-0.2127659574468087,0.4242424242424243,0.28571428571428525,-0.4500000000000003,-0.4,-0.4523809523809524,-0.2237136465324537,1.3157894736842108,0.6111111111111113,0.2500000000000003,1
1105,0.0,-0.17021276595744697,0.24242424242424251,0.0,-0.35000000000000026,0.13333333333333333,-0.30952380952380953,-1.4317673378075348,-0.15789473684210661,0.2222222222222225,1.3750000000000009,1
35,-1.3023255813953485,-0.8510638297872342,-0.030303030303030335,-0.5714285714285715,1.1499999999999995,-0.06666666666666667,0.2857142857142857,-0.49217002237133856,0.3684210526315782,-0.38888888888888873,-0.6250000000000001,0
776,-0.3720930232558138,2.0425531914893615,-0.787878787878788,1.1428571428571423,1.0999999999999994,-0.4666666666666667,-0.5238095238095238,-0.42058165548098914,0.6315789473684218,-0.8888888888888891,-0.12499999999999958,0
509,0.9302325581395348,0.29787234042553173,0.1515151515151515,0.0,0.49999999999999967,0.8,0.5714285714285714,1.1633109619686004,-0.6842105263157892,0.05555555555555562,0.0,1
1452,-0.09302325581395356,-0.8510638297872342,0.5454545454545455,0.7142857142857141,1.1999999999999995,-0.4,-0.5,0.23266219239371014,0.10526315789473696,0.8888888888888894,0.5000000000000006,1
1479,-0.4186046511627908,1.5106382978723405,-0.6363636363636365,4.999999999999999,0.09999999999999522,-0.7333333333333333,-0.5714285714285714,0.5727069351229941,0.47368421052631515,-0.5555555555555556,0.0,0
1574,-0.9302325581395348,0.25531914893616997,-0.18181818181818182,0.28571428571428525,-0.25000000000000017,0.06666666666666667,0.2857142857142857,-0.9530201342281306,1.4210526315789478,0.2777777777777781,1.4375000000000007,1
1391,-0.9302325581395348,-0.12765957446808524,-0.787878787878788,0.14285714285714232,-0.5999999999999998,0.06666666666666667,-0.11904761904761904,-1.736017897091644,1.4210526315789478,-0.16666666666666688,1.4375000000000007,1
92,0.27906976744186024,-0.12765957446808524,0.06060606060606067,-0.4285714285714288,1.4999999999999996,0.4,2.3333333333333335,0.17897091722592323,-2.0,7.388888888888892,-0.18749999999999936,1
1364,0.0,1.3191489361702127,0.030303030303030335,-0.2857142857142859,0.0,-0.2,0.5952380952380952,-0.125279642058186,-0.10526315789473696,-0.7777777777777781,-0.24999999999999917,0
898,-0.4186046511627908,0.29787234042553173,-0.7575757575757577,0.14285714285714232,0.0,0.8666666666666667,0.11904761904761904,-0.5816554809843002,0.5789473684210521,-0.2222222222222225,0.31250000000000006,1
565,2.325581395348837,-0.2127659574468087,0.696969696969697,2.9999999999999987,0.25000000000000017,-0.5333333333333333,0.21428571428571427,2.371364653243731,-0.05263157894736965,0.33333333333333376,1.5625000000000004,1
1370,-0.6511627906976745,0.3829787234042552,-0.787878787878788,-0.8571428571428571,-0.5499999999999997,-0.6666666666666666,-0.7142857142857143,-1.2706935123042238,0.10526315789473696,-1.3888888888888893,0.1250000000000007,0
777,-0.511627906976744,1.0425531914893618,-0.24242424242424251,0.28571428571428525,8.149999999999997,-0.5666666666666667,0.23809523809523808,-0.3042505592841092,0.47368421052631515,-0.11111111111111124,0.0625000000000009,1
242,1.8604651162790695,-0.5957446808510639,0.9090909090909093,-0.14285714285714296,0.6499999999999998,-0.5333333333333333,-0.3333333333333333,1.0961968680088792,-0.894736842105263,0.5,0.4375000000000008,1
14,-0.09302325581395356,0.3829787234042552,0.09090909090909083,-0.8571428571428571,1.6999999999999997,-0.3333333333333333,-0.21428571428571427,0.2684563758388848,-0.2631578947368436,5.222222222222224,-0.6874999999999999,0
316,-0.4186046511627908,-0.7234042553191491,0.09090909090909083,0.4285714285714282,0.7999999999999998,0.4,0.35714285714285715,-0.2684563758389345,0.5789473684210521,0.16666666666666688,0.5000000000000006,1
601,0.09302325581395314,1.6808510638297873,0.030303030303030335,-0.14285714285714296,0.3999999999999996,-0.4666666666666667,-0.35714285714285715,-0.2684563758389345,-0.2631578947368436,-0.8333333333333337,-0.12499999999999958,0
388,0.13953488372093054,0.5957446808510639,-0.3333333333333334,-0.4285714285714288,-0.05000000000000004,0.2,0.09523809523809523,0.17897091722592323,0.0,-0.44444444444444436,-0.37499999999999983,1
1298,-0.3720930232558138,0.04255319148936174,-0.36363636363636365,-0.14285714285714296,-0.7999999999999998,0.06666666666666667,-0.21428571428571427,-1.5973154362415733,0.21052631578947392,-0.05555555555555562,1.1875000000000004,1
167,-0.5581395348837209,0.5106382978723404,-0.4848484848484849,-0.14285714285714296,0.25000000000000017,0.26666666666666666,1.5,-0.5369127516778194,0.15789473684210428,-0.5555555555555556,0.0,0
841,1.4418604651162787,-0.4255319148936172,0.6363636363636364,0.6428571428571423,0.25000000000000017,-0.3333333333333333,-0.09523809523809523,0.25055928411632233,-0.3684210526315782,0.8333333333333337,1.1875000000000004,1
21,0.4186046511627908,-1.2765957446808514,0.6666666666666666,-0.5714285714285715,-0.1500000000000001,1.0,0.5238095238095238,0.0,0.42105263157894784,-0.5,-0.49999999999999944,1
647,-0.32558139534883723,0.6382978723404257,-0.6363636363636365,1.9999999999999993,1.3499999999999996,-0.5333333333333333,-0.42857142857142855,0.17897091722592323,0.47368421052631515,0.05555555555555562,-0.06249999999999979,0
1509,-0.4186046511627908,-1.0638297872340425,1.0303030303030303,-0.14285714285714296,-0.3000000000000002,0.2,-0.30952380952380953,0.5995525727069123,0.3684210526315782,0.5555555555555556,0.2500000000000003,1
1155,-0.6511627906976745,0.25531914893616997,-0.787878787878788,0.0,1.0,2.4,0.5952380952380952,-0.6085011185682184,1.4736842105263153,0.33333333333333376,0.7500000000000009,1
832,-0.9767441860465113,0.3829787234042552,-0.5454545454545455,-0.14285714285714296,-0.4500000000000003,0.13333333333333333,-0.3333333333333333,-1.3601789709171854,1.3157894736842108,0.8333333333333337,0.5625000000000003,1
1268,1.1162790697674418,-0.38297872340425543,0.7272727272727273,0.14285714285714232,-0.5999999999999998,-0.06666666666666667,-0.4523809523809524,-0.35794183445189615,-1.105263157894737,1.3888888888888893,0.7500000000000009,1
563,0.4651162790697674,0.08510638297872349,0.696969696969697,0.9999999999999993,0.6999999999999998,1.8,1.7142857142857142,0.6263982102907809,-1.210526315789474,-0.05555555555555562,-0.6250000000000001,0
687,-0.4186046511627908,0.5531914893617021,-0.24242424242424251,-0.5714285714285715,-0.49999999999999967,-0.06666666666666667,0.047619047619047616,0.08948545861296162,0.6842105263157892,-0.11111111111111124,-0.6874999999999999,0
958,0.6976744186046511,-0.6382978723404257,0.787878787878788,-0.2857142857142859,0.3999999999999996,-0.13333333333333333,0.30952380952380953,-0.299776286353481,-0.10526315789473696,-0.2222222222222225,0.5625000000000003,1
976,-0.3720930232558138,-0.46808510638297895,0.12121212121212116,-0.14285714285714296,0.1500000000000001,1.4,0.8095238095238095,0.08948545861296162,0.6842105263157892,-0.5555555555555556,-0.49999999999999944,0
700,1.7674418604651163,-0.5957446808510639,0.878787878787879,-0.14285714285714296,-0.4500000000000003,-0.6,-0.4523809523809524,0.8053691275167538,-1.0526315789473697,0.0,0.375000000000001,1
1500,-0.511627906976744,0.9361702127659574,-0.6969696969696971,0.14285714285714232,-1.2999999999999998,-0.4666666666666667,-0.5238095238095238,-0.7695749440715791,0.7368421052631587,0.05555555555555562,0.8125000000000007,1
511,2.0465116279069764,-0.4255319148936172,0.696969696969697,3.428571428571427,-0.35000000000000026,0.3333333333333333,0.11904761904761904,0.44742729306485773,-1.5263157894736847,-0.05555555555555562,-0.43749999999999967,0
1083,-0.3720930232558138,-0.5957446808510639,0.12121212121212116,-0.5714285714285715,-0.35000000000000026,1.1333333333333333,0.7619047619047619,0.022371364653240404,0.5789473684210521,-0.16666666666666688,-0.43749999999999967,1
475,1.1627906976744184,-1.0212765957446808,0.7575757575757577,-0.7142857142857144,0.0,-0.26666666666666666,-0.3333333333333333,0.6263982102907809,-0.5789473684210521,1.5000000000000007,-0.49999999999999944,1
748,0.27906976744186024,-0.8085106382978724,0.4242424242424243,0.5714285714285712,0.1500000000000001,0.13333333333333333,0.7142857142857143,0.45637583892616385,-0.05263157894736965,-0.7777777777777781,-0.49999999999999944,0
253,1.4418604651162787,-0.7234042553191491,0.6666666666666666,1.2857142857142854,0.49999999999999967,-0.6,-0.40476190476190477,0.8053691275167538,-0.7368421052631587,-0.5,0.1875000000000005,0
22,-0.1860465116279071,-0.5531914893617021,0.1515151515151515,0.14285714285714232,0.09999999999999522,0.6,0.7857142857142857,0.6263982102907809,1.105263157894737,0.16666666666666688,-0.31250000000000006,0
1338,-0.9302325581395348,-0.08510638297872349,-0.787878787878788,-1.142857142857143,-1.1499999999999997,0.06666666666666667,-0.2857142857142857,-1.038031319910464,0.26315789473684126,-0.9444444444444446,-0.43749999999999967,0
460,1.6744186046511624,0.25531914893616997,1.2121212121212124,0.0,-0.3000000000000002,-0.26666666666666666,0.21428571428571427,1.7897091722593812,-0.3157894736842109,-0.2777777777777781,-0.7499999999999997,0
1185,-0.6046511627906975,0.5106382978723404,-0.09090909090909091,-0.14285714285714296,0.0,-0.2,1.9285714285714286,-0.635346756152087,0.26315789473684126,0.44444444444444436,0.4375000000000008,0
277,-0.511627906976744,0.08510638297872349,-0.6666666666666667,1.1428571428571423,-0.1500000000000001,-0.4666666666666667,-0.2619047619047619,0.8501118568232346,2.0,1.6111111111111118,-0.49999999999999944,1
1216,0.3720930232558142,-1.0638297872340425,0.6060606060606062,-0.14285714285714296,0.7499999999999998,0.4,-0.21428571428571427,-0.8590604026845408,-0.2631578947368436,-0.33333333333333315,0.687500000000001,1
386,-0.27906976744186024,0.4680851063829787,-0.5757575757575758,0.28571428571428525,0.49999999999999967,-0.2,-0.023809523809523808,0.49217002237133856,0.6315789473684218,0.7777777777777781,-0.31250000000000006,1
806,0.09302325581395314,-1.0212765957446808,0.4242424242424243,0.28571428571428525,-1.4,-0.6666666666666666,-0.6666666666666666,-1.449664429530147,0.10526315789473696,0.44444444444444436,1.6250000000000013,1
1516,-0.511627906976744,1.3617021276595744,-0.15151515151515157,2.7142857142857126,-0.3000000000000002,0.13333333333333333,0.6428571428571429,0.7248322147650487,1.1578947368421042,0.5555555555555556,-0.5937499999999997,1
770,-0.04651162790697657,0.8510638297872339,-0.7575757575757577,-0.4285714285714288,-0.20000000000000015,-0.4666666666666667,-0.14285714285714285,-0.0536912751677869,0.42105263157894784,-0.44444444444444436,-0.37499999999999983,0
1333,0.1860465116279071,-0.5531914893617021,-0.4848484848484849,-0.7142857142857144,-0.25000000000000017,-0.5333333333333333,-0.30952380952380953,-0.44295302013422955,-1.1578947368421066,-1.055555555555556,-0.31250000000000006,1
131,0.0,0.9574468085106382,0.9090909090909093,-0.2857142857142859,1.8999999999999992,1.0666666666666667,2.2857142857142856,0.0,-0.3684210526315782,0.2222222222222225,-0.49999999999999944,0
1124,1.2558139534883717,-0.5106382978723404,0.3333333333333333,-0.4285714285714288,0.05000000000000004,0.2,-0.21428571428571427,-0.026845637583918287,-1.0,0.16666666666666688,0.6250000000000001,1
1397,0.32558139534883684,0.6595744680851066,-0.4848484848484849,-0.8571428571428571,0.49999999999999967,-0.6666666666666666,-0.6428571428571429,0.29082774049212523,0.0,0.16666666666666688,-0.4062499999999992,0
88,-0.13953488372093012,-0.12765957446808524,0.0,-0.4285714285714288,-0.8999999999999999,-0.3333333333333333,-0.16666666666666666,-0.08948545861296162,0.42105263157894784,0.11111111111111124,-0.37499999999999983,0
331,1.023255813953488,-0.6808510638297874,1.1515151515151516,0.9999999999999993,2.099999999999999,-0.26666666666666666,0.07142857142857142,0.5369127516778194,-0.42105263157894784,0.2222222222222225,1.4375000000000007,1
1239,0.04651162790697657,0.8936170212765956,-0.787878787878788,0.4285714285714282,0.05000000000000004,-0.13333333333333333,-0.3333333333333333,0.5279642058165133,0.3684210526315782,-0.8888888888888891,-0.37499999999999983,0
467,1.0697674418604652,-0.08510638297872349,0.4848484848484848,-0.2857142857142859,-0.5499999999999997,0.4666666666666667,0.30952380952380953,0.6263982102907809,-0.7894736842105261,0.5555555555555556,0.8125000000000007,1
122,0.3720930232558142,0.12765957446808524,-0.6666666666666667,0.0,1.9499999999999993,0.0,0.42857142857142855,-0.2684563758389345,-0.5263157894736848,-0.11111111111111124,0.4375000000000008,1
1045,-0.7441860465116276,-0.5531914893617021,0.21212121212121215,1.5714285714285705,-1.6999999999999997,-0.13333333333333333,0.35714285714285715,-1.727069351230338,0.26315789473684126,0.0,1.2500000000000002,1
1096,0.6511627906976745,-0.5106382978723404,0.6363636363636364,0.4285714285714282,0.34999999999999953,-0.5333333333333333,-0.42857142857142855,0.411633109619683,-0.8421052631578957,-0.6666666666666669,0.1875000000000005,0
1131,0.511627906976744,0.34042553191489344,-0.787878787878788,-0.4285714285714288,-1.100000000000005,-0.6,-0.6666666666666666,0.4026845637583769,-0.6842105263157892,0.05555555555555562,0.1250000000000007,1
1295,0.09302325581395314,0.48936170212765956,-0.4848484848484849,-0.14285714285714296,-0.35000000000000026,0.7333333333333333,0.5238095238095238,-0.18791946308722932,-0.10526315789473696,0.7222222222222225,0.4375000000000008,1
861,-0.3720930232558138,0.42553191489361697,-0.6060606060606062,0.7142857142857141,-0.1500000000000001,0.06666666666666667,1.119047619047619,0.2953020134228031,1.0526315789473673,-0.44444444444444436,-0.43749999999999967,0
1460,-0.04651162790697657,-1.3617021276595747,0.27272727272727265,-0.7142857142857144,-1.2999999999999998,-0.4666666666666667,-0.5476190476190477,-0.9932885906039832,0.052631578947367315,1.0000000000000007,1.0625000000000009,1
1127,-1.0232558139534882,-0.9787234042553193,0.0,-0.7142857142857144,-0.8499999999999999,-0.7333333333333333,-0.6428571428571429,-2.371364653243731,0.42105263157894784,-0.44444444444444436,2.062500000000001,1
