id,fixed acidity,volatile acidity,citric acid,residual sugar,chlorides,free sulfur dioxide,total sulfur dioxide,density,pH,sulphates,alcohol,class
494,0.3809523809523805,0.7311827956989243,0.1515151515151515,1.1428571428571423,0.34999999999999953,0.6428571428571429,1.0238095238095237,1.5777262180974154,0.894736842105263,0.6666666666666669,0.8750000000000004,1
355,-0.8571428571428577,-1.3333333333333333,0.4242424242424243,-1.142857142857143,-0.6499999999999998,1.8928571428571428,3.0238095238095237,-2.5986078886310917,-0.3157894736842109,-0.16666666666666688,1.0625000000000009,1
343,1.4285714285714288,-0.5591397849462365,0.6363636363636364,-0.5714285714285715,1.9499999999999993,-0.5714285714285714,-0.5714285714285714,0.6496519721577472,-0.05263157894736965,0.7222222222222225,-0.24999999999999917,1
835,0.4285714285714288,0.7096774193548387,0.0,-0.8571428571428571,0.4499999999999996,0.14285714285714285,-0.35714285714285715,0.06496519721579017,0.052631578947367315,-0.8333333333333337,-0.49999999999999944,0
706,0.23809523809523814,2.2150537634408596,-0.3333333333333334,5.428571428571427,-0.3000000000000002,-0.21428571428571427,0.38095238095238093,1.0208816705336248,0.3157894736842109,-0.7222222222222225,-0.18749999999999936,0
523,0.14285714285714238,-0.5591397849462365,0.696969696969697,0.14285714285714232,1.0,2.357142857142857,2.261904761904762,0.5104408352668124,0.3684210526315782,2.0555555555555562,-0.24999999999999917,0
1591,-0.7619047619047623,0.1290322580645162,-0.3333333333333334,-0.5714285714285715,-0.10000000000000007,0.8571428571428571,-0.07142857142857142,-1.69837587006959,0.052631578947367315,1.1111111111111112,0.8750000000000004,1
1056,0.14285714285714238,0.5161290322580644,0.030303030303030335,-0.2857142857142859,0.7999999999999998,-0.6428571428571429,0.9285714285714286,0.31090487238976466,-0.9473684210526326,0.0,-0.6874999999999999,1
278,1.7142857142857144,-1.4623655913978493,0.7575757575757577,2.5714285714285707,1.2499999999999996,-0.7142857142857143,-0.35714285714285715,1.2993039443155459,-0.15789473684210661,1.944444444444445,-0.06249999999999979,1
1240,-0.666666666666667,0.6451612903225806,-0.787878787878788,2.9999999999999987,-1.0999999999999996,-0.21428571428571427,-0.42857142857142855,-0.8909512761020959,0.7368421052631587,-0.33333333333333315,1.000000000000001,0
949,0.4761904761904763,-1.7204301075268815,0.5757575757575758,-0.5714285714285715,-0.20000000000000015,-0.2857142857142857,-0.40476190476190477,-0.5939675174014145,0.5263157894736848,0.7777777777777781,1.0625000000000009,1
793,-0.3809523809523814,0.3870967741935482,-0.7272727272727274,0.4285714285714282,0.10000000000000007,0.21428571428571427,1.1666666666666667,0.3016241299303587,0.894736842105263,-0.11111111111111124,-0.31250000000000006,1
237,-0.3333333333333335,0.47311827956989233,-0.787878787878788,-0.4285714285714288,0.899999999999995,0.0,0.0,-0.02320185614848913,0.3157894736842109,-0.2222222222222225,-0.7499999999999997,1
670,1.6190476190476195,-0.7741935483870966,0.5757575757575758,-0.2857142857142859,0.14999999999999525,-0.5714285714285714,-0.5476190476190477,0.9280742459396683,-1.9473684210526327,0.2222222222222225,-0.6250000000000001,1
1582,-0.8095238095238098,0.1720430107526883,-0.5151515151515152,-0.7142857142857144,-1.2999999999999998,0.7142857142857143,-0.14285714285714285,-1.29002320185614,1.210526315789474,-0.11111111111111124,0.687500000000001,0
1541,-0.8095238095238098,0.0,-0.5454545454545455,3.1428571428571423,-0.4000000000000003,-0.21428571428571427,-0.14285714285714285,-0.1577726218097467,1.3157894736842108,0.05555555555555562,0.8750000000000004,1
340,2.1904761904761907,-1.0322580645161288,0.8484848484848486,0.14285714285714232,0.14999999999999525,-0.14285714285714285,-0.21428571428571427,1.3457076566125241,-1.0526315789473697,4.111111111111113,-0.24999999999999917,1
1395,-0.7142857142857144,0.21505376344085989,-0.36363636363636365,2.4285714285714275,-0.4499999999999996,0.9285714285714286,0.8333333333333334,-0.051044083526706995,0.052631578947367315,-0.7777777777777781,-0.6250000000000001,0
209,-0.04761904761904788,-0.34408602150537637,0.06060606060606067,0.7142857142857141,1.05,0.2857142857142857,1.3571428571428572,-0.09280742459395652,-0.47368421052631515,0.2777777777777781,-0.49999999999999944,0
1084,0.3809523809523805,-0.4301075268817205,0.5757575757575758,0.28571428571428525,-0.35000000000000026,1.2857142857142858,0.5,-0.29234338747100425,0.10526315789473696,0.8333333333333337,1.1250000000000007,1
947,1.095238095238095,-0.34408602150537637,0.9696969696969696,2.7142857142857126,0.6499999999999998,-0.21428571428571427,-0.3333333333333333,0.3016241299303587,-0.10526315789473696,2.0555555555555562,1.1250000000000007,1
1492,-1.0952380952380958,0.08602150537634415,-0.6666666666666667,-0.7142857142857144,-1.4999999999999996,-0.6428571428571429,-0.5952380952380952,-1.2064965197215893,2.1578947368421066,-0.2222222222222225,0.7500000000000009,0
59,-0.04761904761904788,0.30107526881720403,-0.24242424242424251,0.14285714285714232,-0.1500000000000001,0.21428571428571427,0.38095238095238093,0.32482598607889934,0.6315789473684218,-0.16666666666666688,-0.12499999999999958,0
382,2.761904761904762,-0.45161290322580655,1.272727272727273,0.9999999999999993,0.3000000000000002,0.21428571428571427,0.11904761904761904,2.1345707656612576,-1.3157894736842108,1.0000000000000007,-0.12499999999999958,1
1204,0.9523809523809526,0.9462365591397847,-0.21212121212121215,5.1428571428571415,1.5999999999999996,1.3571428571428572,0.9047619047619048,0.9187935034802622,-0.894736842105263,-0.38888888888888873,-0.49999999999999944,0
1102,-0.23809523809523814,-0.1290322580645162,0.030303030303030335,-0.14285714285714296,-0.4000000000000003,0.0,-0.30952380952380953,-1.35498839907193,0.21052631578947392,0.05555555555555562,1.1250000000000007,1
821,-0.4285714285714288,0.7096774193548387,-0.787878787878788,-0.4285714285714288,1.0,-0.35714285714285715,-0.38095238095238093,-0.3433874709977113,0.15789473684210428,-0.11111111111111124,-0.31250000000000006,0
1266,-0.3333333333333335,0.21505376344085989,-0.6363636363636365,0.14285714285714232,0.10000000000000007,0.14285714285714285,-0.047619047619047616,-0.5382830626450302,0.3684210526315782,-0.11111111111111124,0.0625000000000009,1
1459,0.23809523809523814,-0.989247311827957,0.4242424242424243,-0.7142857142857144,-0.5999999999999998,-0.42857142857142855,-0.42857142857142855,-0.35730858468679444,0.42105263157894784,-0.11111111111111124,0.1875000000000005,0
809,-0.23809523809523814,0.043010752688172074,-0.4242424242424243,-0.4285714285714288,4.3,-0.7142857142857143,-0.6190476190476191,0.10208816705336247,-0.2631578947368436,1.3333333333333337,-0.6250000000000001,0
1287,-0.3809523809523814,-1.5483870967741933,0.5454545454545455,0.4285714285714282,-0.5499999999999997,0.21428571428571427,-0.16666666666666666,-1.6334106728537996,0.21052631578947392,-0.44444444444444436,1.3750000000000009,1
434,2.095238095238096,-0.5591397849462365,1.1212121212121213,0.14285714285714232,0.5999999999999998,-0.5714285714285714,-0.47619047619047616,1.670533642691372,-0.7894736842105261,-0.7222222222222225,-0.43749999999999967,0
1436,1.095238095238095,0.08602150537634415,0.3333333333333333,18.85714285714285,6.749999999999999,2.9285714285714284,1.3571428571428572,3.197215777262132,-0.6842105263157892,0.8333333333333337,-0.7499999999999997,1
293,1.1904761904761907,0.1290322580645162,-0.09090909090909091,0.7142857142857141,0.5999999999999998,0.2857142857142857,0.23809523809523808,1.2064965197215378,-0.47368421052631515,0.11111111111111124,0.0625000000000009,1
552,0.7142857142857144,-0.38709677419354843,-0.06060606060606067,0.8571428571428564,0.6499999999999998,0.0,0.16666666666666666,0.5568445475637906,-0.6315789473684218,0.6111111111111113,-0.12499999999999958,1
1228,0.5238095238095237,0.258064516129032,-0.030303030303030335,-0.2857142857142859,1.2499999999999996,-0.42857142857142855,-0.40476190476190477,0.4129930394431271,-0.21052631578947392,0.5555555555555556,-0.37499999999999983,0
1396,0.33333333333333304,0.7096774193548387,-0.4848484848484849,-0.8571428571428571,0.6499999999999998,-0.7857142857142857,-0.6190476190476191,0.3016241299303587,0.0,0.16666666666666688,-0.4062499999999992,1
1177,-0.666666666666667,1.5483870967741933,-0.6969696969696971,4.857142857142855,0.0,0.6428571428571429,0.21428571428571427,-0.5011600928074065,1.4210526315789478,-0.6666666666666669,0.6250000000000001,0
234,-0.4761904761904763,0.0,-0.030303030303030335,0.5714285714285712,0.10000000000000007,-0.2857142857142857,-0.023809523809523808,0.02320185614848913,0.7894736842105261,-0.6666666666666669,0.5000000000000006,0
1125,-0.666666666666667,0.258064516129032,-0.787878787878788,0.0,0.8499999999999999,-0.7857142857142857,-0.5952380952380952,-0.5707656612529254,1.6315789473684217,0.0,0.8125000000000007,0
197,-0.28571428571428603,0.258064516129032,0.12121212121212116,0.28571428571428525,-0.25000000000000017,0.07142857142857142,0.40476190476190477,0.0,0.7894736842105261,-0.16666666666666688,0.0,0
1439,-0.4285714285714288,0.30107526881720403,-0.787878787878788,-0.7142857142857144,-1.3499999999999999,-0.7857142857142857,-0.7142857142857143,-0.3712296983758776,0.5263157894736848,-0.8333333333333337,0.0625000000000009,0
1341,-0.1904761904761907,-0.043010752688172074,-0.7272727272727274,-0.7142857142857144,0.25000000000000017,-0.07142857142857142,-0.16666666666666666,-0.6589327146171531,0.26315789473684126,-0.44444444444444436,0.1875000000000005,1
82,-0.04761904761904788,-0.38709677419354843,1.3333333333333333,-0.4285714285714288,19.249999999999993,0.5714285714285714,0.6904761904761905,0.27842227378186957,-0.9473684210526326,3.6666666666666683,-0.49999999999999944,0
1496,-0.4285714285714288,-0.38709677419354843,-0.7272727272727274,-0.4285714285714288,0.05000000000000004,0.07142857142857142,-0.23809523809523808,-0.8723897911832841,0.21052631578947392,1.0555555555555562,0.2500000000000003,1
439,1.1904761904761907,-0.47311827956989255,0.878787878787879,1.4285714285714282,-0.1500000000000001,0.5714285714285714,0.38095238095238093,1.2993039443155459,-0.8421052631578957,1.5000000000000007,-0.18749999999999936,1
1230,-0.1428571428571432,-0.38709677419354843,0.09090909090909083,-0.14285714285714296,-0.20000000000000015,0.35714285714285715,0.6666666666666666,0.17633410672850708,0.47368421052631515,0.11111111111111124,-0.43749999999999967,0
112,0.23809523809523814,0.43010752688172027,-0.5151515151515152,0.0,0.25000000000000017,-0.21428571428571427,1.6666666666666667,-0.18561484918796456,-0.8421052631578957,0.2222222222222225,-0.24999999999999917,0
1359,-0.23809523809523814,0.5161290322580644,-0.27272727272727276,4.57142857142857,4.449999999999999,2.7142857142857144,1.4285714285714286,0.25986078886310915,-0.15789473684210661,-0.6666666666666669,-0.43749999999999967,0
1189,-0.5714285714285716,0.5161290322580644,-0.09090909090909091,-0.14285714285714296,0.05000000000000004,-0.21428571428571427,1.9285714285714286,-0.6589327146171531,0.26315789473684126,0.44444444444444436,0.4375000000000008,0
1349,-0.3333333333333335,0.5806451612903225,-0.6969696969696971,-0.5714285714285715,-0.05000000000000004,-0.5,-0.6190476190476191,-0.43155452436193903,0.15789473684210428,-1.2777777777777781,-0.43749999999999967,0
472,0.8095238095238093,0.08602150537634415,0.4848484848484848,0.28571428571428525,0.10000000000000007,0.7857142857142857,0.3333333333333333,0.09280742459395652,-0.5789473684210521,0.5,0.7500000000000009,1
1347,-0.8571428571428577,0.30107526881720403,-0.7575757575757577,-0.14285714285714296,-1.150000000000005,-0.6428571428571429,-0.5952380952380952,-0.9651972157772405,1.105263157894737,-0.33333333333333315,0.7500000000000009,0
933,-0.1428571428571432,-0.5161290322580644,0.09090909090909083,-0.4285714285714288,-0.05000000000000004,1.0714285714285714,0.6666666666666666,0.13921113689093478,0.7368421052631587,-0.16666666666666688,-0.43749999999999967,1
910,-0.28571428571428603,-0.9247311827956989,0.393939393939394,-1.4285714285714286,-1.0,-0.5,-0.6428571428571429,-1.6194895591647165,-0.10526315789473696,-0.5555555555555556,0.8125000000000007,1
1484,0.09523809523809491,-0.8172043010752686,0.5454545454545455,-1.0,-1.8499999999999996,-0.5714285714285714,-0.6190476190476191,-0.6403712296983928,0.21052631578947392,-0.05555555555555562,0.31250000000000006,0
479,0.8095238095238093,0.6881720430107527,-0.06060606060606067,0.0,0.3999999999999996,-0.6428571428571429,-0.23809523809523808,0.9280742459396683,-0.894736842105263,-0.11111111111111124,0.0,0
602,2.5238095238095237,-0.2580645161290322,0.787878787878788,0.0,-0.4000000000000003,-0.14285714285714285,-0.07142857142857142,1.7633410672853285,-1.105263157894737,-0.33333333333333315,-0.7499999999999997,1
715,0.9523809523809526,0.9462365591397847,0.06060606060606067,0.5714285714285712,-0.05000000000000004,0.5,0.9285714285714286,0.5568445475637906,-0.15789473684210661,-0.6111111111111113,-0.24999999999999917,0
1182,0.9047619047619051,-0.5591397849462365,0.5151515151515151,-0.7857142857142859,-0.5499999999999997,-0.6428571428571429,-0.6428571428571429,-0.9373549883990742,-0.6315789473684218,-0.8888888888888891,0.7500000000000009,0
519,1.4285714285714288,-1.3333333333333333,0.696969696969697,0.8571428571428564,0.4499999999999996,-0.21428571428571427,-0.14285714285714285,0.18561484918791304,-0.47368421052631515,0.33333333333333376,0.9375000000000002,1
430,2.333333333333334,1.3763440860215048,1.1212121212121213,0.28571428571428525,0.4499999999999996,-0.07142857142857142,-0.07142857142857142,1.3457076566125241,-1.105263157894737,-0.11111111111111124,0.1250000000000007,1
1090,1.7619047619047619,-0.47311827956989255,0.8484848484848486,-1.0,0.7999999999999998,0.5714285714285714,0.07142857142857142,0.25522041763338044,-1.5263157894736847,0.7777777777777781,-0.18749999999999936,1
1220,0.5238095238095237,-0.5591397849462365,0.4242424242424243,-1.2857142857142856,-1.7499999999999998,0.7857142857142857,0.2857142857142857,-0.9373549883990742,-0.5789473684210521,1.166666666666667,0.4375000000000008,1
622,0.14285714285714238,0.1720430107526883,-0.09090909090909091,1.7142857142857135,-0.05000000000000004,0.0,1.5714285714285714,0.3712296983758776,-0.15789473684210661,0.0,-0.49999999999999944,0
889,-0.5238095238095242,0.21505376344085989,-0.787878787878788,0.4285714285714282,-0.35000000000000026,1.2857142857142858,0.6190476190476191,-0.8770301624130128,0.6315789473684218,-0.33333333333333315,0.6250000000000001,1
810,-0.1428571428571432,-0.1720430107526883,0.1515151515151515,0.8571428571428564,-0.4499999999999996,-0.7142857142857143,-0.5476190476190477,0.06032482598606143,-0.47368421052631515,-0.38888888888888873,0.0625000000000009,1
1109,0.09523809523809491,1.118279569892473,-0.4848484848484849,1.5714285714285705,0.5499999999999997,-0.7142857142857143,-0.5952380952380952,0.8120649651972226,0.26315789473684126,-0.7222222222222225,-0.43749999999999967,0
1314,-0.4285714285714288,-0.6881720430107527,-0.15151515151515157,0.14285714285714232,0.34999999999999953,0.42857142857142855,0.6428571428571429,-0.5661252900231966,0.47368421052631515,-0.44444444444444436,-0.06249999999999979,1
1112,-1.1904761904761907,-0.4301075268817205,0.030303030303030335,-0.2857142857142859,0.6499999999999998,0.6428571428571429,0.40476190476190477,-0.9698375870069693,2.473684210526315,0.11111111111111124,1.312500000000001,1
255,-0.3809523809523814,0.3440860215053761,-0.787878787878788,-0.5714285714285715,-0.25000000000000017,0.14285714285714285,-0.09523809523809523,0.18561484918791304,0.8421052631578957,0.44444444444444436,-0.18749999999999936,1
323,-0.04761904761904788,0.43010752688172027,-0.6363636363636365,0.14285714285714232,0.0,-0.5714285714285714,-0.47619047619047616,0.25522041763338044,-0.10526315789473696,0.05555555555555562,-0.5624999999999992,0
1161,1.2857142857142856,-0.6881720430107527,0.9393939393939393,0.14285714285714232,0.3999999999999996,-0.5714285714285714,-0.42857142857142855,-0.01856148491881191,-0.894736842105263,0.5555555555555556,0.5625000000000003,1
583,1.8095238095238093,-0.1290322580645162,0.696969696969697,0.0,0.20000000000000015,-0.6428571428571429,-0.5476190476190477,1.484918793503459,-0.6315789473684218,-1.055555555555556,-0.6250000000000001,0
627,0.4285714285714288,0.3440860215053761,0.09090909090909083,0.0,0.95,-0.6428571428571429,-0.5476190476190477,0.9280742459396683,0.26315789473684126,-0.7222222222222225,-0.6874999999999999,0
1031,-0.3809523809523814,0.30107526881720403,-0.787878787878788,-0.14285714285714296,0.5999999999999998,-0.35714285714285715,-0.5714285714285714,-0.8909512761020959,0.5789473684210521,-0.38888888888888873,0.8125000000000007,1
621,0.1904761904761907,0.08602150537634415,-0.06060606060606067,1.7142857142857135,-0.1500000000000001,0.14285714285714285,1.7619047619047619,0.3712296983758776,-0.21052631578947392,-0.05555555555555562,-0.49999999999999944,0
491,0.666666666666667,1.096774193548387,0.030303030303030335,0.8571428571428564,-0.05000000000000004,0.7142857142857143,0.42857142857142855,0.7424593967517037,0.0,0.2777777777777781,0.2500000000000003,1
959,-0.7142857142857144,0.21505376344085989,-0.4242424242424243,0.14285714285714232,2.0499999999999994,0.7857142857142857,-0.047619047619047616,-0.7470997679814324,0.8421052631578957,0.5,0.687500000000001,1
414,0.9523809523809526,-0.5161290322580644,0.8181818181818183,6.428571428571427,0.899999999999995,-0.5714285714285714,-0.4523809523809524,0.8352668213457117,-0.21052631578947392,1.1111111111111112,0.9375000000000002,1
417,1.2857142857142856,-0.1720430107526883,1.1515151515151516,0.0,1.5999999999999996,-0.5714285714285714,-0.42857142857142855,0.09280742459395652,-0.2631578947368436,0.2222222222222225,0.9375000000000002,1
87,0.33333333333333304,-0.1290322580645162,0.06060606060606067,-0.4285714285714288,1.5499999999999996,0.42857142857142855,2.3333333333333335,0.18561484918791304,-2.0,7.388888888888892,-0.18749999999999936,1
1514,-0.7142857142857144,0.1720430107526883,-0.3333333333333334,-0.5714285714285715,-0.05000000000000004,0.21428571428571427,0.6428571428571429,-1.7911832946635464,0.10526315789473696,-0.11111111111111124,0.1875000000000005,1
366,1.0,-0.4301075268817205,0.7272727272727273,1.7142857142857135,1.3999999999999997,-0.5,-0.40476190476190477,0.5104408352668124,-0.2631578947368436,1.7222222222222232,1.000000000000001,1
266,1.8571428571428577,-1.118279569892473,0.787878787878788,-0.5714285714285715,-0.4000000000000003,-0.5714285714285714,-0.6666666666666666,0.0,-0.5789473684210521,0.5555555555555556,0.0,1
288,-0.1904761904761907,-0.5161290322580644,-0.4242424242424243,1.1428571428571423,0.6499999999999998,1.0714285714285714,0.35714285714285715,-0.04640371229697826,0.3157894736842109,0.44444444444444436,0.0625000000000009,1
359,1.904761904761905,-0.38709677419354843,1.2121212121212124,1.2857142857142854,1.4999999999999996,-0.2857142857142857,-0.35714285714285715,1.484918793503459,-0.8421052631578957,1.2777777777777781,0.1250000000000007,1
55,-0.1428571428571432,-0.043010752688172074,-0.3333333333333334,0.8571428571428564,1.5499999999999996,1.3571428571428572,0.8333333333333334,-0.6032482598607689,-0.7368421052631587,0.05555555555555562,0.0,1
1101,0.23809523809523814,-0.7741935483870966,0.4848484848484848,-0.14285714285714296,-0.35000000000000026,0.6428571428571429,-0.047619047619047616,-1.3364269141531182,-1.0526315789473697,0.8888888888888894,1.3750000000000009,1
1201,-0.09523809523809534,0.21505376344085989,-0.15151515151515157,-1.0,-0.49999999999999967,-0.7142857142857143,-0.6904761904761905,-1.0301624129930307,-0.7894736842105261,-0.44444444444444436,-0.24999999999999917,1
901,0.4761904761904763,-0.9032258064516129,0.303030303030303,0.5714285714285712,-1.150000000000005,-0.2857142857142857,0.023809523809523808,-0.5475638051044363,0.47368421052631515,0.38888888888888873,1.000000000000001,0
1323,0.5714285714285712,-0.7741935483870966,0.4848484848484848,-0.5714285714285715,-1.050000000000005,-0.35714285714285715,-0.47619047619047616,-1.3364269141531182,-0.6842105263157892,-0.38888888888888873,0.7500000000000009,0
1247,-0.23809523809523814,0.9462365591397847,-0.5757575757575758,-0.7142857142857144,0.34999999999999953,0.07142857142857142,0.23809523809523808,-0.8259860788863058,-1.0,-0.7777777777777781,-0.12499999999999958,0
1232,-0.04761904761904788,1.2688172043010748,-0.7575757575757577,0.5714285714285712,-0.25000000000000017,2.4285714285714284,1.2380952380952381,-0.27378190255219237,0.3684210526315782,0.0,0.375000000000001,0
114,1.0476190476190474,-0.9032258064516129,0.5454545454545455,0.14285714285714232,0.05000000000000004,0.5714285714285714,0.19047619047619047,0.9280742459396683,0.052631578947367315,0.2777777777777781,-0.31250000000000006,1
1598,-0.9523809523809526,0.5376344086021504,-0.4242424242424243,-0.2857142857142859,-0.20000000000000015,1.2857142857142858,0.14285714285714285,-0.6171693735499036,1.3684210526315783,0.5,0.0,0
655,0.33333333333333304,-0.21505376344086036,0.6363636363636364,0.28571428571428525,-0.25000000000000017,-0.5,-0.21428571428571427,0.5104408352668124,-1.210526315789474,-0.8888888888888891,-0.43749999999999967,0
175,-0.28571428571428603,-0.6021505376344085,-0.15151515151515157,-0.2857142857142859,0.05000000000000004,-0.5,-0.07142857142857142,-0.32482598607889934,0.10526315789473696,-0.8333333333333337,-0.43749999999999967,0
905,-0.5238095238095242,0.30107526881720403,-0.6060606060606062,5.428571428571427,-0.95,-0.21428571428571427,-0.47619047619047616,-0.2784222737819211,0.5263157894736848,-0.16666666666666688,0.375000000000001,1
808,0.14285714285714238,-1.0322580645161288,0.4242424242424243,0.28571428571428525,-1.3499999999999999,-0.7142857142857143,-0.6666666666666666,-1.5034802784222707,0.10526315789473696,0.44444444444444436,1.6250000000000013,1
1319,-0.1904761904761907,0.47311827956989233,0.030303030303030335,-0.2857142857142859,0.20000000000000015,0.21428571428571427,1.2619047619047619,-0.2969837587006815,-0.2631578947368436,-0.2222222222222225,-0.24999999999999917,1
19,-0.23809523809523814,0.30107526881720403,-0.5454545454545455,3.1428571428571423,0.34999999999999953,-0.5714285714285714,-0.21428571428571427,0.27842227378186957,0.3684210526315782,-0.6666666666666669,-0.7499999999999997,0
1226,0.6190476190476186,-0.2580645161290322,-0.09090909090909091,0.5714285714285712,0.5999999999999998,0.2857142857142857,0.9285714285714286,1.1229698375869872,-0.8421052631578957,-0.6111111111111113,-0.49999999999999944,0
1068,1.5238095238095237,-0.9032258064516129,0.8181818181818183,0.0,-0.95,-0.7857142857142857,-0.6666666666666666,-0.5011600928074065,-1.5263157894736847,1.166666666666667,0.4375000000000008,1
286,0.9523809523809526,0.30107526881720403,-0.5757575757575758,1.7142857142857135,1.1499999999999995,1.2857142857142858,0.7857142857142857,1.5545243619489777,0.0,0.5,-0.24999999999999917,0
429,0.5714285714285712,0.0,0.21212121212121215,-1.2857142857142856,-0.4499999999999996,-0.35714285714285715,-0.19047619047619047,0.4640371229698341,-0.3684210526315782,-0.11111111111111124,-0.5624999999999992,0
989,-0.09523809523809534,-0.5591397849462365,-0.4242424242424243,-0.7142857142857144,0.899999999999995,0.35714285714285715,-0.2619047619047619,-0.38979118329468954,-0.7894736842105261,-0.7222222222222225,-0.49999999999999944,0
701,1.2857142857142856,2.1505376344086016,0.5151515151515151,0.9999999999999993,-0.1500000000000001,0.8571428571428571,1.1904761904761905,0.7424593967517037,-1.210526315789474,-0.2777777777777781,-0.06249999999999979,1
1272,-0.28571428571428603,-0.34408602150537637,-0.18181818181818182,-0.8571428571428571,-1.4999999999999996,0.7142857142857143,0.6190476190476191,-1.5313225058004372,0.3684210526315782,-0.2777777777777781,0.9375000000000002,1
32,-0.4761904761904763,0.7096774193548387,-0.787878787878788,0.4285714285714282,1.2999999999999996,0.5714285714285714,-0.023809523809523808,-0.09280742459395652,0.7894736842105261,-0.2777777777777781,0.2500000000000003,1
618,1.7142857142857144,-0.9032258064516129,0.7575757575757577,0.0,0.0,0.0,-0.23809523809523808,0.6496519721577472,-1.4736842105263175,1.7222222222222232,-0.24999999999999917,1
211,0.8571428571428568,0.043010752688172074,1.0303030303030303,-0.2857142857142859,-1.9999999999999996,-0.6428571428571429,-0.4523809523809524,-0.440835266821345,-0.05263157894736965,1.3333333333333337,1.3750000000000009,1
600,2.2857142857142856,0.30107526881720403,0.5757575757575758,0.14285714285714232,0.14999999999999525,-0.21428571428571427,-0.38095238095238093,1.484918793503459,-1.6315789473684217,0.44444444444444436,-0.5624999999999992,1
652,0.9047619047619051,1.5483870967741933,-0.030303030303030335,0.4285714285714282,1.2499999999999996,1.5,2.7857142857142856,1.9489559164732415,0.5263157894736848,0.2777777777777781,0.6250000000000001,0
215,-0.04761904761904788,0.9247311827956987,-0.5454545454545455,0.28571428571428525,0.6499999999999998,-0.2857142857142857,0.07142857142857142,0.27842227378186957,-0.3684210526315782,0.5,-0.24999999999999917,1
533,1.904761904761905,-0.6021505376344085,0.696969696969697,0.7142857142857141,0.95,-0.14285714285714285,0.09523809523809523,1.670533642691372,-0.7894736842105261,-0.05555555555555562,0.0625000000000009,0
918,-0.5238095238095242,-0.47311827956989255,0.1515151515151515,9.428571428571427,0.25000000000000017,0.8571428571428571,0.16666666666666666,0.6682134570765591,0.3684210526315782,0.11111111111111124,-0.06249999999999979,1
755,-0.04761904761904788,-0.1720430107526883,1.272727272727273,-0.7142857142857144,16.799999999999994,0.0,-0.14285714285714285,-0.11136890951276843,-1.1578947368421066,2.4444444444444455,-0.6874999999999999,1
327,1.7619047619047619,0.043010752688172074,1.2121212121212124,2.0714285714285707,2.099999999999999,-0.5714285714285714,-0.5714285714285714,0.4640371229698341,-1.3684210526315805,0.6666666666666669,0.8125000000000007,1
1424,-0.7142857142857144,0.043010752688172074,-0.5151515151515152,2.4285714285714275,2.1999999999999993,0.0,-0.16666666666666666,0.0,1.0,0.2777777777777781,0.5000000000000006,0
908,-0.8571428571428577,0.1720430107526883,-0.787878787878788,0.0,0.0,-0.5714285714285714,-0.6904761904761905,-0.9280742459396683,1.4736842105263153,-0.44444444444444436,0.8125000000000007,1
189,0.0,-0.08602150537634415,0.21212121212121215,-0.2857142857142859,0.25000000000000017,0.07142857142857142,2.5,0.0,-0.5789473684210521,-0.38888888888888873,-0.43749999999999967,0
469,1.666666666666667,-0.6881720430107527,1.303030303030303,-0.14285714285714296,0.5499999999999997,-0.5714285714285714,-0.40476190476190477,1.484918793503459,-0.7368421052631587,0.0,-0.6250000000000001,1
342,1.2857142857142856,-0.4301075268817205,0.6666666666666666,0.7142857142857141,-0.6999999999999998,-0.6428571428571429,-0.47619047619047616,0.18561484918791304,-0.5263157894736848,1.3888888888888893,0.687500000000001,1
941,0.8095238095238093,-0.8172043010752686,0.787878787878788,0.0,-0.25000000000000017,-0.07142857142857142,-0.30952380952380953,-0.7935034802784107,0.26315789473684126,0.7777777777777781,1.3750000000000009,1
148,-0.1428571428571432,-0.1290322580645162,0.0,-0.8571428571428571,7.849999999999997,-0.2857142857142857,1.1904761904761905,0.0,-1.0526315789473697,1.0000000000000007,-0.5624999999999992,0
979,-0.4285714285714288,-0.5161290322580644,0.18181818181818182,1.9999999999999993,-0.8999999999999999,-0.35714285714285715,-0.21428571428571427,-1.2250580046403496,-0.15789473684210661,-0.7222222222222225,0.687500000000001,1
361,0.14285714285714238,0.7741935483870964,-0.09090909090909091,-0.2857142857142859,1.0,0.0,1.0238095238095237,0.2320185614848913,-0.6315789473684218,0.44444444444444436,-0.49999999999999944,0
84,-0.28571428571428603,0.6451612903225806,0.0,-0.5714285714285715,16.099999999999998,0.14285714285714285,0.30952380952380953,0.04640371229697826,-0.7894736842105261,2.8888888888888893,-0.49999999999999944,0
757,-0.7619047619047623,1.9784946236559136,-0.7575757575757577,-0.2857142857142859,-1.0999999999999996,0.07142857142857142,-0.11904761904761904,-0.8909512761020959,1.5263157894736847,-0.8888888888888891,0.6250000000000001,1
1166,0.2857142857142856,-0.34408602150537637,0.7272727272727273,-0.4285714285714288,14.499999999999996,0.07142857142857142,0.0,-0.21345707656613092,-1.5789473684210544,2.6666666666666683,-0.49999999999999944,0
49,-0.7142857142857144,-0.5161290322580644,-0.09090909090909091,-0.8571428571428571,-0.6499999999999998,-0.6428571428571429,-0.6190476190476191,-0.4640371229698341,0.15789473684210428,-0.33333333333333315,-0.6250000000000001,0
1186,-0.4285714285714288,-0.38709677419354843,0.12121212121212116,-0.2857142857142859,0.3000000000000002,-0.5714285714285714,0.023809523809523808,-1.549883990719249,0.10526315789473696,-0.8888888888888891,1.0625000000000009,1
156,-0.3809523809523814,-0.38709677419354843,0.4848484848484848,4.714285714285713,-0.4000000000000003,1.0,2.142857142857143,0.2320185614848913,0.5789473684210521,0.5,0.1875000000000005,0
501,-0.04761904761904788,0.0,-0.030303030303030335,-0.4285714285714288,0.10000000000000007,0.0,0.0,0.7424593967517037,0.6315789473684218,0.16666666666666688,-0.7499999999999997,1
1212,-0.6190476190476195,-0.34408602150537637,-0.3333333333333334,-0.14285714285714296,-0.1500000000000001,0.5714285714285714,0.35714285714285715,-0.5104408352668124,0.052631578947367315,0.0,-0.5624999999999992,0
498,-0.3333333333333335,-0.7741935483870966,0.18181818181818182,0.4285714285714282,0.5499999999999997,2.0714285714285716,1.7857142857142858,-0.09280742459395652,0.052631578947367315,0.944444444444445,0.5625000000000003,0
1119,-0.3809523809523814,-0.5591397849462365,-0.4242424242424243,-0.14285714285714296,-0.6999999999999998,0.0,-0.3333333333333333,-1.986078886310917,-0.05263157894736965,-0.5,1.9375000000000013,1
1308,-0.5238095238095242,0.6881720430107527,-0.5151515151515152,2.4285714285714275,-0.5499999999999997,0.07142857142857142,-0.21428571428571427,-0.7238979118329433,0.5263157894736848,-0.5555555555555556,0.5625000000000003,0
1410,-0.9047619047619051,-0.043010752688172074,-0.787878787878788,-0.14285714285714296,-0.7499999999999998,1.8571428571428572,0.38095238095238093,-0.8352668213457117,1.210526315789474,1.7222222222222232,0.31250000000000006,1
180,0.4285714285714288,0.3870967741935482,-0.36363636363636365,0.28571428571428525,-0.5999999999999998,-0.2857142857142857,0.09523809523809523,0.04640371229697826,-0.6315789473684218,-0.16666666666666688,-0.43749999999999967,0
496,1.333333333333333,-0.7311827956989247,0.8181818181818183,0.5714285714285712,-0.4499999999999996,-0.6428571428571429,-0.5238095238095238,0.18561484918791304,-0.8421052631578957,0.16666666666666688,0.5000000000000006,1
1326,-0.5714285714285716,-0.2580645161290322,-0.06060606060606067,-0.7142857142857144,-0.10000000000000007,0.2857142857142857,-0.09523809523809523,-0.9280742459396683,0.42105263157894784,-0.11111111111111124,0.2500000000000003,1
515,1.2380952380952381,-0.043010752688172074,1.1515151515151516,0.28571428571428525,1.3999999999999997,-0.5714285714285714,-0.5476190476190477,0.2320185614848913,-1.1578947368421066,0.2222222222222225,1.000000000000001,1
577,0.9523809523809526,-0.08602150537634415,-0.06060606060606067,0.14285714285714232,1.1999999999999995,-0.5714285714285714,-0.5714285714285714,0.4640371229698341,0.15789473684210428,-0.5555555555555556,-0.12499999999999958,0
926,0.33333333333333304,-1.2903225806451613,0.303030303030303,-0.4285714285714288,-0.7499999999999998,2.7857142857142856,0.9285714285714286,-0.35266821345706567,0.8421052631578957,1.3888888888888893,0.5000000000000006,1
907,-0.3333333333333335,0.08602150537634415,0.030303030303030335,0.5714285714285712,0.25000000000000017,-0.14285714285714285,0.9523809523809523,-0.18561484918796456,0.42105263157894784,0.5,0.5000000000000006,0
427,-0.7142857142857144,0.6451612903225806,-0.5454545454545455,-0.14285714285714296,-1.6999999999999997,0.35714285714285715,0.23809523809523808,-0.88167053364269,0.9473684210526326,-0.7222222222222225,0.7500000000000009,1
1252,-0.1904761904761907,0.258064516129032,-0.36363636363636365,0.0,-0.10000000000000007,0.9285714285714286,0.5238095238095238,-0.23201856148494282,-0.15789473684210661,-0.16666666666666688,-0.24999999999999917,0
1275,-0.04761904761904788,0.258064516129032,-0.393939393939394,-0.14285714285714296,1.1499999999999995,0.21428571428571427,-0.047619047619047616,-1.1136890951276328,-0.3684210526315782,-0.5,0.6250000000000001,1
347,-0.6190476190476195,1.2688172043010748,-0.7272727272727274,0.7142857142857141,-0.35000000000000026,0.21428571428571427,-0.09523809523809523,-0.6032482598607689,1.4210526315789478,1.5000000000000007,1.312500000000001,1
1106,-0.7619047619047623,0.21505376344085989,0.06060606060606067,-0.14285714285714296,-1.5499999999999996,-0.07142857142857142,0.2619047619047619,-1.4199535962877203,0.5263157894736848,-0.11111111111111124,1.6250000000000013,0
1565,-0.3333333333333335,0.7526881720430103,-0.393939393939394,-0.2857142857142859,-0.1500000000000001,-0.14285714285714285,-0.42857142857142855,-0.6218097447795808,-0.10526315789473696,-0.44444444444444436,-0.06249999999999979,0
644,0.7619047619047619,0.30107526881720403,0.5454545454545455,0.14285714285714232,-0.4000000000000003,0.5,0.7142857142857143,1.1136890951275813,0.7894736842105261,0.05555555555555562,-0.43749999999999967,0
845,0.9523809523809526,-1.161290322580645,0.6060606060606062,-0.7142857142857144,-0.8499999999999999,0.8571428571428571,0.09523809523809523,-0.41763341067285586,-0.6842105263157892,1.166666666666667,0.2500000000000003,1
1051,-0.3809523809523814,-0.38709677419354843,-0.27272727272727276,-0.5714285714285715,0.14999999999999525,0.9285714285714286,0.30952380952380953,-0.21345707656613092,0.9473684210526326,0.11111111111111124,0.1250000000000007,0
1376,-0.3333333333333335,0.1720430107526883,0.0,-0.2857142857142859,0.20000000000000015,-0.07142857142857142,1.4761904761904763,-0.4361948955916678,-0.2631578947368436,-0.5555555555555556,-0.18749999999999936,0
1454,-0.1428571428571432,-0.1290322580645162,0.21212121212121215,-0.4285714285714288,-0.25000000000000017,0.9285714285714286,1.119047619047619,0.12064965197212286,0.5263157894736848,-0.2222222222222225,-0.7499999999999997,0
1567,-0.5714285714285716,-1.5483870967741933,1.1515151515151516,-0.14285714285714296,-1.0,0.7142857142857143,0.3333333333333333,-0.8631090487238781,0.15789473684210428,0.5,0.6250000000000001,1
711,1.2857142857142856,2.172043010752687,0.5151515151515151,0.8571428571428564,0.05000000000000004,0.5,1.0952380952380953,0.7888631090487335,-1.3157894736842108,-0.2777777777777781,-0.06249999999999979,0
244,3.3809523809523814,-1.3333333333333333,0.5454545454545455,0.0,-0.20000000000000015,-0.2857142857142857,-0.3333333333333333,1.5081206496519994,-1.2631578947368436,1.2222222222222225,-0.6250000000000001,1
1367,-0.28571428571428603,0.9462365591397847,-0.5454545454545455,-0.7142857142857144,0.7499999999999998,-0.2857142857142857,0.16666666666666666,-0.48259860788864606,-0.3684210526315782,-0.6666666666666669,-0.24999999999999917,0
603,-0.09523809523809534,1.3548387096774188,-0.787878787878788,0.5714285714285712,0.10000000000000007,-0.5714285714285714,-0.5714285714285714,0.32482598607889934,-0.05263157894736965,-0.5555555555555556,-0.5624999999999992,0
695,0.5238095238095237,-0.21505376344086036,0.1515151515151515,0.7142857142857141,0.25000000000000017,0.7142857142857143,2.0714285714285716,0.7424593967517037,0.0,-0.05555555555555562,-0.49999999999999944,0
865,-0.3333333333333335,0.43010752688172027,-0.6060606060606062,0.7142857142857141,-0.10000000000000007,0.07142857142857142,1.119047619047619,0.3062645011600874,1.0526315789473673,-0.44444444444444436,-0.43749999999999967,0
1175,-0.1428571428571432,-0.6881720430107527,0.1515151515151515,-0.7142857142857144,0.0,0.8571428571428571,0.6428571428571429,0.16705336426915265,0.7894736842105261,0.0,-0.43749999999999967,1
313,0.5238095238095237,-0.2580645161290322,0.1515151515151515,0.8571428571428564,0.6999999999999998,0.35714285714285715,1.4285714285714286,0.626450116009258,0.052631578947367315,0.05555555555555562,-0.43749999999999967,1
1513,-0.7142857142857144,1.161290322580645,-0.6666666666666667,0.0,-0.8999999999999999,-0.21428571428571427,-0.5,-0.42691415313226183,1.1578947368421042,0.16666666666666688,0.1250000000000007,1
753,-0.1428571428571432,0.08602150537634415,-0.393939393939394,0.4285714285714282,0.899999999999995,0.7142857142857143,0.6666666666666666,0.48723897911832326,0.42105263157894784,-0.05555555555555562,-0.49999999999999944,0
309,1.1428571428571432,-0.38709677419354843,0.5454545454545455,0.28571428571428525,6.749999999999999,-0.6428571428571429,-0.6190476190476191,1.2064965197215378,-0.6315789473684218,0.05555555555555562,-0.43749999999999967,1
1342,-0.1904761904761907,-0.043010752688172074,-0.7272727272727274,-0.7142857142857144,0.25000000000000017,-0.07142857142857142,-0.16666666666666666,-0.6589327146171531,0.26315789473684126,-0.44444444444444436,0.1875000000000005,1
431,1.2380952380952381,-1.204301075268817,0.6363636363636364,-0.14285714285714296,-0.6499999999999998,-0.5714285714285714,-0.3333333333333333,0.4640371229698341,-0.8421052631578957,1.5555555555555562,0.5000000000000006,1
1199,-0.09523809523809534,-1.118279569892473,0.0,-0.2857142857142859,-1.3499999999999999,0.35714285714285715,0.9285714285714286,-0.7888631090487335,-0.8421052631578957,0.944444444444445,0.4375000000000008,1
399,1.7142857142857144,0.30107526881720403,1.0,0.5714285714285712,0.3999999999999996,-0.07142857142857142,0.2619047619047619,0.9280742459396683,-0.6842105263157892,0.16666666666666688,0.5000000000000006,1
424,1.2380952380952381,-1.204301075268817,0.6363636363636364,-0.14285714285714296,-0.6499999999999998,-0.5714285714285714,-0.3333333333333333,0.4640371229698341,-0.8421052631578957,1.5555555555555562,0.5000000000000006,1
371,-0.4761904761904763,1.0537634408602148,-0.7272727272727274,0.14285714285714232,-0.7999999999999998,1.5,0.5952380952380952,0.32482598607889934,1.3684210526315783,0.8888888888888894,-0.18749999999999936,0
1300,-0.1428571428571432,4.559139784946236,-0.787878787878788,-0.14285714285714296,2.8999999999999946,-0.6428571428571429,-0.6904761904761905,-0.9466357308584802,1.0,-1.2222222222222225,0.4375000000000008,0
182,0.4761904761904763,0.3870967741935482,0.696969696969697,-0.2857142857142859,9.549999999999999,0.6428571428571429,1.7142857142857142,0.18561484918791304,-1.0,2.222222222222223,-0.5624999999999992,0
1062,0.5714285714285712,-0.5161290322580644,0.7272727272727273,-0.5714285714285715,-0.4000000000000003,-0.5,-0.5238095238095238,-1.0116009280742704,-0.5263157894736848,0.38888888888888873,1.4375000000000007,1
1236,-0.9047619047619051,-0.8172043010752686,0.18181818181818182,15.285714285714281,-1.2499999999999998,-0.5714285714285714,1.7857142857142858,-0.5011600928074065,-0.05263157894736965,-0.33333333333333315,0.8125000000000007,0
778,-0.4761904761904763,0.4946236559139784,-0.27272727272727276,0.28571428571428525,8.099999999999998,-0.5714285714285714,-0.47619047619047616,-0.32482598607889934,0.47368421052631515,-0.16666666666666688,0.0625000000000009,1
1467,-0.28571428571428603,-0.1720430107526883,0.18181818181818182,-0.14285714285714296,-0.8499999999999999,1.2142857142857142,0.38095238095238093,0.22273781902553685,-0.05263157894736965,0.16666666666666688,-0.12499999999999958,1
297,1.2857142857142856,1.3333333333333328,0.3333333333333333,0.5714285714285712,0.34999999999999953,0.8571428571428571,0.7619047619047619,0.6032482598607689,-0.7894736842105261,-0.5555555555555556,-0.18749999999999936,0
592,-0.6190476190476195,-0.5591397849462365,0.696969696969697,-0.7142857142857144,-0.4499999999999996,0.6428571428571429,2.642857142857143,-2.1345707656612576,-1.0,-0.6666666666666669,0.8125000000000007,1
462,0.1904761904761907,0.4086021505376342,-0.12121212121212126,0.5714285714285712,0.3999999999999996,-0.5714285714285714,-0.4523809523809524,0.6496519721577472,-0.2631578947368436,-0.05555555555555562,-0.5624999999999992,0
814,-0.4761904761904763,-0.5591397849462365,-0.06060606060606067,-0.14285714285714296,1.1499999999999995,-0.7142857142857143,-0.7380952380952381,-1.0116009280742704,0.6842105263157892,-0.2222222222222225,0.7500000000000009,0
378,0.7142857142857144,-1.0752688172043008,0.8181818181818183,0.28571428571428525,-0.25000000000000017,-0.5714285714285714,-0.47619047619047616,-0.2784222737819211,-0.5789473684210521,2.833333333333334,1.1250000000000007,1
127,0.14285714285714238,3.483870967741935,-0.787878787878788,-0.7142857142857144,0.10000000000000007,-0.7857142857142857,-0.6190476190476191,-0.18561484918796456,1.1578947368421042,-0.7222222222222225,0.4375000000000008,0
820,0.5714285714285712,0.6021505376344085,-0.3333333333333334,1.4285714285714282,0.899999999999995,-0.35714285714285715,0.5,1.3735498839906906,-0.15789473684210661,-0.44444444444444436,-0.37499999999999983,0
549,2.1428571428571432,-0.7311827956989247,0.696969696969697,0.5714285714285712,0.0,0.9285714285714286,0.7380952380952381,1.2064965197215378,-1.0,0.7222222222222225,0.1250000000000007,1
356,-0.5714285714285716,0.9892473118279568,-0.7575757575757577,0.28571428571428525,-0.05000000000000004,0.21428571428571427,-0.14285714285714285,-0.6032482598607689,1.2631578947368411,-0.05555555555555562,1.6250000000000013,1
1297,-0.6190476190476195,0.47311827956989233,-0.787878787878788,2.9999999999999987,0.6999999999999998,2.642857142857143,0.9404761904761905,-0.5661252900231966,-0.5789473684210521,-0.9444444444444446,-0.43749999999999967,0
210,1.4761904761904763,-0.9462365591397849,0.9696969696969696,-0.14285714285714296,-1.2499999999999998,-0.5,-0.4523809523809524,0.5568445475637906,0.0,1.444444444444445,0.1875000000000005,1
141,0.23809523809523814,0.9677419354838707,-0.45454545454545464,-0.4285714285714288,0.5499999999999997,0.14285714285714285,0.5952380952380952,-0.13921113689093478,-0.6315789473684218,1.1111111111111112,-0.37499999999999983,0
1147,-0.04761904761904788,-0.08602150537634415,-0.4242424242424243,-0.5714285714285715,4.949999999999998,-0.5714285714285714,-0.40476190476190477,-0.3712296983758776,-0.15789473684210661,1.3888888888888893,-0.24999999999999917,1
1066,-0.09523809523809534,0.3870967741935482,-0.24242424242424251,0.28571428571428525,0.20000000000000015,-0.5714285714285714,-0.42857142857142855,-0.23201856148494282,-0.10526315789473696,-0.11111111111111124,0.0,1
731,0.7619047619047619,0.1290322580645162,1.2121212121212124,0.14285714285714232,15.399999999999997,-0.14285714285714285,-0.023809523809523808,0.6496519721577472,-0.7368421052631587,0.2777777777777781,-0.37499999999999983,0
1264,0.14285714285714238,1.118279569892473,-0.787878787878788,0.0,0.49999999999999967,-0.07142857142857142,-0.2857142857142857,0.4640371229698341,0.3157894736842109,-0.8888888888888891,-0.37499999999999983,0
773,0.7619047619047619,0.21505376344085989,0.030303030303030335,0.14285714285714232,0.14999999999999525,0.6428571428571429,2.5238095238095237,0.4733178654292401,-0.21052631578947392,-0.38888888888888873,-0.49999999999999944,0
1150,1.0,-0.7311827956989247,0.6363636363636364,-0.2857142857142859,-0.8999999999999999,-0.5714285714285714,-0.6428571428571429,-0.440835266821345,-0.42105263157894784,-0.5555555555555556,1.1250000000000007,1
562,0.5238095238095237,-0.34408602150537637,0.696969696969697,0.28571428571428525,-0.05000000000000004,0.8571428571428571,1.9761904761904763,0.4640371229698341,-0.42105263157894784,-0.2222222222222225,-0.6250000000000001,0
11,-0.5714285714285716,0.258064516129032,-0.5454545454545455,-0.5714285714285715,0.899999999999995,0.07142857142857142,0.6428571428571429,-0.41763341067285586,-0.15789473684210661,-0.44444444444444436,-0.6250000000000001,0
812,2.3809523809523814,-0.08602150537634415,0.878787878787879,0.8571428571428564,-0.35000000000000026,-0.5,-0.3333333333333333,1.5406032482597916,-1.1578947368421066,0.33333333333333376,0.4375000000000008,1
283,-0.1428571428571432,0.0,-0.4242424242424243,1.1428571428571423,-0.5999999999999998,-0.14285714285714285,0.35714285714285715,0.13921113689093478,0.26315789473684126,-0.2777777777777781,-0.6874999999999999,0
292,1.4761904761904763,-1.3763440860215053,0.6666666666666666,-0.2857142857142859,13.199999999999992,-0.5714285714285714,-0.47619047619047616,0.5104408352668124,-0.05263157894736965,0.5,0.1875000000000005,0
620,1.6190476190476195,-0.6451612903225806,0.4545454545454545,0.14285714285714232,0.4499999999999996,-0.5714285714285714,-0.5238095238095238,0.9280742459396683,-1.1578947368421066,1.0000000000000007,-0.5624999999999992,0
130,-0.8571428571428577,-0.6021505376344085,-0.3333333333333334,-0.5714285714285715,-0.35000000000000026,-0.5714285714285714,-0.4523809523809524,-0.6032482598607689,0.5789473684210521,-0.2777777777777781,-0.49999999999999944,0
324,1.1428571428571432,0.30107526881720403,0.4848484848484848,0.8571428571428564,0.5499999999999997,1.5,0.8333333333333334,1.0208816705336248,-0.15789473684210661,0.44444444444444436,-0.43749999999999967,1
766,0.6190476190476186,0.6451612903225806,-0.4848484848484849,1.1428571428571423,0.5999999999999998,-0.14285714285714285,0.23809523809523808,0.9651972157772405,0.0,-0.44444444444444436,-0.43749999999999967,1
553,0.7619047619047619,-0.2580645161290322,-0.06060606060606067,0.7142857142857141,0.6499999999999998,0.0,0.14285714285714285,0.5568445475637906,-1.0,0.6666666666666669,-0.12499999999999958,1
632,1.1904761904761907,-1.0322580645161288,0.8484848484848486,0.7142857142857141,1.2999999999999996,-0.6428571428571429,-0.4523809523809524,0.9280742459396683,-0.3157894736842109,0.05555555555555562,-0.43749999999999967,0
758,0.09523809523809491,1.505376344086021,-0.787878787878788,0.0,0.25000000000000017,-0.2857142857142857,-0.16666666666666666,-0.11136890951276843,-0.3157894736842109,-0.6666666666666669,-0.24999999999999917,0
1179,-1.0952380952380958,1.6989247311827955,-0.787878787878788,-0.14285714285714296,-1.9000000000000048,0.21428571428571427,0.9523809523809523,-1.549883990719249,1.9473684210526327,0.6111111111111113,0.7500000000000009,0
1517,-0.8571428571428577,-0.8602150537634408,-0.030303030303030335,0.14285714285714232,-0.4000000000000003,0.6428571428571429,0.47619047619047616,-0.2180974477958081,0.5789473684210521,1.944444444444445,0.2500000000000003,0
661,-0.3333333333333335,0.0,-0.5757575757575758,-1.142857142857143,-0.25000000000000017,-0.6428571428571429,-0.42857142857142855,0.2320185614848913,0.052631578947367315,1.0555555555555562,-0.37499999999999983,1
517,2.1904761904761907,0.3440860215053761,0.696969696969697,2.9999999999999987,1.05,-0.6428571428571429,-0.5714285714285714,1.9489559164732415,-0.3157894736842109,0.6666666666666669,1.0625000000000009,1
1406,-0.09523809523809534,-1.0322580645161288,0.12121212121212116,-0.2857142857142859,-0.8499999999999999,0.2857142857142857,-0.09523809523809523,-0.7424593967517552,-0.15789473684210661,1.5555555555555562,0.687500000000001,1
196,-0.04761904761904788,0.30107526881720403,0.21212121212121215,-0.2857142857142859,-0.25000000000000017,0.7142857142857143,1.9523809523809523,0.0,-0.3157894736842109,-0.44444444444444436,-0.49999999999999944,0
1320,0.5714285714285712,1.0322580645161288,1.272727272727273,-0.7142857142857144,16.749999999999996,0.2857142857142857,0.6190476190476191,-0.12993039443158033,-2.1578947368421066,3.9444444444444464,-0.6874999999999999,1
675,1.3809523809523814,-0.5161290322580644,0.4545454545454545,0.0,0.25000000000000017,-0.5,-0.5,0.7424593967517037,-1.210526315789474,0.2777777777777781,-0.5624999999999992,1
97,-0.5238095238095242,1.096774193548387,-0.787878787878788,1.1428571428571423,1.1499999999999995,-0.42857142857142855,-0.35714285714285715,-0.13921113689093478,0.7368421052631587,-0.33333333333333315,0.31250000000000006,0
980,2.0476190476190474,-0.30107526881720426,0.696969696969697,-1.142857142857143,-0.20000000000000015,-0.7857142857142857,-0.7619047619047619,0.04640371229697826,-0.9473684210526326,0.05555555555555562,0.1250000000000007,0
974,0.2857142857142856,-0.7741935483870966,0.5454545454545455,-0.7142857142857144,0.0,-0.5714285714285714,-0.6190476190476191,-0.3480278422273885,1.105263157894737,0.05555555555555562,0.31250000000000006,0
157,-0.3809523809523814,-0.38709677419354843,0.4848484848484848,4.714285714285713,-0.4499999999999996,1.0714285714285714,2.1666666666666665,0.2320185614848913,0.5789473684210521,0.5555555555555556,0.1875000000000005,0
420,-0.5238095238095242,1.0752688172043008,-0.787878787878788,-0.5714285714285715,-0.6499999999999998,1.4285714285714286,0.3333333333333333,0.3712296983758776,1.6315789473684217,0.33333333333333376,-0.18749999999999936,0
1293,-0.9523809523809526,-0.5376344086021504,-0.393939393939394,0.28571428571428525,-1.150000000000005,0.0,-0.23809523809523808,-1.4756380510441045,1.6315789473684217,0.2777777777777781,1.3750000000000009,1
478,1.1904761904761907,-1.204301075268817,0.696969696969697,-0.5714285714285715,-0.20000000000000015,-0.5714285714285714,-0.42857142857142855,0.41763341067285586,-0.6842105263157892,2.4444444444444455,0.5000000000000006,1
1248,-0.23809523809523814,0.1290322580645162,-0.21212121212121215,-0.5714285714285715,0.14999999999999525,0.07142857142857142,-0.09523809523809523,-0.11600928074244565,0.9473684210526326,0.33333333333333376,0.1875000000000005,0
1113,0.0,-0.8172043010752686,0.4545454545454545,-1.0,-1.150000000000005,-0.5714285714285714,-0.07142857142857142,-1.3178654292343577,-0.10526315789473696,0.5,0.5000000000000006,1
1042,-0.4761904761904763,-0.1290322580645162,-0.21212121212121215,-0.7142857142857144,0.0,-0.07142857142857142,-0.2857142857142857,-0.6171693735499036,0.3684210526315782,0.11111111111111124,-0.24999999999999917,1
448,0.666666666666667,-0.1720430107526883,0.09090909090909083,-0.14285714285714296,2.3999999999999995,-0.5714285714285714,-0.5238095238095238,0.0,-0.47368421052631515,0.5555555555555556,0.6250000000000001,0
794,-0.09523809523809534,0.3440860215053761,-0.787878787878788,0.5714285714285712,-1.1999999999999997,-0.5,-0.5952380952380952,-0.19025522041764178,0.3684210526315782,-0.33333333333333315,0.375000000000001,0
179,-0.4285714285714288,1.2258064516129032,-0.787878787878788,0.4285714285714282,-0.5499999999999997,-0.5,-0.42857142857142855,0.04640371229697826,0.894736842105263,-0.33333333333333315,-0.37499999999999983,0
579,0.4285714285714288,-0.21505376344086036,0.696969696969697,0.9999999999999993,0.3000000000000002,0.21428571428571427,1.7142857142857142,0.6496519721577472,-0.10526315789473696,-0.11111111111111124,-0.24999999999999917,0
1373,0.3809523809523805,1.118279569892473,0.7575757575757577,-0.7142857142857144,16.799999999999994,-0.14285714285714285,0.6666666666666666,-0.2645011600928379,-1.6315789473684217,3.0555555555555562,-0.6250000000000001,0
721,0.23809523809523814,0.1720430107526883,-0.6666666666666667,-0.2857142857142859,0.14999999999999525,-0.2857142857142857,-0.38095238095238093,0.3712296983758776,-0.47368421052631515,-1.0000000000000002,-0.37499999999999983,0
681,2.571428571428572,-0.38709677419354843,0.9696969696969696,-0.4285714285714288,-0.4499999999999996,0.07142857142857142,0.047619047619047616,1.670533642691372,-1.3157894736842108,-0.7222222222222225,-0.7499999999999997,0
1418,-0.28571428571428603,-0.7741935483870966,0.21212121212121215,0.4285714285714282,-0.7499999999999998,0.5,-0.023809523809523808,-0.7424593967517552,0.21052631578947392,0.8333333333333337,1.1875000000000004,1
722,0.4761904761904763,-0.1720430107526883,-0.06060606060606067,0.9285714285714282,0.7499999999999998,1.5,1.619047619047619,0.6496519721577472,-1.105263157894737,-0.5,-0.6250000000000001,0
987,0.9047619047619051,-0.7741935483870966,0.393939393939394,-1.142857142857143,-0.6499999999999998,-0.7857142857142857,-0.7380952380952381,-0.9744779582366465,-0.6315789473684218,-0.38888888888888873,0.7500000000000009,1
1215,1.095238095238095,-0.8172043010752686,0.6060606060606062,-0.4285714285714288,0.10000000000000007,-0.5714285714285714,-0.6904761904761905,-0.24129930394429724,-1.105263157894737,-0.7777777777777781,0.1250000000000007,1
1547,-0.4285714285714288,0.21505376344085989,-0.7272727272727274,-0.2857142857142859,-0.35000000000000026,0.21428571428571427,-0.2857142857142857,-0.48723897911832326,0.26315789473684126,-0.05555555555555562,0.0,0
737,-0.09523809523809534,1.9139784946236553,-0.4848484848484849,-0.14285714285714296,1.6499999999999948,-0.21428571428571427,-0.38095238095238093,-0.23201856148494282,-0.2631578947368436,-0.6666666666666669,-0.43749999999999967,0
295,2.571428571428572,-0.7741935483870966,0.787878787878788,1.4285714285714282,0.7499999999999998,0.21428571428571427,0.35714285714285715,2.1345707656612576,-1.3684210526315805,1.0555555555555562,-0.43749999999999967,1
1194,-0.7142857142857144,1.5698924731182793,-0.787878787878788,0.14285714285714232,4.35,-0.5714285714285714,-0.6190476190476191,-0.5986078886310917,1.3157894736842108,-0.6111111111111113,0.375000000000001,0
89,0.666666666666667,-0.5591397849462365,0.5454545454545455,-0.14285714285714296,1.3999999999999997,1.4285714285714286,2.0714285714285716,0.4640371229698341,-0.894736842105263,3.3333333333333344,-0.43749999999999967,0
42,0.4285714285714288,0.3870967741935482,0.12121212121212116,0.8571428571428564,0.4499999999999996,0.21428571428571427,0.19047619047619047,0.3712296983758776,-0.2631578947368436,-0.6111111111111113,-0.5624999999999992,0
1183,1.095238095238095,-0.5161290322580644,0.4242424242424243,0.4285714285714282,-0.5499999999999997,1.9285714285714286,0.38095238095238093,0.34338747099765976,0.3684210526315782,1.3333333333333337,0.1875000000000005,1
1549,1.5714285714285712,-0.5161290322580644,0.7272727272727273,-0.2857142857142859,1.0,0.35714285714285715,0.2857142857142857,0.4779582366589173,-1.105263157894737,-0.2222222222222225,0.1250000000000007,0
742,0.6190476190476186,0.043010752688172074,-0.06060606060606067,0.5714285714285712,-0.05000000000000004,1.0,2.4047619047619047,0.5011600928074065,-0.5263157894736848,-0.2777777777777781,-0.43749999999999967,0
1531,-0.6190476190476195,-0.34408602150537637,-0.5151515151515152,0.0,-0.7999999999999998,-0.35714285714285715,-0.47619047619047616,-1.095127610208821,0.5789473684210521,0.38888888888888873,0.687500000000001,1
783,0.5238095238095237,1.2903225806451608,-0.6363636363636365,0.28571428571428525,0.10000000000000007,0.8571428571428571,1.380952380952381,0.6218097447795808,0.26315789473684126,-0.5,-0.12499999999999958,0
165,-0.28571428571428603,0.30107526881720403,0.0,7.1428571428571415,-0.4499999999999996,1.5,1.9761904761904763,0.6032482598607689,0.3157894736842109,-0.7222222222222225,-0.49999999999999944,0
291,0.3809523809523805,0.0,-0.5151515151515152,0.4285714285714282,0.5999999999999998,0.42857142857142855,0.2619047619047619,0.3712296983758776,0.15789473684210428,1.3333333333333337,0.2500000000000003,1
1511,-0.7142857142857144,-0.6881720430107527,-0.15151515151515157,0.0,-1.5999999999999996,0.8571428571428571,0.23809523809523808,-0.0881670533642793,0.8421052631578957,0.8333333333333337,-0.31250000000000006,1
669,1.0,0.9032258064516125,0.5151515151515151,0.14285714285714232,-1.0,0.07142857142857142,-0.16666666666666666,-0.09280742459395652,-0.8421052631578957,-0.2777777777777781,0.5000000000000006,0
349,0.8095238095238093,0.1720430107526883,0.1515151515151515,0.8571428571428564,0.49999999999999967,0.07142857142857142,0.19047619047619047,0.5104408352668124,-1.0526315789473697,1.6666666666666674,-0.12499999999999958,1
572,-0.8095238095238098,-0.6881720430107527,-0.06060606060606067,0.0,0.7999999999999998,0.35714285714285715,0.09523809523809523,-1.0208816705336248,1.3684210526315783,-0.2777777777777781,0.9375000000000002,1
1504,-0.8095238095238098,-0.34408602150537637,0.393939393939394,0.4285714285714282,-0.10000000000000007,-0.5714285714285714,-0.5714285714285714,-0.5800464037122798,1.0526315789473673,0.38888888888888873,0.5000000000000006,1
1539,-0.8095238095238098,0.5161290322580644,-0.5151515151515152,0.4285714285714282,0.10000000000000007,0.07142857142857142,-0.2857142857142857,-0.6589327146171531,1.3684210526315783,0.05555555555555562,1.1250000000000007,0
940,-0.8095238095238098,-0.2580645161290322,-0.27272727272727276,-0.8571428571428571,-0.3000000000000002,-0.5,-0.6428571428571429,-1.1832946635731,1.5789473684210522,-0.44444444444444436,0.7500000000000009,0
1053,-1.0952380952380958,0.36559139784946215,-0.6363636363636365,0.28571428571428525,-0.3000000000000002,0.35714285714285715,-0.30952380952380953,-1.958236658932699,1.3157894736842108,-0.38888888888888873,1.687500000000001,0
673,0.9047619047619051,3.0967741935483866,0.24242424242424251,-0.2857142857142859,0.0,1.2857142857142858,2.6904761904761907,0.5568445475637906,-0.8421052631578957,-0.5,-0.43749999999999967,0
459,1.1904761904761907,-0.8172043010752686,1.1212121212121213,0.8571428571428564,0.25000000000000017,-0.6428571428571429,-0.38095238095238093,1.3921113689095024,-0.2631578947368436,0.6666666666666669,0.6250000000000001,1
376,1.7142857142857144,0.08602150537634415,1.3636363636363638,3.1428571428571423,2.2499999999999996,-0.5714285714285714,-0.5476190476190477,0.7424593967517037,-1.5789473684210544,1.166666666666667,1.000000000000001,1
334,0.23809523809523814,0.1720430107526883,-0.5454545454545455,-0.14285714285714296,1.2999999999999996,0.14285714285714285,0.14285714285714285,-0.4640371229698341,-0.9473684210526326,-0.5555555555555556,0.5000000000000006,0
856,-0.1428571428571432,0.9247311827956987,-0.7272727272727274,0.4285714285714282,-0.4000000000000003,-0.2857142857142857,-0.5714285714285714,-0.6589327146171531,1.0526315789473673,0.5,0.9375000000000002,1
1408,-0.9047619047619051,-0.043010752688172074,-0.787878787878788,-0.14285714285714296,-0.7499999999999998,1.8571428571428572,0.38095238095238093,-0.8352668213457117,1.210526315789474,1.7222222222222232,0.31250000000000006,1
1164,0.5238095238095237,1.139784946236559,-0.06060606060606067,-0.7142857142857144,-0.05000000000000004,-0.2857142857142857,-0.40476190476190477,0.055684454756384213,-0.10526315789473696,0.2777777777777781,-0.12499999999999958,0
995,1.0,-0.7311827956989247,0.5757575757575758,0.4285714285714282,0.6499999999999998,0.42857142857142855,1.1904761904761905,1.1044083526681754,-0.8421052631578957,-1.055555555555556,-0.49999999999999944,0
1481,-1.0952380952380958,0.43010752688172027,-0.6969696969696971,-1.0,0.05000000000000004,-0.5714285714285714,-0.5952380952380952,-0.8445475638051176,1.8421052631578958,0.0,-0.06249999999999979,0
329,2.6190476190476195,-1.0752688172043008,1.090909090909091,0.5714285714285712,0.14999999999999525,-0.5714285714285714,-0.40476190476190477,1.5777262180974154,-0.7894736842105261,0.2777777777777781,-0.31250000000000006,1
694,0.5238095238095237,-0.1720430107526883,0.18181818181818182,0.8571428571428564,0.25000000000000017,0.5,2.0,0.7424593967517037,0.052631578947367315,0.0,-0.49999999999999944,0
319,0.9047619047619051,0.6021505376344085,0.393939393939394,1.4285714285714282,0.20000000000000015,0.5,0.5,0.9744779582366465,0.3157894736842109,0.5,0.8125000000000007,1
1227,-0.1904761904761907,0.258064516129032,-0.6969696969696971,2.7142857142857126,0.05000000000000004,0.9285714285714286,0.19047619047619047,-0.4083526682134499,-1.5263157894736847,-0.8333333333333337,-0.6250000000000001,0
1174,-0.1428571428571432,-0.6881720430107527,0.1515151515151515,-0.7142857142857144,0.0,0.8571428571428571,0.6428571428571429,0.16705336426915265,0.7894736842105261,0.0,-0.43749999999999967,1
168,-0.28571428571428603,0.1290322580645162,-0.6969696969696971,-0.8571428571428571,-0.35000000000000026,0.21428571428571427,0.09523809523809523,-0.5568445475637906,0.3157894736842109,-0.7777777777777781,-0.7499999999999997,0
13,-1.0952380952380958,0.4086021505376342,-0.787878787878788,-0.8571428571428571,0.49999999999999967,0.14285714285714285,0.5,-1.160092807424611,1.4210526315789478,-0.5555555555555556,-0.18749999999999936,0
172,0.04761904761904746,-0.4301075268817205,-0.27272727272727276,-0.2857142857142859,-0.3000000000000002,-0.5714285714285714,-0.47619047619047616,0.18561484918791304,-0.10526315789473696,-0.05555555555555562,-0.6250000000000001,1
261,0.0,-0.8172043010752686,-0.09090909090909091,-0.7142857142857144,-0.10000000000000007,0.2857142857142857,0.16666666666666666,-0.25522041763343195,-0.10526315789473696,0.16666666666666688,-0.5624999999999992,0
1471,1.0,0.7311827956989243,-0.45454545454545464,-1.142857142857143,0.25000000000000017,-0.42857142857142855,-0.3333333333333333,-0.4733178654292401,-2.2631578947368434,-0.8333333333333337,-0.31250000000000006,0
1421,-0.04761904761904788,0.043010752688172074,-0.7575757575757577,-0.8571428571428571,-0.10000000000000007,-0.7857142857142857,-0.4523809523809524,-0.8352668213457117,-0.7894736842105261,-0.8888888888888891,-0.24999999999999917,0
902,-0.23809523809523814,0.4946236559139784,-0.4848484848484849,0.28571428571428525,0.05000000000000004,0.14285714285714285,-0.11904761904761904,0.25986078886310915,1.4210526315789478,0.38888888888888873,0.375000000000001,1
139,-0.04761904761904788,0.1720430107526883,-0.21212121212121215,-0.14285714285714296,0.10000000000000007,0.07142857142857142,1.5952380952380953,-0.2784222737819211,0.10526315789473696,-0.44444444444444436,-0.43749999999999967,0
550,0.5238095238095237,0.043010752688172074,0.696969696969697,-0.4285714285714288,4.6,-0.5714285714285714,-0.30952380952380953,0.32482598607889934,-0.21052631578947392,-0.05555555555555562,-0.49999999999999944,1
1139,-0.1904761904761907,-0.47311827956989255,-0.3333333333333334,2.1428571428571423,1.2499999999999996,1.0714285714285714,1.3333333333333333,0.49187935034800045,-0.894736842105263,-0.2222222222222225,-0.6874999999999999,0
963,-0.6190476190476195,0.21505376344085989,-0.7272727272727274,-0.14285714285714296,1.7999999999999998,-0.5714285714285714,-0.5238095238095238,-0.1206496519721744,0.3684210526315782,0.38888888888888873,-0.43749999999999967,0
559,1.4285714285714288,0.043010752688172074,0.696969696969697,3.428571428571427,1.9499999999999993,-0.2857142857142857,-0.5,1.5777262180974154,-1.2631578947368436,-0.33333333333333315,0.9375000000000002,1
140,-0.04761904761904788,0.1720430107526883,-0.21212121212121215,-0.2857142857142859,0.10000000000000007,0.21428571428571427,1.6666666666666667,-0.2784222737819211,0.052631578947367315,-0.44444444444444436,-0.43749999999999967,0
1393,-0.3809523809523814,0.43010752688172027,-0.6060606060606062,-1.2857142857142856,-0.4499999999999996,-0.6428571428571429,-0.6190476190476191,-1.2064965197215893,-0.7368421052631587,-0.7777777777777781,-0.24999999999999917,0
994,-0.3809523809523814,-0.7741935483870966,0.06060606060606067,-0.2857142857142859,0.14999999999999525,1.2142857142857142,0.7142857142857143,0.06496519721579017,0.7368421052631587,-0.7777777777777781,-0.49999999999999944,0
225,0.23809523809523814,0.4946236559139784,0.303030303030303,-0.2857142857142859,0.49999999999999967,0.07142857142857142,0.40476190476190477,0.3016241299303587,0.0,-0.2777777777777781,0.1250000000000007,0
1363,1.7619047619047619,-0.19354838709677433,0.4242424242424243,-1.142857142857143,0.5999999999999998,-0.5714285714285714,-0.23809523809523808,0.11136890951276843,-1.2631578947368436,0.16666666666666688,-0.10416666666668742,1
410,2.1904761904761907,-0.2580645161290322,0.696969696969697,3.2857142857142847,-0.4499999999999996,0.8571428571428571,0.2619047619047619,0.6032482598607689,-1.3684210526315805,-0.2777777777777781,-0.37499999999999983,0
326,1.0,-0.1290322580645162,-0.18181818181818182,12.57142857142857,-0.4000000000000003,-0.07142857142857142,0.2857142857142857,2.1809744779582356,-0.7894736842105261,0.38888888888888873,-0.6250000000000001,1
1157,0.2857142857142856,-1.4623655913978493,0.7575757575757577,-0.6428571428571429,-0.4000000000000003,2.2142857142857144,1.1904761904761905,-0.7238979118329433,0.10526315789473696,0.7777777777777781,1.000000000000001,1
300,-0.4761904761904763,0.6451612903225806,-0.6060606060606062,-0.14285714285714296,0.05000000000000004,-0.42857142857142855,-0.11904761904761904,0.7656612529001928,1.9473684210526327,0.5,-0.37499999999999983,0
1553,-0.7619047619047623,0.6881720430107527,-0.7575757575757577,2.1428571428571423,1.1999999999999995,1.2857142857142858,0.38095238095238093,-0.4361948955916678,1.0526315789473673,0.2222222222222225,0.687500000000001,1
756,-0.04761904761904788,1.6774193548387095,-0.5757575757575758,-0.4285714285714288,-1.050000000000005,0.5714285714285714,0.21428571428571427,-0.7192575406032661,1.0526315789473673,-1.055555555555556,0.31250000000000006,1
1482,0.14285714285714238,-1.0322580645161288,1.0303030303030303,1.1428571428571423,1.2499999999999996,-0.2857142857142857,-0.38095238095238093,0.6867749419953195,0.42105263157894784,0.33333333333333376,0.2500000000000003,0
194,-0.1428571428571432,0.1290322580645162,-0.15151515151515157,0.0,-0.4000000000000003,-0.5,-0.23809523809523808,-0.18561484918796456,-0.15789473684210661,-0.38888888888888873,-0.31250000000000006,0
1202,0.0,-0.7741935483870966,0.303030303030303,-0.4285714285714288,-0.6999999999999998,-0.6428571428571429,-0.6666666666666666,-1.2111368909512665,-0.21052631578947392,-0.44444444444444436,0.6250000000000001,1
574,1.2380952380952381,0.30107526881720403,0.696969696969697,-0.14285714285714296,-0.4499999999999996,0.0,0.21428571428571427,1.067285382830603,-0.05263157894736965,-0.33333333333333315,-0.37499999999999983,0
504,1.2380952380952381,-1.118279569892473,0.6363636363636364,-0.4285714285714288,-0.05000000000000004,-0.5714285714285714,-0.3333333333333333,0.3712296983758776,-0.6842105263157892,2.3333333333333344,0.4375000000000008,1
606,0.1904761904761907,0.3440860215053761,-0.393939393939394,0.5714285714285712,0.3000000000000002,-0.5714285714285714,-0.3333333333333333,0.7424593967517037,0.0,-0.16666666666666688,-0.6250000000000001,1
1162,0.4285714285714288,-0.30107526881720426,0.5151515151515151,-1.142857142857143,-0.1500000000000001,-0.14285714285714285,-0.40476190476190477,-0.5986078886310917,-0.5263157894736848,0.7222222222222225,0.0,1
4,1.5714285714285712,-1.0322580645161288,0.9090909090909093,-0.4285714285714288,-0.20000000000000015,0.21428571428571427,0.5238095238095238,0.5568445475637906,-0.7894736842105261,-0.2222222222222225,-0.24999999999999917,1
844,-0.3809523809523814,0.7096774193548387,0.27272727272727265,-0.2857142857142859,0.4499999999999996,-0.35714285714285715,1.2857142857142858,-0.23201856148494282,-0.15789473684210661,0.0,-0.49999999999999944,0
468,0.4285714285714288,-0.2580645161290322,0.5757575757575758,0.5714285714285712,-0.6999999999999998,-0.5,-0.47619047619047616,-0.9744779582366465,0.052631578947367315,0.944444444444445,2.375000000000001,1
322,0.666666666666667,0.3870967741935482,0.0,1.7142857142857135,0.5499999999999997,0.7857142857142857,1.1666666666666667,1.3689095127610131,-0.3684210526315782,0.0,-0.31250000000000006,0
6,-0.23809523809523814,0.6021505376344085,-0.787878787878788,-0.5714285714285715,-0.20000000000000015,-0.07142857142857142,0.047619047619047616,0.4640371229698341,1.0526315789473673,-0.33333333333333315,-0.49999999999999944,0
223,-0.5238095238095242,0.3870967741935482,-0.6666666666666667,-1.0,-1.0999999999999996,-0.6428571428571429,-0.6666666666666666,-0.7192575406032661,0.5789473684210521,-0.11111111111111124,-0.43749999999999967,0
548,1.2857142857142856,-0.9032258064516129,0.696969696969697,0.4285714285714282,-0.5999999999999998,-0.5714285714285714,-0.40476190476190477,0.88167053364269,-0.2631578947368436,1.3333333333333337,0.31250000000000006,1
846,-0.7142857142857144,0.5161290322580644,-0.15151515151515157,-0.5714285714285715,0.10000000000000007,0.0,-0.16666666666666666,0.04176334106730104,1.4736842105263153,0.2222222222222225,-0.24999999999999917,0
40,-0.28571428571428603,-0.30107526881720426,0.303030303030303,5.285714285714285,-0.25000000000000017,-0.14285714285714285,1.1666666666666667,0.4640371229698341,0.10526315789473696,1.166666666666667,0.1875000000000005,0
543,0.666666666666667,0.8387096774193545,-0.06060606060606067,-0.14285714285714296,-0.4499999999999996,-0.6428571428571429,-0.42857142857142855,-0.09280742459395652,-1.0,-0.16666666666666688,-0.18749999999999936,0
243,-0.09523809523809534,0.258064516129032,-0.4848484848484849,-0.5714285714285715,1.1499999999999995,1.0,1.6904761904761905,-0.5336426914153015,-1.210526315789474,-0.7222222222222225,-0.24999999999999917,1
137,0.1904761904761907,0.8387096774193545,-0.3333333333333334,-0.5714285714285715,0.49999999999999967,-0.2857142857142857,0.3333333333333333,0.0,-0.42105263157894784,0.8333333333333337,-0.43749999999999967,0
1404,-0.3333333333333335,-0.8172043010752686,0.21212121212121215,-0.7142857142857144,-0.8999999999999999,-0.7857142857142857,-0.5952380952380952,-0.3712296983758776,-0.42105263157894784,2.6666666666666683,-0.12499999999999958,1
678,0.33333333333333304,1.204301075268817,-0.45454545454545464,0.14285714285714232,0.25000000000000017,-0.14285714285714285,-0.16666666666666666,0.5104408352668124,0.47368421052631515,-0.7777777777777781,-0.18749999999999936,0
874,0.5714285714285712,-1.3333333333333333,0.3333333333333333,-0.8571428571428571,-0.5999999999999998,-0.5714285714285714,-0.6666666666666666,-0.5939675174014145,-0.42105263157894784,-0.2222222222222225,0.5625000000000003,1
922,0.23809523809523814,-0.6881720430107527,0.18181818181818182,0.0,0.10000000000000007,1.2857142857142858,0.9761904761904762,-0.18561484918796456,-0.05263157894736965,0.5555555555555556,0.5000000000000006,1
1133,-0.23809523809523814,-0.6881720430107527,0.24242424242424251,-0.5714285714285715,-0.20000000000000015,0.2857142857142857,0.0,-1.6241299303944452,0.3684210526315782,1.444444444444445,2.125000000000001,1
1457,-0.9047619047619051,0.08602150537634415,-0.6060606060606062,-0.5714285714285715,-1.4499999999999995,1.7142857142857142,1.2142857142857142,-2.0603248259860614,-0.05263157894736965,-0.6666666666666669,0.21875000000000094,1
582,2.095238095238096,-0.08602150537634415,0.696969696969697,0.0,0.49999999999999967,-0.6428571428571429,-0.5714285714285714,1.5777262180974154,-0.6315789473684218,-1.0000000000000002,-0.37499999999999983,0
1238,-0.3809523809523814,0.9892473118279568,-0.7575757575757577,0.0,-1.0,-0.21428571428571427,-0.47619047619047616,-2.032482598607895,0.42105263157894784,-1.2222222222222225,1.6250000000000013,1
1480,0.14285714285714238,-1.0322580645161288,1.0303030303030303,1.1428571428571423,1.2499999999999996,-0.2857142857142857,-0.38095238095238093,0.6867749419953195,0.42105263157894784,0.33333333333333376,0.2500000000000003,0
377,1.7142857142857144,-0.30107526881720426,0.7272727272727273,1.1428571428571423,-0.05000000000000004,0.35714285714285715,0.21428571428571427,1.6241299303943937,-0.2631578947368436,2.7222222222222237,0.5000000000000006,1
315,-0.23809523809523814,-0.6881720430107527,0.09090909090909083,0.5714285714285712,0.3999999999999996,0.8571428571428571,0.8095238095238095,-0.16241299303947543,0.42105263157894784,0.33333333333333376,0.5000000000000006,0
443,3.666666666666667,0.7096774193548387,1.5151515151515154,2.1428571428571423,1.05,-0.5714285714285714,0.11904761904761904,2.9698375870069693,-1.894736842105263,0.33333333333333376,0.6250000000000001,1
1493,-0.8095238095238098,0.5591397849462365,-0.6060606060606062,-0.8571428571428571,-1.4499999999999995,-0.5714285714285714,-0.47619047619047616,-1.540603248259843,1.3684210526315783,-0.44444444444444436,1.0937500000000002,0
1054,0.1904761904761907,-0.8172043010752686,0.4848484848484848,0.14285714285714232,-0.4499999999999996,-0.35714285714285715,-0.42857142857142855,-1.1786542923433714,0.3684210526315782,0.8333333333333337,1.5625000000000004,1
1536,-0.4285714285714288,0.1290322580645162,-0.393939393939394,0.0,-0.20000000000000015,0.07142857142857142,-0.07142857142857142,-0.41763341067285586,0.26315789473684126,-0.16666666666666688,-0.31250000000000006,1
1203,0.33333333333333304,-0.4301075268817205,0.393939393939394,-0.5714285714285715,-0.5499999999999997,-0.5714285714285714,-0.6190476190476191,-0.7610208816705156,0.21052631578947392,0.38888888888888873,0.9375000000000002,1
425,-0.09523809523809534,1.8924731182795693,-0.18181818181818182,-0.2857142857142859,-1.5999999999999996,0.07142857142857142,0.5238095238095238,-0.6032482598607689,0.26315789473684126,-1.0000000000000002,0.4375000000000008,0
554,-1.3809523809523814,2.236559139784946,-0.06060606060606067,-0.8571428571428571,-1.4499999999999995,1.2857142857142858,1.380952380952381,-1.577726218097467,2.2631578947368434,0.0,0.8125000000000007,0
595,0.0,0.8602150537634405,-0.27272727272727276,0.5714285714285712,0.8499999999999999,0.42857142857142855,0.0,0.4640371229698341,0.47368421052631515,-0.5,-0.43749999999999967,0
1477,0.9523809523809526,-0.08602150537634415,0.7272727272727273,16.57142857142857,6.299999999999999,2.4285714285714284,1.0476190476190477,2.6078886310904976,-0.7894736842105261,0.7222222222222225,-0.8749999999999993,0
945,0.1904761904761907,-0.9462365591397849,0.696969696969697,2.2857142857142847,0.5499999999999997,-0.21428571428571427,-0.3333333333333333,-0.8445475638051176,-0.21052631578947392,0.11111111111111124,1.1875000000000004,1
893,1.0476190476190474,-0.30107526881720426,-0.09090909090909091,-0.4285714285714288,0.14999999999999525,-0.2857142857142857,-0.47619047619047616,0.4361948955916162,-0.47368421052631515,0.16666666666666688,-0.5624999999999992,1
840,-0.9047619047619051,-0.08602150537634415,-0.6666666666666667,0.0,0.6499999999999998,-0.07142857142857142,-0.2857142857142857,-0.15313225058006946,0.7894736842105261,-0.8333333333333337,-0.12499999999999958,0
228,0.5238095238095237,1.2903225806451608,-0.36363636363636365,0.5714285714285712,0.49999999999999967,-0.35714285714285715,-0.35714285714285715,0.7424593967517037,0.42105263157894784,0.05555555555555562,-0.24999999999999917,0
1138,1.1904761904761907,0.0,0.5757575757575758,-0.2857142857142859,0.05000000000000004,-0.5714285714285714,-0.5952380952380952,0.4361948955916162,-0.47368421052631515,0.7777777777777781,0.7500000000000009,1
919,0.23809523809523814,-0.6881720430107527,0.18181818181818182,0.0,0.10000000000000007,1.2857142857142858,0.9761904761904762,-0.18561484918796456,-0.05263157894736965,0.5555555555555556,0.5000000000000006,1
1433,-0.9523809523809526,-0.34408602150537637,-0.787878787878788,-0.8571428571428571,-1.8499999999999996,-0.7857142857142857,-0.6428571428571429,-1.1136890951276328,0.894736842105263,1.2777777777777781,0.9375000000000002,1
67,-0.1904761904761907,0.0,-0.45454545454545464,-1.0,0.0,-0.21428571428571427,0.023809523809523808,0.0,0.5789473684210521,-0.2222222222222225,-0.37499999999999983,0
394,0.23809523809523814,0.6236559139784946,1.0606060606060608,-0.2857142857142859,1.6499999999999948,-0.07142857142857142,1.3571428571428572,0.09280742459395652,-0.7894736842105261,-0.44444444444444436,-0.6874999999999999,0
580,1.2857142857142856,-0.9032258064516129,0.696969696969697,0.0,-0.7999999999999998,0.2857142857142857,0.047619047619047616,0.3712296983758776,-0.894736842105263,-0.6111111111111113,-0.24999999999999917,1
25,-0.4761904761904763,-0.5161290322580644,-0.36363636363636365,0.28571428571428525,0.3000000000000002,0.5,0.047619047619047616,0.0,0.6315789473684218,0.05555555555555562,-0.31250000000000006,1
212,0.04761904761904746,0.8817204301075265,-0.06060606060606067,0.8571428571428564,0.20000000000000015,-0.2857142857142857,0.5714285714285714,0.02320185614848913,0.21052631578947392,-0.33333333333333315,-0.12499999999999958,1
1233,-0.1428571428571432,-0.38709677419354843,0.09090909090909083,-0.14285714285714296,-0.20000000000000015,0.35714285714285715,0.6666666666666666,0.17633410672850708,0.47368421052631515,0.11111111111111124,-0.43749999999999967,0
1193,-0.3333333333333335,-1.161290322580645,0.3333333333333333,0.4285714285714282,-0.7999999999999998,-0.21428571428571427,0.07142857142857142,-1.11832946635731,1.105263157894737,1.0000000000000007,1.3750000000000009,1
537,0.9523809523809526,0.47311827956989233,-0.06060606060606067,0.28571428571428525,-0.10000000000000007,-0.5714285714285714,-0.11904761904761904,0.27842227378186957,-1.1578947368421066,-0.2777777777777781,-0.49999999999999944,0
837,-0.5714285714285716,-1.0322580645161288,0.06060606060606067,0.28571428571428525,-3.3499999999999996,1.5714285714285714,1.4761904761904763,-2.858468677494201,-0.2631578947368436,-1.2777777777777781,0.9375000000000002,1
86,-0.4761904761904763,0.1290322580645162,-0.3333333333333334,0.0,-0.1500000000000001,0.35714285714285715,0.047619047619047616,-0.32482598607889934,0.5263157894736848,-0.16666666666666688,-0.06249999999999979,0
1440,-0.28571428571428603,0.6451612903225806,-0.7272727272727274,0.0,-0.35000000000000026,1.2142857142857142,1.2857142857142858,-0.5290023201856243,0.052631578947367315,0.33333333333333376,0.5416666666666871,1
273,1.4285714285714288,-0.6451612903225806,0.9696969696969696,2.5714285714285707,-0.4000000000000003,0.21428571428571427,0.6428571428571429,1.1832946635730486,-0.47368421052631515,0.8888888888888894,-0.06249999999999979,0
1034,-0.1904761904761907,0.21505376344085989,-0.5454545454545455,0.5714285714285712,0.49999999999999967,0.0,-0.2619047619047619,-0.4083526682134499,-0.05263157894736965,-0.16666666666666688,0.1250000000000007,1
887,0.5238095238095237,1.204301075268817,-0.4242424242424243,0.28571428571428525,0.20000000000000015,-0.42857142857142855,-0.23809523809523808,0.7238979118329433,0.10526315789473696,0.16666666666666688,0.1250000000000007,1
1447,-0.4761904761904763,0.47311827956989233,-0.7272727272727274,-0.4285714285714288,-0.05000000000000004,0.2857142857142857,-0.19047619047619047,0.14849187935034075,0.47368421052631515,0.7222222222222225,-0.24999999999999917,0
1442,-0.23809523809523814,1.139784946236559,-0.21212121212121215,4.285714285714285,0.7499999999999998,0.35714285714285715,1.4285714285714286,0.15313225058001795,-0.7894736842105261,-0.5555555555555556,-0.39583333333333093,1
631,0.3809523809523805,0.08602150537634415,0.0,0.4285714285714282,0.899999999999995,-0.5,-0.16666666666666666,0.3712296983758776,-0.21052631578947392,-0.11111111111111124,-0.5624999999999992,1
1094,0.6190476190476186,-0.9032258064516129,0.303030303030303,0.0,0.0,-0.21428571428571427,-0.16666666666666666,-0.3016241299304102,0.10526315789473696,1.3333333333333337,1.1250000000000007,1
1491,-0.3809523809523814,-1.2903225806451613,0.696969696969697,-0.5714285714285715,-1.9999999999999996,-0.42857142857142855,-0.47619047619047616,-1.5591647331786551,0.42105263157894784,-0.33333333333333315,1.3750000000000009,1
506,1.095238095238095,-0.1290322580645162,1.1212121212121213,0.9999999999999993,-0.35000000000000026,-0.2857142857142857,-0.2857142857142857,0.0,-0.7894736842105261,0.8888888888888894,1.4375000000000007,1
274,0.23809523809523814,0.8387096774193545,-0.18181818181818182,0.28571428571428525,-0.1500000000000001,-0.2857142857142857,0.0,0.25522041763338044,0.0,0.11111111111111124,-0.49999999999999944,0
813,1.3809523809523814,-0.30107526881720426,0.21212121212121215,0.4285714285714282,1.0,0.42857142857142855,0.0,0.6403712296983413,-0.3684210526315782,0.5,0.375000000000001,0
363,1.904761904761905,0.258064516129032,1.2121212121212124,0.4285714285714282,-0.35000000000000026,-0.5714285714285714,-0.023809523809523808,1.1136890951275813,-1.3684210526315805,-0.33333333333333315,-0.12499999999999958,0
623,1.0,0.258064516129032,-0.12121212121212126,-0.4285714285714288,0.05000000000000004,-0.35714285714285715,-0.14285714285714285,0.27842227378186957,-0.9473684210526326,-0.38888888888888873,-0.43749999999999967,0
3,-0.04761904761904788,1.0322580645161288,-0.6666666666666667,0.14285714285714232,0.6499999999999998,0.07142857142857142,0.38095238095238093,0.09280742459395652,-0.2631578947368436,0.16666666666666688,-0.24999999999999917,0
7,0.0,0.3440860215053761,-0.6060606060606062,-0.8571428571428571,-0.49999999999999967,0.07142857142857142,0.5,-0.18561484918796456,-0.05263157894736965,-0.8888888888888891,-0.49999999999999944,0
312,0.0,0.043010752688172074,-0.06060606060606067,-0.2857142857142859,-0.35000000000000026,0.07142857142857142,1.5952380952380953,-0.3712296983758776,-0.21052631578947392,-0.44444444444444436,-0.49999999999999944,1
1079,0.33333333333333304,-0.6451612903225806,1.181818181818182,5.999999999999999,0.05000000000000004,-0.7857142857142857,-0.7142857142857143,0.635730858468664,-0.21052631578947392,-0.2222222222222225,0.5000000000000006,0
666,0.7142857142857144,0.30107526881720403,-0.36363636363636365,-0.2857142857142859,0.25000000000000017,0.7857142857142857,0.23809523809523808,0.6032482598607689,-0.894736842105263,-0.33333333333333315,-0.31250000000000006,0
365,2.333333333333334,0.4086021505376342,1.2121212121212124,5.1428571428571415,0.20000000000000015,-0.5,0.09523809523809523,2.5058004640370837,-1.2631578947368436,0.6111111111111113,-0.12499999999999958,1
1576,-0.1904761904761907,0.0,0.4242424242424243,0.0,-0.95,-0.14285714285714285,-0.42857142857142855,-0.9559164733178861,-0.2631578947368436,0.11111111111111124,1.000000000000001,1
216,-0.4285714285714288,-0.1290322580645162,0.696969696969697,4.857142857142855,-0.95,0.8571428571428571,1.9761904761904763,0.27842227378186957,0.15789473684210428,0.7777777777777781,0.1875000000000005,0
1581,-0.23809523809523814,-0.7311827956989247,0.21212121212121215,0.28571428571428525,-0.5499999999999997,-0.35714285714285715,-0.2857142857142857,-0.9744779582366465,0.26315789473684126,-0.11111111111111124,1.0625000000000009,1
28,0.0,-0.38709677419354843,-0.15151515151515157,-0.8571428571428571,1.3499999999999996,-0.2857142857142857,-0.023809523809523808,-0.09280742459395652,-0.7368421052631587,1.6111111111111118,-0.43749999999999967,0
1146,0.14285714285714238,-1.3763440860215053,0.5151515151515151,0.4285714285714282,-0.1500000000000001,1.2142857142857142,0.30952380952380953,-0.0371229698375723,1.1578947368421042,1.0555555555555562,0.1250000000000007,1
988,-0.3809523809523814,-0.6881720430107527,0.12121212121212116,-0.8571428571428571,0.05000000000000004,1.5,0.7619047619047619,0.06032482598606143,0.6842105263157892,-0.6666666666666669,-0.49999999999999944,0
1463,-0.5238095238095242,0.5161290322580644,-0.6969696969696971,0.14285714285714232,-0.20000000000000015,0.0,-0.16666666666666666,-0.6264501160093096,0.26315789473684126,-0.2222222222222225,0.1250000000000007,1
1586,-0.3333333333333335,-0.5591397849462365,0.5454545454545455,0.5714285714285712,-0.6499999999999998,0.5714285714285714,0.23809523809523808,-0.8631090487238781,-0.05263157894736965,1.2222222222222225,0.8125000000000007,1
639,-0.09523809523809534,1.6989247311827955,-0.4242424242424243,0.0,3.199999999999999,-0.5,-0.35714285714285715,-0.18561484918796456,0.21052631578947392,0.16666666666666688,0.0,1
848,-0.23809523809523814,0.6881720430107527,-0.3030303030303031,-0.5714285714285715,-0.05000000000000004,-0.14285714285714285,0.023809523809523808,0.41763341067285586,1.0,0.44444444444444436,-0.18749999999999936,1
692,0.6190476190476186,1.7204301075268815,-0.06060606060606067,0.5714285714285712,0.3999999999999996,-0.14285714285714285,1.3095238095238095,1.3921113689095024,0.894736842105263,-0.44444444444444436,-0.24999999999999917,0
939,-0.3333333333333335,-0.6021505376344085,0.36363636363636365,0.8571428571428564,-0.5499999999999997,0.6428571428571429,0.09523809523809523,-1.5034802784222707,0.15789473684210428,0.5555555555555556,1.687500000000001,1
625,-0.5238095238095242,0.7311827956989243,-0.787878787878788,4.857142857142855,2.2499999999999996,0.5,0.47619047619047616,1.3457076566125241,0.7894736842105261,0.5555555555555556,0.0,0
967,0.5238095238095237,-0.6021505376344085,0.4545454545454545,0.28571428571428525,1.1999999999999995,-0.5714285714285714,-0.6666666666666666,-0.35266821345706567,-0.9473684210526326,-0.2222222222222225,1.0625000000000009,1
257,0.7142857142857144,-0.7741935483870966,0.3333333333333333,0.0,-0.20000000000000015,-0.6428571428571429,-0.5952380952380952,0.5568445475637906,-0.47368421052631515,0.0,-0.6250000000000001,0
26,-0.7619047619047623,-0.5591397849462365,-0.3030303030303031,-1.142857142857143,0.05000000000000004,-0.21428571428571427,-0.35714285714285715,-0.6032482598607689,0.15789473684210428,-0.33333333333333315,-0.5624999999999992,0
337,0.4761904761904763,-0.38709677419354843,0.5757575757575758,-0.4285714285714288,-1.3499999999999999,-0.5714285714285714,-0.5238095238095238,-0.9280742459396683,0.21052631578947392,0.44444444444444436,1.4375000000000007,1
573,1.095238095238095,-1.204301075268817,0.696969696969697,0.28571428571428525,-0.20000000000000015,-0.2857142857142857,-0.23809523809523808,0.4640371229698341,-0.894736842105263,-0.05555555555555562,0.1250000000000007,0
48,0.3809523809523805,-0.989247311827957,0.787878787878788,-0.8571428571428571,1.6999999999999997,-0.14285714285714285,-0.023809523809523808,0.04640371229697826,-0.3157894736842109,-0.2222222222222225,-0.43749999999999967,0
107,-0.04761904761904788,-0.47311827956989255,1.272727272727273,-0.7142857142857144,19.4,0.2857142857142857,0.7380952380952381,0.2320185614848913,-1.210526315789474,3.833333333333335,-0.5624999999999992,0
350,0.5714285714285712,1.139784946236559,-0.787878787878788,0.5714285714285712,0.6999999999999998,-0.21428571428571427,-0.23809523809523808,1.2064965197215378,0.26315789473684126,1.3333333333333337,-0.49999999999999944,1
56,-0.09523809523809534,0.43010752688172027,-0.6666666666666667,2.2857142857142847,0.25000000000000017,0.7857142857142857,0.16666666666666666,0.4640371229698341,0.15789473684210428,-0.5,-0.43749999999999967,0
917,-1.2380952380952386,0.8387096774193545,-0.21212121212121215,-1.0,4.1,-0.5,0.5714285714285714,-1.3225058004640349,1.6315789473684217,-0.05555555555555562,0.5000000000000006,0
121,-0.28571428571428603,2.365591397849462,-0.5151515151515152,-0.7142857142857144,4.949999999999998,-0.2857142857142857,1.2142857142857142,-0.2784222737819211,-0.05263157894736965,-0.2777777777777781,-0.7499999999999997,0
991,-0.09523809523809534,-0.5591397849462365,-0.4242424242424243,-0.7142857142857144,0.899999999999995,0.35714285714285715,-0.2619047619047619,-0.38979118329468954,-0.7894736842105261,-0.7222222222222225,-0.49999999999999944,0
1006,-0.5238095238095242,-0.6881720430107527,0.18181818181818182,-0.5714285714285715,-0.5999999999999998,-0.7142857142857143,-0.7142857142857143,-1.8561484918793365,0.26315789473684126,-0.38888888888888873,1.6250000000000013,1
73,-0.09523809523809534,0.7311827956989243,-0.12121212121212126,-0.4285714285714288,0.25000000000000017,0.2857142857142857,1.3333333333333333,-0.32482598607889934,0.0,-0.7777777777777781,-0.43749999999999967,0
1384,0.04761904761904746,0.3440860215053761,-0.12121212121212126,-0.14285714285714296,0.05000000000000004,0.7857142857142857,1.5952380952380953,-0.3109048723898162,-0.05263157894736965,-0.7222222222222225,-0.18749999999999936,0
882,-0.1428571428571432,0.8387096774193545,-0.787878787878788,-0.14285714285714296,-0.5499999999999997,1.1428571428571428,-0.07142857142857142,-0.6821345707656422,0.894736842105263,0.16666666666666688,0.7500000000000009,1
811,-0.28571428571428603,-0.1290322580645162,-0.4848484848484849,0.5714285714285712,-0.5499999999999997,-0.7142857142857143,-0.5714285714285714,-0.5475638051044363,-0.05263157894736965,-0.8333333333333337,0.1875000000000005,0
46,-1.571428571428572,0.0,-0.3333333333333334,-0.14285714285714296,-1.2499999999999998,-0.42857142857142855,0.6428571428571429,-1.577726218097467,3.105263157894737,-0.33333333333333315,1.8125000000000007,0
524,0.666666666666667,-0.5161290322580644,0.696969696969697,0.4285714285714282,0.3000000000000002,1.7142857142857142,2.4761904761904763,0.4640371229698341,-0.47368421052631515,-0.38888888888888873,-0.49999999999999944,0
990,0.8571428571428568,-0.967741935483871,0.4242424242424243,-1.0,-0.3000000000000002,0.0,-0.40476190476190477,-0.5754060324826026,-0.894736842105263,-0.6111111111111113,0.4375000000000008,1
894,-0.3333333333333335,0.6021505376344085,-0.6969696969696971,0.14285714285714232,-0.05000000000000004,0.14285714285714285,1.1428571428571428,0.29234338747100425,1.1578947368421042,-0.2777777777777781,-0.31250000000000006,0
985,2.0476190476190474,-0.30107526881720426,0.696969696969697,-1.142857142857143,-0.20000000000000015,-0.7857142857142857,-0.7619047619047619,0.04640371229697826,-0.9473684210526326,0.05555555555555562,0.1250000000000007,0
534,1.1428571428571432,-1.0752688172043008,-0.06060606060606067,-0.14285714285714296,-0.35000000000000026,0.07142857142857142,-0.11904761904761904,-0.5568445475637906,-0.47368421052631515,0.2222222222222225,1.6250000000000013,1
1380,-0.1904761904761907,0.21505376344085989,-0.7272727272727274,0.5714285714285712,-0.10000000000000007,-0.21428571428571427,-0.07142857142857142,-0.5707656612529254,0.26315789473684126,0.0,0.375000000000001,1
604,2.5238095238095237,-0.2580645161290322,0.787878787878788,0.0,-0.4000000000000003,-0.14285714285714285,-0.07142857142857142,1.7633410672853285,-1.105263157894737,-0.33333333333333315,-0.7499999999999997,1
466,1.0,-0.989247311827957,0.4242424242424243,0.9999999999999993,0.95,-0.2857142857142857,-0.2857142857142857,1.7633410672853285,0.894736842105263,1.6111111111111118,-0.31250000000000006,0
924,-0.5238095238095242,-0.47311827956989255,0.1515151515151515,9.428571428571427,0.25000000000000017,0.8571428571428571,0.16666666666666666,0.6682134570765591,0.3684210526315782,0.11111111111111124,-0.06249999999999979,1
1360,1.7619047619047619,-0.19354838709677433,0.4242424242424243,-1.142857142857143,0.5999999999999998,-0.5714285714285714,-0.23809523809523808,0.11136890951276843,-1.2631578947368436,0.16666666666666688,-0.10416666666668742,1
880,-0.3333333333333335,0.3440860215053761,-0.6666666666666667,0.4285714285714282,-0.1500000000000001,0.2857142857142857,1.1904761904761905,0.3016241299303587,1.1578947368421042,-0.38888888888888873,-0.43749999999999967,0
1593,-0.7619047619047623,-0.043010752688172074,-0.393939393939394,0.14285714285714232,-0.1500000000000001,1.0714285714285714,0.047619047619047616,-0.49187935034805197,0.5789473684210521,0.7222222222222225,0.5000000000000006,1
61,0.4285714285714288,-0.5161290322580644,0.4242424242424243,0.0,0.0,0.35714285714285715,0.3333333333333333,0.5568445475637906,0.6842105263157892,0.11111111111111124,-0.6250000000000001,0
1008,0.5714285714285712,-0.9462365591397849,0.24242424242424251,-0.2857142857142859,-0.7499999999999998,-0.14285714285714285,-0.30952380952380953,-0.7610208816705156,-0.2631578947368436,1.2222222222222225,0.9375000000000002,1
667,0.1904761904761907,-0.1290322580645162,0.303030303030303,-0.5714285714285715,7.1499999999999995,-0.5714285714285714,-0.5238095238095238,0.5568445475637906,-0.6842105263157892,-0.11111111111111124,-0.43749999999999967,1
195,-0.1428571428571432,0.1290322580645162,-0.15151515151515157,0.0,-0.4000000000000003,-0.5,-0.23809523809523808,-0.18561484918796456,-0.15789473684210661,-0.38888888888888873,-0.31250000000000006,0
696,-1.333333333333334,-0.21505376344086036,-0.7272727272727274,-1.2857142857142856,-2.2499999999999996,0.2857142857142857,0.14285714285714285,-2.1809744779582356,3.105263157894737,0.0,1.6250000000000013,1
360,2.238095238095238,-0.6021505376344085,1.2121212121212124,0.5714285714285712,0.4499999999999996,-0.2857142857142857,0.07142857142857142,1.9489559164732415,-0.7368421052631587,0.33333333333333376,-0.24999999999999917,1
520,-0.28571428571428603,-0.6666666666666666,0.696969696969697,0.4285714285714282,0.4499999999999996,1.7857142857142858,1.619047619047619,-0.09280742459395652,0.26315789473684126,0.8888888888888894,0.5000000000000006,0
932,-0.23809523809523814,0.3870967741935482,-0.7575757575757577,-0.2857142857142859,-0.25000000000000017,-0.07142857142857142,0.0,0.3155452436194934,0.894736842105263,0.16666666666666688,-0.24999999999999917,0
868,-0.4761904761904763,-0.043010752688172074,-0.09090909090909091,-0.2857142857142859,-0.35000000000000026,-0.07142857142857142,-0.38095238095238093,-1.1229698375869872,0.47368421052631515,1.2222222222222225,0.6250000000000001,1
183,-0.3333333333333335,0.9032258064516125,-0.7272727272727274,0.4285714285714282,-0.1500000000000001,0.14285714285714285,0.09523809523809523,0.18561484918791304,0.6842105263157892,-0.5555555555555556,-0.5624999999999992,0
1089,1.7619047619047619,-0.47311827956989255,0.8484848484848486,-1.0,0.7999999999999998,0.5714285714285714,0.07142857142857142,0.25522041763338044,-1.5263157894736847,0.7777777777777781,-0.18749999999999936,1
1098,0.33333333333333304,0.0,0.36363636363636365,-1.0,0.8499999999999999,-0.6428571428571429,-0.47619047619047616,-0.06496519721579017,-0.5789473684210521,-0.5555555555555556,-0.49999999999999944,0
111,-0.04761904761904788,0.1720430107526883,-0.21212121212121215,-0.5714285714285715,1.2499999999999996,-0.14285714285714285,0.21428571428571427,-0.18561484918796456,-0.6315789473684218,1.7222222222222232,-0.43749999999999967,0
944,0.9047619047619051,-0.08602150537634415,0.24242424242424251,0.14285714285714232,0.7499999999999998,-0.2857142857142857,0.16666666666666666,0.8538283062644721,-0.3684210526315782,-0.11111111111111124,-0.31250000000000006,1
43,-0.1904761904761907,-0.1290322580645162,-0.18181818181818182,0.5714285714285712,12.649999999999997,-0.42857142857142855,-0.5714285714285714,0.0,-0.5263157894736848,1.5555555555555562,0.1875000000000005,1
747,0.14285714285714238,-0.7741935483870966,0.36363636363636365,0.4285714285714282,0.05000000000000004,-0.14285714285714285,0.4523809523809524,0.4640371229698341,-0.05263157894736965,-0.8333333333333337,-0.7499999999999997,1
126,0.5238095238095237,0.43010752688172027,-0.6666666666666667,-0.4285714285714288,3.3499999999999988,0.9285714285714286,1.2380952380952381,0.7424593967517037,-0.7894736842105261,0.44444444444444436,-0.49999999999999944,0
205,-0.4285714285714288,-0.38709677419354843,0.303030303030303,-0.8571428571428571,0.49999999999999967,0.0,-0.023809523809523808,-0.3016241299304102,0.15789473684210428,-0.33333333333333315,-0.6250000000000001,1
931,-0.6190476190476195,0.3870967741935482,-0.7575757575757577,-0.4285714285714288,0.05000000000000004,-0.42857142857142855,-0.30952380952380953,0.3062645011600874,2.0,0.6111111111111113,0.1875000000000005,0
53,-0.6190476190476195,-0.08602150537634415,-0.6666666666666667,-0.14285714285714296,-0.5499999999999997,-0.5714285714285714,-0.5714285714285714,-0.6032482598607689,0.42105263157894784,0.11111111111111124,-0.49999999999999944,1
1274,-0.1904761904761907,0.258064516129032,-0.18181818181818182,-0.2857142857142859,-0.3000000000000002,1.4285714285714286,0.14285714285714285,-0.8631090487238781,-1.105263157894737,-1.055555555555556,-0.5624999999999992,0
1019,0.04761904761904746,-1.4623655913978493,0.3333333333333333,-1.857142857142857,-1.4999999999999996,1.5714285714285714,1.6904761904761905,-3.122969837586987,-2.210526315789474,-1.0000000000000002,1.5625000000000004,1
1458,-0.1428571428571432,-0.1290322580645162,0.21212121212121215,-0.4285714285714288,-0.25000000000000017,0.9285714285714286,1.119047619047619,0.12064965197212286,0.5263157894736848,-0.2222222222222225,-0.7499999999999997,0
975,0.4285714285714288,-0.8172043010752686,0.4545454545454545,5.285714285714285,-0.3000000000000002,-0.5,-0.5952380952380952,-0.10208816705336247,-0.05263157894736965,0.0,1.1875000000000004,1
184,-0.5238095238095242,0.3870967741935482,-0.18181818181818182,-0.5714285714285715,-0.10000000000000007,-0.21428571428571427,0.6428571428571429,0.13921113689093478,1.210526315789474,-0.2222222222222225,-0.5624999999999992,0
138,-0.3333333333333335,-0.45161290322580655,0.303030303030303,-0.2857142857142859,0.10000000000000007,-0.07142857142857142,0.16666666666666666,0.18561484918791304,0.894736842105263,0.11111111111111124,-0.6250000000000001,0
797,0.3809523809523805,-0.2580645161290322,0.1515151515151515,0.4285714285714282,2.3499999999999996,0.7142857142857143,0.6190476190476191,0.3062645011600874,-1.105263157894737,0.6666666666666669,-0.37499999999999983,0
81,-0.8095238095238098,-0.30107526881720426,-0.18181818181818182,-0.8571428571428571,-0.49999999999999967,-0.7857142857142857,-0.5476190476190477,-0.4640371229698341,0.5263157894736848,-0.33333333333333315,-0.6250000000000001,0
1290,-0.4285714285714288,0.3440860215053761,0.12121212121212116,3.2857142857142847,-0.5499999999999997,0.42857142857142855,1.7142857142857142,1.0858468677494149,-0.05263157894736965,3.0555555555555562,0.0,0
106,0.09523809523809491,0.23655913978494592,-0.12121212121212126,-0.14285714285714296,-0.10000000000000007,-0.14285714285714285,0.6428571428571429,-0.04640371229697826,-0.10526315789473696,-0.6111111111111113,-0.6250000000000001,0
1237,-0.04761904761904788,0.1290322580645162,-0.787878787878788,-0.7142857142857144,-0.4499999999999996,-0.5,-0.5,-0.09744779582368526,-0.2631578947368436,0.11111111111111124,-0.49999999999999944,1
542,0.7619047619047619,-0.2580645161290322,0.696969696969697,5.857142857142855,-0.7499999999999998,-0.6428571428571429,-0.5,0.9280742459396683,-0.5263157894736848,0.6111111111111113,0.5000000000000006,1
833,1.1904761904761907,-0.34408602150537637,0.4848484848484848,-1.0,3.299999999999999,1.4285714285714286,0.23809523809523808,0.7053364269141313,0.3684210526315782,1.3333333333333337,-0.18749999999999936,0
481,1.2857142857142856,-1.0322580645161288,0.393939393939394,18.999999999999996,-0.49999999999999967,-0.5714285714285714,-0.35714285714285715,2.6914153132249967,-1.0,0.2222222222222225,-0.6250000000000001,0
166,-0.04761904761904788,0.47311827956989233,0.6666666666666666,-0.7142857142857144,1.05,0.0,1.380952380952381,-0.32482598607889934,-0.6315789473684218,0.0,-0.43749999999999967,0
249,-0.09523809523809534,0.043010752688172074,-0.6060606060606062,-0.7142857142857144,-0.25000000000000017,-0.35714285714285715,0.023809523809523808,-0.3016241299304102,0.21052631578947392,-0.7777777777777781,-0.24999999999999917,1
308,1.1428571428571432,-0.47311827956989255,0.4848484848484848,0.28571428571428525,6.699999999999999,-0.5714285714285714,-0.5714285714285714,1.2064965197215378,-0.6315789473684218,0.0,-0.43749999999999967,1
447,2.1904761904761907,-0.6021505376344085,1.0303030303030303,0.5714285714285712,0.10000000000000007,1.2142857142857142,0.8095238095238095,1.2993039443155459,-1.105263157894737,0.6111111111111113,0.1875000000000005,0
843,1.2857142857142856,-0.08602150537634415,0.5757575757575758,0.5714285714285712,1.9999999999999993,1.4285714285714286,0.7142857142857143,0.12993039443152882,-0.42105263157894784,0.5555555555555556,0.4375000000000008,1
335,0.0,0.5591397849462365,-0.7575757575757577,0.4285714285714282,-0.05000000000000004,0.21428571428571427,0.0,-0.23201856148494282,0.15789473684210428,0.6666666666666669,0.9375000000000002,1
1254,0.0,0.6021505376344085,-0.787878787878788,-1.142857142857143,0.8499999999999999,-0.5714285714285714,-0.5952380952380952,-0.5150812064965411,0.6315789473684218,-0.2222222222222225,-0.43749999999999967,0
98,-0.4285714285714288,-0.08602150537634415,-0.030303030303030335,-0.2857142857142859,-0.4499999999999996,-0.7857142857142857,-0.38095238095238093,-0.23201856148494282,-0.3157894736842109,0.05555555555555562,-0.6250000000000001,0
859,1.8095238095238093,-1.0322580645161288,0.6363636363636364,-0.7142857142857144,-1.2499999999999998,0.21428571428571427,-0.14285714285714285,0.02784222737816635,-0.8421052631578957,0.2777777777777781,0.2500000000000003,1
1577,0.04761904761904746,-0.9462365591397849,1.1212121212121213,-0.8571428571428571,0.10000000000000007,0.14285714285714285,-0.21428571428571427,-0.42691415313226183,-0.05263157894736965,0.8888888888888894,0.375000000000001,1
738,0.14285714285714238,0.30107526881720403,-0.787878787878788,0.4285714285714282,0.6999999999999998,0.35714285714285715,0.47619047619047616,1.5777262180974154,1.0,0.16666666666666688,-0.5624999999999992,1
999,0.4761904761904763,1.3763440860215048,0.24242424242424251,-1.142857142857143,-1.4499999999999995,-0.7142857142857143,-0.6666666666666666,-0.5846867749420085,-1.0,-0.7777777777777781,-0.6874999999999999,1
1092,0.0,-0.7741935483870966,0.4848484848484848,-0.2857142857142859,0.34999999999999953,-0.42857142857142855,-0.4523809523809524,-0.6218097447795808,0.21052631578947392,-0.11111111111111124,0.7500000000000009,1
422,-0.6190476190476195,1.3763440860215048,-0.6969696969696971,0.14285714285714232,-1.0,1.2857142857142858,0.23809523809523808,-0.7424593967517552,1.105263157894737,-0.33333333333333315,1.312500000000001,1
103,0.09523809523809491,0.10752688172043018,-0.24242424242424251,-0.4285714285714288,0.05000000000000004,-0.07142857142857142,-0.07142857142857142,0.18561484918791304,-0.05263157894736965,-0.16666666666666688,-0.7499999999999997,1
435,1.1904761904761907,-0.47311827956989255,0.878787878787879,1.4285714285714282,-0.1500000000000001,0.5714285714285714,0.38095238095238093,1.2993039443155459,-0.8421052631578957,1.5000000000000007,-0.18749999999999936,1
75,0.8571428571428568,-0.8602150537634408,0.8484848484848486,0.4285714285714282,0.7499999999999998,1.0,1.0714285714285714,0.7424593967517037,-0.15789473684210661,1.1111111111111112,-0.37499999999999983,0
1441,-0.3333333333333335,-0.6451612903225806,0.18181818181818182,-0.2857142857142859,-0.8499999999999999,0.07142857142857142,-0.23809523809523808,-0.9744779582366465,-0.42105263157894784,0.6111111111111113,0.687500000000001,1
998,-1.0952380952380958,0.6021505376344085,-0.787878787878788,0.0,0.3999999999999996,-0.7857142857142857,-0.6428571428571429,-1.4013921113689083,2.105263157894737,0.05555555555555562,1.6250000000000013,1
303,0.1904761904761907,0.7956989247311824,-0.4242424242424243,0.5714285714285712,0.6499999999999998,-0.14285714285714285,-0.23809523809523808,1.2064965197215378,1.0526315789473673,0.5555555555555556,-0.12499999999999958,0
1377,0.14285714285714238,1.5698924731182793,-0.18181818181818182,-1.142857142857143,0.34999999999999953,-0.5,-0.16666666666666666,-1.0208816705336248,-1.0526315789473697,-0.8888888888888891,-0.12499999999999958,0
1344,-0.1904761904761907,-0.043010752688172074,-0.7272727272727274,-0.7142857142857144,0.25000000000000017,-0.07142857142857142,-0.16666666666666666,-0.6589327146171531,0.26315789473684126,-0.44444444444444436,0.1875000000000005,1
1305,-0.1428571428571432,1.161290322580645,-0.15151515151515157,0.14285714285714232,0.3999999999999996,0.5,0.7142857142857143,-0.6032482598607689,-1.0,-1.0000000000000002,-0.6250000000000001,0
825,-0.3809523809523814,-0.1720430107526883,0.06060606060606067,0.8571428571428564,-0.5499999999999997,-0.5714285714285714,-0.5238095238095238,0.009280742459405956,-0.3684210526315782,-0.5,0.0625000000000009,0
734,-0.4285714285714288,-0.30107526881720426,0.24242424242424251,0.7142857142857141,0.14999999999999525,0.14285714285714285,0.8095238095238095,0.5568445475637906,1.2631578947368411,-0.11111111111111124,-0.43749999999999967,0
236,-0.3333333333333335,0.47311827956989233,-0.787878787878788,-0.4285714285714288,0.899999999999995,0.0,0.0,-0.02320185614848913,0.3157894736842109,-0.2222222222222225,-0.7499999999999997,1
1325,-0.5714285714285716,-0.2580645161290322,-0.06060606060606067,-0.7142857142857144,-0.10000000000000007,0.2857142857142857,-0.09523809523809523,-0.9280742459396683,0.42105263157894784,-0.11111111111111124,0.2500000000000003,1
268,0.0,-0.7311827956989247,0.6060606060606062,1.9999999999999993,-0.05000000000000004,0.07142857142857142,-0.023809523809523808,0.2320185614848913,0.21052631578947392,1.3333333333333337,1.6250000000000013,1
306,1.1428571428571432,0.043010752688172074,0.6666666666666666,0.4285714285714282,-0.7999999999999998,-0.5714285714285714,-0.30952380952380953,1.3921113689095024,-1.0,-0.16666666666666688,-0.5624999999999992,1
1449,-0.4761904761904763,0.258064516129032,-0.7575757575757577,-0.4285714285714288,0.05000000000000004,1.8571428571428572,0.38095238095238093,0.013921113689083175,0.47368421052631515,0.6111111111111113,-0.31250000000000006,0
118,-0.04761904761904788,0.1720430107526883,-0.4242424242424243,-0.2857142857142859,0.14999999999999525,-0.5,-0.23809523809523808,0.09280742459395652,0.3157894736842109,-0.6666666666666669,-0.49999999999999944,1
1289,-0.4285714285714288,0.3440860215053761,0.12121212121212116,3.2857142857142847,-0.5499999999999997,0.42857142857142855,1.7142857142857142,1.0858468677494149,-0.05263157894736965,3.0555555555555562,0.0,0
674,0.14285714285714238,0.9032258064516125,-0.15151515151515157,-0.7142857142857144,-0.25000000000000017,-0.6428571428571429,-0.5952380952380952,0.0,-0.5789473684210521,-0.5555555555555556,-0.43749999999999967,0
250,-0.28571428571428603,0.6021505376344085,-0.787878787878788,-0.2857142857142859,0.25000000000000017,-0.5714285714285714,-0.35714285714285715,0.6960556844547254,1.5789473684210522,1.8888888888888893,-0.18749999999999936,1
1303,0.5714285714285712,-0.6451612903225806,0.18181818181818182,-0.14285714285714296,-0.7499999999999998,-0.7142857142857143,-0.5476190476190477,-0.48259860788864606,-0.05263157894736965,1.0000000000000007,0.6250000000000001,1
1143,-0.4761904761904763,-0.30107526881720426,-0.45454545454545464,0.28571428571428525,-1.7999999999999998,-0.5714285714285714,-0.6190476190476191,-1.5127610208816769,-0.05263157894736965,0.16666666666666688,0.7500000000000009,1
72,-0.09523809523809534,0.6451612903225806,-0.09090909090909091,-0.14285714285714296,0.4499999999999996,0.21428571428571427,1.380952380952381,-0.2784222737819211,0.052631578947367315,-0.7777777777777781,-0.43749999999999967,0
95,-1.3809523809523814,2.1505376344086016,-0.6666666666666667,-1.142857142857143,-1.6999999999999997,1.9285714285714286,1.119047619047619,-1.3921113689095024,2.315789473684211,-0.7777777777777781,0.1875000000000005,0
965,0.2857142857142856,-0.21505376344086036,0.030303030303030335,-0.4285714285714288,-1.050000000000005,0.2857142857142857,0.0,-0.7517401392111611,-0.7894736842105261,1.2777777777777781,0.5625000000000003,1
34,-0.4761904761904763,0.36559139784946215,-0.4242424242424243,12.14285714285714,-0.3000000000000002,1.8571428571428572,1.0714285714285714,1.1600928074245596,0.7368421052631587,-0.5555555555555556,-0.49999999999999944,1
1221,1.4285714285714288,-0.8602150537634408,0.787878787878788,-0.5714285714285715,2.65,0.21428571428571427,0.14285714285714285,0.25058004640370324,-0.15789473684210661,0.8333333333333337,0.8125000000000007,1
449,0.33333333333333304,0.043010752688172074,-0.12121212121212126,-0.2857142857142859,1.05,-0.5,-0.2619047619047619,-0.04640371229697826,-0.5789473684210521,-0.33333333333333315,0.0,1
446,0.7619047619047619,0.9247311827956987,-0.4848484848484849,-0.14285714285714296,0.0,-0.5714285714285714,-0.16666666666666666,0.8352668213457117,-0.42105263157894784,-0.33333333333333315,-0.06249999999999979,1
772,0.7142857142857144,0.7096774193548387,0.0,0.28571428571428525,0.14999999999999525,0.6428571428571429,2.5,0.4640371229698341,-0.15789473684210661,-0.38888888888888873,-0.49999999999999944,0
717,0.04761904761904746,-0.38709677419354843,0.303030303030303,0.14285714285714232,-0.20000000000000015,-0.2857142857142857,0.23809523809523808,0.3712296983758776,0.15789473684210428,-0.8888888888888891,-0.49999999999999944,0
1091,1.0,-1.118279569892473,0.8484848484848486,-0.4285714285714288,0.20000000000000015,2.0,0.8571428571428571,-1.0626450116009258,-1.7368421052631589,0.05555555555555562,1.000000000000001,1
1277,0.2857142857142856,-0.5161290322580644,0.4242424242424243,5.857142857142855,-1.4499999999999995,-0.7857142857142857,-0.6666666666666666,-0.5290023201856243,-0.15789473684210661,-0.33333333333333315,1.1250000000000007,0
1,-0.23809523809523814,0.7741935483870964,-0.787878787878788,-0.4285714285714288,-0.1500000000000001,-0.21428571428571427,-0.09523809523809523,0.4640371229698341,1.0526315789473673,-0.33333333333333315,-0.49999999999999944,0
1594,-0.5238095238095242,0.43010752688172027,-0.5454545454545455,-0.4285714285714288,-0.5499999999999997,1.0,0.0,-0.13457076566125756,0.5789473684210521,1.1111111111111112,-0.43749999999999967,1
78,-0.5238095238095242,1.139784946236559,-0.787878787878788,0.28571428571428525,1.2499999999999996,0.0,-0.19047619047619047,-0.09280742459395652,1.105263157894737,-0.38888888888888873,0.31250000000000006,1
85,-0.7619047619047623,-0.9462365591397849,0.6666666666666666,-0.5714285714285715,-0.49999999999999967,0.2857142857142857,0.5476190476190477,-0.41763341067285586,0.6842105263157892,0.8888888888888894,0.0625000000000009,1
950,0.4761904761904763,-1.7204301075268815,0.5757575757575758,-0.5714285714285715,-0.20000000000000015,-0.2857142857142857,-0.40476190476190477,-0.5939675174014145,0.5263157894736848,0.7777777777777781,1.0625000000000009,1
83,-0.23809523809523814,-0.08602150537634415,0.6363636363636364,-0.2857142857142859,0.34999999999999953,0.5,0.8333333333333334,0.09280742459395652,0.26315789473684126,-0.2777777777777781,-0.6874999999999999,0
458,0.6190476190476186,0.47311827956989233,-0.15151515151515157,0.7142857142857141,0.899999999999995,1.0714285714285714,0.6428571428571429,0.9280742459396683,-0.15789473684210661,-0.2222222222222225,-0.37499999999999983,0
1035,0.4761904761904763,0.9677419354838707,-0.24242424242424251,0.4285714285714282,-0.10000000000000007,0.07142857142857142,0.23809523809523808,0.27378190255219237,-0.5789473684210521,-0.8333333333333337,-0.31250000000000006,1
677,1.3809523809523814,-0.5161290322580644,0.4545454545454545,0.0,0.25000000000000017,-0.5,-0.5,0.7424593967517037,-1.210526315789474,0.2777777777777781,-0.5624999999999992,1
1537,-0.8571428571428577,0.043010752688172074,-0.5454545454545455,-0.4285714285714288,-0.10000000000000007,0.7142857142857143,0.16666666666666666,-0.7053364269141313,1.5263157894736847,0.33333333333333376,0.0625000000000009,1
1141,-0.28571428571428603,-0.5161290322580644,0.12121212121212116,-0.7142857142857144,0.05000000000000004,1.3571428571428572,0.9761904761904762,0.04640371229697826,0.5263157894736848,0.16666666666666688,-0.43749999999999967,1
437,0.04761904761904746,0.6451612903225806,0.12121212121212116,-0.2857142857142859,-0.95,1.7142857142857142,0.5714285714285714,-0.4640371229698341,-0.2631578947368436,-0.33333333333333315,0.0,1
771,-0.3809523809523814,0.30107526881720403,-0.7272727272727274,0.14285714285714232,0.14999999999999525,0.7142857142857143,1.3333333333333333,0.2969837587006815,1.2631578947368411,-0.5,-0.31250000000000006,1
870,-0.1428571428571432,0.47311827956989233,-0.6969696969696971,-0.2857142857142859,0.05000000000000004,0.9285714285714286,0.11904761904761904,-0.4733178654292401,0.6842105263157892,0.11111111111111124,0.4375000000000008,1
645,0.9523809523809526,0.08602150537634415,0.5757575757575758,0.14285714285714232,-0.4000000000000003,0.14285714285714285,0.047619047619047616,1.067285382830603,0.42105263157894784,0.0,-0.49999999999999944,0
863,-0.1904761904761907,-0.4301075268817205,0.18181818181818182,0.7142857142857141,-0.5999999999999998,-0.5,-0.30952380952380953,-0.24129930394429724,-0.3684210526315782,-1.0000000000000002,0.1250000000000007,0
1014,-0.1904761904761907,0.8172043010752684,-0.787878787878788,-0.8571428571428571,0.6499999999999998,0.5714285714285714,-0.16666666666666666,-0.2088167053364537,0.3684210526315782,-0.2222222222222225,-0.12499999999999958,1
1030,-0.09523809523809534,0.258064516129032,-0.7575757575757577,-0.5714285714285715,0.4499999999999996,-0.14285714285714285,-0.47619047619047616,-0.5197215777262183,0.052631578947367315,-0.33333333333333315,0.1875000000000005,1
1269,-0.4761904761904763,-0.47311827956989255,0.1515151515151515,-0.2857142857142859,0.0,0.5,0.30952380952380953,-0.055684454756384213,0.8421052631578957,-0.38888888888888873,-0.43749999999999967,1
1190,0.4285714285714288,1.8709677419354833,-0.6363636363636365,-0.5714285714285715,-0.20000000000000015,-0.6428571428571429,-0.4523809523809524,-0.2969837587006815,-0.05263157894736965,-1.0000000000000002,-0.37499999999999983,0
1387,-0.23809523809523814,0.5161290322580644,-0.5757575757575758,-0.5714285714285715,1.05,-0.42857142857142855,-0.35714285714285715,-0.32482598607889934,-0.05263157894736965,-0.2222222222222225,-0.37499999999999983,0
1041,-0.23809523809523814,1.9139784946236553,-0.787878787878788,0.0,0.4499999999999996,0.14285714285714285,-0.14285714285714285,0.35266821345706567,1.4210526315789478,0.2777777777777781,0.0,0
1554,-0.28571428571428603,0.9247311827956987,-0.787878787878788,0.0,0.05000000000000004,0.2857142857142857,-0.23809523809523808,0.39443155452436673,0.5263157894736848,-0.11111111111111124,-0.49999999999999944,0
105,-0.3333333333333335,-0.1290322580645162,-0.06060606060606067,0.0,-0.4499999999999996,-0.6428571428571429,-0.047619047619047616,-0.3712296983758776,0.10526315789473696,-0.7777777777777781,-0.49999999999999944,0
1047,-0.1428571428571432,1.118279569892473,-0.787878787878788,-0.7142857142857144,-0.1500000000000001,1.3571428571428572,0.16666666666666666,-0.3155452436194934,0.0,0.0,0.31250000000000006,1
689,-0.09523809523809534,0.6021505376344085,-0.6666666666666667,-0.8571428571428571,-1.9999999999999996,-0.7142857142857143,-0.6904761904761905,-0.2784222737819211,0.47368421052631515,-0.8333333333333337,-0.49999999999999944,0
1294,-0.1904761904761907,1.0107526881720428,-0.787878787878788,-0.4285714285714288,0.25000000000000017,-0.5714285714285714,-0.6190476190476191,-0.0371229698375723,0.15789473684210428,-0.7222222222222225,-0.31250000000000006,0
827,-0.1904761904761907,-1.0752688172043008,0.24242424242424251,0.14285714285714232,-1.4499999999999995,-0.7142857142857143,-0.7142857142857143,-0.7888631090487335,0.47368421052631515,0.11111111111111124,0.5000000000000006,1
1217,0.0,0.21505376344085989,0.1515151515151515,-0.2857142857142859,0.0,-0.2857142857142857,0.9761904761904762,-0.013921113689083175,-0.10526315789473696,0.38888888888888873,-0.43749999999999967,1
1132,-0.9523809523809526,-1.4193548387096773,-0.15151515151515157,-0.7142857142857144,-1.6999999999999997,3.0714285714285716,2.3095238095238093,-1.5730858468677382,0.052631578947367315,-1.0000000000000002,-0.43749999999999967,0
63,-0.1904761904761907,0.0,-0.3030303030303031,-0.4285714285714288,0.3000000000000002,-0.14285714285714285,-0.07142857142857142,0.0,0.3684210526315782,0.0,-0.43749999999999967,1
282,-0.09523809523809534,-1.0752688172043008,1.272727272727273,1.8571428571428563,13.949999999999996,-0.6428571428571429,-0.6666666666666666,0.18561484918791304,-0.3157894736842109,2.5555555555555567,-0.18749999999999936,1
853,0.04761904761904746,-0.4301075268817205,0.18181818181818182,0.4285714285714282,0.05000000000000004,0.8571428571428571,2.0,0.5614849187934678,-0.47368421052631515,2.5000000000000013,-0.31250000000000006,0
779,0.1904761904761907,-0.38709677419354843,0.12121212121212116,1.7142857142857135,0.0,-0.5,-0.09523809523809523,0.5011600928074065,0.26315789473684126,-0.05555555555555562,0.1875000000000005,0
1590,-0.6190476190476195,0.8817204301075265,-0.18181818181818182,7.999999999999997,-0.3000000000000002,1.0714285714285714,0.9761904761904762,0.41763341067285586,-0.10526315789473696,-0.44444444444444436,-0.6250000000000001,0
239,-0.3333333333333335,0.47311827956989233,-0.787878787878788,-0.4285714285714288,0.899999999999995,0.0,0.0,-0.02320185614848913,0.3157894736842109,-0.2222222222222225,-0.7499999999999997,1
146,0.09523809523809491,0.6451612903225806,0.878787878787879,-0.5714285714285715,1.8999999999999944,1.2857142857142858,2.4523809523809526,0.0,-0.7368421052631587,0.0,-0.49999999999999944,0
1490,-0.8095238095238098,0.21505376344085989,-0.4848484848484849,-0.14285714285714296,-1.5499999999999996,-0.7142857142857143,-0.6428571428571429,-1.076566125290009,0.6842105263157892,0.7777777777777781,0.375000000000001,1
374,-0.23809523809523814,0.1290322580645162,-0.12121212121212126,0.0,1.3499999999999996,-0.14285714285714285,0.8095238095238095,-0.41763341067285586,-1.3684210526315805,0.05555555555555562,-0.6250000000000001,0
1416,-0.8095238095238098,0.258064516129032,-0.787878787878788,-0.8571428571428571,-0.6999999999999998,-0.42857142857142855,-0.47619047619047616,-0.09280742459395652,1.3157894736842108,1.2222222222222225,-0.49999999999999944,0
1198,-0.09523809523809534,0.21505376344085989,-0.15151515151515157,-1.0,-0.49999999999999967,-0.7142857142857143,-0.6904761904761905,-1.0301624129930307,-0.7894736842105261,-0.44444444444444436,-0.24999999999999917,1
1578,-0.8095238095238098,0.7741935483870964,-0.3333333333333334,4.1428571428571415,-0.1500000000000001,-0.07142857142857142,-0.2619047619047619,-0.2691415313225151,1.210526315789474,-0.11111111111111124,1.0625000000000009,1
251,1.3809523809523814,-0.8602150537634408,0.5454545454545455,-0.8571428571428571,-0.7999999999999998,0.14285714285714285,-0.023809523809523808,0.7888631090487335,-0.47368421052631515,0.8888888888888894,-0.12499999999999958,1
1134,-0.3333333333333335,-0.1720430107526883,-0.5757575757575758,4.714285714285713,0.49999999999999967,-0.2857142857142857,-0.47619047619047616,0.018561484918760394,0.3157894736842109,0.33333333333333376,0.6250000000000001,1
10,-0.1904761904761907,-0.08602150537634415,0.303030303030303,5.571428571428569,-0.4000000000000003,0.21428571428571427,1.5238095238095237,0.4640371229698341,0.21052631578947392,1.0000000000000007,0.1875000000000005,0
450,1.904761904761905,-0.5591397849462365,1.303030303030303,0.8571428571428564,0.7999999999999998,0.21428571428571427,-0.07142857142857142,1.2064965197215378,-1.105263157894737,-0.05555555555555562,0.375000000000001,1
1235,-0.3809523809523814,0.9892473118279568,-0.7575757575757577,0.0,-1.0,-0.21428571428571427,-0.47619047619047616,-2.032482598607895,0.42105263157894784,-1.2222222222222225,1.6250000000000013,1
1005,0.14285714285714238,-0.38709677419354843,0.09090909090909083,-0.8571428571428571,0.10000000000000007,0.9285714285714286,0.16666666666666666,-0.35730858468679444,-0.3157894736842109,-0.44444444444444436,0.0625000000000009,0
709,-0.04761904761904788,0.10752688172043018,-0.4242424242424243,0.4285714285714282,-0.5499999999999997,-0.21428571428571427,-0.07142857142857142,-0.3712296983758776,0.15789473684210428,-0.05555555555555562,0.8750000000000004,1
256,0.04761904761904746,0.21505376344085989,-0.09090909090909091,1.4285714285714282,-0.3000000000000002,0.21428571428571427,1.9285714285714286,-0.02320185614848913,-0.2631578947368436,-0.2777777777777781,-0.5624999999999992,0
883,0.23809523809523814,-0.9032258064516129,0.09090909090909083,1.2857142857142854,5.749999999999994,0.0,-0.2857142857142857,-0.6682134570765591,-0.47368421052631515,0.8888888888888894,1.1250000000000007,1
594,0.9523809523809526,-0.1290322580645162,0.9696969696969696,1.8571428571428563,0.7499999999999998,-0.35714285714285715,0.11904761904761904,1.670533642691372,-0.10526315789473696,-0.2222222222222225,-0.7499999999999997,0
390,0.8095238095238093,-0.6021505376344085,0.1515151515151515,0.4285714285714282,0.8499999999999999,0.14285714285714285,0.2619047619047619,0.6496519721577472,-0.6315789473684218,0.44444444444444436,-0.12499999999999958,1
1256,-0.8571428571428577,0.5161290322580644,-0.7272727272727274,0.28571428571428525,-0.49999999999999967,0.8571428571428571,0.19047619047619047,-1.4941995359628648,0.8421052631578957,-0.9444444444444446,0.5000000000000006,0
558,3.666666666666667,0.5376344086021504,0.696969696969697,2.8571428571428563,0.7999999999999998,-0.2857142857142857,-0.35714285714285715,2.9466357308584286,-2.0526315789473695,0.6666666666666669,0.5625000000000003,0
909,-0.23809523809523814,0.0,-0.393939393939394,0.28571428571428525,-0.05000000000000004,1.4285714285714286,0.5476190476190477,-0.7053364269141313,0.6315789473684218,-0.16666666666666688,0.375000000000001,1
925,0.33333333333333304,-0.21505376344086036,0.030303030303030335,0.14285714285714232,-1.1999999999999997,0.0,-0.23809523809523808,-0.7610208816705156,-0.6842105263157892,1.0000000000000007,0.6250000000000001,0
1371,0.3809523809523805,1.118279569892473,0.7575757575757577,-0.7142857142857144,16.799999999999994,-0.14285714285714285,0.6666666666666666,-0.2645011600928379,-1.6315789473684217,3.0555555555555562,-0.6250000000000001,0
1122,-0.6190476190476195,-0.08602150537634415,-0.787878787878788,-0.5714285714285715,-0.8499999999999999,0.5,-0.23809523809523808,-1.5220417633410828,0.6842105263157892,-0.38888888888888873,1.312500000000001,1
461,0.6190476190476186,-0.38709677419354843,0.787878787878788,0.14285714285714232,0.20000000000000015,0.0,-0.35714285714285715,0.3712296983758776,0.21052631578947392,-0.05555555555555562,0.687500000000001,1
724,-0.3809523809523814,-0.9032258064516129,0.12121212121212116,0.0,-1.2999999999999998,1.5714285714285714,2.119047619047619,-0.13921113689093478,-1.9473684210526327,5.555555555555557,-0.43749999999999967,0
1334,0.5714285714285712,1.096774193548387,-0.12121212121212126,0.0,0.0,-0.14285714285714285,0.23809523809523808,0.3712296983758776,-0.6842105263157892,-0.6111111111111113,-0.37499999999999983,0
1473,-0.1428571428571432,-0.7311827956989247,1.0303030303030303,0.5714285714285712,-0.3000000000000002,0.6428571428571429,0.14285714285714285,-0.11136890951276843,0.3684210526315782,0.944444444444445,0.5625000000000003,1
145,-1.285714285714286,-0.7741935483870966,-0.787878787878788,-0.5714285714285715,-1.4499999999999995,0.9285714285714286,0.5952380952380952,-2.412993039443127,1.9473684210526327,0.944444444444445,2.375000000000001,1
502,1.1904761904761907,-0.34408602150537637,1.4242424242424243,6.214285714285713,-0.25000000000000017,1.7142857142857142,0.9047619047619048,1.0208816705336248,-0.7368421052631587,1.2777777777777781,1.1250000000000007,1
923,0.23809523809523814,0.43010752688172027,-0.4242424242424243,-0.5714285714285715,-0.35000000000000026,1.7142857142857142,0.19047619047619047,-0.8167053364268998,0.3684210526315782,1.5000000000000007,1.000000000000001,1
1165,0.5238095238095237,1.139784946236559,-0.06060606060606067,-0.7142857142857144,-0.05000000000000004,-0.2857142857142857,-0.40476190476190477,0.055684454756384213,-0.10526315789473696,0.2777777777777781,-0.12499999999999958,0
1476,-1.2380952380952386,-0.21505376344086036,-0.45454545454545464,0.0,-1.5499999999999996,0.14285714285714285,1.2142857142857142,-2.3109048723897647,1.210526315789474,1.444444444444445,2.1041666666666874,1
869,-0.5238095238095242,0.1720430107526883,-0.12121212121212126,-0.5714285714285715,-0.25000000000000017,0.07142857142857142,-0.3333333333333333,-1.1229698375869872,0.47368421052631515,1.1111111111111112,0.6250000000000001,1
732,0.4761904761904763,1.5268817204301073,-0.393939393939394,1.7857142857142854,0.4499999999999996,-0.7142857142857143,-0.5714285714285714,1.2064965197215378,0.6842105263157892,-0.5555555555555556,0.8125000000000007,0
540,1.5714285714285712,-0.08602150537634415,1.4545454545454546,4.2142857142857135,1.05,-0.6428571428571429,-0.5,1.2993039443155459,-0.47368421052631515,0.0,0.6250000000000001,0
178,-0.1904761904761907,0.0,0.4848484848484848,0.14285714285714232,0.3999999999999996,-0.42857142857142855,0.0,0.18561484918791304,1.4210526315789478,-0.05555555555555562,0.1875000000000005,1
1542,-0.23809523809523814,-1.161290322580645,0.09090909090909083,0.0,-1.2499999999999998,0.35714285714285715,0.2619047619047619,-0.06496519721579017,0.47368421052631515,0.7777777777777781,0.4375000000000008,1
698,-0.4285714285714288,0.5591397849462365,-0.7272727272727274,-0.14285714285714296,-0.6499999999999998,-0.42857142857142855,-0.30952380952380953,0.18561484918791304,0.8421052631578957,0.2777777777777781,-0.43749999999999967,1
1507,-0.5238095238095242,1.2473118279569892,-0.6363636363636365,-0.2857142857142859,-0.4499999999999996,-0.5714285714285714,-0.5714285714285714,-0.5475638051044363,1.0526315789473673,0.2222222222222225,0.375000000000001,1
1111,0.1904761904761907,0.043010752688172074,-0.787878787878788,-1.142857142857143,-0.4499999999999996,-0.5714285714285714,-0.5714285714285714,-0.4037122969837727,-0.3157894736842109,0.11111111111111124,-0.12499999999999958,1
1158,-1.333333333333334,-0.043010752688172074,-0.24242424242424251,-0.14285714285714296,-1.8499999999999996,0.14285714285714285,1.5,-2.041763341067301,0.7894736842105261,1.3888888888888893,1.687500000000001,1
1023,-0.4285714285714288,-0.043010752688172074,-0.5151515151515152,-0.14285714285714296,-0.8499999999999999,-0.7142857142857143,-0.6904761904761905,-0.4454756380510737,0.21052631578947392,-0.44444444444444436,0.1875000000000005,0
1592,-1.1904761904761907,0.9462365591397847,-0.5151515151515152,-0.7142857142857144,0.49999999999999967,0.14285714285714285,-0.2857142857142857,-1.29002320185614,1.894736842105263,-0.33333333333333315,0.8750000000000004,1
8,-0.28571428571428603,0.5591397849462365,-0.787878787878788,-1.4285714285714286,-0.6999999999999998,0.07142857142857142,-0.40476190476190477,-1.0208816705336248,0.42105263157894784,-0.8333333333333337,-0.12499999999999958,1
984,0.5714285714285712,-0.08602150537634415,0.12121212121212116,-0.4285714285714288,-0.6999999999999998,-0.42857142857142855,-0.5,0.4361948955916162,0.052631578947367315,0.5,0.1875000000000005,1
668,1.6190476190476195,-0.7741935483870966,0.5757575757575758,-0.2857142857142859,0.14999999999999525,-0.5714285714285714,-0.5476190476190477,0.9280742459396683,-1.9473684210526327,0.2222222222222225,-0.6250000000000001,1
1234,1.095238095238095,-1.2473118279569892,0.3333333333333333,0.0,-1.0999999999999996,0.0,-0.047619047619047616,-0.3062645011600874,-0.42105263157894784,-0.7222222222222225,-0.5624999999999992,0
358,1.2380952380952381,-0.4301075268817205,1.2121212121212124,1.0714285714285712,1.8499999999999943,-0.14285714285714285,-0.21428571428571427,0.09280742459395652,-0.3684210526315782,0.7222222222222225,0.9375000000000002,1
968,0.2857142857142856,0.6021505376344085,-0.18181818181818182,-0.14285714285714296,0.899999999999995,0.6428571428571429,1.7857142857142858,0.24593967517402598,-0.9473684210526326,-0.7777777777777781,-0.6250000000000001,0
784,-0.666666666666667,-0.2580645161290322,-0.36363636363636365,0.28571428571428525,1.7499999999999998,-0.35714285714285715,-0.023809523809523808,0.24129930394429724,1.8421052631578958,0.16666666666666688,-0.24999999999999917,0
736,-0.09523809523809534,1.9139784946236553,-0.4848484848484849,-0.14285714285714296,1.6499999999999948,-0.21428571428571427,-0.38095238095238093,-0.23201856148494282,-0.2631578947368436,-0.6666666666666669,-0.43749999999999967,0
330,1.333333333333333,-0.2580645161290322,0.393939393939394,-0.2857142857142859,-0.8999999999999999,-0.5,-0.5476190476190477,0.6032482598607689,-0.6842105263157892,0.0,-0.43749999999999967,0
1117,-0.4285714285714288,0.7311827956989243,-0.5757575757575758,0.4285714285714282,0.5999999999999998,0.07142857142857142,-0.40476190476190477,-0.5011600928074065,0.3684210526315782,-0.11111111111111124,0.687500000000001,1
971,1.1904761904761907,-1.118279569892473,0.6666666666666666,-0.4285714285714288,-0.6499999999999998,-0.5714285714285714,-0.6666666666666666,0.20417633410672495,0.10526315789473696,1.3888888888888893,0.4375000000000008,1
953,0.14285714285714238,-0.9032258064516129,0.4242424242424243,0.0,-1.050000000000005,-0.5714285714285714,-0.6666666666666666,-0.6682134570765591,0.0,0.33333333333333376,0.6250000000000001,1
1222,1.4285714285714288,-0.8602150537634408,0.787878787878788,-0.5714285714285715,2.65,0.21428571428571427,0.14285714285714285,0.25058004640370324,-0.15789473684210661,0.8333333333333337,0.8125000000000007,1
1188,-0.4285714285714288,-0.38709677419354843,0.12121212121212116,-0.2857142857142859,0.3000000000000002,-0.5714285714285714,0.023809523809523808,-1.549883990719249,0.10526315789473696,-0.8888888888888891,1.0625000000000009,1
259,-0.09523809523809534,-0.47311827956989255,1.5151515151515154,-0.5714285714285715,26.599999999999998,-0.42857142857142855,0.16666666666666666,0.0,-1.3157894736842108,3.5555555555555567,-0.49999999999999944,0
1002,0.9523809523809526,-0.7311827956989247,0.36363636363636365,-1.0,-1.050000000000005,1.2142857142857142,0.21428571428571427,-0.01856148491881191,-0.2631578947368436,1.1111111111111112,0.2500000000000003,1
1250,-0.3809523809523814,0.3440860215053761,-0.7575757575757577,0.14285714285714232,0.0,0.7142857142857143,-0.023809523809523808,-0.7703016241299215,0.47368421052631515,-0.05555555555555562,0.4375000000000008,1
373,0.5714285714285712,-1.0322580645161288,0.6666666666666666,-0.5714285714285715,-0.5999999999999998,0.8571428571428571,0.19047619047619047,-0.04640371229697826,0.052631578947367315,2.3333333333333344,0.2500000000000003,1
1358,-0.28571428571428603,-0.38709677419354843,-0.06060606060606067,0.4285714285714282,-0.05000000000000004,0.9285714285714286,0.6904761904761905,-0.14849187935034075,1.5263157894736847,-0.16666666666666688,0.5625000000000003,1
415,0.4285714285714288,0.0,0.24242424242424251,0.7142857142857141,0.3999999999999996,0.7142857142857143,2.0,0.6496519721577472,-0.2631578947368436,-0.05555555555555562,-0.43749999999999967,0
143,-1.285714285714286,-0.7741935483870966,-0.787878787878788,-0.5714285714285715,-1.4499999999999995,0.9285714285714286,0.5952380952380952,-2.412993039443127,1.9473684210526327,0.944444444444445,2.375000000000001,1
526,1.1904761904761907,0.5161290322580644,-0.06060606060606067,0.8571428571428564,1.2999999999999996,1.0714285714285714,0.35714285714285715,1.3921113689095024,-0.3684210526315782,0.2777777777777781,-0.18749999999999936,0
1209,-0.3333333333333335,-0.6881720430107527,0.6060606060606062,-0.14285714285714296,-0.25000000000000017,0.7142857142857143,0.14285714285714285,-0.677494199535965,0.47368421052631515,1.2777777777777781,0.5000000000000006,1
233,0.2857142857142856,-0.6451612903225806,-0.18181818181818182,0.8571428571428564,0.5499999999999997,0.2857142857142857,0.47619047619047616,0.5568445475637906,0.15789473684210428,0.44444444444444436,-0.37499999999999983,1
1192,-0.666666666666667,1.5698924731182793,-0.787878787878788,0.14285714285714232,4.35,-0.5714285714285714,-0.6190476190476191,-0.5986078886310917,1.3157894736842108,-0.6111111111111113,0.375000000000001,0
441,2.238095238095238,-0.9032258064516129,1.393939393939394,0.0,-0.35000000000000026,-0.5714285714285714,-0.21428571428571427,0.88167053364269,-2.2631578947368434,1.1111111111111112,-0.24999999999999917,1
532,1.904761904761905,-0.6021505376344085,0.696969696969697,0.7142857142857141,0.95,-0.14285714285714285,0.09523809523809523,1.670533642691372,-0.7894736842105261,-0.05555555555555562,0.0625000000000009,0
1279,0.04761904761904746,0.8387096774193545,-0.12121212121212126,0.14285714285714232,-0.20000000000000015,-0.07142857142857142,1.0238095238095237,0.0371229698375723,-0.3684210526315782,-0.44444444444444436,-0.43749999999999967,1
227,0.4761904761904763,0.30107526881720403,0.7272727272727273,-0.2857142857142859,12.899999999999999,0.9285714285714286,1.0238095238095237,-0.18561484918796456,-1.4210526315789478,5.500000000000003,-0.43749999999999967,1
1097,-0.6190476190476195,0.8817204301075265,-0.5151515151515152,4.714285714285713,1.8999999999999944,-0.35714285714285715,-0.5,-0.11600928074244565,0.21052631578947392,-0.7222222222222225,0.375000000000001,1
229,-0.09523809523809534,-0.38709677419354843,-0.030303030303030335,0.5714285714285712,-0.3000000000000002,1.0714285714285714,0.5952380952380952,-0.3016241299304102,0.3157894736842109,-0.2222222222222225,0.1875000000000005,1
1362,0.1904761904761907,1.419354838709677,-0.36363636363636365,0.4285714285714282,0.6999999999999998,-0.07142857142857142,0.38095238095238093,0.20417633410672495,0.26315789473684126,-0.44444444444444436,-0.06249999999999979,0
1381,-0.1904761904761907,0.21505376344085989,-0.7272727272727274,0.5714285714285712,-0.10000000000000007,-0.21428571428571427,-0.07142857142857142,-0.5707656612529254,0.26315789473684126,0.0,0.375000000000001,1
213,1.7619047619047619,-0.34408602150537637,1.1515151515151516,-0.14285714285714296,-1.0,-0.6428571428571429,-0.5476190476190477,0.5568445475637906,-0.5263157894736848,0.2777777777777781,0.0,1
886,0.4761904761904763,0.9892473118279568,-0.36363636363636365,0.4285714285714282,0.34999999999999953,-0.35714285714285715,-0.19047619047619047,0.6682134570765591,0.15789473684210428,0.11111111111111124,0.1875000000000005,0
80,0.1904761904761907,0.4516129032258063,-0.18181818181818182,-1.0,0.05000000000000004,0.9285714285714286,1.9285714285714286,0.18561484918791304,-0.7894736842105261,2.7777777777777795,-0.6874999999999999,0
149,-0.4761904761904763,-0.1290322580645162,-0.4848484848484849,0.14285714285714232,-0.25000000000000017,-0.14285714285714285,-0.19047619047619047,-0.41763341067285586,0.5789473684210521,-0.2222222222222225,0.0,1
815,2.238095238095238,-0.47311827956989255,0.8484848484848486,0.8571428571428564,1.1999999999999995,0.35714285714285715,0.07142857142857142,1.2018561484918606,-0.5263157894736848,0.7777777777777781,0.687500000000001,1
1028,-0.7142857142857144,1.182795698924731,-0.787878787878788,0.0,-0.6999999999999998,1.0,0.3333333333333333,-1.4013921113689083,0.9473684210526326,-0.5555555555555556,0.8750000000000004,0
1425,0.1904761904761907,-1.118279569892473,0.3333333333333333,-1.142857142857143,-0.1500000000000001,-0.42857142857142855,-0.35714285714285715,0.27842227378186957,-0.2631578947368436,0.44444444444444436,-0.37499999999999983,1
672,0.14285714285714238,0.9032258064516125,-0.15151515151515157,-0.7142857142857144,-0.25000000000000017,-0.6428571428571429,-0.5952380952380952,0.0,-0.5789473684210521,-0.5555555555555556,-0.43749999999999967,0
1229,-1.333333333333334,-0.4301075268817205,-0.787878787878788,-0.5714285714285715,-1.7499999999999998,0.2857142857142857,1.1904761904761905,-2.426914153132262,1.9473684210526327,0.6111111111111113,2.125000000000001,1
556,3.6190476190476195,0.5376344086021504,0.696969696969697,2.8571428571428563,0.7999999999999998,-0.2857142857142857,-0.35714285714285715,2.9466357308584286,-2.0526315789473695,0.6666666666666669,0.5625000000000003,0
58,-0.1904761904761907,0.47311827956989233,-0.4242424242424243,4.1428571428571415,1.5999999999999996,2.5714285714285716,1.7142857142857142,0.6960556844547254,-0.2631578947368436,0.8333333333333337,-0.49999999999999944,0
134,-0.6190476190476195,-0.08602150537634415,-0.7575757575757577,-1.0,-0.95,0.21428571428571427,-0.2857142857142857,-0.7424593967517552,0.47368421052631515,-0.2222222222222225,-0.24999999999999917,1
1178,-0.3809523809523814,0.6021505376344085,-0.787878787878788,0.28571428571428525,-1.3499999999999999,-0.5714285714285714,-0.6428571428571429,-1.6798143851508294,0.21052631578947392,0.2222222222222225,1.5625000000000004,1
934,-0.23809523809523814,0.3870967741935482,-0.7575757575757577,-0.2857142857142859,-0.25000000000000017,-0.07142857142857142,0.0,0.3155452436194934,0.894736842105263,0.16666666666666688,-0.24999999999999917,0
1423,-0.4285714285714288,0.08602150537634415,-0.787878787878788,-0.14285714285714296,0.0,1.7857142857142858,0.40476190476190477,-0.5568445475637906,0.42105263157894784,1.2222222222222225,0.7500000000000009,1
824,-0.5714285714285716,0.08602150537634415,-0.393939393939394,-0.2857142857142859,-0.1500000000000001,0.07142857142857142,-0.047619047619047616,0.2320185614848913,1.5789473684210522,0.11111111111111124,-0.24999999999999917,0
409,1.1904761904761907,-0.7741935483870966,0.9696969696969696,2.1428571428571423,4.749999999999998,-0.5714285714285714,-0.5238095238095238,0.09280742459395652,-0.6315789473684218,0.44444444444444436,0.687500000000001,1
369,1.1428571428571432,-0.7741935483870966,0.787878787878788,0.8571428571428564,3.999999999999999,0.07142857142857142,0.8809523809523809,1.3921113689095024,-0.6842105263157892,0.11111111111111124,-0.49999999999999944,0
508,1.5714285714285712,0.6451612903225806,0.878787878787879,0.14285714285714232,0.25000000000000017,-0.5714285714285714,-0.5952380952380952,1.484918793503459,-0.7368421052631587,0.5,-0.43749999999999967,1
1332,-0.04761904761904788,1.505376344086021,0.0,2.2857142857142847,1.3999999999999997,1.2142857142857142,0.6904761904761905,-0.055684454756384213,-0.2631578947368436,-0.8888888888888891,-0.6250000000000001,0
505,1.2380952380952381,-1.204301075268817,0.4848484848484848,-0.5714285714285715,-0.10000000000000007,-0.5714285714285714,-0.38095238095238093,0.3712296983758776,-0.5263157894736848,2.38888888888889,0.375000000000001,1
1420,-0.09523809523809534,0.5161290322580644,-0.15151515151515157,0.0,-0.10000000000000007,1.2857142857142858,2.261904761904762,-0.5568445475637906,-0.21052631578947392,-0.9444444444444446,-0.18749999999999936,0
348,2.80952380952381,-0.1290322580645162,1.2424242424242427,1.1428571428571423,0.6999999999999998,-0.5714285714285714,-0.5476190476190477,0.8352668213457117,-1.5263157894736847,1.7222222222222232,1.1250000000000007,1
1413,0.14285714285714238,-1.204301075268817,0.24242424242424251,4.1428571428571415,-0.8499999999999999,-0.42857142857142855,-0.38095238095238093,0.27842227378186957,-0.47368421052631515,1.7777777777777781,0.4375000000000008,1
387,-0.04761904761904788,0.08602150537634415,0.0,-0.2857142857142859,0.4499999999999996,0.6428571428571429,0.23809523809523808,0.6032482598607689,0.5263157894736848,0.6666666666666669,-0.6250000000000001,1
895,-0.3333333333333335,0.47311827956989233,-0.6969696969696971,0.0,0.05000000000000004,0.21428571428571427,1.1904761904761905,0.3016241299303587,1.1578947368421042,-0.2222222222222225,-0.24999999999999917,1
829,-0.04761904761904788,0.21505376344085989,-0.5151515151515152,0.14285714285714232,-0.6999999999999998,1.4285714285714286,0.16666666666666666,-1.2204176334106724,0.7894736842105261,0.6666666666666669,1.5625000000000004,1
1508,-0.1904761904761907,-0.6021505376344085,0.9393939393939393,0.14285714285714232,1.3499999999999996,-0.6428571428571429,-0.6190476190476191,-0.3480278422273885,0.26315789473684126,-0.38888888888888873,0.7500000000000009,1
476,0.8095238095238093,0.6881720430107527,-0.06060606060606067,0.0,0.3999999999999996,-0.6428571428571429,-0.23809523809523808,0.9280742459396683,-0.894736842105263,-0.11111111111111124,0.0,0
1115,-1.3809523809523814,-0.5161290322580644,0.7272727272727273,2.9999999999999987,-1.6499999999999997,1.0714285714285714,1.0,-3.062645011600926,0.9473684210526326,0.2222222222222225,2.125000000000001,1
653,3.80952380952381,-0.6881720430107527,1.181818181818182,7.571428571428569,0.8499999999999999,0.5714285714285714,0.7857142857142857,0.3712296983758776,-1.7368421052631589,1.2222222222222225,2.9375000000000013,0
173,0.04761904761904746,-0.4301075268817205,-0.27272727272727276,-0.2857142857142859,-0.3000000000000002,-0.5714285714285714,-0.47619047619047616,0.18561484918791304,-0.10526315789473696,-0.05555555555555562,-0.6250000000000001,1
39,-1.047619047619048,2.6236559139784936,-0.5151515151515152,-1.0,4.649999999999999,-0.5,-0.4523809523809524,-1.2993039443155459,1.0,-0.7777777777777781,-0.24999999999999917,0
714,0.04761904761904746,-0.38709677419354843,0.303030303030303,0.14285714285714232,-0.20000000000000015,-0.2857142857142857,0.23809523809523808,0.3712296983758776,0.15789473684210428,-0.8888888888888891,-0.49999999999999944,0
91,0.0,0.0,0.0,-0.4285714285714288,0.0,2.0,2.4285714285714284,-0.18561484918796456,-0.42105263157894784,-0.44444444444444436,-0.43749999999999967,0
1546,-0.666666666666667,0.47311827956989233,0.21212121212121215,-0.5714285714285715,-1.0,0.14285714285714285,-0.23809523809523808,-0.6914153132250482,0.26315789473684126,0.11111111111111124,-0.06249999999999979,1
876,0.4285714285714288,-0.9032258064516129,0.4242424242424243,0.8571428571428564,1.4999999999999996,-0.5,-0.5238095238095238,-0.3062645011600874,0.0,0.944444444444445,1.000000000000001,1
1075,-0.1904761904761907,1.0752688172043008,-0.18181818181818182,8.428571428571425,0.95,1.1428571428571428,1.2857142857142858,0.9837587006960524,-0.5789473684210521,-0.2222222222222225,-0.6250000000000001,0
1086,-0.5238095238095242,-0.1720430107526883,-0.5454545454545455,-0.5714285714285715,-0.25000000000000017,1.8571428571428572,0.6190476190476191,-0.7006960556844541,-1.0,-0.7222222222222225,-0.37499999999999983,0
1563,-0.3333333333333335,0.7526881720430103,-0.393939393939394,-0.2857142857142859,-0.1500000000000001,-0.14285714285714285,-0.42857142857142855,-0.6218097447795808,-0.10526315789473696,-0.44444444444444436,-0.06249999999999979,0
500,0.3809523809523805,0.7311827956989243,0.1515151515151515,1.1428571428571423,0.34999999999999953,0.6428571428571429,1.0238095238095237,1.5777262180974154,0.894736842105263,0.6666666666666669,0.8750000000000004,1
339,2.1428571428571432,-0.1290322580645162,0.9696969696969696,1.1428571428571423,1.1999999999999995,1.0,1.4523809523809523,1.856148491879285,-0.7894736842105261,2.111111111111112,0.8125000000000007,1
1058,-0.1428571428571432,-0.4301075268817205,-0.030303030303030335,2.4285714285714275,1.2499999999999996,1.0,1.2380952380952381,0.4825986078885945,-0.8421052631578957,-0.2777777777777781,-0.6874999999999999,0
1453,-0.6190476190476195,0.258064516129032,-0.7272727272727274,-0.2857142857142859,-0.8499999999999999,1.6428571428571428,0.35714285714285715,-1.4199535962877203,0.21052631578947392,0.7777777777777781,0.8750000000000004,1
946,1.095238095238095,-0.34408602150537637,0.4848484848484848,-0.2857142857142859,-0.4000000000000003,-0.5,-0.42857142857142855,-0.5290023201856243,-0.894736842105263,0.944444444444445,0.5625000000000003,1
913,1.0,-0.2580645161290322,0.5454545454545455,0.9999999999999993,-0.6999999999999998,-0.7142857142857143,-0.7142857142857143,-0.027842227378217867,0.10526315789473696,0.0,1.2500000000000002,1
492,0.6190476190476186,-0.47311827956989255,0.7272727272727273,0.4285714285714282,-1.1999999999999997,-0.14285714285714285,-0.30952380952380953,-0.7424593967517552,0.15789473684210428,0.944444444444445,1.9375000000000013,1
954,1.095238095238095,-0.7741935483870966,0.6666666666666666,-0.14285714285714296,-1.3499999999999999,-0.6428571428571429,-0.6904761904761905,-1.0301624129930307,-0.5789473684210521,0.38888888888888873,1.1875000000000004,1
1033,0.09523809523809491,1.2903225806451608,-0.787878787878788,2.7142857142857126,0.7999999999999998,-0.6428571428571429,-0.5714285714285714,0.8074245939674939,0.26315789473684126,-0.5,-0.37499999999999983,0
588,-0.28571428571428603,0.9032258064516125,-0.06060606060606067,-0.4285714285714288,1.4499999999999995,0.2857142857142857,1.5238095238095237,-0.04640371229697826,-0.2631578947368436,-0.16666666666666688,-0.5624999999999992,0
751,0.1904761904761907,0.5591397849462365,-0.4848484848484849,0.9999999999999993,0.49999999999999967,0.21428571428571427,0.047619047619047616,0.5707656612528739,-0.10526315789473696,-0.38888888888888873,-0.43749999999999967,0
658,1.9523809523809526,-0.08602150537634415,1.0,-1.142857142857143,-0.3000000000000002,0.6428571428571429,0.09523809523809523,0.5568445475637906,-2.0526315789473695,0.33333333333333376,0.1875000000000005,1
235,0.14285714285714238,2.0645161290322576,-0.5151515151515152,0.14285714285714232,-0.6999999999999998,-0.5,-0.023809523809523808,0.02320185614848913,0.052631578947367315,-0.38888888888888873,-0.7499999999999997,1
733,-0.28571428571428603,1.3548387096774188,-0.6969696969696971,-0.14285714285714296,0.6499999999999998,-0.2857142857142857,-0.4523809523809524,-0.09280742459395652,0.42105263157894784,-0.8333333333333337,-0.37499999999999983,0
1173,0.8571428571428568,-0.4301075268817205,0.6060606060606062,-0.14285714285714296,-0.25000000000000017,-0.6428571428571429,-0.5238095238095238,-0.14385150812066352,-0.21052631578947392,0.6666666666666669,1.312500000000001,1
1306,-0.1904761904761907,0.3870967741935482,0.0,-0.4285714285714288,-0.3000000000000002,0.7142857142857143,1.1904761904761905,-0.3155452436194934,-0.05263157894736965,-0.5,-0.24999999999999917,0
935,-0.6190476190476195,0.3870967741935482,-0.7575757575757577,-0.4285714285714288,0.05000000000000004,-0.42857142857142855,-0.30952380952380953,0.3062645011600874,2.0,0.6111111111111113,0.1875000000000005,0
109,0.04761904761904746,-0.8172043010752686,0.8181818181818183,0.4285714285714282,0.5999999999999998,0.2857142857142857,1.0,0.3712296983758776,0.3157894736842109,1.0000000000000007,-0.37499999999999983,1
569,0.9047619047619051,-0.08602150537634415,0.696969696969697,0.5714285714285712,8.549999999999997,-0.6428571428571429,-0.42857142857142855,1.0208816705336248,0.0,0.944444444444445,0.31250000000000006,1
891,-0.3333333333333335,-0.7741935483870966,-0.06060606060606067,-0.2857142857142859,-0.4000000000000003,1.1428571428571428,0.3333333333333333,-0.48259860788864606,0.6842105263157892,-0.2222222222222225,-0.06249999999999979,0
948,0.1904761904761907,-1.0322580645161288,0.6666666666666666,-0.14285714285714296,0.6999999999999998,-0.5714285714285714,-0.6190476190476191,-1.2621809744779735,-0.2631578947368436,0.0,1.3750000000000009,1
1076,0.5714285714285712,-1.161290322580645,0.24242424242424251,-0.2857142857142859,-0.4000000000000003,2.2142857142857144,0.6904761904761905,0.4129930394431271,0.6842105263157892,1.3333333333333337,0.0,1
885,0.4285714285714288,0.3870967741935482,-0.21212121212121215,2.5714285714285707,0.7499999999999998,1.1428571428571428,0.7380952380952381,0.4965197215777292,-0.47368421052631515,-0.6666666666666669,-0.12499999999999958,1
851,0.666666666666667,-0.38709677419354843,0.5454545454545455,-0.4285714285714288,0.3000000000000002,-0.35714285714285715,-0.38095238095238093,0.12993039443152882,-0.15789473684210661,-0.38888888888888873,-0.43749999999999967,0
735,-0.09523809523809534,0.1720430107526883,-0.18181818181818182,-0.2857142857142859,-0.20000000000000015,-0.35714285714285715,0.023809523809523808,0.88167053364269,0.894736842105263,0.0,-0.5624999999999992,0
718,-0.1428571428571432,-0.2580645161290322,-0.45454545454545464,0.5714285714285712,0.0,-0.14285714285714285,0.2619047619047619,0.0,-0.5263157894736848,-0.2777777777777781,-0.12499999999999958,0
455,-0.4285714285714288,-1.2473118279569892,0.4242424242424243,-0.8571428571428571,-0.7999999999999998,0.5,0.6904761904761905,-0.7424593967517552,1.0,0.05555555555555562,0.5625000000000003,0
265,2.1904761904761907,0.1720430107526883,0.696969696969697,0.28571428571428525,-0.7499999999999998,-0.6428571428571429,-0.2619047619047619,1.4385150812064806,-1.210526315789474,1.3888888888888893,0.4375000000000008,0
76,0.4285714285714288,-0.47311827956989255,1.1515151515151516,0.0,0.6999999999999998,-0.35714285714285715,0.09523809523809523,0.8352668213457117,1.210526315789474,0.2222222222222225,0.1875000000000005,0
445,-1.2380952380952386,0.21505376344085989,-0.7575757575757577,-0.7142857142857144,-1.2499999999999998,-0.6428571428571429,-0.2619047619047619,-1.577726218097467,1.3684210526315783,1.2222222222222225,1.4375000000000007,1
396,1.9523809523809526,-0.6451612903225806,1.5151515151515154,2.8571428571428563,-0.6499999999999998,-0.5,0.0,1.670533642691372,-0.47368421052631515,-0.11111111111111124,1.7500000000000009,1
1043,0.4761904761904763,-0.08602150537634415,-0.15151515151515157,0.0,0.4499999999999996,0.5,0.023809523809523808,0.055684454756384213,0.10526315789473696,1.166666666666667,0.5625000000000003,1
1394,0.04761904761904746,0.0,-0.030303030303030335,-0.2857142857142859,-0.05000000000000004,0.35714285714285715,0.5,-0.3155452436194934,-0.05263157894736965,-0.7777777777777781,0.0,0
1160,1.095238095238095,-0.47311827956989255,0.5151515151515151,0.0,1.5499999999999996,-0.21428571428571427,-0.023809523809523808,0.22273781902553685,-0.7894736842105261,0.2777777777777781,0.375000000000001,0
596,0.4761904761904763,0.3225806451612901,0.4545454545454545,8.14285714285714,0.34999999999999953,1.1428571428571428,1.6904761904761905,1.3921113689095024,-0.21052631578947392,-0.2777777777777781,-0.5624999999999992,0
62,-0.09523809523809534,0.7311827956989243,0.696969696969697,-0.5714285714285715,1.7999999999999998,0.42857142857142855,1.7619047619047619,0.0,-0.5263157894736848,0.5,-0.5624999999999992,0
873,-0.28571428571428603,-0.7311827956989247,-0.06060606060606067,-0.2857142857142859,-0.5999999999999998,1.0,0.23809523809523808,-0.48259860788864606,0.6315789473684218,-0.44444444444444436,-0.12499999999999958,0
1191,0.5714285714285712,-0.5161290322580644,0.9393939393939393,3.428571428571427,0.05000000000000004,-0.5714285714285714,-0.42857142857142855,-0.12993039443158033,-0.15789473684210661,-0.2777777777777781,1.4375000000000007,1
1498,-0.4761904761904763,0.9462365591397847,-0.6969696969696971,0.14285714285714232,-1.2499999999999998,-0.5,-0.5238095238095238,-0.7981438515081394,0.7368421052631587,0.05555555555555562,0.8125000000000007,1
279,1.1428571428571432,-0.8602150537634408,0.5757575757575758,5.999999999999999,-0.3000000000000002,-0.6428571428571429,-0.5952380952380952,0.3712296983758776,-0.42105263157894784,1.1111111111111112,1.5000000000000007,1
37,-0.04761904761904788,0.3440860215053761,-0.36363636363636365,0.28571428571428525,0.34999999999999953,-0.7857142857142857,-0.5476190476190477,0.32482598607889934,0.5789473684210521,-0.11111111111111124,0.375000000000001,1
663,-0.3333333333333335,0.21505376344085989,-0.6060606060606062,-0.8571428571428571,-0.1500000000000001,-0.35714285714285715,-0.2619047619047619,0.18561484918791304,0.26315789473684126,0.44444444444444436,-0.37499999999999983,1
1443,-0.4761904761904763,0.47311827956989233,-0.7272727272727274,-0.4285714285714288,-0.05000000000000004,0.2857142857142857,-0.19047619047619047,0.14849187935034075,0.47368421052631515,0.7222222222222225,-0.24999999999999917,0
1487,-0.5238095238095242,0.6881720430107527,-0.15151515151515157,-0.14285714285714296,-0.4499999999999996,-0.35714285714285715,-0.35714285714285715,-0.6218097447795808,0.3684210526315782,-0.11111111111111124,0.0625000000000009,0
978,0.23809523809523814,0.30107526881720403,0.09090909090909083,0.5714285714285712,1.4999999999999996,1.2142857142857142,1.9285714285714286,0.5614849187934678,-0.8421052631578957,-0.6666666666666669,-0.6874999999999999,0
192,-0.7142857142857144,-0.6451612903225806,-0.030303030303030335,-0.4285714285714288,-0.25000000000000017,0.5,0.2619047619047619,0.27842227378186957,1.3684210526315783,0.0,-0.24999999999999917,1
920,0.23809523809523814,0.43010752688172027,-0.4242424242424243,-0.5714285714285715,-0.35000000000000026,1.7142857142857142,0.19047619047619047,-0.8167053364268998,0.3684210526315782,1.5000000000000007,1.000000000000001,1
457,0.4761904761904763,0.30107526881720403,0.393939393939394,0.14285714285714232,0.7999999999999998,-0.6428571428571429,-0.38095238095238093,0.8352668213457117,0.3157894736842109,-0.2222222222222225,0.0625000000000009,0
676,0.666666666666667,-0.47311827956989255,0.393939393939394,0.0,-0.7499999999999998,-0.14285714285714285,-0.16666666666666666,0.7424593967517037,-0.2631578947368436,0.16666666666666688,0.0,0
729,-0.7142857142857144,0.21505376344085989,-0.7272727272727274,-0.5714285714285715,-0.5999999999999998,-0.7142857142857143,-0.6428571428571429,0.09280742459395652,0.7894736842105261,0.33333333333333376,-0.43749999999999967,0
413,-0.3809523809523814,0.9247311827956987,-0.3030303030303031,-0.4285714285714288,1.05,0.07142857142857142,0.9285714285714286,-0.09280742459395652,-0.21052631578947392,0.11111111111111124,-0.5624999999999992,0
1099,0.04761904761904746,-0.9032258064516129,0.5757575757575758,-0.14285714285714296,6.85,-0.6428571428571429,-0.5238095238095238,-1.4941995359628648,-0.8421052631578957,1.0555555555555562,1.4375000000000007,1
826,-0.3809523809523814,-0.2580645161290322,-0.36363636363636365,0.8571428571428564,-0.1500000000000001,0.07142857142857142,-0.023809523809523808,-0.25986078886310915,0.26315789473684126,-0.7222222222222225,0.31250000000000006,0
617,0.8095238095238093,0.3440860215053761,0.7272727272727273,0.14285714285714232,0.0,1.0,0.7857142857142857,1.3457076566125241,1.0,-0.2777777777777781,-0.31250000000000006,0
115,-0.04761904761904788,0.1720430107526883,-0.21212121212121215,-0.5714285714285715,1.2499999999999996,-0.14285714285714285,0.21428571428571427,-0.18561484918796456,-0.6315789473684218,1.7222222222222232,-0.43749999999999967,0
418,-0.4285714285714288,0.258064516129032,-0.4242424242424243,-0.4285714285714288,0.5999999999999998,1.4285714285714286,2.0476190476190474,-0.5568445475637906,0.6842105263157892,-0.7777777777777781,0.1875000000000005,0
1522,-0.4761904761904763,-0.1720430107526883,-0.18181818181818182,-0.4285714285714288,0.14999999999999525,-0.35714285714285715,-0.35714285714285715,-0.440835266821345,0.42105263157894784,-1.055555555555556,-0.7187499999999992,0
970,-0.5714285714285716,0.1720430107526883,-0.5151515151515152,0.9999999999999993,0.0,-0.5,-0.38095238095238093,-0.051044083526706995,0.7894736842105261,-0.05555555555555562,0.0,0
605,0.1904761904761907,0.258064516129032,-0.393939393939394,0.9999999999999993,0.8499999999999999,0.0,0.5952380952380952,0.7424593967517037,-0.7368421052631587,0.0,-0.6874999999999999,1
1528,-0.3809523809523814,0.043010752688172074,-0.5757575757575758,-0.7142857142857144,-0.4000000000000003,0.07142857142857142,-0.3333333333333333,-0.7888631090487335,-0.10526315789473696,0.2222222222222225,0.375000000000001,1
90,-0.4285714285714288,0.43010752688172027,-0.5454545454545455,-0.5714285714285715,-0.1500000000000001,-0.42857142857142855,-0.3333333333333333,0.4640371229698341,0.894736842105263,-0.5,-0.7499999999999997,0
849,-0.7142857142857144,0.5161290322580644,-0.15151515151515157,-0.5714285714285715,0.10000000000000007,0.0,-0.16666666666666666,0.04176334106730104,1.4736842105263153,0.2222222222222225,-0.24999999999999917,0
1218,0.14285714285714238,-0.7741935483870966,0.3333333333333333,-0.4285714285714288,-1.0999999999999996,2.0714285714285716,0.8571428571428571,-1.2621809744779735,-0.42105263157894784,1.0555555555555562,1.1250000000000007,1
1527,-0.5238095238095242,-0.21505376344086036,-0.5454545454545455,0.0,-0.7499999999999998,0.2857142857142857,0.0,-0.5893271461716857,-0.05263157894736965,0.16666666666666688,-0.37499999999999983,1
754,0.1904761904761907,0.5591397849462365,-0.4848484848484849,0.9999999999999993,0.49999999999999967,0.21428571428571427,0.047619047619047616,0.5707656612528739,-0.10526315789473696,-0.38888888888888873,-0.43749999999999967,0
499,1.333333333333333,-0.7311827956989247,0.8181818181818183,0.5714285714285712,-0.4499999999999996,-0.6428571428571429,-0.5238095238095238,0.18561484918791304,-0.8421052631578957,0.16666666666666688,0.5000000000000006,1
12,-0.1904761904761907,-0.08602150537634415,0.303030303030303,5.571428571428569,-0.4000000000000003,0.21428571428571427,1.5238095238095237,0.4640371229698341,0.21052631578947392,1.0000000000000007,0.1875000000000005,0
397,-0.6190476190476195,0.9247311827956987,-0.7272727272727274,8.14285714285714,2.1499999999999995,3.857142857142857,2.0476190476190474,1.2064965197215378,0.8421052631578957,-0.5,-0.18749999999999936,0
285,0.9523809523809526,0.30107526881720403,-0.5757575757575758,1.7142857142857135,1.1499999999999995,1.2857142857142858,0.7857142857142857,1.5545243619489777,0.0,0.5,-0.24999999999999917,0
1067,-0.6190476190476195,0.0,-0.5454545454545455,0.28571428571428525,-0.4499999999999996,-0.07142857142857142,-0.2857142857142857,-1.4941995359628648,0.47368421052631515,0.5555555555555556,1.4375000000000007,1
691,-0.23809523809523814,2.8602150537634405,-0.787878787878788,2.9285714285714275,0.899999999999995,-0.6428571428571429,-0.5714285714285714,-0.09280742459395652,1.6842105263157892,-0.44444444444444436,0.31250000000000006,0
1309,0.8571428571428568,0.7311827956989243,0.18181818181818182,0.4285714285714282,0.4499999999999996,0.5714285714285714,1.2619047619047619,0.5104408352668124,-0.10526315789473696,0.0,-0.06249999999999979,0
690,0.09523809523809491,-0.6021505376344085,0.6666666666666666,-0.5714285714285715,3.899999999999999,-0.6428571428571429,-0.5,0.3712296983758776,-0.05263157894736965,2.38888888888889,-0.49999999999999944,0
852,0.666666666666667,-0.38709677419354843,0.5454545454545455,-0.4285714285714288,0.3000000000000002,-0.35714285714285715,-0.38095238095238093,0.12993039443152882,-0.15789473684210661,-0.38888888888888873,-0.43749999999999967,0
160,-0.5238095238095242,0.3440860215053761,-0.24242424242424251,-0.4285714285714288,0.0,0.2857142857142857,1.1428571428571428,0.0,1.4736842105263153,-0.2777777777777781,-0.5624999999999992,1
896,-0.3809523809523814,0.30107526881720403,-0.7575757575757577,0.14285714285714232,0.05000000000000004,0.9285714285714286,0.11904761904761904,-0.6032482598607689,0.5789473684210521,-0.2222222222222225,0.31250000000000006,1
258,-0.6190476190476195,0.7526881720430103,-0.787878787878788,-0.14285714285714296,-0.20000000000000015,-0.14285714285714285,0.42857142857142855,0.0,0.9473684210526326,0.2777777777777781,-0.6250000000000001,0
336,1.904761904761905,0.7526881720430103,0.8181818181818183,1.7142857142857135,2.4499999999999997,-0.5,-0.40476190476190477,1.1136890951275813,-0.7368421052631587,1.2222222222222225,1.2500000000000002,1
1499,-0.6190476190476195,1.6129032258064513,-0.6666666666666667,0.14285714285714232,-0.5499999999999997,-0.5,-0.5952380952380952,-0.45475638051042816,1.1578947368421042,-0.2222222222222225,0.375000000000001,1
1040,0.4761904761904763,-0.08602150537634415,-0.15151515151515157,0.0,0.4499999999999996,0.5,0.023809523809523808,0.055684454756384213,0.10526315789473696,1.166666666666667,0.5625000000000003,1
516,0.2857142857142856,0.5806451612903225,0.696969696969697,5.571428571428569,2.1499999999999995,1.4285714285714286,2.6904761904761907,1.9489559164732415,0.0,2.8888888888888893,-0.5624999999999992,0
1016,1.2380952380952381,-0.5591397849462365,0.6060606060606062,0.0,-0.20000000000000015,0.0,-0.2619047619047619,-0.38051044083528357,-1.3157894736842108,1.2222222222222225,0.7500000000000009,1
769,-0.3809523809523814,0.30107526881720403,-0.7272727272727274,0.14285714285714232,0.14999999999999525,0.7142857142857143,1.3333333333333333,0.2969837587006815,1.2631578947368411,-0.5,-0.31250000000000006,1
1400,-0.3333333333333335,0.6451612903225806,-0.787878787878788,0.0,-0.5499999999999997,-0.2857142857142857,-0.3333333333333333,-0.5568445475637906,0.5789473684210521,0.5555555555555556,0.5625000000000003,1
762,0.666666666666667,0.5806451612903225,0.0,-0.2857142857142859,0.8499999999999999,-0.6428571428571429,-0.07142857142857142,0.2691415313225151,-0.3157894736842109,-1.1111111111111116,-0.37499999999999983,0
1171,0.6190476190476186,-0.6881720430107527,0.24242424242424251,-0.8571428571428571,-0.8499999999999999,-0.6428571428571429,-0.6190476190476191,-0.060324825986112954,-0.5789473684210521,0.2777777777777781,0.1875000000000005,1
1585,-0.5714285714285716,-0.8602150537634408,0.5454545454545455,0.28571428571428525,-0.8999999999999999,0.7142857142857143,-0.09523809523809523,-0.9095127610209078,-0.10526315789473696,1.0000000000000007,0.8750000000000004,1
522,-0.1428571428571432,-0.47311827956989255,0.696969696969697,-0.2857142857142859,0.4499999999999996,0.14285714285714285,0.11904761904761904,0.5568445475637906,0.894736842105263,0.11111111111111124,-0.6874999999999999,0
23,0.0,-0.38709677419354843,-0.15151515151515157,-0.8571428571428571,1.3499999999999996,-0.2857142857142857,-0.023809523809523808,-0.09280742459395652,-0.7368421052631587,1.6111111111111118,-0.43749999999999967,0
357,1.7142857142857144,-0.47311827956989255,0.787878787878788,1.1428571428571423,0.05000000000000004,1.0714285714285714,0.40476190476190477,1.5313225058004372,-0.2631578947368436,1.444444444444445,0.5000000000000006,0
1354,-0.1428571428571432,0.5376344086021504,-0.6969696969696971,-0.4285714285714288,0.34999999999999953,0.0,0.4523809523809524,0.04640371229697826,0.3157894736842109,-0.8888888888888891,0.0625000000000009,0
341,2.0476190476190474,-0.7741935483870966,0.7272727272727273,0.28571428571428525,-0.6499999999999998,-0.2857142857142857,-0.40476190476190477,1.484918793503459,-1.0,3.111111111111112,-0.6250000000000001,1
432,-0.04761904761904788,0.1290322580645162,0.27272727272727265,0.0,-0.25000000000000017,0.5,0.6666666666666666,0.27842227378186957,-0.3157894736842109,-0.33333333333333315,-0.6250000000000001,0
474,0.9523809523809526,-0.7311827956989247,0.878787878787879,-0.14285714285714296,-0.8499999999999999,-0.6428571428571429,-0.5714285714285714,0.13921113689093478,-0.2631578947368436,0.944444444444445,0.2500000000000003,0
218,0.09523809523809491,0.8817204301075265,-0.12121212121212126,0.0,-0.35000000000000026,-0.21428571428571427,0.07142857142857142,-0.04640371229697826,0.26315789473684126,-0.38888888888888873,-0.6874999999999999,0
912,0.5714285714285712,-1.0322580645161288,0.6060606060606062,9.714285714285712,1.7499999999999998,-0.7857142857142857,-0.6904761904761905,1.025522041763302,-0.6842105263157892,-0.11111111111111124,0.4375000000000008,1
1282,-0.3809523809523814,-0.2580645161290322,-0.18181818181818182,-0.4285714285714288,-0.10000000000000007,1.0,0.38095238095238093,-0.5568445475637906,0.3157894736842109,0.11111111111111124,0.1250000000000007,1
1012,0.4761904761904763,-0.8602150537634408,0.1515151515151515,-0.2857142857142859,0.4499999999999996,-0.14285714285714285,-0.4523809523809524,-0.5104408352668124,-0.7368421052631587,-0.38888888888888873,0.1250000000000007,1
1556,-0.4285714285714288,0.1720430107526883,-0.27272727272727276,-0.7142857142857144,-0.6999999999999998,0.07142857142857142,-0.3333333333333333,-0.7703016241299215,0.6842105263157892,0.33333333333333376,0.21875000000000094,1
94,-0.09523809523809534,-0.1290322580645162,0.0,-0.4285714285714288,-0.8499999999999999,-0.35714285714285715,-0.16666666666666666,-0.09280742459395652,0.42105263157894784,0.11111111111111124,-0.37499999999999983,0
1009,0.4761904761904763,-0.7311827956989247,0.4242424242424243,1.9999999999999993,1.5499999999999996,-0.14285714285714285,-0.3333333333333333,-0.6078886310904976,-0.42105263157894784,0.44444444444444436,1.1250000000000007,1
1071,0.666666666666667,-0.8172043010752686,0.5757575757575758,-1.0,-1.0999999999999996,0.35714285714285715,-0.023809523809523808,-0.8445475638051176,-0.6842105263157892,1.5000000000000007,0.5625000000000003,1
1093,-0.4285714285714288,0.08602150537634415,-0.5151515151515152,-0.2857142857142859,0.10000000000000007,-0.2857142857142857,-0.5238095238095238,-0.932714617169397,0.6315789473684218,-0.16666666666666688,0.8125000000000007,1
697,-0.4285714285714288,0.5591397849462365,-0.7272727272727274,-0.14285714285714296,-0.6499999999999998,-0.42857142857142855,-0.30952380952380953,0.18561484918791304,0.8421052631578957,0.2777777777777781,-0.43749999999999967,1
1432,-0.1428571428571432,-0.38709677419354843,0.1515151515151515,-0.14285714285714296,-0.49999999999999967,-0.07142857142857142,0.8571428571428571,-0.4640371229698341,-0.2631578947368436,-0.44444444444444436,-0.18749999999999936,1
997,-1.0952380952380958,0.6021505376344085,-0.787878787878788,0.0,0.3999999999999996,-0.7857142857142857,-0.6428571428571429,-1.4013921113689083,2.105263157894737,0.05555555555555562,1.6250000000000013,1
1100,0.33333333333333304,0.0,0.36363636363636365,-1.0,0.8499999999999999,-0.6428571428571429,-0.47619047619047616,-0.06496519721579017,-0.5789473684210521,-0.5555555555555556,-0.49999999999999944,0
1411,-0.6190476190476195,1.8924731182795693,-0.787878787878788,-0.5714285714285715,0.14999999999999525,-0.6428571428571429,-0.5238095238095238,-1.484918793503459,1.0,-1.0000000000000002,1.0625000000000009,1
1597,-0.7619047619047623,-0.043010752688172074,-0.393939393939394,0.14285714285714232,-0.1500000000000001,1.0714285714285714,0.047619047619047616,-0.49187935034805197,0.5789473684210521,0.7222222222222225,0.5000000000000006,1
790,0.33333333333333304,0.47311827956989233,-0.27272727272727276,0.9999999999999993,1.0,0.5,1.9285714285714286,0.5568445475637906,-1.1578947368421066,-0.5555555555555556,-0.5624999999999992,0
581,2.095238095238096,-0.08602150537634415,0.696969696969697,0.0,0.49999999999999967,-0.6428571428571429,-0.5714285714285714,1.5777262180974154,-0.6315789473684218,-1.0000000000000002,-0.37499999999999983,0
704,-0.1904761904761907,-0.6021505376344085,0.6666666666666666,0.5714285714285712,-0.3000000000000002,0.5714285714285714,1.0952380952380953,0.18561484918791304,0.052631578947367315,0.44444444444444436,-0.37499999999999983,0
1340,-0.1904761904761907,-0.043010752688172074,-0.7272727272727274,-0.7142857142857144,0.25000000000000017,-0.07142857142857142,-0.16666666666666666,-0.6589327146171531,0.26315789473684126,-0.44444444444444436,0.1875000000000005,1
488,1.095238095238095,0.5376344086021504,0.303030303030303,-0.5714285714285715,-1.2999999999999998,-0.6428571428571429,-0.5714285714285714,0.6496519721577472,-0.7368421052631587,-1.1111111111111116,-0.12499999999999958,1
560,2.428571428571429,-0.21505376344086036,0.696969696969697,2.9999999999999987,0.3000000000000002,-0.5714285714285714,0.21428571428571427,2.459396751740105,-0.05263157894736965,0.33333333333333376,1.5625000000000004,1
1142,0.14285714285714238,-0.6021505376344085,0.18181818181818182,0.4285714285714282,0.05000000000000004,0.7142857142857143,0.7857142857142857,-0.25986078886310915,-0.21052631578947392,1.2777777777777781,0.5000000000000006,1
1120,-1.0952380952380958,0.6021505376344085,-0.787878787878788,0.4285714285714282,-0.6499999999999998,-0.5,-0.5476190476190477,-1.9675174013921048,1.105263157894737,-0.2222222222222225,1.687500000000001,0
802,0.33333333333333304,0.1290322580645162,-0.5151515151515152,1.5714285714285705,-0.5499999999999997,-0.42857142857142855,-0.5,0.25522041763338044,-0.42105263157894784,-1.0000000000000002,-0.12499999999999958,0
513,1.333333333333333,-0.5161290322580644,0.6666666666666666,-0.14285714285714296,2.2999999999999994,0.07142857142857142,0.2619047619047619,0.5568445475637906,-1.4736842105263175,1.0555555555555562,-0.31250000000000006,1
634,1.0476190476190474,1.7849462365591395,-0.12121212121212126,1.7142857142857135,1.2999999999999996,-0.21428571428571427,1.1428571428571428,1.9489559164732415,0.6315789473684218,0.11111111111111124,0.687500000000001,0
1180,0.14285714285714238,-0.7311827956989247,0.21212121212121215,0.28571428571428525,-0.1500000000000001,-0.21428571428571427,0.21428571428571427,-0.3758700696055548,-0.21052631578947392,1.0555555555555562,0.5000000000000006,1
1428,-0.1428571428571432,-0.47311827956989255,0.21212121212121215,0.4285714285714282,-0.05000000000000004,-0.5714285714285714,-0.35714285714285715,-0.5104408352668124,-0.05263157894736965,-0.2222222222222225,0.6250000000000001,0
791,-0.23809523809523814,-0.6451612903225806,0.5151515151515151,0.5714285714285712,0.14999999999999525,0.2857142857142857,1.0476190476190477,0.12993039443152882,0.10526315789473696,0.33333333333333376,-0.31250000000000006,1
117,0.1904761904761907,0.08602150537634415,0.06060606060606067,-0.4285714285714288,-0.10000000000000007,-0.21428571428571427,0.047619047619047616,0.4640371229698341,0.42105263157894784,-0.05555555555555562,-0.12499999999999958,1
741,0.1904761904761907,1.0322580645161288,0.09090909090909083,2.8571428571428563,-0.20000000000000015,-0.14285714285714285,-0.5238095238095238,-0.13921113689093478,0.7368421052631587,0.33333333333333376,0.8125000000000007,1
831,-0.1904761904761907,0.7096774193548387,-0.5757575757575758,0.4285714285714282,-1.050000000000005,-0.6428571428571429,-0.6904761904761905,-0.22273781902553685,0.3684210526315782,-0.38888888888888873,0.4375000000000008,0
120,-0.4285714285714288,0.7311827956989243,-0.5454545454545455,-0.5714285714285715,0.899999999999995,0.5714285714285714,1.2142857142857142,-0.41763341067285586,0.15789473684210428,-0.44444444444444436,-0.6250000000000001,1
657,1.333333333333333,-0.38709677419354843,0.393939393939394,0.0,1.3499999999999996,-0.42857142857142855,-0.14285714285714285,0.8352668213457117,-2.210526315789474,-0.6666666666666669,-0.37499999999999983,0
1519,-0.23809523809523814,-0.21505376344086036,0.6060606060606062,0.0,1.7499999999999998,-0.5,-0.42857142857142855,-0.15313225058006946,0.052631578947367315,0.05555555555555562,0.1875000000000005,0
636,0.3809523809523805,1.3763440860215048,-0.787878787878788,-1.142857142857143,-0.6999999999999998,0.7142857142857143,-0.11904761904761904,-0.6496519721577987,-0.21052631578947392,-0.38888888888888873,-0.31250000000000006,0
370,0.7142857142857144,-1.0752688172043008,0.8181818181818183,0.28571428571428525,-0.25000000000000017,-0.5714285714285714,-0.47619047619047616,-0.2784222737819211,-0.5789473684210521,2.833333333333334,1.1250000000000007,1
269,-0.4761904761904763,0.08602150537634415,-0.6666666666666667,1.1428571428571423,-0.10000000000000007,-0.5,-0.2619047619047619,0.88167053364269,2.0,1.6111111111111118,-0.49999999999999944,1
656,0.8571428571428568,0.1290322580645162,-0.27272727272727276,0.9999999999999993,0.3999999999999996,0.42857142857142855,0.35714285714285715,1.670533642691372,-0.894736842105263,-0.05555555555555562,-0.49999999999999944,0
936,0.4285714285714288,-0.9462365591397849,0.36363636363636365,0.14285714285714232,-0.95,0.35714285714285715,0.8095238095238095,-0.635730858468664,0.42105263157894784,0.5555555555555556,1.000000000000001,1
823,-0.5714285714285716,0.08602150537634415,-0.393939393939394,-0.2857142857142859,-0.1500000000000001,0.07142857142857142,-0.047619047619047616,0.2320185614848913,1.5789473684210522,0.11111111111111124,-0.24999999999999917,0
867,-0.5238095238095242,-0.1290322580645162,-0.12121212121212126,0.14285714285714232,-0.4000000000000003,-0.07142857142857142,-0.3333333333333333,-1.1229698375869872,0.5263157894736848,1.166666666666667,0.687500000000001,1
47,-0.09523809523809534,1.7849462365591395,0.5151515151515151,0.0,1.7499999999999998,0.5714285714285714,1.8095238095238095,0.09280742459395652,-0.3157894736842109,0.6111111111111113,-0.6250000000000001,0
1374,-0.09523809523809534,0.9892473118279568,0.030303030303030335,2.2857142857142847,1.5499999999999996,1.4285714285714286,1.2142857142857142,-0.07424593967519613,-0.3684210526315782,-0.9444444444444446,-0.5624999999999992,0
992,-0.3809523809523814,-0.7741935483870966,0.06060606060606067,-0.2857142857142859,0.14999999999999525,1.2142857142857142,0.7142857142857143,0.06496519721579017,0.7368421052631587,-0.7777777777777781,-0.49999999999999944,0
774,0.0,-0.5161290322580644,0.09090909090909083,-0.5714285714285715,3.899999999999999,-0.9285714285714286,0.14285714285714285,0.2320185614848913,-0.05263157894736965,1.6666666666666674,-0.43749999999999967,1
5,-0.23809523809523814,0.7741935483870964,-0.787878787878788,-0.4285714285714288,-0.1500000000000001,-0.21428571428571427,-0.09523809523809523,0.4640371229698341,1.0526315789473673,-0.33333333333333315,-0.49999999999999944,0
1004,-0.5238095238095242,-0.6881720430107527,0.18181818181818182,-0.5714285714285715,-0.5999999999999998,-0.7142857142857143,-0.7142857142857143,-1.8561484918793365,0.26315789473684126,-0.38888888888888873,1.6250000000000013,1
1385,-0.3809523809523814,1.0107526881720428,-0.3333333333333334,-0.5714285714285715,1.3999999999999997,0.42857142857142855,1.0952380952380953,-0.4037122969837727,-0.6315789473684218,-0.6666666666666669,-0.43749999999999967,0
264,0.0,-0.6451612903225806,-0.09090909090909091,-0.5714285714285715,-0.10000000000000007,0.6428571428571429,0.2619047619047619,-0.23201856148494282,-0.15789473684210661,0.2777777777777781,-0.5624999999999992,0
1461,-0.7142857142857144,-0.4301075268817205,-0.5151515151515152,0.14285714285714232,-1.2499999999999998,1.4285714285714286,0.6190476190476191,0.20417633410672495,0.5263157894736848,0.33333333333333376,0.1250000000000007,1
444,1.0,-0.34408602150537637,0.696969696969697,0.7142857142857141,-0.10000000000000007,-0.21428571428571427,-0.4523809523809524,-0.23201856148494282,-0.42105263157894784,0.05555555555555562,0.8750000000000004,1
1003,0.5714285714285712,-0.989247311827957,0.21212121212121215,-0.21428571428571475,-0.7999999999999998,-0.07142857142857142,-0.2619047619047619,-0.7610208816705156,-0.2631578947368436,1.2222222222222225,0.9375000000000002,1
1078,0.33333333333333304,-0.6451612903225806,1.181818181818182,5.999999999999999,0.05000000000000004,-0.7857142857142857,-0.7142857142857143,0.635730858468664,-0.21052631578947392,-0.2222222222222225,0.5000000000000006,0
838,-0.5714285714285716,-1.0322580645161288,0.06060606060606067,0.28571428571428525,-3.3499999999999996,1.5714285714285714,1.4761904761904763,-2.858468677494201,-0.2631578947368436,-1.2777777777777781,0.9375000000000002,1
1430,0.0,-1.4623655913978493,0.4242424242424243,0.0,-1.4999999999999996,1.7142857142857142,0.6904761904761905,-0.3712296983758776,0.10526315789473696,1.7222222222222232,0.687500000000001,0
305,0.23809523809523814,0.5591397849462365,1.0303030303030303,-0.14285714285714296,1.6499999999999948,-0.14285714285714285,1.2380952380952381,0.2320185614848913,-0.5789473684210521,-0.5555555555555556,-0.6250000000000001,0
1388,-0.23809523809523814,0.5161290322580644,-0.5757575757575758,-0.5714285714285715,1.05,-0.42857142857142855,-0.35714285714285715,-0.32482598607889934,-0.05263157894736965,-0.2222222222222225,-0.37499999999999983,0
314,0.33333333333333304,-0.21505376344086036,0.12121212121212116,1.1428571428571423,-0.1500000000000001,1.1428571428571428,2.3095238095238093,0.3712296983758776,-0.05263157894736965,-0.5,-0.49999999999999944,0
150,0.14285714285714238,-0.5161290322580644,0.5454545454545455,0.8571428571428564,0.49999999999999967,-0.21428571428571427,0.11904761904761904,0.32482598607889934,1.1578947368421042,-0.05555555555555562,0.1875000000000005,1
1149,-0.04761904761904788,-0.5591397849462365,0.4848484848484848,-0.2857142857142859,0.34999999999999953,-0.35714285714285715,-0.40476190476190477,-0.7146171693735374,0.42105263157894784,0.2222222222222225,0.8750000000000004,1
1214,0.8095238095238093,-0.6021505376344085,0.4848484848484848,-0.4285714285714288,-0.4000000000000003,-0.6428571428571429,-0.5952380952380952,-0.09744779582368526,-0.8421052631578957,0.7222222222222225,0.1875000000000005,1
575,1.2857142857142856,-0.7741935483870966,0.696969696969697,1.4285714285714282,-0.05000000000000004,0.42857142857142855,0.9523809523809523,1.1136890951275813,-0.6315789473684218,0.44444444444444436,-0.12499999999999958,1
51,0.4285714285714288,0.6021505376344085,0.0,-0.7142857142857144,-0.25000000000000017,-0.7142857142857143,-0.35714285714285715,0.13921113689093478,-0.8421052631578957,0.6666666666666669,-0.6250000000000001,0
1246,-0.23809523809523814,0.1290322580645162,-0.21212121212121215,-0.5714285714285715,0.14999999999999525,0.07142857142857142,-0.09523809523809523,-0.11600928074244565,0.9473684210526326,0.33333333333333376,0.1875000000000005,0
727,0.09523809523809491,0.8602150537634405,-0.5151515151515152,0.8571428571428564,0.25000000000000017,0.2857142857142857,0.2619047619047619,1.2064965197215378,0.6315789473684218,0.5555555555555556,0.5625000000000003,1
834,1.7619047619047619,-0.21505376344086036,0.5454545454545455,-0.8571428571428571,3.399999999999999,1.5714285714285714,0.30952380952380953,0.7238979118329433,0.3684210526315782,1.3333333333333337,-0.18749999999999936,0
1116,-0.4285714285714288,0.7311827956989243,-0.5757575757575758,0.4285714285714282,0.5999999999999998,0.07142857142857142,-0.40476190476190477,-0.5011600928074065,0.3684210526315782,-0.11111111111111124,0.687500000000001,1
1167,0.9523809523809526,0.08602150537634415,0.0,-0.2857142857142859,1.5999999999999996,-0.5,0.5238095238095238,0.13457076566125756,-1.9473684210526327,2.0000000000000004,0.0,0
471,2.428571428571429,-0.8602150537634408,1.181818181818182,0.5714285714285712,0.6999999999999998,0.07142857142857142,0.21428571428571427,1.2993039443155459,-1.3684210526315805,-0.05555555555555562,0.2500000000000003,0
972,1.1904761904761907,-1.118279569892473,0.6666666666666666,-0.4285714285714288,-0.6499999999999998,-0.5714285714285714,-0.6666666666666666,0.20417633410672495,0.10526315789473696,1.3888888888888893,0.4375000000000008,1
654,0.7142857142857144,-0.8172043010752686,1.0,0.8571428571428564,0.0,-0.35714285714285715,-0.19047619047619047,0.3712296983758776,-1.0,-0.44444444444444436,1.1250000000000007,1
400,0.3809523809523805,1.0537634408602148,-0.12121212121212126,0.14285714285714232,-0.7499999999999998,-0.35714285714285715,0.09523809523809523,-0.23201856148494282,-1.105263157894737,-0.38888888888888873,-0.49999999999999944,0
512,1.0,0.30107526881720403,0.1515151515151515,0.0,0.5499999999999997,0.8571428571428571,0.5714285714285714,1.2064965197215378,-0.6842105263157892,0.05555555555555562,0.0,1
321,0.9047619047619051,0.6021505376344085,0.393939393939394,1.4285714285714282,0.20000000000000015,0.5,0.5,0.9744779582366465,0.3157894736842109,0.5,0.8125000000000007,1
36,-0.04761904761904788,0.5376344086021504,-0.787878787878788,4.714285714285713,0.34999999999999953,-0.6428571428571429,-0.47619047619047616,0.8352668213457117,0.47368421052631515,-0.38888888888888873,-0.37499999999999983,1
903,-0.23809523809523814,0.4946236559139784,-0.4848484848484849,0.28571428571428525,0.05000000000000004,0.14285714285714285,-0.11904761904761904,0.25986078886310915,1.4210526315789478,0.38888888888888873,0.375000000000001,1
828,-0.3809523809523814,-0.2580645161290322,-0.36363636363636365,0.8571428571428564,-0.1500000000000001,0.07142857142857142,-0.023809523809523808,-0.25986078886310915,0.26315789473684126,-0.7222222222222225,0.31250000000000006,0
1435,1.095238095238095,0.08602150537634415,0.3333333333333333,18.85714285714285,6.749999999999999,2.9285714285714284,1.3571428571428572,3.197215777262132,-0.6842105263157892,0.8333333333333337,-0.7499999999999997,1
408,1.9523809523809526,-0.5591397849462365,1.2121212121212124,1.1428571428571423,0.6999999999999998,-0.14285714285714285,-0.19047619047619047,1.2993039443155459,-0.6842105263157892,0.05555555555555562,0.375000000000001,1
921,0.8095238095238093,-0.47311827956989255,0.3333333333333333,0.14285714285714232,0.5999999999999998,-0.2857142857142857,-0.35714285714285715,0.49187935034800045,-0.3684210526315782,-0.33333333333333315,0.1875000000000005,0
538,0.09523809523809491,1.3118279569892468,-0.06060606060606067,-0.14285714285714296,0.25000000000000017,-0.6428571428571429,-0.5952380952380952,0.18561484918791304,0.3157894736842109,0.8333333333333337,0.31250000000000006,1
1063,0.04761904761904746,-0.6021505376344085,0.5454545454545455,-0.4285714285714288,0.95,-0.5714285714285714,-0.5476190476190477,-0.5568445475637906,-0.05263157894736965,0.11111111111111124,0.7500000000000009,1
1200,0.0,0.258064516129032,-0.09090909090909091,0.14285714285714232,-0.1500000000000001,0.6428571428571429,1.3333333333333333,0.02784222737816635,-0.5263157894736848,-0.2222222222222225,-0.43749999999999967,1
1128,-0.7619047619047623,1.0322580645161288,-0.787878787878788,0.9999999999999993,-0.35000000000000026,0.8571428571428571,0.3333333333333333,-1.396751740139231,1.0526315789473673,-0.11111111111111124,0.8125000000000007,1
785,-0.3809523809523814,0.30107526881720403,-0.7575757575757577,0.4285714285714282,-0.10000000000000007,0.42857142857142855,1.119047619047619,0.3062645011600874,1.2631578947368411,-0.16666666666666688,-0.24999999999999917,0
490,0.666666666666667,-0.5591397849462365,0.4242424242424243,0.5714285714285712,-0.3000000000000002,-0.2857142857142857,-0.2857142857142857,0.7424593967517037,0.15789473684210428,0.7222222222222225,0.0,1
155,-0.3809523809523814,-0.38709677419354843,0.4848484848484848,4.714285714285713,-0.4499999999999996,1.0714285714285714,2.1666666666666665,0.2320185614848913,0.5789473684210521,0.5555555555555556,0.1875000000000005,0
962,-0.3809523809523814,0.1720430107526883,-0.36363636363636365,-0.8571428571428571,-0.05000000000000004,-0.5,-0.47619047619047616,-0.4083526682134499,-0.21052631578947392,0.0,-0.5624999999999992,0
854,0.666666666666667,-0.6881720430107527,0.393939393939394,-1.0,0.05000000000000004,1.9285714285714286,0.40476190476190477,-0.12993039443158033,0.8421052631578957,0.6111111111111113,0.4375000000000008,1
626,-0.5238095238095242,0.7311827956989243,-0.787878787878788,4.857142857142855,2.2499999999999996,0.5,0.47619047619047616,1.3457076566125241,0.7894736842105261,0.5555555555555556,0.0,0
570,-0.8095238095238098,-0.6881720430107527,-0.06060606060606067,0.0,0.7999999999999998,0.35714285714285715,0.09523809523809523,-1.0208816705336248,1.3684210526315783,-0.2777777777777781,0.9375000000000002,1
1520,-0.6190476190476195,0.7741935483870964,-0.5454545454545455,0.5714285714285712,1.3499999999999996,0.0,-0.2619047619047619,-0.06960556844546739,0.6842105263157892,-0.2222222222222225,0.0,0
18,0.09523809523809491,0.1720430107526883,0.06060606060606067,-0.7142857142857144,14.449999999999996,0.14285714285714285,0.42857142857142855,0.0,-1.0526315789473697,3.6666666666666683,-0.5624999999999992,0
128,0.09523809523809491,3.483870967741935,-0.787878787878788,-0.5714285714285715,0.14999999999999525,-0.7857142857142857,-0.6190476190476191,-0.18561484918796456,1.210526315789474,-0.7777777777777781,0.4375000000000008,0
1572,-0.7142857142857144,-0.6021505376344085,-0.36363636363636365,0.0,-2.05,0.07142857142857142,-0.30952380952380953,-0.7703016241299215,0.6842105263157892,0.16666666666666688,0.5625000000000003,1
928,0.23809523809523814,0.6451612903225806,-0.21212121212121215,0.0,0.6999999999999998,-0.21428571428571427,0.8809523809523809,0.25986078886310915,-0.5789473684210521,-0.16666666666666688,-0.6250000000000001,0
981,0.5714285714285712,-0.08602150537634415,0.12121212121212116,-0.4285714285714288,-0.6999999999999998,-0.42857142857142855,-0.5,0.4361948955916162,0.052631578947367315,0.5,0.1875000000000005,1
191,0.14285714285714238,-0.08602150537634415,0.27272727272727265,0.9999999999999993,-0.10000000000000007,0.5,2.119047619047619,0.3712296983758776,-0.42105263157894784,0.0,-0.49999999999999944,0
1140,0.14285714285714238,-0.043010752688172074,-0.06060606060606067,-0.2857142857142859,0.0,0.14285714285714285,1.1428571428571428,0.38979118329463797,0.15789473684210428,0.11111111111111124,-0.43749999999999967,1
993,-0.666666666666667,-0.5161290322580644,-0.4848484848484849,-0.2857142857142859,-0.1500000000000001,1.1428571428571428,0.21428571428571427,-0.5846867749420085,0.26315789473684126,-0.7777777777777781,-0.49999999999999944,1
1561,-0.04761904761904788,0.3440860215053761,0.0,-0.2857142857142859,0.05000000000000004,1.2142857142857142,2.2142857142857144,-0.2691415313225151,-0.5263157894736848,-0.5555555555555556,-0.18749999999999936,0
1331,-0.23809523809523814,0.3440860215053761,0.0,-0.14285714285714296,0.20000000000000015,0.21428571428571427,1.2619047619047619,-0.2969837587006815,-0.10526315789473696,-0.33333333333333315,-0.24999999999999917,1
607,0.7142857142857144,-0.47311827956989255,0.6666666666666666,3.428571428571427,-0.35000000000000026,-0.2857142857142857,-0.42857142857142855,0.2320185614848913,0.15789473684210428,0.944444444444445,1.2500000000000002,1
181,0.4285714285714288,0.3870967741935482,-0.36363636363636365,0.28571428571428525,-0.5999999999999998,-0.2857142857142857,0.09523809523809523,0.04640371229697826,-0.6315789473684218,-0.16666666666666688,-0.43749999999999967,0
302,1.5238095238095237,-1.4623655913978493,0.6666666666666666,-1.0,-0.5499999999999997,-0.5,-0.5476190476190477,0.2320185614848913,-0.47368421052631515,0.11111111111111124,-0.06249999999999979,1
497,-0.04761904761904788,0.0,-0.030303030303030335,-0.4285714285714288,0.10000000000000007,0.0,0.0,0.7424593967517037,0.6315789473684218,0.16666666666666688,-0.7499999999999997,1
1375,-0.5238095238095242,1.2688172043010748,-0.787878787878788,-1.4285714285714286,9.399999999999999,0.14285714285714285,-0.21428571428571427,-0.9698375870069693,0.052631578947367315,-0.6111111111111113,-0.24999999999999917,0
1336,-0.6190476190476195,0.258064516129032,-0.7272727272727274,0.28571428571428525,-0.49999999999999967,0.35714285714285715,0.047619047619047616,-1.3596287703016072,0.3684210526315782,0.2222222222222225,1.5000000000000007,1
1316,-0.1904761904761907,0.47311827956989233,0.030303030303030335,-0.2857142857142859,0.20000000000000015,0.21428571428571427,1.2619047619047619,-0.2969837587006815,-0.2631578947368436,-0.2222222222222225,-0.24999999999999917,1
518,1.1904761904761907,0.3870967741935482,0.696969696969697,-0.14285714285714296,6.049999999999999,-0.6428571428571429,-0.5238095238095238,1.2064965197215378,-0.7894736842105261,0.05555555555555562,-1.1249999999999996,0
1070,0.04761904761904746,0.43010752688172027,0.27272727272727265,0.8571428571428564,0.34999999999999953,1.0,0.3333333333333333,0.09280742459395652,0.0,0.0,0.375000000000001,0
477,0.666666666666667,-1.0752688172043008,0.4545454545454545,-0.2857142857142859,0.5999999999999998,-0.5714285714285714,-0.5238095238095238,0.5568445475637906,-0.15789473684210661,0.44444444444444436,-0.31250000000000006,0
158,-0.3809523809523814,-0.38709677419354843,0.4848484848484848,4.714285714285713,-0.4000000000000003,1.0,2.142857142857143,0.2320185614848913,0.5789473684210521,0.5,0.1875000000000005,0
1244,0.1904761904761907,0.1720430107526883,-0.12121212121212126,0.28571428571428525,0.14999999999999525,-0.2857142857142857,1.1428571428571428,0.6960556844547254,0.3157894736842109,0.0,-0.43749999999999967,0
1196,-0.8095238095238098,-0.38709677419354843,-0.12121212121212126,-0.5714285714285715,-0.05000000000000004,0.5,0.42857142857142855,-0.2180974477958081,1.105263157894737,-0.11111111111111124,-0.43749999999999967,1
17,0.2857142857142856,-1.0322580645161288,0.9090909090909093,-0.5714285714285715,0.6499999999999998,1.5,1.5476190476190477,0.04640371229697826,-0.05263157894736965,0.7222222222222225,0.1875000000000005,1
1073,-0.3333333333333335,-0.7311827956989247,0.0,-0.5714285714285715,0.20000000000000015,1.3571428571428572,0.8809523809523809,0.0,0.47368421052631515,-0.2222222222222225,-0.43749999999999967,1
1575,-1.0952380952380958,-0.9032258064516129,1.575757575757576,16.714285714285708,-0.25000000000000017,0.6428571428571429,1.2857142857142858,-0.013921113689083175,0.42105263157894784,-0.7777777777777781,0.1875000000000005,1
547,-0.1904761904761907,0.1290322580645162,-0.06060606060606067,-0.2857142857142859,-0.05000000000000004,-0.2857142857142857,-0.23809523809523808,0.6960556844547254,0.7368421052631587,0.8888888888888894,-0.43749999999999967,1
659,-0.3333333333333335,0.0,-0.5757575757575758,-1.142857142857143,-0.25000000000000017,-0.6428571428571429,-0.42857142857142855,0.2320185614848913,0.052631578947367315,1.0555555555555562,-0.37499999999999983,1
1020,-0.4285714285714288,-0.08602150537634415,-0.36363636363636365,-0.5714285714285715,-0.05000000000000004,-0.2857142857142857,-0.35714285714285715,-0.20417633410672495,1.1578947368421042,-0.05555555555555562,0.1250000000000007,0
1337,-0.9047619047619051,-0.08602150537634415,-0.787878787878788,-1.142857142857143,-1.0999999999999996,0.07142857142857142,-0.2857142857142857,-1.076566125290009,0.26315789473684126,-0.9444444444444446,-0.43749999999999967,0
960,0.04761904761904746,0.30107526881720403,-0.6363636363636365,-0.2857142857142859,0.49999999999999967,-0.14285714285714285,-0.14285714285714285,0.25522041763338044,0.26315789473684126,-0.05555555555555562,-0.12499999999999958,0
1518,-0.666666666666667,0.043010752688172074,-0.6060606060606062,-0.2857142857142859,-0.7999999999999998,1.0714285714285714,0.14285714285714285,-0.8863109048723672,0.3684210526315782,1.166666666666667,0.0625000000000009,1
798,0.666666666666667,-0.6451612903225806,0.5454545454545455,-0.8571428571428571,-2.05,0.5,0.09523809523809523,-0.7146171693735374,-0.3684210526315782,1.0555555555555562,0.375000000000001,1
226,-0.09523809523809534,-0.38709677419354843,-0.030303030303030335,0.5714285714285712,-0.3000000000000002,1.0714285714285714,0.5952380952380952,-0.3016241299304102,0.3157894736842109,-0.2222222222222225,0.1875000000000005,1
27,-0.1428571428571432,-0.47311827956989255,-0.06060606060606067,-0.5714285714285715,0.05000000000000004,-0.7142857142857143,-0.6428571428571429,-0.2784222737819211,-0.15789473684210661,-0.16666666666666688,-0.43749999999999967,0
1555,-0.6190476190476195,1.440860215053763,-0.7272727272727274,0.28571428571428525,-0.8499999999999999,0.07142857142857142,-0.35714285714285715,-0.24593967517402598,1.210526315789474,-0.11111111111111124,0.5000000000000006,1
230,-0.4761904761904763,0.0,-0.030303030303030335,0.5714285714285712,0.10000000000000007,-0.2857142857142857,-0.023809523809523808,0.02320185614848913,0.7894736842105261,-0.6666666666666669,0.5000000000000006,0
38,0.09523809523809491,-0.6021505376344085,0.06060606060606067,-0.14285714285714296,-0.6499999999999998,-0.07142857142857142,-0.19047619047619047,0.0,-0.42105263157894784,0.6111111111111113,-0.31250000000000006,1
750,-0.28571428571428603,-0.043010752688172074,-0.24242424242424251,-0.14285714285714296,-0.4499999999999996,-0.14285714285714285,-0.23809523809523808,0.4083526682134499,1.105263157894737,0.6111111111111113,-0.43749999999999967,1
1046,-0.4761904761904763,-0.34408602150537637,-0.787878787878788,-1.142857142857143,-0.4499999999999996,1.2857142857142858,0.0,-1.1229698375869872,0.052631578947367315,-0.2222222222222225,0.7500000000000009,1
470,0.3809523809523805,1.2903225806451608,-0.7272727272727274,-1.4285714285714286,-0.4499999999999996,1.5714285714285714,0.23809523809523808,-0.7424593967517552,-0.5789473684210521,-0.2222222222222225,-0.24999999999999917,0
1361,0.6190476190476186,0.08602150537634415,0.1515151515151515,0.14285714285714232,1.6499999999999948,-0.21428571428571427,0.0,0.0881670533642793,-0.3684210526315782,-0.33333333333333315,0.4375000000000008,0
1571,-0.7142857142857144,-0.6881720430107527,0.8181818181818183,0.0,7.55,0.35714285714285715,-0.07142857142857142,-1.577726218097467,0.3157894736842109,1.7222222222222232,1.3750000000000009,1
688,0.5714285714285712,0.5161290322580644,-0.09090909090909091,1.2857142857142854,0.7999999999999998,-0.07142857142857142,0.0,1.3921113689095024,-0.15789473684210661,-0.16666666666666688,-0.31250000000000006,0
1470,-0.28571428571428603,1.9784946236559136,-0.6363636363636365,-0.14285714285714296,-0.8999999999999999,0.42857142857142855,0.2619047619047619,0.11600928074244565,0.0,-0.38888888888888873,-0.31250000000000006,0
640,0.4761904761904763,-0.989247311827957,0.27272727272727265,-0.4285714285714288,-0.5999999999999998,0.7857142857142857,0.4523809523809524,0.09280742459395652,-0.6842105263157892,4.111111111111113,0.0625000000000009,1
1219,0.14285714285714238,-0.5161290322580644,0.1515151515151515,-0.4285714285714288,0.14999999999999525,-0.42857142857142855,-0.3333333333333333,-0.3712296983758776,-0.3684210526315782,0.38888888888888873,0.2500000000000003,1
1159,-0.5714285714285716,-0.47311827956989255,0.5151515151515151,0.8571428571428564,-0.1500000000000001,0.5714285714285714,0.38095238095238093,-0.5011600928074065,0.5789473684210521,3.0000000000000004,0.2500000000000003,1
1330,-0.23809523809523814,0.3440860215053761,0.0,-0.14285714285714296,0.20000000000000015,0.21428571428571427,1.2619047619047619,-0.2969837587006815,-0.10526315789473696,-0.33333333333333315,-0.24999999999999917,1
1301,-1.285714285714286,0.5376344086021504,-0.787878787878788,-0.07142857142857179,0.05000000000000004,0.07142857142857142,-0.23809523809523808,-1.095127610208821,2.473684210526315,-0.05555555555555562,1.4375000000000007,1
1455,1.8095238095238093,-0.30107526881720426,1.1212121212121213,0.0,-0.3000000000000002,-0.5,-0.35714285714285715,1.3642691415312844,-0.5263157894736848,0.38888888888888873,0.4375000000000008,1
801,-0.3333333333333335,0.3870967741935482,-0.5454545454545455,2.5714285714285707,0.14999999999999525,0.8571428571428571,1.6666666666666667,-0.18097447795823582,-0.3157894736842109,-0.6111111111111113,-0.49999999999999944,0
161,-0.1428571428571432,1.8494623655913973,-0.6969696969696971,-0.2857142857142859,0.5499999999999997,-0.5,-0.42857142857142855,-0.41763341067285586,-0.5789473684210521,-0.33333333333333315,-0.37499999999999983,0
957,0.5238095238095237,-0.6881720430107527,0.787878787878788,-0.14285714285714296,1.5999999999999996,-0.6428571428571429,-0.6666666666666666,-0.5197215777262183,0.0,0.0,0.687500000000001,1
1187,-0.6190476190476195,1.204301075268817,-0.6969696969696971,7.999999999999997,0.0,-0.5714285714285714,-0.6190476190476191,-0.23201856148494282,1.105263157894737,-0.6666666666666669,1.2500000000000002,0
822,-1.4285714285714288,-0.4301075268817205,-0.787878787878788,-0.14285714285714296,-1.5499999999999996,0.14285714285714285,0.09523809523809523,-2.440835266821345,2.105263157894737,0.6666666666666669,2.375000000000001,1
878,-0.09523809523809534,0.8387096774193545,-0.7575757575757577,-0.14285714285714296,-0.7499999999999998,1.2142857142857142,0.11904761904761904,-1.4338747099768034,0.5263157894736848,-0.2777777777777781,1.000000000000001,1
914,0.7142857142857144,-0.5376344086021504,0.6060606060606062,3.428571428571427,0.7499999999999998,-0.7857142857142857,-0.6666666666666666,-0.19025522041764178,-0.21052631578947392,0.11111111111111124,1.2500000000000002,1
153,-0.1904761904761907,0.3440860215053761,-0.6969696969696971,-0.5714285714285715,0.7999999999999998,0.7857142857142857,1.4523809523809523,-0.8352668213457117,0.21052631578947392,-0.44444444444444436,-0.06249999999999979,0
1465,-0.5238095238095242,0.30107526881720403,-0.4848484848484849,-0.7142857142857144,-0.7999999999999998,1.4285714285714286,0.35714285714285715,-0.4640371229698341,0.5263157894736848,0.2777777777777781,-0.31250000000000006,0
510,2.571428571428572,-0.989247311827957,1.484848484848485,0.8571428571428564,0.25000000000000017,0.6428571428571429,0.11904761904761904,0.8352668213457117,-1.4210526315789478,0.33333333333333376,0.7500000000000009,1
1136,0.04761904761904746,-1.161290322580645,0.5151515151515151,-0.7142857142857144,-0.5999999999999998,0.5714285714285714,0.2857142857142857,-1.0208816705336248,0.3684210526315782,-0.11111111111111124,1.0625000000000009,1
1251,-0.3809523809523814,0.3440860215053761,-0.7575757575757577,0.14285714285714232,0.0,0.7142857142857143,-0.023809523809523808,-0.7703016241299215,0.47368421052631515,-0.05555555555555562,0.4375000000000008,1
1570,-0.8095238095238098,-0.043010752688172074,-0.36363636363636365,-0.4285714285714288,-1.150000000000005,0.07142857142857142,-0.09523809523809523,-1.3178654292343577,0.894736842105263,-0.2777777777777781,0.8125000000000007,1
104,0.09523809523809491,0.23655913978494592,-0.12121212121212126,-0.14285714285714296,-0.10000000000000007,-0.14285714285714285,0.6428571428571429,-0.04640371229697826,-0.10526315789473696,-0.6111111111111113,-0.6250000000000001,0
587,1.5238095238095237,-0.9032258064516129,0.696969696969697,0.7142857142857141,0.7499999999999998,0.14285714285714285,0.21428571428571427,0.8352668213457117,-1.0,2.222222222222223,0.2500000000000003,1
1521,-0.666666666666667,0.043010752688172074,-0.6060606060606062,-0.2857142857142859,-0.7999999999999998,1.0714285714285714,0.14285714285714285,-0.8863109048723672,0.3684210526315782,1.166666666666667,0.0625000000000009,1
1144,-0.4285714285714288,-1.2903225806451613,0.12121212121212116,-0.5714285714285715,-0.6999999999999998,0.14285714285714285,-0.42857142857142855,-0.0371229698375723,1.5789473684210522,1.1111111111111112,-0.12499999999999958,1
54,0.33333333333333304,-0.6021505376344085,0.303030303030303,1.1428571428571423,0.10000000000000007,1.1428571428571428,1.9285714285714286,0.09280742459395652,-0.5789473684210521,-0.33333333333333315,-0.49999999999999944,0
152,0.6190476190476186,0.0,2.2424242424242427,1.7142857142857135,26.549999999999997,1.2857142857142858,0.7380952380952381,1.2993039443155459,-3.0,7.666666666666669,-0.49999999999999944,0
1551,-0.3809523809523814,0.6881720430107527,-0.787878787878788,0.14285714285714232,0.3999999999999996,0.21428571428571427,-0.2857142857142857,0.4779582366589173,0.7368421052631587,-0.5,-0.43749999999999967,0
208,-0.04761904761904788,0.21505376344085989,0.1515151515151515,-0.5714285714285715,-0.49999999999999967,0.8571428571428571,1.9523809523809523,-0.25522041763343195,-0.10526315789473696,-0.5,-0.5624999999999992,0
1510,0.0,-1.4623655913978493,0.4242424242424243,-0.5714285714285715,-0.8499999999999999,-0.5,-0.42857142857142855,-1.2529002320185676,-0.15789473684210661,0.44444444444444436,0.5625000000000003,0
1123,-0.7619047619047623,-0.21505376344086036,-0.787878787878788,-1.142857142857143,-1.1999999999999997,0.9285714285714286,-0.11904761904761904,-2.1345707656612576,0.7368421052631587,-0.7777777777777781,1.312500000000001,1
1402,0.0,0.7311827956989243,-0.15151515151515157,-0.14285714285714296,0.05000000000000004,1.3571428571428572,2.4523809523809526,-0.2784222737819211,-0.3157894736842109,-0.6111111111111113,-0.18749999999999936,0
9,-0.04761904761904788,0.258064516129032,-0.7272727272727274,-0.2857142857142859,-0.3000000000000002,-0.35714285714285715,-0.47619047619047616,0.0,0.26315789473684126,-0.2777777777777781,-0.43749999999999967,1
1015,0.04761904761904746,0.258064516129032,-0.3030303030303031,-0.2857142857142859,2.0499999999999994,-0.7857142857142857,-0.7380952380952381,-1.0487238979118427,-0.47368421052631515,-0.2222222222222225,0.6250000000000001,1
1434,-0.8571428571428577,-0.5161290322580644,-0.3030303030303031,-0.5714285714285715,-0.49999999999999967,-0.21428571428571427,-0.30952380952380953,-0.6032482598607689,0.5789473684210521,0.6666666666666669,-0.06249999999999979,1
1061,1.7619047619047619,-1.2473118279569892,0.9393939393939393,-0.5714285714285715,-0.25000000000000017,-0.7857142857142857,-0.7142857142857143,0.6032482598607689,-0.894736842105263,0.44444444444444436,-0.18749999999999936,1
254,-0.09523809523809534,1.096774193548387,0.4848484848484848,-0.4285714285714288,0.6499999999999998,-0.42857142857142855,1.1428571428571428,-0.41763341067285586,-0.42105263157894784,-0.16666666666666688,-0.43749999999999967,0
1328,-0.5714285714285716,-0.2580645161290322,-0.06060606060606067,-0.7142857142857144,-0.10000000000000007,0.2857142857142857,-0.09523809523809523,-0.9280742459396683,0.42105263157894784,-0.11111111111111124,0.2500000000000003,1
897,0.1904761904761907,-0.9032258064516129,0.393939393939394,0.28571428571428525,-0.05000000000000004,0.21428571428571427,0.11904761904761904,-1.095127610208821,0.0,0.8333333333333337,1.4375000000000007,1
1392,0.04761904761904746,0.5161290322580644,-0.12121212121212126,0.28571428571428525,0.7499999999999998,-0.6428571428571429,-0.11904761904761904,-0.3155452436194934,0.3157894736842109,-0.2222222222222225,0.5000000000000006,0
881,0.6190476190476186,0.1720430107526883,-0.24242424242424251,-0.8571428571428571,-0.05000000000000004,-0.2857142857142857,-0.40476190476190477,-0.48259860788864606,-0.8421052631578957,-0.7222222222222225,-0.18749999999999936,0
1505,-0.1904761904761907,-0.6021505376344085,0.9393939393939393,0.14285714285714232,1.3499999999999996,-0.6428571428571429,-0.6190476190476191,-0.3480278422273885,0.26315789473684126,-0.38888888888888873,0.7500000000000009,1
624,0.0,-0.043010752688172074,-0.030303030303030335,0.9999999999999993,-0.10000000000000007,0.5,0.16666666666666666,0.27842227378186957,0.9473684210526326,1.8888888888888893,1.1875000000000004,1
346,-0.4285714285714288,0.7096774193548387,-0.787878787878788,-0.4285714285714288,-0.5999999999999998,1.8571428571428572,0.5952380952380952,0.5104408352668124,1.5263157894736847,1.0555555555555562,-0.18749999999999936,0
1538,-1.1904761904761907,0.258064516129032,-0.5454545454545455,-0.4285714285714288,-1.0,0.42857142857142855,-0.16666666666666666,-0.9095127610209078,1.0,0.11111111111111124,0.0,1
263,0.04761904761904746,0.0,-0.6969696969696971,-0.7142857142857144,-0.4499999999999996,-0.2857142857142857,-0.07142857142857142,-0.48723897911832326,0.15789473684210428,-0.2777777777777781,-0.12499999999999958,0
1322,-1.3809523809523814,0.9462365591397847,-0.787878787878788,-1.4285714285714286,-1.9000000000000048,0.14285714285714285,0.19047619047619047,-1.958236658932699,3.684210526315789,-0.16666666666666688,1.4375000000000007,1
151,-0.28571428571428603,-0.8172043010752686,0.6363636363636364,-0.14285714285714296,-0.10000000000000007,-0.6428571428571429,-0.6428571428571429,-0.4640371229698341,0.10526315789473696,-0.5,0.0625000000000009,1
641,0.9523809523809526,0.08602150537634415,0.5757575757575758,0.14285714285714232,-0.4000000000000003,0.14285714285714285,0.047619047619047616,1.067285382830603,0.42105263157894784,0.0,-0.49999999999999944,0
1584,-0.8095238095238098,-0.2580645161290322,0.09090909090909083,-0.14285714285714296,-0.25000000000000017,1.2857142857142858,1.4285714285714286,-0.4733178654292401,0.10526315789473696,0.0,-0.24999999999999917,0
1502,-0.04761904761904788,1.2903225806451608,0.09090909090909083,2.9999999999999987,0.20000000000000015,0.5,0.6190476190476191,-0.1763341067285586,-0.7894736842105261,-0.5,-0.49999999999999944,0
551,-0.5238095238095242,-0.043010752688172074,-0.7575757575757577,-0.14285714285714296,-0.25000000000000017,-0.35714285714285715,-0.30952380952380953,-0.4640371229698341,0.10526315789473696,-0.33333333333333315,-0.43749999999999967,1
929,0.33333333333333304,-0.21505376344086036,0.030303030303030335,0.14285714285714232,-1.1999999999999997,0.0,-0.23809523809523808,-0.7610208816705156,-0.6842105263157892,1.0000000000000007,0.6250000000000001,0
489,1.7619047619047619,-0.8602150537634408,0.878787878787879,0.8571428571428564,0.10000000000000007,1.5,0.6904761904761905,1.5777262180974154,0.052631578947367315,1.6666666666666674,0.375000000000001,1
1172,-0.3809523809523814,0.30107526881720403,-0.787878787878788,0.0,-0.05000000000000004,0.8571428571428571,0.14285714285714285,-0.7331786542923493,0.5789473684210521,0.33333333333333376,0.375000000000001,1
147,-1.0000000000000004,0.6881720430107527,-0.7272727272727274,-0.5714285714285715,0.3999999999999996,0.5,1.3333333333333333,-1.1136890951276328,1.210526315789474,-0.5555555555555556,-0.12499999999999958,0
403,2.0476190476190474,-0.1720430107526883,0.8484848484848486,0.5714285714285712,0.3000000000000002,0.35714285714285715,0.6190476190476191,1.484918793503459,-1.105263157894737,-0.05555555555555562,0.1875000000000005,1
955,-0.1428571428571432,-0.38709677419354843,0.4242424242424243,0.7142857142857141,0.14999999999999525,-0.5714285714285714,-0.6428571428571429,-0.6589327146171531,0.6842105263157892,-0.44444444444444436,1.2500000000000002,1
1497,-0.09523809523809534,0.08602150537634415,0.0,-0.4285714285714288,0.49999999999999967,0.6428571428571429,2.5952380952380953,-0.20417633410672495,-0.2631578947368436,-0.16666666666666688,-0.31250000000000006,0
660,-0.3809523809523814,1.3763440860215048,-0.7272727272727274,3.1428571428571423,0.8499999999999999,-0.6428571428571429,-0.5952380952380952,0.09280742459395652,0.5263157894736848,-0.2777777777777781,0.5000000000000006,0
187,-0.23809523809523814,-0.5591397849462365,0.6666666666666666,-0.2857142857142859,0.14999999999999525,0.0,0.6904761904761905,0.18561484918791304,0.15789473684210428,-0.38888888888888873,-0.6250000000000001,0
1225,2.238095238095238,-0.5591397849462365,0.696969696969697,0.4285714285714282,0.05000000000000004,-0.42857142857142855,-0.42857142857142855,1.1136890951275813,-1.2631578947368436,1.1111111111111112,0.0625000000000009,1
609,1.0476190476190474,0.5591397849462365,0.3333333333333333,4.1428571428571415,1.5499999999999996,-0.21428571428571427,0.6428571428571429,2.6914153132249967,0.052631578947367315,0.11111111111111124,0.1250000000000007,1
144,-0.7619047619047623,-0.5591397849462365,-0.5454545454545455,-0.7142857142857144,-0.6499999999999998,-0.7857142857142857,-0.42857142857142855,-0.6496519721577987,0.15789473684210428,-0.2222222222222225,-0.49999999999999944,0
752,0.1904761904761907,0.5591397849462365,-0.4848484848484849,0.9999999999999993,0.49999999999999967,0.21428571428571427,0.047619047619047616,0.5707656612528739,-0.10526315789473696,-0.38888888888888873,-0.43749999999999967,0
982,0.7619047619047619,1.462365591397849,0.0,-0.4285714285714288,0.0,-0.07142857142857142,-0.23809523809523808,0.14849187935034075,-0.3157894736842109,0.0,-0.12499999999999958,0
198,1.7142857142857144,-0.9462365591397849,1.0303030303030303,-0.2857142857142859,-0.5999999999999998,-0.14285714285714285,-0.2619047619047619,0.6032482598607689,-1.0526315789473697,1.944444444444445,-0.06249999999999979,1
884,-0.3333333333333335,0.3440860215053761,-0.6666666666666667,0.4285714285714282,-0.1500000000000001,0.2857142857142857,1.1904761904761905,0.3016241299303587,1.1578947368421042,-0.38888888888888873,-0.43749999999999967,0
280,0.4761904761904763,-0.5161290322580644,0.18181818181818182,4.857142857142855,0.3999999999999996,-0.2857142857142857,0.21428571428571427,1.067285382830603,0.3684210526315782,0.8333333333333337,0.1875000000000005,1
294,-0.4761904761904763,-0.6881720430107527,-0.030303030303030335,0.28571428571428525,0.95,-0.6428571428571429,-0.5238095238095238,-0.18561484918796456,0.5263157894736848,-0.11111111111111124,-0.06249999999999979,1
1456,-0.666666666666667,1.6344086021505373,-0.787878787878788,-0.8571428571428571,-1.3499999999999999,-0.35714285714285715,-0.5,-0.9883990719257296,1.0,0.05555555555555562,0.4375000000000008,1
401,-0.6190476190476195,0.9247311827956987,-0.7272727272727274,8.14285714285714,2.1499999999999995,3.857142857142857,2.0476190476190474,1.2064965197215378,0.8421052631578957,-0.5,-0.18749999999999936,0
123,-0.28571428571428603,0.7526881720430103,-0.787878787878788,0.4285714285714282,-0.20000000000000015,-0.7857142857142857,-0.5952380952380952,0.5568445475637906,0.9473684210526326,-0.5555555555555556,-0.6250000000000001,0
1208,0.9523809523809526,0.8602150537634405,0.878787878787879,-0.7142857142857144,2.85,0.7142857142857143,0.3333333333333333,0.3341067285382538,0.21052631578947392,1.7777777777777781,-0.12499999999999958,0
203,-0.5238095238095242,-0.08602150537634415,-0.45454545454545464,-1.0,-0.20000000000000015,0.14285714285714285,0.2619047619047619,-0.6264501160093096,0.26315789473684126,0.944444444444445,-0.43749999999999967,0
836,-0.1428571428571432,0.6236559139784946,-0.4848484848484849,-1.0,-0.6499999999999998,0.9285714285714286,0.40476190476190477,-0.11600928074244565,0.42105263157894784,-0.6111111111111113,-0.5624999999999992,0
1515,-0.4761904761904763,1.3763440860215048,-0.15151515151515157,2.7142857142857126,-0.25000000000000017,0.14285714285714285,0.6428571428571429,0.7517401392111096,1.1578947368421042,0.5555555555555556,-0.604166666666668,1
1562,-0.04761904761904788,0.3440860215053761,0.0,-0.2857142857142859,0.05000000000000004,1.2142857142857142,2.2142857142857144,-0.2691415313225151,-0.5263157894736848,-0.5555555555555556,-0.18749999999999936,0
385,-0.09523809523809534,-0.043010752688172074,0.06060606060606067,-0.14285714285714296,0.3999999999999996,0.6428571428571429,0.38095238095238093,0.5568445475637906,0.5789473684210521,0.6666666666666669,-0.6250000000000001,0
855,0.666666666666667,-0.6881720430107527,0.393939393939394,-1.0,0.05000000000000004,1.9285714285714286,0.40476190476190477,-0.12993039443158033,0.8421052631578957,0.6111111111111113,0.4375000000000008,1
220,-0.04761904761904788,0.043010752688172074,0.21212121212121215,0.28571428571428525,0.05000000000000004,0.7142857142857143,2.5238095238095237,-0.11600928074244565,-0.05263157894736965,-0.11111111111111124,-0.43749999999999967,0
642,0.7619047619047619,0.30107526881720403,0.5454545454545455,0.14285714285714232,-0.4000000000000003,0.5,0.7142857142857143,1.1136890951275813,0.7894736842105261,0.05555555555555562,-0.43749999999999967,0
2,-0.04761904761904788,1.5483870967741933,-0.787878787878788,0.5714285714285712,0.95,0.7857142857142857,0.6904761904761905,0.0,-0.5789473684210521,0.33333333333333376,-0.24999999999999917,0
113,0.23809523809523814,0.3440860215053761,-0.4848484848484849,0.0,0.3000000000000002,0.0,1.7380952380952381,-0.18561484918796456,-0.8421052631578957,0.2222222222222225,-0.24999999999999917,0
699,0.7142857142857144,0.4086021505376342,0.06060606060606067,1.4285714285714282,0.3999999999999996,0.2857142857142857,0.8095238095238095,1.5313225058004372,0.0,-0.5,-0.31250000000000006,0
1525,-0.9047619047619051,-0.4301075268817205,-0.21212121212121215,-0.2857142857142859,-0.20000000000000015,0.5714285714285714,0.21428571428571427,-0.7331786542923493,0.42105263157894784,0.8888888888888894,-0.12499999999999958,1
952,0.1904761904761907,-1.0322580645161288,0.6666666666666666,-0.14285714285714296,0.6999999999999998,-0.5714285714285714,-0.6190476190476191,-1.2621809744779735,-0.2631578947368436,0.0,1.3750000000000009,1
1292,0.14285714285714238,0.4946236559139784,-0.4848484848484849,-0.14285714285714296,-0.3000000000000002,0.7857142857142857,0.5238095238095238,-0.19489559164731898,-0.10526315789473696,0.7222222222222225,0.4375000000000008,1
1137,1.1904761904761907,0.0,0.5757575757575758,-0.2857142857142859,0.05000000000000004,-0.5714285714285714,-0.5952380952380952,0.4361948955916162,-0.47368421052631515,0.7777777777777781,0.7500000000000009,1
1257,-0.1904761904761907,0.30107526881720403,-0.12121212121212126,-0.5714285714285715,0.14999999999999525,2.0714285714285716,0.5238095238095238,-0.8399071925753889,-1.105263157894737,-1.1111111111111116,-0.6250000000000001,0
1398,-0.28571428571428603,0.30107526881720403,0.0,-0.2857142857142859,0.05000000000000004,0.21428571428571427,1.5714285714285714,-0.4454756380510737,-0.15789473684210661,-0.5555555555555556,-0.18749999999999936,0
664,1.0476190476190474,-1.0322580645161288,0.6060606060606062,-0.5714285714285715,-1.4499999999999995,-0.6428571428571429,-0.5952380952380952,0.27842227378186957,-1.4210526315789478,0.944444444444445,0.0,1
1464,-0.4761904761904763,0.47311827956989233,-0.7575757575757577,0.28571428571428525,-0.1500000000000001,0.0,0.023809523809523808,-0.7331786542923493,0.15789473684210428,-0.5,0.375000000000001,1
1419,-0.04761904761904788,0.043010752688172074,-0.7575757575757577,-0.8571428571428571,-0.10000000000000007,-0.7857142857142857,-0.4523809523809524,-0.8352668213457117,-0.7894736842105261,-0.8888888888888891,-0.24999999999999917,0
318,0.8095238095238093,1.0752688172043008,-0.4242424242424243,0.9999999999999993,0.14999999999999525,1.1428571428571428,0.8571428571428571,0.8584686774942009,-0.05263157894736965,0.11111111111111124,0.1250000000000007,1
649,0.3809523809523805,-0.1720430107526883,0.12121212121212116,0.8571428571428564,-0.6499999999999998,-0.2857142857142857,-0.23809523809523808,-0.18561484918796456,0.10526315789473696,0.2777777777777781,0.6250000000000001,1
1383,0.04761904761904746,0.3440860215053761,-0.12121212121212126,-0.14285714285714296,0.05000000000000004,0.7857142857142857,1.5952380952380953,-0.3109048723898162,-0.05263157894736965,-0.7222222222222225,-0.18749999999999936,0
973,1.0476190476190474,-0.6021505376344085,0.7272727272727273,0.28571428571428525,1.2499999999999996,-0.5714285714285714,-0.5952380952380952,-0.17169373549882988,-0.47368421052631515,0.16666666666666688,0.8750000000000004,1
628,0.4285714285714288,0.3440860215053761,0.09090909090909083,0.0,0.95,-0.6428571428571429,-0.5476190476190477,0.9280742459396683,0.26315789473684126,-0.7222222222222225,-0.6874999999999999,0
633,-0.1428571428571432,-0.47311827956989255,-0.36363636363636365,1.1428571428571423,0.3999999999999996,0.5,0.11904761904761904,-0.18561484918796456,0.052631578947367315,-0.2777777777777781,0.1875000000000005,1
1307,0.8571428571428568,0.7311827956989243,0.18181818181818182,0.4285714285714282,0.4499999999999996,0.5714285714285714,1.2619047619047619,0.5104408352668124,-0.10526315789473696,0.0,-0.06249999999999979,0
1401,0.0,0.7311827956989243,-0.15151515151515157,-0.14285714285714296,0.05000000000000004,1.3571428571428572,2.4523809523809526,-0.2784222737819211,-0.3157894736842109,-0.6111111111111113,-0.18749999999999936,0
1409,0.09523809523809491,-0.989247311827957,0.303030303030303,0.0,-1.5499999999999996,1.5,0.35714285714285715,-0.8352668213457117,-0.21052631578947392,2.1666666666666674,1.3750000000000009,1
1249,-0.4761904761904763,-0.47311827956989255,0.21212121212121215,0.0,0.10000000000000007,0.5714285714285714,-0.047619047619047616,-0.88167053364269,0.5263157894736848,0.7222222222222225,0.5625000000000003,1
1255,-0.04761904761904788,0.7741935483870964,-0.6060606060606062,-0.4285714285714288,0.0,0.42857142857142855,-0.07142857142857142,-0.24129930394429724,0.47368421052631515,0.38888888888888873,0.4375000000000008,0
1372,-0.1904761904761907,0.258064516129032,0.9090909090909093,1.2857142857142854,3.6999999999999993,-0.6428571428571429,-0.5714285714285714,-0.9466357308584802,-0.5263157894736848,2.2777777777777786,0.8750000000000004,1
1355,-0.3333333333333335,0.258064516129032,-0.6969696969696971,0.14285714285714232,-0.10000000000000007,-0.5,-0.23809523809523808,-0.5197215777262183,0.21052631578947392,-0.5555555555555556,-0.12499999999999958,0
1535,-0.6190476190476195,0.1720430107526883,-0.36363636363636365,0.28571428571428525,-0.7499999999999998,-0.07142857142857142,-0.21428571428571427,-1.313225058004629,0.5789473684210521,0.0,0.9375000000000002,1
1475,0.9523809523809526,-0.08602150537634415,0.7272727272727273,16.57142857142857,6.299999999999999,2.4285714285714284,1.0476190476190477,2.6078886310904976,-0.7894736842105261,0.7222222222222225,-0.8749999999999993,0
796,1.3809523809523814,1.5913978494623653,0.12121212121212116,0.5714285714285712,2.65,-0.5,0.5238095238095238,0.49187935034800045,-1.6842105263157892,3.111111111111112,0.0,0
646,-0.04761904761904788,0.5161290322580644,-0.4848484848484849,5.428571428571427,1.7999999999999998,-0.6428571428571429,-0.6428571428571429,0.7424593967517037,0.3157894736842109,0.38888888888888873,-0.06249999999999979,1
1013,-0.09523809523809534,2.086021505376343,-0.3333333333333334,-0.14285714285714296,1.1499999999999995,-0.21428571428571427,-0.14285714285714285,-0.35266821345706567,-0.42105263157894784,-0.7777777777777781,-0.12499999999999958,0
557,1.4285714285714288,0.043010752688172074,0.696969696969697,3.428571428571427,1.9499999999999993,-0.2857142857142857,-0.5,1.5777262180974154,-1.2631578947368436,-0.33333333333333315,0.9375000000000002,1
1110,1.3809523809523814,-0.21505376344086036,0.5151515151515151,-0.14285714285714296,4.6,0.9285714285714286,0.6666666666666666,0.6496519721577472,-0.7368421052631587,0.7777777777777781,0.375000000000001,1
1267,-0.3333333333333335,0.21505376344085989,-0.6363636363636365,0.14285714285714232,0.10000000000000007,0.14285714285714285,-0.047619047619047616,-0.5382830626450302,0.3684210526315782,-0.11111111111111124,0.0625000000000009,1
1184,-0.5238095238095242,0.6021505376344085,-0.5757575757575758,-0.8571428571428571,-0.4499999999999996,0.14285714285714285,0.5476190476190477,-0.5011600928074065,-0.10526315789473696,-0.11111111111111124,-0.5624999999999992,0
525,0.6190476190476186,-0.38709677419354843,0.696969696969697,0.28571428571428525,0.34999999999999953,0.6428571428571429,1.8571428571428572,0.3712296983758776,-0.42105263157894784,0.11111111111111124,-0.43749999999999967,0
1060,0.4761904761904763,-0.1720430107526883,0.8181818181818183,2.5714285714285707,1.0999999999999945,-0.7857142857142857,-0.6666666666666666,-0.4361948955916678,-0.5263157894736848,-0.16666666666666688,1.1875000000000004,1
541,0.6190476190476186,0.30107526881720403,-0.06060606060606067,1.5714285714285705,1.0999999999999945,0.42857142857142855,0.21428571428571427,0.9280742459396683,-0.2631578947368436,0.2777777777777781,-0.37499999999999983,0
1195,-0.4285714285714288,0.9677419354838707,-0.4242424242424243,-0.5714285714285715,1.7499999999999998,0.07142857142857142,0.6190476190476191,-0.42691415313226183,-0.47368421052631515,-0.16666666666666688,-0.43749999999999967,1
749,-0.3333333333333335,-0.08602150537634415,-0.24242424242424251,-0.14285714285714296,-0.4000000000000003,-0.14285714285714285,-0.16666666666666666,0.3758700696055548,1.105263157894737,0.5555555555555556,-0.37499999999999983,1
1478,-1.2380952380952386,-0.21505376344086036,-0.45454545454545464,0.0,-1.5499999999999996,0.14285714285714285,1.2142857142857142,-2.3109048723897647,1.210526315789474,1.444444444444445,2.125000000000001,1
1431,-0.23809523809523814,-0.47311827956989255,-0.06060606060606067,-0.5714285714285715,-0.6499999999999998,0.2857142857142857,0.21428571428571427,-0.5568445475637906,0.3157894736842109,0.0,0.1250000000000007,0
485,1.2857142857142856,-0.34408602150537637,1.272727272727273,2.7142857142857126,1.7499999999999998,-0.5714285714285714,-0.3333333333333333,0.09280742459395652,-1.3157894736842108,0.2222222222222225,2.0000000000000013,1
96,-1.5238095238095242,0.3440860215053761,-0.27272727272727276,0.14285714285714232,-1.050000000000005,0.21428571428571427,1.619047619047619,-1.6705336426914235,2.8421052631578956,-0.11111111111111124,1.687500000000001,1
1021,1.6190476190476195,-0.6881720430107527,1.2121212121212124,0.28571428571428525,2.1999999999999993,-0.7857142857142857,-0.7142857142857143,-0.1763341067285586,-0.5789473684210521,-0.5,1.0625000000000009,1
564,-0.1428571428571432,-0.989247311827957,0.696969696969697,0.7142857142857141,0.6499999999999998,0.7857142857142857,0.5238095238095238,0.13921113689093478,0.0,-0.05555555555555562,-0.06249999999999979,1
1265,0.2857142857142856,-0.6451612903225806,0.18181818181818182,-0.5714285714285715,-0.6499999999999998,0.8571428571428571,0.30952380952380953,-1.0394431554524366,0.3684210526315782,0.5555555555555556,1.000000000000001,1
743,-0.666666666666667,0.4086021505376342,-0.787878787878788,-0.4285714285714288,-0.6999999999999998,-0.35714285714285715,-0.47619047619047616,0.18561484918791304,0.7894736842105261,0.16666666666666688,-0.6250000000000001,0
864,-0.3333333333333335,0.43010752688172027,-0.6060606060606062,0.4285714285714282,-0.05000000000000004,0.21428571428571427,1.0952380952380953,0.3062645011600874,1.0526315789473673,-0.5,-0.31250000000000006,0
892,-0.3333333333333335,0.6021505376344085,-0.6969696969696971,0.14285714285714232,-0.05000000000000004,0.14285714285714285,1.1428571428571428,0.29234338747100425,1.1578947368421042,-0.2777777777777781,-0.31250000000000006,0
1039,0.3809523809523805,-0.47311827956989255,0.4545454545454545,5.714285714285713,-0.05000000000000004,0.7857142857142857,0.09523809523809523,-0.696055684454777,-0.3684210526315782,0.8333333333333337,1.5000000000000007,1
207,2.333333333333334,-0.9462365591397849,1.4545454545454546,0.5714285714285712,0.7999999999999998,-0.35714285714285715,-0.23809523809523808,1.2064965197215378,-0.5789473684210521,0.8333333333333337,0.375000000000001,1
393,0.7619047619047619,-0.6451612903225806,0.787878787878788,-0.2857142857142859,0.14999999999999525,-0.5714285714285714,-0.2857142857142857,0.5568445475637906,-0.6842105263157892,-0.6111111111111113,-0.43749999999999967,0
795,1.0476190476190474,-1.0752688172043008,0.8484848484848486,0.14285714285714232,-0.6999999999999998,-0.5,-0.2857142857142857,-0.6914153132250482,-0.7368421052631587,-0.5,1.4375000000000007,1
871,-0.09523809523809534,0.8387096774193545,-0.7575757575757577,-0.14285714285714296,-0.7499999999999998,1.2142857142857142,0.11904761904761904,-1.4338747099768034,0.5263157894736848,-0.2777777777777781,1.000000000000001,1
398,1.7142857142857144,0.30107526881720403,1.0,0.5714285714285712,0.3999999999999996,-0.07142857142857142,0.2619047619047619,0.9280742459396683,-0.6842105263157892,0.16666666666666688,0.5000000000000006,1
767,0.4285714285714288,0.30107526881720403,-0.24242424242424251,0.9999999999999993,0.49999999999999967,-0.14285714285714285,0.8571428571428571,0.2691415313225151,-0.894736842105263,-0.44444444444444436,-0.49999999999999944,0
1468,-0.5714285714285716,2.236559139784946,-0.5454545454545455,0.14285714285714232,-0.5999999999999998,0.35714285714285715,-0.14285714285714285,-0.14849187935034075,1.105263157894737,-0.2777777777777781,0.5000000000000006,0
1242,0.9047619047619051,-0.6451612903225806,0.393939393939394,0.4285714285714282,0.0,1.0,0.6428571428571429,0.22737819025521408,-0.7894736842105261,-0.16666666666666688,-0.24999999999999917,0
1029,-0.3333333333333335,-0.7741935483870966,-0.15151515151515157,0.4285714285714282,-0.20000000000000015,1.9285714285714286,0.7142857142857143,-0.4361948955916678,0.3157894736842109,-0.44444444444444436,-0.06249999999999979,1
643,0.9523809523809526,0.08602150537634415,0.5757575757575758,0.14285714285714232,-0.4000000000000003,0.14285714285714285,0.047619047619047616,1.067285382830603,0.42105263157894784,0.0,-0.49999999999999944,0
613,-0.1904761904761907,0.5161290322580644,-0.787878787878788,0.28571428571428525,-0.10000000000000007,0.2857142857142857,-0.21428571428571427,-0.13921113689093478,0.052631578947367315,-0.11111111111111124,-0.12499999999999958,1
961,0.2857142857142856,-0.21505376344086036,0.030303030303030335,-0.4285714285714288,-1.050000000000005,0.2857142857142857,0.0,-0.7517401392111611,-0.7894736842105261,1.2777777777777781,0.5625000000000003,1
726,0.5238095238095237,0.6021505376344085,-0.27272727272727276,1.1428571428571423,-0.10000000000000007,-0.6428571428571429,-0.5952380952380952,0.3712296983758776,-0.10526315789473696,-0.38888888888888873,0.1250000000000007,0
684,0.09523809523809491,1.118279569892473,-0.09090909090909091,0.5714285714285712,-1.0,-0.6428571428571429,-0.5476190476190477,0.09280742459395652,0.3157894736842109,-0.33333333333333315,0.687500000000001,0
99,-0.1428571428571432,1.6344086021505373,-0.6060606060606062,0.4285714285714282,0.0,-0.6428571428571429,-0.6666666666666666,-0.04640371229697826,0.42105263157894784,-0.33333333333333315,-0.24999999999999917,0
805,0.23809523809523814,0.0,-0.12121212121212126,0.7142857142857141,0.25000000000000017,-0.7142857142857143,-0.47619047619047616,0.009280742459405956,-0.2631578947368436,-0.2777777777777781,-0.18749999999999936,1
407,0.9047619047619051,-0.34408602150537637,0.6363636363636364,0.4285714285714282,-0.7999999999999998,-0.35714285714285715,-0.23809523809523808,0.6032482598607689,-0.3684210526315782,0.16666666666666688,0.375000000000001,1
503,1.1904761904761907,-0.34408602150537637,1.4242424242424243,6.214285714285713,-0.25000000000000017,1.7142857142857142,0.9047619047619048,1.0208816705336248,-0.7368421052631587,1.2777777777777781,1.1250000000000007,1
1072,-0.1904761904761907,1.0752688172043008,-0.18181818181818182,8.428571428571425,0.95,1.1428571428571428,1.2857142857142858,0.9837587006960524,-0.5789473684210521,-0.2222222222222225,-0.6250000000000001,0
1057,0.4761904761904763,-0.1720430107526883,0.8181818181818183,2.5714285714285707,1.0999999999999945,-0.7857142857142857,-0.6666666666666666,-0.4361948955916678,-0.5263157894736848,-0.16666666666666688,1.1875000000000004,1
930,0.3809523809523805,-0.8172043010752686,0.36363636363636365,1.5714285714285705,-0.7999999999999998,-0.2857142857142857,-0.4523809523809524,-0.9837587006960524,-0.05263157894736965,0.6111111111111113,1.1250000000000007,1
780,-0.3809523809523814,0.0,-0.6969696969696971,0.5714285714285712,-0.1500000000000001,0.5,1.2857142857142858,0.3016241299303587,1.0,-0.11111111111111124,-0.24999999999999917,0
201,0.8095238095238093,-0.8602150537634408,0.6363636363636364,-1.142857142857143,-1.150000000000005,-0.35714285714285715,-0.3333333333333333,0.06960556844546739,-0.47368421052631515,1.1111111111111112,0.0625000000000009,1
135,0.0,2.236559139784946,-0.6363636363636365,0.0,0.25000000000000017,-0.07142857142857142,-0.21428571428571427,-0.41763341067285586,-0.47368421052631515,-0.38888888888888873,-0.18749999999999936,1
1052,0.2857142857142856,-0.2580645161290322,1.0,-1.142857142857143,16.749999999999996,0.14285714285714285,0.16666666666666666,0.10208816705336247,-1.4736842105263175,4.000000000000002,-0.6250000000000001,0
41,-0.28571428571428603,-0.30107526881720426,0.303030303030303,5.285714285714285,-0.25000000000000017,-0.14285714285714285,1.1666666666666667,0.4640371229698341,0.10526315789473696,1.166666666666667,0.1875000000000005,0
1018,0.04761904761904746,-1.4623655913978493,0.3333333333333333,-1.857142857142857,-1.4999999999999996,1.5714285714285714,1.6904761904761905,-3.122969837586987,-2.210526315789474,-1.0000000000000002,1.5625000000000004,1
231,-1.285714285714286,-0.1720430107526883,-0.6666666666666667,-0.8571428571428571,-1.2499999999999998,0.35714285714285715,1.619047619047619,-1.9025522041763148,1.210526315789474,0.0,1.2500000000000002,1
379,1.666666666666667,0.4516129032258063,1.2121212121212124,5.714285714285713,0.4499999999999996,-0.5714285714285714,-0.3333333333333333,0.9280742459396683,-1.0526315789473697,2.0555555555555562,1.9375000000000013,1
289,0.3809523809523805,0.0,-0.5151515151515152,0.4285714285714282,0.5999999999999998,0.42857142857142855,0.2619047619047619,0.3712296983758776,0.15789473684210428,1.3333333333333337,0.2500000000000003,1
419,1.904761904761905,-0.6021505376344085,0.7575757575757577,-0.2857142857142859,2.099999999999999,-0.5,-0.42857142857142855,1.2993039443155459,-0.3684210526315782,0.7777777777777781,0.1250000000000007,1
593,0.5238095238095237,-0.30107526881720426,0.696969696969697,0.5714285714285712,0.25000000000000017,0.5,0.8809523809523809,0.88167053364269,0.21052631578947392,-0.2777777777777781,-0.31250000000000006,0
1163,0.2857142857142856,-0.8602150537634408,0.4848484848484848,0.14285714285714232,-0.20000000000000015,-0.14285714285714285,-0.4523809523809524,-1.1415313225057993,-0.894736842105263,0.5,1.000000000000001,1
1087,0.2857142857142856,-0.7741935483870966,0.4242424242424243,3.5714285714285707,-1.1999999999999997,-0.7857142857142857,-0.6904761904761905,0.2691415313225151,0.3684210526315782,0.2222222222222225,0.8750000000000004,1
648,0.1904761904761907,1.397849462365591,-0.7575757575757577,0.0,-0.4499999999999996,-0.6428571428571429,-0.5714285714285714,-0.04640371229697826,0.052631578947367315,-0.2222222222222225,0.5000000000000006,0
1153,0.1904761904761907,0.3440860215053761,-0.030303030303030335,0.0,1.9499999999999993,-0.35714285714285715,0.0,-0.2969837587006815,-0.8421052631578957,-0.5,-0.24999999999999917,0
1368,-0.4761904761904763,0.08602150537634415,0.12121212121212116,0.0,0.4499999999999996,-0.35714285714285715,1.5952380952380953,0.20881670533640218,-0.3157894736842109,3.111111111111112,0.1875000000000005,1
65,-0.3333333333333335,0.8817204301075265,-0.6363636363636365,3.4999999999999996,0.34999999999999953,-0.7142857142857143,-0.6428571428571429,-0.2784222737819211,0.5263157894736848,-1.2777777777777781,0.4375000000000008,0
15,0.4761904761904763,0.43010752688172027,-0.24242424242424251,2.2857142857142847,4.849999999999999,2.7142857142857144,2.5476190476190474,0.8352668213457117,-0.7894736842105261,1.444444444444445,-0.6250000000000001,0
1181,0.14285714285714238,-0.7311827956989247,0.21212121212121215,0.28571428571428525,-0.1500000000000001,-0.21428571428571427,0.21428571428571427,-0.3758700696055548,-0.21052631578947392,1.0555555555555562,0.5000000000000006,1
1065,0.14285714285714238,0.9462365591397847,-0.5151515151515152,-0.2857142857142859,-0.5999999999999998,-0.6428571428571429,-0.6666666666666666,-1.2157772621809952,-0.15789473684210661,-0.2777777777777781,1.000000000000001,1
493,0.4761904761904763,-0.5161290322580644,0.7575757575757577,0.5714285714285712,-1.3499999999999999,-0.07142857142857142,-0.2619047619047619,-0.8352668213457117,0.052631578947367315,1.5555555555555562,2.0000000000000013,1
188,-0.09523809523809534,0.7956989247311824,-0.4848484848484849,0.5714285714285712,0.25000000000000017,-0.35714285714285715,-0.2857142857142857,0.3712296983758776,0.42105263157894784,-0.7222222222222225,-0.31250000000000006,0
217,0.3809523809523805,0.4516129032258063,-0.3030303030303031,-0.2857142857142859,1.0999999999999945,-0.07142857142857142,0.2619047619047619,-0.2784222737819211,-0.894736842105263,-0.2777777777777781,0.5000000000000006,0
792,0.4285714285714288,0.5161290322580644,-0.27272727272727276,0.9999999999999993,0.25000000000000017,0.7857142857142857,2.1904761904761907,0.6403712296983413,-0.42105263157894784,-0.44444444444444436,-0.37499999999999983,0
1077,0.9523809523809526,-0.8602150537634408,0.9090909090909093,-0.2857142857142859,-0.3000000000000002,-0.7857142857142857,-0.7142857142857143,-0.677494199535965,-0.8421052631578957,0.6111111111111113,0.7500000000000009,1
879,0.4285714285714288,0.3870967741935482,-0.21212121212121215,2.5714285714285707,0.7499999999999998,1.1428571428571428,0.7380952380952381,0.4965197215777292,-0.47368421052631515,-0.6666666666666669,-0.12499999999999958,1
338,-0.04761904761904788,-0.38709677419354843,0.18181818181818182,0.8571428571428564,0.05000000000000004,1.0714285714285714,0.47619047619047616,0.27842227378186957,0.0,0.11111111111111124,0.0625000000000009,0
720,-0.3809523809523814,0.6021505376344085,-0.787878787878788,2.4285714285714275,0.34999999999999953,0.21428571428571427,0.16666666666666666,0.3712296983758776,0.7894736842105261,-0.44444444444444436,-0.43749999999999967,0
296,1.3809523809523814,-0.08602150537634415,0.6060606060606062,0.4285714285714282,-0.3000000000000002,-0.6428571428571429,-0.2619047619047619,1.5313225058004372,-1.3684210526315805,0.11111111111111124,-0.43749999999999967,0
1017,0.4761904761904763,-0.6021505376344085,0.4242424242424243,0.0,-0.5499999999999997,-0.14285714285714285,-0.23809523809523808,-0.9002320185615019,-0.21052631578947392,0.7222222222222225,1.5000000000000007,1
1276,0.04761904761904746,0.8387096774193545,-0.12121212121212126,0.14285714285714232,-0.20000000000000015,-0.07142857142857142,1.0238095238095237,0.0371229698375723,-0.3684210526315782,-0.44444444444444436,-0.43749999999999967,1
1486,-0.4285714285714288,0.5806451612903225,-0.3030303030303031,-0.14285714285714296,-0.25000000000000017,-0.42857142857142855,-0.30952380952380953,-0.3433874709977113,0.3157894736842109,-0.38888888888888873,-0.31250000000000006,0
456,1.6190476190476195,0.43010752688172027,1.2424242424242427,4.285714285714285,0.34999999999999953,-0.5714285714285714,-0.4523809523809524,0.9280742459396683,-0.47368421052631515,0.38888888888888873,2.0000000000000013,1
1596,-0.9523809523809526,0.1290322580645162,-0.4848484848484849,0.0,-0.8499999999999999,1.7857142857142858,0.30952380952380953,-0.7795823665893276,1.105263157894737,0.7777777777777781,0.6250000000000001,1
816,1.3809523809523814,-0.30107526881720426,0.21212121212121215,0.4285714285714282,1.0,0.42857142857142855,0.0,0.6403712296983413,-0.3684210526315782,0.5,0.375000000000001,0
270,1.7142857142857144,-1.4623655913978493,0.7575757575757577,2.5714285714285707,1.2499999999999996,-0.7142857142857143,-0.35714285714285715,1.2993039443155459,-0.15789473684210661,1.944444444444445,-0.06249999999999979,1
996,-0.09523809523809534,0.3440860215053761,-0.6060606060606062,-0.2857142857142859,0.0,0.35714285714285715,0.07142857142857142,0.07888631090487334,0.42105263157894784,0.0,-0.06249999999999979,1
202,0.4285714285714288,-0.6451612903225806,0.6666666666666666,-0.14285714285714296,0.899999999999995,1.7857142857142858,2.5476190476190474,0.32482598607889934,-1.4210526315789478,2.2777777777777786,-0.5624999999999992,0
162,-0.1428571428571432,0.6881720430107527,-0.7272727272727274,-1.2857142857142856,-0.35000000000000026,-0.35714285714285715,-0.42857142857142855,-0.13921113689093478,-0.7368421052631587,2.5555555555555567,-0.6250000000000001,0
730,-0.7142857142857144,1.483870967741935,-0.6969696969696971,1.4285714285714282,-0.4000000000000003,0.9285714285714286,0.47619047619047616,-0.8352668213457117,1.5789473684210522,-0.7222222222222225,1.5625000000000004,1
703,-0.4285714285714288,0.5161290322580644,-0.7272727272727274,-0.14285714285714296,-0.5999999999999998,-0.35714285714285715,-0.35714285714285715,0.09280742459395652,0.8421052631578957,0.2777777777777781,-0.49999999999999944,1
1501,-0.1904761904761907,0.8817204301075265,-0.6666666666666667,-1.0,-0.1500000000000001,-0.42857142857142855,-0.5476190476190477,-0.7981438515081394,-0.2631578947368436,-0.5,-0.37499999999999983,0
1130,1.2380952380952381,-0.38709677419354843,0.27272727272727265,1.5714285714285705,0.6499999999999998,0.7142857142857143,0.7619047619047619,0.5475638051043847,-0.5263157894736848,0.38888888888888873,0.1875000000000005,1
566,2.2857142857142856,0.3440860215053761,0.696969696969697,0.8571428571428564,-0.20000000000000015,-0.6428571428571429,-0.4523809523809524,1.2064965197215378,-0.894736842105263,-0.2777777777777781,0.7500000000000009,0
1414,0.9523809523809526,0.21505376344085989,-0.030303030303030335,-0.2857142857142859,1.2499999999999996,-0.14285714285714285,1.2142857142857142,-0.23201856148494282,-1.4210526315789478,1.5555555555555562,-0.06249999999999979,0
1022,1.6190476190476195,-0.6881720430107527,1.2121212121212124,0.28571428571428525,2.1999999999999993,-0.7857142857142857,-0.7142857142857143,-0.1763341067285586,-0.5789473684210521,-0.5,1.0625000000000009,1
1026,0.33333333333333304,1.3333333333333328,-0.787878787878788,0.8571428571428564,0.7999999999999998,0.21428571428571427,0.11904761904761904,0.6589327146171531,0.10526315789473696,-0.11111111111111124,0.1250000000000007,1
1105,0.04761904761904746,-0.1720430107526883,0.24242424242424251,0.0,-0.3000000000000002,0.14285714285714285,-0.30952380952380953,-1.484918793503459,-0.15789473684210661,0.2222222222222225,1.3750000000000009,1
206,2.333333333333334,-0.9462365591397849,1.4545454545454546,0.5714285714285712,0.7999999999999998,-0.35714285714285715,-0.23809523809523808,1.2064965197215378,-0.5789473684210521,0.8333333333333337,0.375000000000001,1
35,-1.285714285714286,-0.8602150537634408,-0.030303030303030335,-0.5714285714285715,1.1999999999999995,-0.07142857142857142,0.2857142857142857,-0.5104408352668124,0.3684210526315782,-0.38888888888888873,-0.6250000000000001,0
776,-0.3333333333333335,2.0645161290322576,-0.787878787878788,1.1428571428571423,1.1499999999999995,-0.5,-0.5238095238095238,-0.4361948955916678,0.6315789473684218,-0.8888888888888891,-0.12499999999999958,0
509,1.0,0.30107526881720403,0.1515151515151515,0.0,0.5499999999999997,0.8571428571428571,0.5714285714285714,1.2064965197215378,-0.6842105263157892,0.05555555555555562,0.0,1
1452,-0.04761904761904788,-0.8602150537634408,0.5454545454545455,0.7142857142857141,1.2499999999999996,-0.42857142857142855,-0.5,0.24129930394429724,0.10526315789473696,0.8888888888888894,0.5000000000000006,1
1574,-0.9047619047619051,0.258064516129032,-0.18181818181818182,0.28571428571428525,-0.20000000000000015,0.07142857142857142,0.2857142857142857,-0.9883990719257296,1.4210526315789478,0.2777777777777781,1.4375000000000007,1
1391,-0.9047619047619051,-0.1290322580645162,-0.787878787878788,0.14285714285714232,-0.5499999999999997,0.07142857142857142,-0.11904761904761904,-1.8004640371229523,1.4210526315789478,-0.16666666666666688,1.4375000000000007,1
92,0.33333333333333304,-0.1290322580645162,0.06060606060606067,-0.4285714285714288,1.5499999999999996,0.42857142857142855,2.3333333333333335,0.18561484918791304,-2.0,7.388888888888892,-0.18749999999999936,1
1364,0.04761904761904746,1.3333333333333328,0.030303030303030335,-0.2857142857142859,0.05000000000000004,-0.21428571428571427,0.5952380952380952,-0.12993039443158033,-0.10526315789473696,-0.7777777777777781,-0.24999999999999917,0
898,-0.3809523809523814,0.30107526881720403,-0.7575757575757577,0.14285714285714232,0.05000000000000004,0.9285714285714286,0.11904761904761904,-0.6032482598607689,0.5789473684210521,-0.2222222222222225,0.31250000000000006,1
1370,-0.6190476190476195,0.3870967741935482,-0.787878787878788,-0.8571428571428571,-0.49999999999999967,-0.7142857142857143,-0.7142857142857143,-1.3178654292343577,0.10526315789473696,-1.3888888888888893,0.1250000000000007,0
242,1.9523809523809526,-0.6021505376344085,0.9090909090909093,-0.14285714285714296,0.6999999999999998,-0.5714285714285714,-0.3333333333333333,1.1368909512760703,-0.894736842105263,0.5,0.4375000000000008,1
316,-0.3809523809523814,-0.7311827956989247,0.09090909090909083,0.4285714285714282,0.8499999999999999,0.42857142857142855,0.35714285714285715,-0.2784222737819211,0.5789473684210521,0.16666666666666688,0.5000000000000006,1
601,0.14285714285714238,1.6989247311827955,0.030303030303030335,-0.14285714285714296,0.4499999999999996,-0.5,-0.35714285714285715,-0.2784222737819211,-0.2631578947368436,-0.8333333333333337,-0.12499999999999958,0
388,0.1904761904761907,0.6021505376344085,-0.3333333333333334,-0.4285714285714288,0.0,0.21428571428571427,0.09523809523809523,0.18561484918791304,0.0,-0.44444444444444436,-0.37499999999999983,1
1298,-0.3333333333333335,0.043010752688172074,-0.36363636363636365,-0.14285714285714296,-0.7499999999999998,0.07142857142857142,-0.21428571428571427,-1.6566125290023404,0.21052631578947392,-0.05555555555555562,1.1875000000000004,1
167,-0.5238095238095242,0.5161290322580644,-0.4848484848484849,-0.14285714285714296,0.3000000000000002,0.2857142857142857,1.5,-0.5568445475637906,0.15789473684210428,-0.5555555555555556,0.0,0
841,1.5238095238095237,-0.4301075268817205,0.6363636363636364,0.6428571428571423,0.3000000000000002,-0.35714285714285715,-0.09523809523809523,0.25986078886310915,-0.3684210526315782,0.8333333333333337,1.1875000000000004,1
647,-0.28571428571428603,0.6451612903225806,-0.6363636363636365,1.9999999999999993,1.3999999999999997,-0.5714285714285714,-0.42857142857142855,0.18561484918791304,0.47368421052631515,0.05555555555555562,-0.06249999999999979,0
1509,-0.3809523809523814,-1.0752688172043008,1.0303030303030303,-0.14285714285714296,-0.25000000000000017,0.21428571428571427,-0.30952380952380953,0.6218097447795808,0.3684210526315782,0.5555555555555556,0.2500000000000003,1
1155,-0.6190476190476195,0.258064516129032,-0.787878787878788,0.0,1.05,2.5714285714285716,0.5952380952380952,-0.6310904872389868,1.4736842105263153,0.33333333333333376,0.7500000000000009,1
1529,0.0,-0.989247311827957,0.696969696969697,0.0,0.8499999999999999,0.5,0.5,0.1577726218097467,0.0,0.2777777777777781,-0.06249999999999979,1
832,-0.9523809523809526,0.3870967741935482,-0.5454545454545455,-0.14285714285714296,-0.4000000000000003,0.14285714285714285,-0.3333333333333333,-1.4106728538283142,1.3157894736842108,0.8333333333333337,0.5625000000000003,1
1268,1.1904761904761907,-0.38709677419354843,0.7272727272727273,0.14285714285714232,-0.5499999999999997,-0.07142857142857142,-0.4523809523809524,-0.3712296983758776,-1.105263157894737,1.3888888888888893,0.7500000000000009,1
563,0.5238095238095237,0.08602150537634415,0.696969696969697,0.9999999999999993,0.7499999999999998,1.9285714285714286,1.7142857142857142,0.6496519721577472,-1.210526315789474,-0.05555555555555562,-0.6250000000000001,0
1558,-0.6190476190476195,1.440860215053763,-0.7272727272727274,0.28571428571428525,-0.8499999999999999,0.07142857142857142,-0.35714285714285715,-0.24593967517402598,1.210526315789474,-0.11111111111111124,0.5000000000000006,1
687,-0.3809523809523814,0.5591397849462365,-0.24242424242424251,-0.5714285714285715,-0.4499999999999996,-0.07142857142857142,0.047619047619047616,0.09280742459395652,0.6842105263157892,-0.11111111111111124,-0.6874999999999999,0
958,0.7619047619047619,-0.6451612903225806,0.787878787878788,-0.2857142857142859,0.4499999999999996,-0.14285714285714285,0.30952380952380953,-0.3109048723898162,-0.10526315789473696,-0.2222222222222225,0.5625000000000003,1
190,0.0,-0.1290322580645162,0.18181818181818182,-0.4285714285714288,0.14999999999999525,0.21428571428571427,2.5238095238095237,0.0,-0.5789473684210521,-0.38888888888888873,-0.43749999999999967,0
976,-0.3333333333333335,-0.47311827956989255,0.12121212121212116,-0.14285714285714296,0.20000000000000015,1.5,0.8095238095238095,0.09280742459395652,0.6842105263157892,-0.5555555555555556,-0.49999999999999944,0
700,1.8571428571428577,-0.6021505376344085,0.878787878787879,-0.14285714285714296,-0.4000000000000003,-0.6428571428571429,-0.4523809523809524,0.8352668213457117,-1.0526315789473697,0.0,0.375000000000001,1
1500,-0.4761904761904763,0.9462365591397847,-0.6969696969696971,0.14285714285714232,-1.2499999999999998,-0.5,-0.5238095238095238,-0.7981438515081394,0.7368421052631587,0.05555555555555562,0.8125000000000007,1
511,2.1428571428571432,-0.4301075268817205,0.696969696969697,3.428571428571427,-0.3000000000000002,0.35714285714285715,0.11904761904761904,0.4640371229698341,-1.5263157894736847,-0.05555555555555562,-0.43749999999999967,0
1083,-0.3333333333333335,-0.6021505376344085,0.12121212121212116,-0.5714285714285715,-0.3000000000000002,1.2142857142857142,0.7619047619047619,0.02320185614848913,0.5789473684210521,-0.16666666666666688,-0.43749999999999967,1
475,1.2380952380952381,-1.0322580645161288,0.7575757575757577,-0.7142857142857144,0.05000000000000004,-0.2857142857142857,-0.3333333333333333,0.6496519721577472,-0.5789473684210521,1.5000000000000007,-0.49999999999999944,1
857,0.666666666666667,-0.6881720430107527,0.393939393939394,-1.0,0.05000000000000004,1.9285714285714286,0.40476190476190477,-0.12993039443158033,0.8421052631578957,0.6111111111111113,0.4375000000000008,1
748,0.33333333333333304,-0.8172043010752686,0.4242424242424243,0.5714285714285712,0.20000000000000015,0.14285714285714285,0.7142857142857143,0.4733178654292401,-0.05263157894736965,-0.7777777777777781,-0.49999999999999944,0
253,1.5238095238095237,-0.7311827956989247,0.6666666666666666,1.2857142857142854,0.5499999999999997,-0.6428571428571429,-0.40476190476190477,0.8352668213457117,-0.7368421052631587,-0.5,0.1875000000000005,0
22,-0.1428571428571432,-0.5591397849462365,0.1515151515151515,0.14285714285714232,0.14999999999999525,0.6428571428571429,0.7857142857142857,0.6496519721577472,1.105263157894737,0.16666666666666688,-0.31250000000000006,0
1338,-0.9047619047619051,-0.08602150537634415,-0.787878787878788,-1.142857142857143,-1.0999999999999996,0.07142857142857142,-0.2857142857142857,-1.076566125290009,0.26315789473684126,-0.9444444444444446,-0.43749999999999967,0
460,1.7619047619047619,0.258064516129032,1.2121212121212124,0.0,-0.25000000000000017,-0.2857142857142857,0.21428571428571427,1.856148491879285,-0.3157894736842109,-0.2777777777777781,-0.7499999999999997,0
1185,-0.5714285714285716,0.5161290322580644,-0.09090909090909091,-0.14285714285714296,0.05000000000000004,-0.21428571428571427,1.9285714285714286,-0.6589327146171531,0.26315789473684126,0.44444444444444436,0.4375000000000008,0
277,-0.4761904761904763,0.08602150537634415,-0.6666666666666667,1.1428571428571423,-0.10000000000000007,-0.5,-0.2619047619047619,0.88167053364269,2.0,1.6111111111111118,-0.49999999999999944,1
956,0.2857142857142856,-1.3333333333333333,0.787878787878788,-0.4285714285714288,0.5499999999999997,-0.35714285714285715,-0.35714285714285715,-0.14849187935034075,0.26315789473684126,0.2777777777777781,0.1250000000000007,0
1216,0.4285714285714288,-1.0752688172043008,0.6060606060606062,-0.14285714285714296,0.7999999999999998,0.42857142857142855,-0.21428571428571427,-0.8909512761020959,-0.2631578947368436,-0.33333333333333315,0.687500000000001,1
386,-0.23809523809523814,0.47311827956989233,-0.5757575757575758,0.28571428571428525,0.5499999999999997,-0.21428571428571427,-0.023809523809523808,0.5104408352668124,0.6315789473684218,0.7777777777777781,-0.31250000000000006,1
806,0.14285714285714238,-1.0322580645161288,0.4242424242424243,0.28571428571428525,-1.3499999999999999,-0.7142857142857143,-0.6666666666666666,-1.5034802784222707,0.10526315789473696,0.44444444444444436,1.6250000000000013,1
1438,-0.5238095238095242,1.6989247311827955,0.09090909090909083,3.7142857142857126,-0.4499999999999996,0.07142857142857142,0.023809523809523808,-0.4779582366589173,1.1578947368421042,-0.44444444444444436,0.5625000000000003,0
1516,-0.4761904761904763,1.3763440860215048,-0.15151515151515157,2.7142857142857126,-0.25000000000000017,0.14285714285714285,0.6428571428571429,0.7517401392111096,1.1578947368421042,0.5555555555555556,-0.5937499999999997,1
344,1.4285714285714288,-0.5591397849462365,0.6363636363636364,-0.5714285714285715,1.9499999999999993,-0.5714285714285714,-0.5714285714285714,0.6496519721577472,-0.05263157894736965,0.7222222222222225,-0.24999999999999917,1
770,0.0,0.8602150537634405,-0.7575757575757577,-0.4285714285714288,-0.1500000000000001,-0.5,-0.14285714285714285,-0.055684454756384213,0.42105263157894784,-0.44444444444444436,-0.37499999999999983,0
1333,0.23809523809523814,-0.5591397849462365,-0.4848484848484849,-0.7142857142857144,-0.20000000000000015,-0.5714285714285714,-0.30952380952380953,-0.45939675174015693,-1.1578947368421066,-1.055555555555556,-0.31250000000000006,1
131,0.04761904761904746,0.9677419354838707,0.9090909090909093,-0.2857142857142859,1.9499999999999993,1.1428571428571428,2.2857142857142856,0.0,-0.3684210526315782,0.2222222222222225,-0.49999999999999944,0
872,-0.4761904761904763,0.1720430107526883,-0.6969696969696971,-1.0,0.34999999999999953,1.5714285714285714,0.19047619047619047,-0.7331786542923493,1.1578947368421042,-0.2777777777777781,0.2500000000000003,0
1124,1.333333333333333,-0.5161290322580644,0.3333333333333333,-0.4285714285714288,0.10000000000000007,0.21428571428571427,-0.21428571428571427,-0.027842227378217867,-1.0,0.16666666666666688,0.6250000000000001,1
1397,0.3809523809523805,0.6666666666666666,-0.4848484848484849,-0.8571428571428571,0.5499999999999997,-0.7142857142857143,-0.6428571428571429,0.3016241299303587,0.0,0.16666666666666688,-0.4062499999999992,0
88,-0.09523809523809534,-0.1290322580645162,0.0,-0.4285714285714288,-0.8499999999999999,-0.35714285714285715,-0.16666666666666666,-0.09280742459395652,0.42105263157894784,0.11111111111111124,-0.37499999999999983,0
1483,-0.3333333333333335,0.258064516129032,0.8484848484848486,-0.14285714285714296,1.7499999999999998,-0.7857142857142857,-0.6904761904761905,0.18097447795823582,0.10526315789473696,-0.2777777777777781,0.0625000000000009,0
331,1.095238095238095,-0.6881720430107527,1.1515151515151516,0.9999999999999993,2.1499999999999995,-0.2857142857142857,0.07142857142857142,0.5568445475637906,-0.42105263157894784,0.2222222222222225,1.4375000000000007,1
1239,0.09523809523809491,0.9032258064516125,-0.787878787878788,0.4285714285714282,0.10000000000000007,-0.14285714285714285,-0.3333333333333333,0.5475638051043847,0.3684210526315782,-0.8888888888888891,-0.37499999999999983,0
467,1.1428571428571432,-0.08602150537634415,0.4848484848484848,-0.2857142857142859,-0.49999999999999967,0.5,0.30952380952380953,0.6496519721577472,-0.7894736842105261,0.5555555555555556,0.8125000000000007,1
122,0.4285714285714288,0.1290322580645162,-0.6666666666666667,0.0,1.9999999999999993,0.0,0.42857142857142855,-0.2784222737819211,-0.5263157894736848,-0.11111111111111124,0.4375000000000008,1
1045,-0.7142857142857144,-0.5591397849462365,0.21212121212121215,1.5714285714285705,-1.6499999999999997,-0.14285714285714285,0.35714285714285715,-1.7911832946635464,0.26315789473684126,0.0,1.2500000000000002,1
1096,0.7142857142857144,-0.5161290322580644,0.6363636363636364,0.4285714285714282,0.3999999999999996,-0.5714285714285714,-0.42857142857142855,0.42691415313226183,-0.8421052631578957,-0.6666666666666669,0.1875000000000005,0
1131,0.5714285714285712,0.3440860215053761,-0.787878787878788,-0.4285714285714288,-1.050000000000005,-0.6428571428571429,-0.6666666666666666,0.41763341067285586,-0.6842105263157892,0.05555555555555562,0.1250000000000007,1
1295,0.14285714285714238,0.4946236559139784,-0.4848484848484849,-0.14285714285714296,-0.3000000000000002,0.7857142857142857,0.5238095238095238,-0.19489559164731898,-0.10526315789473696,0.7222222222222225,0.4375000000000008,1
861,-0.3333333333333335,0.43010752688172027,-0.6060606060606062,0.7142857142857141,-0.10000000000000007,0.07142857142857142,1.119047619047619,0.3062645011600874,1.0526315789473673,-0.44444444444444436,-0.43749999999999967,0
1460,0.0,-1.3763440860215053,0.27272727272727265,-0.7142857142857144,-1.2499999999999998,-0.5,-0.5476190476190477,-1.0301624129930307,0.052631578947367315,1.0000000000000007,1.0625000000000009,1
1127,-1.0000000000000004,-0.989247311827957,0.0,-0.7142857142857144,-0.7999999999999998,-0.7857142857142857,-0.6428571428571429,-2.459396751740105,0.42105263157894784,-0.44444444444444436,2.062500000000001,1
