id,fixed acidity,volatile acidity,citric acid,residual sugar,chlorides,free sulfur dioxide,total sulfur dioxide,density,pH,sulphates,alcohol,class
494,0.3809523809523805,0.708333333333333,0.14705882352941174,1.1428571428571423,0.2857142857142854,0.6,1.036144578313253,1.514476614699278,0.894736842105263,0.6666666666666669,0.8750000000000004,1
355,-0.8571428571428577,-1.291666666666667,0.41176470588235303,-1.142857142857143,-0.6666666666666669,1.7666666666666666,3.0602409638554215,-2.4944320712694514,-0.3157894736842109,-0.16666666666666688,1.0625000000000009,1
343,1.4285714285714288,-0.5416666666666667,0.6176470588235293,-0.5714285714285715,1.80952380952381,-0.5333333333333333,-0.5783132530120482,0.6236080178173381,-0.05263157894736965,0.7222222222222225,-0.24999999999999917,1
835,0.4285714285714288,0.6875000000000002,0.0,-0.8571428571428571,0.3809523809523808,0.13333333333333333,-0.3614457831325301,0.062360801781748645,0.052631578947367315,-0.8333333333333337,-0.49999999999999944,0
706,0.23809523809523814,2.145833333333333,-0.32352941176470595,5.428571428571427,-0.33333333333333376,-0.2,0.3855421686746988,0.979955456570124,0.3157894736842109,-0.7222222222222225,-0.18749999999999936,0
523,0.14285714285714238,-0.5416666666666667,0.6764705882352942,0.14285714285714232,0.9047619047619053,2.2,2.289156626506024,0.489977728285062,0.3684210526315782,2.0555555555555562,-0.24999999999999917,0
1591,-0.7619047619047623,0.1250000000000001,-0.32352941176470595,-0.5714285714285715,-0.14285714285714304,0.8,-0.07228915662650602,-1.630289532293947,0.052631578947367315,1.1111111111111112,0.8750000000000004,1
1405,0.04761904761904746,-0.08333333333333341,0.3823529411764706,0.5714285714285712,0.09523809523809074,-0.13333333333333333,0.1927710843373494,0.7572383073496637,0.6315789473684218,0.0,0.31250000000000006,1
1056,0.14285714285714238,0.5,0.02941176470588238,-0.2857142857142859,0.7142857142857145,-0.6,0.9397590361445783,0.2984409799554266,-0.9473684210526326,0.0,-0.6874999999999999,1
278,1.7142857142857144,-1.4166666666666667,0.7352941176470589,2.5714285714285707,1.142857142857143,-0.6666666666666666,-0.3614457831325301,1.2472160356347257,-0.15789473684210661,1.944444444444445,-0.06249999999999979,1
1240,-0.666666666666667,0.6250000000000001,-0.7647058823529412,2.9999999999999987,-1.0952380952380958,-0.2,-0.43373493975903615,-0.8552338530066761,0.7368421052631587,-0.33333333333333315,1.000000000000001,0
793,-0.3809523809523814,0.3749999999999999,-0.7058823529411766,0.4285714285714282,0.04761904761904768,0.2,1.180722891566265,0.2895322939865983,0.894736842105263,-0.11111111111111124,-0.31250000000000006,1
237,-0.3333333333333335,0.4583333333333333,-0.7647058823529412,-0.4285714285714288,0.8095238095238053,0.0,0.0,-0.022271714922046024,0.3157894736842109,-0.2222222222222225,-0.7499999999999997,1
670,1.6190476190476195,-0.75,0.5588235294117647,-0.2857142857142859,0.09523809523809074,-0.5333333333333333,-0.5542168674698795,0.8908685968819399,-1.9473684210526327,0.2222222222222225,-0.6250000000000001,1
1582,-0.8095238095238098,0.16666666666666682,-0.5000000000000001,-0.7142857142857144,-1.2857142857142865,0.6666666666666666,-0.14457831325301204,-1.2383073496658974,1.210526315789474,-0.11111111111111124,0.687500000000001,0
1541,-0.8095238095238098,0.0,-0.5294117647058824,3.1428571428571423,-0.42857142857142916,-0.2,-0.14457831325301204,-0.15144766146993274,1.3157894736842108,0.05555555555555562,0.8750000000000004,1
340,2.1904761904761907,-1.0,0.8235294117647061,0.14285714285714232,0.09523809523809074,-0.13333333333333333,-0.21686746987951808,1.2917594654788178,-1.0526315789473697,4.111111111111113,-0.24999999999999917,1
1395,-0.7142857142857144,0.20833333333333307,-0.35294117647058826,2.4285714285714275,-0.47619047619047616,0.8666666666666667,0.8433734939759037,-0.048997772828530926,0.052631578947367315,-0.7777777777777781,-0.6250000000000001,0
209,-0.04761904761904788,-0.3333333333333334,0.05882352941176476,0.7142857142857141,0.952380952380953,0.26666666666666666,1.3734939759036144,-0.0890868596881841,-0.47368421052631515,0.2777777777777781,-0.49999999999999944,0
1084,0.3809523809523805,-0.4166666666666668,0.5588235294117647,0.28571428571428525,-0.38095238095238143,1.2,0.5060240963855421,-0.28062360801781944,0.10526315789473696,0.8333333333333337,1.1250000000000007,1
1492,-1.0952380952380958,0.08333333333333341,-0.6470588235294118,-0.7142857142857144,-1.4761904761904767,-0.6,-0.6024096385542169,-1.1581291759465415,2.1578947368421066,-0.2222222222222225,0.7500000000000009,0
59,-0.04761904761904788,0.29166666666666646,-0.2352941176470589,0.14285714285714232,-0.19047619047619072,0.2,0.3855421686746988,0.3118040089086938,0.6315789473684218,-0.16666666666666688,-0.12499999999999958,0
382,2.761904761904762,-0.43750000000000017,1.235294117647059,0.9999999999999993,0.23809523809523842,0.2,0.12048192771084337,2.0489977728284816,-1.3157894736842108,1.0000000000000007,-0.12499999999999958,1
1204,0.9523809523809526,0.9166666666666666,-0.20588235294117652,5.1428571428571415,1.4761904761904767,1.2666666666666666,0.9156626506024096,0.8819599109131115,-0.894736842105263,-0.38888888888888873,-0.49999999999999944,0
1102,-0.23809523809523814,-0.1250000000000001,0.02941176470588238,-0.14285714285714296,-0.42857142857142916,0.0,-0.3132530120481928,-1.3006681514476461,0.21052631578947392,0.05555555555555562,1.1250000000000007,1
821,-0.4285714285714288,0.6875000000000002,-0.7647058823529412,-0.4285714285714288,0.9047619047619053,-0.3333333333333333,-0.3855421686746988,-0.3296213808463504,0.15789473684210428,-0.11111111111111124,-0.31250000000000006,0
1266,-0.3333333333333335,0.20833333333333307,-0.6176470588235295,0.14285714285714232,0.04761904761904768,0.13333333333333333,-0.04819277108433735,-0.5167037861915469,0.3684210526315782,-0.11111111111111124,0.0625000000000009,1
1459,0.23809523809523814,-0.9583333333333335,0.41176470588235303,-0.7142857142857144,-0.6190476190476192,-0.4,-0.43373493975903615,-0.3429844097995681,0.42105263157894784,-0.11111111111111124,0.1875000000000005,0
809,-0.23809523809523814,0.041666666666666706,-0.41176470588235303,-0.4285714285714288,4.047619047619049,-0.6666666666666666,-0.6265060240963856,0.09799554565701239,-0.2631578947368436,1.3333333333333337,-0.6250000000000001,0
1287,-0.3809523809523814,-1.5,0.5294117647058824,0.4285714285714282,-0.5714285714285715,0.2,-0.1686746987951807,-1.5679287305121983,0.21052631578947392,-0.44444444444444436,1.3750000000000009,1
434,2.095238095238096,-0.5416666666666667,1.0882352941176472,0.14285714285714232,0.5238095238095238,-0.5333333333333333,-0.4819277108433735,1.603563474387462,-0.7894736842105261,-0.7222222222222225,-0.43749999999999967,0
1436,1.095238095238095,0.08333333333333341,0.3235294117647059,18.85714285714285,6.380952380952384,2.7333333333333334,1.3734939759036144,3.0690423162582587,-0.6842105263157892,0.8333333333333337,-0.7499999999999997,1
293,1.1904761904761907,0.1250000000000001,-0.08823529411764706,0.7142857142857141,0.5238095238095238,0.26666666666666666,0.24096385542168675,1.1581291759464922,-0.47368421052631515,0.11111111111111124,0.0625000000000009,1
1228,0.5238095238095237,0.24999999999999978,-0.02941176470588238,-0.2857142857142859,1.142857142857143,-0.4,-0.40963855421686746,0.39643652561243903,-0.21052631578947392,0.5555555555555556,-0.37499999999999983,0
1396,0.33333333333333304,0.6875000000000002,-0.4705882352941177,-0.8571428571428571,0.5714285714285715,-0.7333333333333333,-0.6265060240963856,0.2895322939865983,0.0,0.16666666666666688,-0.4062499999999992,1
1177,-0.666666666666667,1.5,-0.6764705882352942,4.857142857142855,-0.04761904761904768,0.6,0.21686746987951808,-0.48106904231623365,1.4210526315789478,-0.6666666666666669,0.6250000000000001,0
1125,-0.666666666666667,0.24999999999999978,-0.7647058823529412,0.0,0.7619047619047622,-0.7333333333333333,-0.6024096385542169,-0.5478841870824213,1.6315789473684217,0.0,0.8125000000000007,0
1341,-0.1904761904761907,-0.041666666666666706,-0.7058823529411766,-0.7142857142857144,0.19047619047619072,-0.06666666666666667,-0.1686746987951807,-0.6325167037861664,0.26315789473684126,-0.44444444444444436,0.1875000000000005,1
82,-0.04761904761904788,-0.3750000000000001,1.2941176470588236,-0.4285714285714288,18.28571428571429,0.5333333333333333,0.6987951807228916,0.2672605790645523,-0.9473684210526326,3.6666666666666683,-0.49999999999999944,0
1496,-0.4285714285714288,-0.3750000000000001,-0.7058823529411766,-0.4285714285714288,0.0,0.06666666666666667,-0.24096385542168675,-0.8374164810690196,0.21052631578947392,1.0555555555555562,0.2500000000000003,1
439,1.1904761904761907,-0.45833333333333354,0.8529411764705884,1.4285714285714282,-0.19047619047619072,0.5333333333333333,0.3855421686746988,1.2472160356347257,-0.8421052631578957,1.5000000000000007,-0.18749999999999936,1
1230,-0.1428571428571432,-0.3750000000000001,0.08823529411764698,-0.14285714285714296,-0.23809523809523842,0.3333333333333333,0.6746987951807228,0.1692650334075399,0.47368421052631515,0.11111111111111124,-0.43749999999999967,0
112,0.23809523809523814,0.4166666666666666,-0.5000000000000001,0.0,0.19047619047619072,-0.2,1.6867469879518073,-0.17817371937641766,-0.8421052631578957,0.2222222222222225,-0.24999999999999917,0
1359,-0.23809523809523814,0.5,-0.2647058823529412,4.57142857142857,4.1904761904761925,2.533333333333333,1.4457831325301205,0.24944320712694515,-0.15789473684210661,-0.6666666666666669,-0.43749999999999967,0
1189,-0.5714285714285716,0.5,-0.08823529411764706,-0.14285714285714296,0.0,-0.2,1.9518072289156627,-0.6325167037861664,0.26315789473684126,0.44444444444444436,0.4375000000000008,0
1349,-0.3333333333333335,0.5625000000000001,-0.6764705882352942,-0.5714285714285715,-0.09523809523809536,-0.4666666666666667,-0.6265060240963856,-0.4142538975500956,0.15789473684210428,-1.2777777777777781,-0.43749999999999967,0
472,0.8095238095238093,0.08333333333333341,0.47058823529411764,0.28571428571428525,0.04761904761904768,0.7333333333333333,0.3373493975903614,0.0890868596881841,-0.5789473684210521,0.5,0.7500000000000009,1
1347,-0.8571428571428577,0.29166666666666646,-0.7352941176470589,-0.14285714285714296,-1.1428571428571483,-0.6,-0.6024096385542169,-0.9265033407572036,1.105263157894737,-0.33333333333333315,0.7500000000000009,0
933,-0.1428571428571432,-0.5,0.08823529411764698,-0.4285714285714288,-0.09523809523809536,1.0,0.6746987951807228,0.13363028953227615,0.7368421052631587,-0.16666666666666688,-0.43749999999999967,1
910,-0.28571428571428603,-0.8958333333333335,0.3823529411764706,-1.4285714285714286,-1.0000000000000007,-0.4666666666666667,-0.6506024096385542,-1.5545657015589807,-0.10526315789473696,-0.5555555555555556,0.8125000000000007,1
311,1.1428571428571432,0.041666666666666706,0.6470588235294118,0.4285714285714282,-0.80952380952381,-0.5333333333333333,-0.3132530120481928,1.3363028953229097,-1.0,-0.16666666666666688,-0.5624999999999992,1
1484,0.09523809523809491,-0.7916666666666667,0.5294117647058824,-1.0,-1.8095238095238102,-0.5333333333333333,-0.6265060240963856,-0.6146993318485593,0.21052631578947392,-0.05555555555555562,0.31250000000000006,0
479,0.8095238095238093,0.6666666666666669,-0.05882352941176476,0.0,0.3333333333333331,-0.6,-0.24096385542168675,0.8908685968819399,-0.894736842105263,-0.11111111111111124,0.0,0
602,2.5238095238095237,-0.25,0.7647058823529412,0.0,-0.42857142857142916,-0.13333333333333333,-0.07228915662650602,1.6926503340756462,-1.105263157894737,-0.33333333333333315,-0.7499999999999997,1
715,0.9523809523809526,0.9166666666666666,0.05882352941176476,0.5714285714285712,-0.09523809523809536,0.4666666666666667,0.9397590361445783,0.534521158129154,-0.15789473684210661,-0.6111111111111113,-0.24999999999999917,0
1182,0.9047619047619051,-0.5416666666666667,0.5,-0.7857142857142859,-0.5714285714285715,-0.6,-0.6506024096385542,-0.8997772828507682,-0.6315789473684218,-0.8888888888888891,0.7500000000000009,0
519,1.4285714285714288,-1.291666666666667,0.6764705882352942,0.8571428571428564,0.3809523809523808,-0.2,-0.14457831325301204,0.1781737193763682,-0.47368421052631515,0.33333333333333376,0.9375000000000002,1
430,2.333333333333334,1.3333333333333333,1.0882352941176472,0.28571428571428525,0.3809523809523808,-0.06666666666666667,-0.07228915662650602,1.2917594654788178,-1.105263157894737,-0.11111111111111124,0.1250000000000007,1
1587,-0.1904761904761907,-0.8750000000000001,0.4411764705882352,0.28571428571428525,-0.7142857142857145,1.3333333333333333,0.5301204819277109,-0.8374164810690196,0.15789473684210428,1.2777777777777781,0.7500000000000009,1
1090,1.7619047619047619,-0.45833333333333354,0.8235294117647061,-1.0,0.7142857142857145,0.5333333333333333,0.07228915662650602,0.24498886414250626,-1.5263157894736847,0.7777777777777781,-0.18749999999999936,1
1220,0.5238095238095237,-0.5416666666666667,0.41176470588235303,-1.2857142857142856,-1.7142857142857153,0.7333333333333333,0.2891566265060241,-0.8997772828507682,-0.5789473684210521,1.166666666666667,0.4375000000000008,1
622,0.14285714285714238,0.16666666666666682,-0.08823529411764706,1.7142857142857135,-0.09523809523809536,0.0,1.5903614457831325,0.35634743875278585,-0.15789473684210661,0.0,-0.49999999999999944,0
1534,0.04761904761904746,-0.5416666666666667,0.11764705882352937,-0.4285714285714288,-0.2857142857142861,1.2,1.108433734939759,0.16481069042315047,0.42105263157894784,-0.05555555555555562,-0.7499999999999997,0
889,-0.5238095238095242,0.20833333333333307,-0.7647058823529412,0.4285714285714282,-0.38095238095238143,1.2,0.6265060240963856,-0.8418708240534584,0.6315789473684218,-0.33333333333333315,0.6250000000000001,1
810,-0.1428571428571432,-0.16666666666666682,0.14705882352941174,0.8571428571428564,-0.47619047619047616,-0.6666666666666666,-0.5542168674698795,0.057906458797309775,-0.47368421052631515,-0.38888888888888873,0.0625000000000009,1
708,-0.23809523809523814,-0.1250000000000001,-0.20588235294117652,1.1428571428571423,-0.14285714285714304,0.13333333333333333,-0.024096385542168676,-0.0890868596881841,0.3157894736842109,-0.6111111111111113,0.1875000000000005,0
1109,0.09523809523809491,1.0833333333333335,-0.4705882352941177,1.5714285714285705,0.47619047619047616,-0.6666666666666666,-0.6024096385542169,0.7795100222717097,0.26315789473684126,-0.7222222222222225,-0.43749999999999967,0
1314,-0.4285714285714288,-0.6666666666666669,-0.14705882352941183,0.14285714285714232,0.2857142857142854,0.4,0.6506024096385542,-0.5434298440979823,0.47368421052631515,-0.44444444444444436,-0.06249999999999979,1
1112,-1.1904761904761907,-0.4166666666666668,0.02941176470588238,-0.2857142857142859,0.5714285714285715,0.6,0.40963855421686746,-0.9309576837416424,2.473684210526315,0.11111111111111124,1.312500000000001,1
1566,-0.5714285714285716,0.6250000000000001,-0.7058823529411766,-0.4285714285714288,-0.9047619047619053,0.8,0.0963855421686747,-0.8507795100222373,0.42105263157894784,1.1111111111111112,0.4375000000000008,1
328,1.1428571428571432,-0.3333333333333334,0.7058823529411765,3.2857142857142847,1.285714285714286,-0.6,-0.6024096385542169,0.534521158129154,-0.15789473684210661,1.166666666666667,0.8125000000000007,0
255,-0.3809523809523814,0.3333333333333332,-0.7647058823529412,-0.5714285714285715,-0.2857142857142861,0.13333333333333333,-0.0963855421686747,0.1781737193763682,0.8421052631578957,0.44444444444444436,-0.18749999999999936,1
323,-0.04761904761904788,0.4166666666666666,-0.6176470588235295,0.14285714285714232,-0.04761904761904768,-0.5333333333333333,-0.4819277108433735,0.24498886414250626,-0.10526315789473696,0.05555555555555562,-0.5624999999999992,0
1161,1.2857142857142856,-0.6666666666666669,0.9117647058823528,0.14285714285714232,0.3333333333333331,-0.5333333333333333,-0.43373493975903615,-0.0178173719376566,-0.894736842105263,0.5555555555555556,0.5625000000000003,1
583,1.8095238095238093,-0.1250000000000001,0.6764705882352942,0.0,0.14285714285714304,-0.6,-0.5542168674698795,1.4253897550110939,-0.6315789473684218,-1.055555555555556,-0.6250000000000001,0
627,0.4285714285714288,0.3333333333333332,0.08823529411764698,0.0,0.8571428571428577,-0.6,-0.5542168674698795,0.8908685968819399,0.26315789473684126,-0.7222222222222225,-0.6874999999999999,0
491,0.666666666666667,1.0625,0.02941176470588238,0.8571428571428564,-0.09523809523809536,0.6666666666666666,0.43373493975903615,0.7126948775055222,0.0,0.2777777777777781,0.2500000000000003,1
414,0.9523809523809526,-0.5,0.7941176470588237,6.428571428571427,0.8095238095238053,-0.5333333333333333,-0.4578313253012048,0.8017817371937558,-0.21052631578947392,1.1111111111111112,0.9375000000000002,1
417,1.2857142857142856,-0.16666666666666682,1.1176470588235294,0.0,1.4761904761904767,-0.5333333333333333,-0.43373493975903615,0.0890868596881841,-0.2631578947368436,0.2222222222222225,0.9375000000000002,1
87,0.33333333333333304,-0.1250000000000001,0.05882352941176476,-0.4285714285714288,1.428571428571429,0.4,2.36144578313253,0.1781737193763682,-2.0,7.388888888888892,-0.18749999999999936,1
1261,0.33333333333333304,0.47916666666666663,1.235294117647059,-0.5714285714285715,15.380952380952383,0.3333333333333333,0.43373493975903615,-0.2138084632516814,-1.5263157894736847,2.944444444444445,-0.5624999999999992,0
1514,-0.7142857142857144,0.16666666666666682,-0.32352941176470595,-0.5714285714285715,-0.09523809523809536,0.2,0.6506024096385542,-1.719376391982131,0.10526315789473696,-0.11111111111111124,0.1875000000000005,1
266,1.8571428571428577,-1.0833333333333335,0.7647058823529412,-0.5714285714285715,-0.42857142857142916,-0.5333333333333333,-0.6746987951807228,0.0,-0.5789473684210521,0.5555555555555556,0.0,1
288,-0.1904761904761907,-0.5,-0.41176470588235303,1.1428571428571423,0.5714285714285715,1.0,0.3614457831325301,-0.04454342984409205,0.3157894736842109,0.44444444444444436,0.0625000000000009,1
1583,-0.8571428571428577,0.8124999999999998,-0.4705882352941177,0.5714285714285712,-1.2857142857142865,-0.06666666666666667,-0.26506024096385544,-1.416481069042315,1.3684210526315783,-0.6666666666666669,1.0625000000000009,0
359,1.904761904761905,-0.3750000000000001,1.1764705882352944,1.2857142857142854,1.3809523809523814,-0.26666666666666666,-0.3614457831325301,1.4253897550110939,-0.8421052631578957,1.2777777777777781,0.1250000000000007,1
55,-0.1428571428571432,-0.041666666666666706,-0.32352941176470595,0.8571428571428564,1.428571428571429,1.2666666666666666,0.8433734939759037,-0.5790645879732461,-0.7368421052631587,0.05555555555555562,0.0,1
1101,0.23809523809523814,-0.75,0.47058823529411764,-0.14285714285714296,-0.38095238095238143,0.6,-0.04819277108433735,-1.2828507795099895,-1.0526315789473697,0.8888888888888894,1.3750000000000009,1
1201,-0.09523809523809534,0.20833333333333307,-0.14705882352941183,-1.0,-0.5238095238095238,-0.6666666666666666,-0.6987951807228916,-0.9888641425389523,-0.7894736842105261,-0.44444444444444436,-0.24999999999999917,1
901,0.4761904761904763,-0.8750000000000001,0.2941176470588235,0.5714285714285712,-1.1428571428571483,-0.26666666666666666,0.024096385542168676,-0.5256124721603752,0.47368421052631515,0.38888888888888873,1.000000000000001,0
1323,0.5714285714285712,-0.75,0.47058823529411764,-0.5714285714285715,-1.047619047619053,-0.3333333333333333,-0.4819277108433735,-1.2828507795099895,-0.6842105263157892,-0.38888888888888873,0.7500000000000009,0
1247,-0.23809523809523814,0.9166666666666666,-0.5588235294117647,-0.7142857142857144,0.2857142857142854,0.06666666666666667,0.24096385542168675,-0.7928730512249275,-1.0,-0.7777777777777781,-0.12499999999999958,0
1232,-0.04761904761904788,1.2291666666666665,-0.7352941176470589,0.5714285714285712,-0.2857142857142861,2.2666666666666666,1.2530120481927711,-0.26280623608016285,0.3684210526315782,0.0,0.375000000000001,0
222,-0.23809523809523814,0.041666666666666706,0.0,-0.2857142857142859,0.9999999999999953,0.13333333333333333,0.8192771084337349,-0.489977728285062,-0.8421052631578957,-0.2777777777777781,-0.49999999999999944,0
1598,-0.9523809523809526,0.5208333333333334,-0.41176470588235303,-0.2857142857142859,-0.23809523809523842,1.2,0.14457831325301204,-0.5924276169265132,1.3684210526315783,0.5,0.0,0
655,0.33333333333333304,-0.20833333333333354,0.6176470588235293,0.28571428571428525,-0.2857142857142861,-0.4666666666666667,-0.21686746987951808,0.489977728285062,-1.210526315789474,-0.8888888888888891,-0.43749999999999967,0
905,-0.5238095238095242,0.29166666666666646,-0.5882352941176472,5.428571428571427,-0.952380952380953,-0.2,-0.4819277108433735,-0.26726057906460177,0.5263157894736848,-0.16666666666666688,0.375000000000001,1
599,0.2857142857142856,0.27083333333333315,-0.2352941176470589,-0.14285714285714296,-0.09523809523809536,-0.6,-0.1927710843373494,-0.04454342984409205,-0.5789473684210521,-0.7777777777777781,-0.24999999999999917,1
808,0.14285714285714238,-1.0,0.41176470588235303,0.28571428571428525,-1.3333333333333341,-0.6666666666666666,-0.6746987951807228,-1.4432071269487505,0.10526315789473696,0.44444444444444436,1.6250000000000013,1
1319,-0.1904761904761907,0.4583333333333333,0.02941176470588238,-0.2857142857142859,0.14285714285714304,0.2,1.2771084337349397,-0.2850779510022089,-0.2631578947368436,-0.2222222222222225,-0.24999999999999917,1
19,-0.23809523809523814,0.29166666666666646,-0.5294117647058824,3.1428571428571423,0.2857142857142854,-0.5333333333333333,-0.21686746987951808,0.2672605790645523,0.3684210526315782,-0.6666666666666669,-0.7499999999999997,0
1226,0.6190476190476186,-0.25,-0.08823529411764706,0.5714285714285712,0.5238095238095238,0.26666666666666666,0.9397590361445783,1.0779510022271364,-0.8421052631578957,-0.6111111111111113,-0.49999999999999944,0
1068,1.5238095238095237,-0.8750000000000001,0.7941176470588237,0.0,-0.952380952380953,-0.7333333333333333,-0.6746987951807228,-0.48106904231623365,-1.5263157894736847,1.166666666666667,0.4375000000000008,1
429,0.5714285714285712,0.0,0.20588235294117652,-1.2857142857142856,-0.47619047619047616,-0.3333333333333333,-0.1927710843373494,0.44543429844096993,-0.3684210526315782,-0.11111111111111124,-0.5624999999999992,0
989,-0.09523809523809534,-0.5416666666666667,-0.41176470588235303,-0.7142857142857144,0.8095238095238053,0.3333333333333333,-0.26506024096385544,-0.37416481069044244,-0.7894736842105261,-0.7222222222222225,-0.49999999999999944,0
701,1.2857142857142856,2.0833333333333335,0.5,0.9999999999999993,-0.19047619047619072,0.8,1.2048192771084338,0.7126948775055222,-1.210526315789474,-0.2777777777777781,-0.06249999999999979,1
1272,-0.28571428571428603,-0.3333333333333334,-0.17647058823529413,-0.8571428571428571,-1.4761904761904767,0.6666666666666666,0.6265060240963856,-1.469933184855186,0.3684210526315782,-0.2777777777777781,0.9375000000000002,1
32,-0.4761904761904763,0.6875000000000002,-0.7647058823529412,0.4285714285714282,1.1904761904761907,0.5333333333333333,-0.024096385542168676,-0.0890868596881841,0.7894736842105261,-0.2777777777777781,0.2500000000000003,1
618,1.7142857142857144,-0.8750000000000001,0.7352941176470589,0.0,-0.04761904761904768,0.0,-0.24096385542168675,0.6236080178173381,-1.4736842105263175,1.7222222222222232,-0.24999999999999917,1
440,-0.4285714285714288,0.4166666666666666,-0.2352941176470589,-1.0,-0.8571428571428577,-0.4666666666666667,0.2891566265060241,-0.7572383073496637,-1.210526315789474,-0.11111111111111124,-0.5624999999999992,0
600,2.2857142857142856,0.29166666666666646,0.5588235294117647,0.14285714285714232,0.09523809523809074,-0.2,-0.3855421686746988,1.4253897550110939,-1.6315789473684217,0.44444444444444436,-0.5624999999999992,1
652,0.9047619047619051,1.5,-0.02941176470588238,0.4285714285714282,1.142857142857143,1.4,2.819277108433735,1.8708240534520144,0.5263157894736848,0.2777777777777781,0.6250000000000001,0
215,-0.04761904761904788,0.8958333333333333,-0.5294117647058824,0.28571428571428525,0.5714285714285715,-0.26666666666666666,0.07228915662650602,0.2672605790645523,-0.3684210526315782,0.5,-0.24999999999999917,1
533,1.904761904761905,-0.5833333333333334,0.6764705882352942,0.7142857142857141,0.8571428571428577,-0.13333333333333333,0.0963855421686747,1.603563474387462,-0.7894736842105261,-0.05555555555555562,0.0625000000000009,0
918,-0.5238095238095242,-0.45833333333333354,0.14705882352941174,9.428571428571427,0.19047619047619072,0.8,0.1686746987951807,0.6414253897549947,0.3684210526315782,0.11111111111111124,-0.06249999999999979,1
755,-0.04761904761904788,-0.16666666666666682,1.235294117647059,-0.7142857142857144,15.952380952380958,0.0,-0.14457831325301204,-0.1069042316258407,-1.1578947368421066,2.4444444444444455,-0.6874999999999999,1
327,1.7619047619047619,0.041666666666666706,1.1764705882352944,2.0714285714285707,1.952380952380953,-0.5333333333333333,-0.5783132530120482,0.44543429844096993,-1.3684210526315805,0.6666666666666669,0.8125000000000007,1
1424,-0.7142857142857144,0.041666666666666706,-0.5000000000000001,2.4285714285714275,2.0476190476190483,0.0,-0.1686746987951807,0.0,1.0,0.2777777777777781,0.5000000000000006,0
908,-0.8571428571428577,0.16666666666666682,-0.7647058823529412,0.0,-0.04761904761904768,-0.5333333333333333,-0.6987951807228916,-0.8908685968819399,1.4736842105263153,-0.44444444444444436,0.8125000000000007,1
189,0.0,-0.08333333333333341,0.20588235294117652,-0.2857142857142859,0.19047619047619072,0.06666666666666667,2.5301204819277108,0.0,-0.5789473684210521,-0.38888888888888873,-0.43749999999999967,0
469,1.666666666666667,-0.6666666666666669,1.2647058823529411,-0.14285714285714296,0.47619047619047616,-0.5333333333333333,-0.40963855421686746,1.4253897550110939,-0.7368421052631587,0.0,-0.6250000000000001,1
342,1.2857142857142856,-0.4166666666666668,0.6470588235294118,0.7142857142857141,-0.7142857142857145,-0.6,-0.4819277108433735,0.1781737193763682,-0.5263157894736848,1.3888888888888893,0.687500000000001,1
941,0.8095238095238093,-0.7916666666666667,0.7647058823529412,0.0,-0.2857142857142861,-0.06666666666666667,-0.3132530120481928,-0.7616926503340531,0.26315789473684126,0.7777777777777781,1.3750000000000009,1
361,0.14285714285714238,0.7499999999999998,-0.08823529411764706,-0.2857142857142859,0.9047619047619053,0.0,1.036144578313253,0.22271714922046024,-0.6315789473684218,0.44444444444444436,-0.49999999999999944,0
84,-0.28571428571428603,0.6250000000000001,0.0,-0.5714285714285715,15.285714285714294,0.13333333333333333,0.3132530120481928,0.04454342984409205,-0.7894736842105261,2.8888888888888893,-0.49999999999999944,0
757,-0.7619047619047623,1.9166666666666665,-0.7352941176470589,-0.2857142857142859,-1.0952380952380958,0.06666666666666667,-0.12048192771084337,-0.8552338530066761,1.5263157894736847,-0.8888888888888891,0.6250000000000001,1
1166,0.2857142857142856,-0.3333333333333334,0.7058823529411765,-0.4285714285714288,13.761904761904766,0.06666666666666667,0.0,-0.20489977728285308,-1.5789473684210544,2.6666666666666683,-0.49999999999999944,0
49,-0.7142857142857144,-0.5,-0.08823529411764706,-0.8571428571428571,-0.6666666666666669,-0.6,-0.6265060240963856,-0.44543429844096993,0.15789473684210428,-0.33333333333333315,-0.6250000000000001,0
1186,-0.4285714285714288,-0.3750000000000001,0.11764705882352937,-0.2857142857142859,0.23809523809523842,-0.5333333333333333,0.024096385542168676,-1.4877505567928426,0.10526315789473696,-0.8888888888888891,1.0625000000000009,1
156,-0.3809523809523814,-0.3750000000000001,0.47058823529411764,4.714285714285713,-0.42857142857142916,0.9333333333333333,2.1686746987951806,0.22271714922046024,0.5789473684210521,0.5,0.1875000000000005,0
501,-0.04761904761904788,0.0,-0.02941176470588238,-0.4285714285714288,0.04761904761904768,0.0,0.0,0.7126948775055222,0.6315789473684218,0.16666666666666688,-0.7499999999999997,1
916,0.33333333333333304,-0.8541666666666667,0.41176470588235303,0.0,-0.04761904761904768,-0.7333333333333333,-0.7710843373493976,-0.7483296213808355,-0.21052631578947392,0.2777777777777781,1.0625000000000009,1
1308,-0.5238095238095242,0.6666666666666669,-0.5000000000000001,2.4285714285714275,-0.5714285714285715,0.06666666666666667,-0.21686746987951808,-0.694877505567915,0.5263157894736848,-0.5555555555555556,0.5625000000000003,0
1580,-0.8095238095238098,0.16666666666666682,-0.5000000000000001,-0.7142857142857144,-1.2857142857142865,0.6666666666666666,-0.14457831325301204,-1.2383073496658974,1.210526315789474,-0.11111111111111124,0.687500000000001,0
1410,-0.9047619047619051,-0.041666666666666706,-0.7647058823529412,-0.14285714285714296,-0.7619047619047622,1.7333333333333334,0.3855421686746988,-0.8017817371937558,1.210526315789474,1.7222222222222232,0.31250000000000006,1
1469,-0.28571428571428603,-0.16666666666666682,0.17647058823529413,-0.14285714285714296,-0.8571428571428577,1.1333333333333333,0.3855421686746988,0.2138084632516814,-0.05263157894736965,0.16666666666666688,-0.12499999999999958,1
496,1.333333333333333,-0.7083333333333335,0.7941176470588237,0.5714285714285712,-0.47619047619047616,-0.6,-0.5301204819277109,0.1781737193763682,-0.8421052631578957,0.16666666666666688,0.5000000000000006,1
1326,-0.5714285714285716,-0.25,-0.05882352941176476,-0.7142857142857144,-0.14285714285714304,0.26666666666666666,-0.0963855421686747,-0.8908685968819399,0.42105263157894784,-0.11111111111111124,0.2500000000000003,1
515,1.2380952380952381,-0.041666666666666706,1.1176470588235294,0.28571428571428525,1.285714285714286,-0.5333333333333333,-0.5542168674698795,0.22271714922046024,-1.1578947368421066,0.2222222222222225,1.000000000000001,1
926,0.33333333333333304,-1.2500000000000002,0.2941176470588235,-0.4285714285714288,-0.7619047619047622,2.6,0.9397590361445783,-0.33853006681512926,0.8421052631578957,1.3888888888888893,0.5000000000000006,1
364,2.1904761904761907,-0.25,1.0882352941176472,-0.2857142857142859,-0.42857142857142916,-0.5333333333333333,-0.5542168674698795,0.8908685968819399,-1.6842105263157892,1.3888888888888893,0.0,0
907,-0.3333333333333335,0.08333333333333341,0.02941176470588238,0.5714285714285712,0.19047619047619072,-0.13333333333333333,0.963855421686747,-0.17817371937641766,0.42105263157894784,0.5,0.5000000000000006,0
427,-0.7142857142857144,0.6250000000000001,-0.5294117647058824,-0.14285714285714296,-1.6666666666666676,0.3333333333333333,0.24096385542168675,-0.8463251670378478,0.9473684210526326,-0.7222222222222225,0.7500000000000009,1
1252,-0.1904761904761907,0.24999999999999978,-0.35294117647058826,0.0,-0.14285714285714304,0.8666666666666667,0.5301204819277109,-0.2227171492205097,-0.15789473684210661,-0.16666666666666688,-0.24999999999999917,0
1275,-0.04761904761904788,0.24999999999999978,-0.3823529411764706,-0.14285714285714296,1.0476190476190477,0.2,-0.04819277108433735,-1.0690423162583576,-0.3684210526315782,-0.5,0.6250000000000001,1
347,-0.6190476190476195,1.2291666666666665,-0.7058823529411766,0.7142857142857141,-0.38095238095238143,0.2,-0.0963855421686747,-0.5790645879732461,1.4210526315789478,1.5000000000000007,1.312500000000001,1
1106,-0.7619047619047623,0.20833333333333307,0.05882352941176476,-0.14285714285714296,-1.5238095238095244,-0.06666666666666667,0.26506024096385544,-1.3630289532293947,0.5263157894736848,-0.11111111111111124,1.6250000000000013,0
1565,-0.3333333333333335,0.7291666666666664,-0.3823529411764706,-0.2857142857142859,-0.19047619047619072,-0.13333333333333333,-0.43373493975903615,-0.5968819599109026,-0.10526315789473696,-0.44444444444444436,-0.06249999999999979,0
644,0.7619047619047619,0.29166666666666646,0.5294117647058824,0.14285714285714232,-0.42857142857142916,0.4666666666666667,0.7228915662650602,1.069042316258308,0.7894736842105261,0.05555555555555562,-0.43749999999999967,0
845,0.9523809523809526,-1.1250000000000002,0.5882352941176472,-0.7142857142857144,-0.8571428571428577,0.8,0.0963855421686747,-0.4008908685968779,-0.6842105263157892,1.166666666666667,0.2500000000000003,1
1051,-0.3809523809523814,-0.3750000000000001,-0.2647058823529412,-0.5714285714285715,0.09523809523809074,0.8666666666666667,0.3132530120481928,-0.20489977728285308,0.9473684210526326,0.11111111111111124,0.1250000000000007,0
1376,-0.3333333333333335,0.16666666666666682,0.0,-0.2857142857142859,0.14285714285714304,-0.06666666666666667,1.4939759036144578,-0.4187082405345345,-0.2631578947368436,-0.5555555555555556,-0.18749999999999936,0
1454,-0.1428571428571432,-0.1250000000000001,0.20588235294117652,-0.4285714285714288,-0.2857142857142861,0.8666666666666667,1.1325301204819278,0.11581291759461955,0.5263157894736848,-0.2222222222222225,-0.7499999999999997,0
1567,-0.5714285714285716,-1.5,1.1176470588235294,-0.14285714285714296,-1.0000000000000007,0.6666666666666666,0.3373493975903614,-0.8285077951001912,0.15789473684210428,0.5,0.6250000000000001,1
711,1.2857142857142856,2.1041666666666665,0.5,0.8571428571428564,0.0,0.4666666666666667,1.108433734939759,0.7572383073496637,-1.3157894736842108,-0.2777777777777781,-0.06249999999999979,0
244,3.3809523809523814,-1.291666666666667,0.5294117647058824,0.0,-0.23809523809523842,-0.26666666666666666,-0.3373493975903614,1.4476614699331893,-1.2631578947368436,1.2222222222222225,-0.6250000000000001,1
1367,-0.28571428571428603,0.9166666666666666,-0.5294117647058824,-0.7142857142857144,0.6666666666666669,-0.26666666666666666,0.1686746987951807,-0.4632516703786265,-0.3684210526315782,-0.6666666666666669,-0.24999999999999917,0
603,-0.09523809523809534,1.3124999999999998,-0.7647058823529412,0.5714285714285712,0.04761904761904768,-0.5333333333333333,-0.5783132530120482,0.3118040089086938,-0.05263157894736965,-0.5555555555555556,-0.5624999999999992,0
695,0.5238095238095237,-0.20833333333333354,0.14705882352941174,0.7142857142857141,0.19047619047619072,0.6666666666666666,2.0963855421686746,0.7126948775055222,0.0,-0.05555555555555562,-0.49999999999999944,0
865,-0.3333333333333335,0.4166666666666666,-0.5882352941176472,0.7142857142857141,-0.14285714285714304,0.06666666666666667,1.1325301204819278,0.29398663697103716,1.0526315789473673,-0.44444444444444436,-0.43749999999999967,0
1175,-0.1428571428571432,-0.6666666666666669,0.14705882352941174,-0.7142857142857144,-0.04761904761904768,0.8,0.6506024096385542,0.16035634743876104,0.7894736842105261,0.0,-0.43749999999999967,1
313,0.5238095238095237,-0.25,0.14705882352941174,0.8571428571428564,0.6190476190476192,0.3333333333333333,1.4457831325301205,0.601336302895292,0.052631578947367315,0.05555555555555562,-0.43749999999999967,1
436,2.095238095238096,-0.5416666666666667,1.0882352941176472,0.14285714285714232,0.5238095238095238,-0.5333333333333333,-0.4819277108433735,1.603563474387462,-0.7894736842105261,-0.7222222222222225,-0.43749999999999967,0
753,-0.1428571428571432,0.08333333333333341,-0.3823529411764706,0.4285714285714282,0.8095238095238053,0.6666666666666666,0.6746987951807228,0.467706013363016,0.42105263157894784,-0.05555555555555562,-0.49999999999999944,0
309,1.1428571428571432,-0.3750000000000001,0.5294117647058824,0.28571428571428525,6.380952380952384,-0.6,-0.6265060240963856,1.1581291759464922,-0.6315789473684218,0.05555555555555562,-0.43749999999999967,1
431,1.2380952380952381,-1.1666666666666667,0.6176470588235293,-0.14285714285714296,-0.6666666666666669,-0.5333333333333333,-0.3373493975903614,0.44543429844096993,-0.8421052631578957,1.5555555555555562,0.5000000000000006,1
1199,-0.09523809523809534,-1.0833333333333335,0.0,-0.2857142857142859,-1.3333333333333341,0.3333333333333333,0.9397590361445783,-0.7572383073496637,-0.8421052631578957,0.944444444444445,0.4375000000000008,1
399,1.7142857142857144,0.29166666666666646,0.9705882352941176,0.5714285714285712,0.3333333333333331,-0.06666666666666667,0.26506024096385544,0.8908685968819399,-0.6842105263157892,0.16666666666666688,0.5000000000000006,1
424,1.2380952380952381,-1.1666666666666667,0.6176470588235293,-0.14285714285714296,-0.6666666666666669,-0.5333333333333333,-0.3373493975903614,0.44543429844096993,-0.8421052631578957,1.5555555555555562,0.5000000000000006,1
371,-0.4761904761904763,1.0208333333333333,-0.7058823529411766,0.14285714285714232,-0.80952380952381,1.4,0.6024096385542169,0.3118040089086938,1.3684210526315783,0.8888888888888894,-0.18749999999999936,0
1300,-0.1428571428571432,4.416666666666667,-0.7647058823529412,-0.14285714285714296,2.7142857142857104,-0.6,-0.6987951807228916,-0.9086859688195965,1.0,-1.2222222222222225,0.4375000000000008,0
1062,0.5714285714285712,-0.5,0.7058823529411765,-0.5714285714285715,-0.42857142857142916,-0.4666666666666667,-0.5301204819277109,-0.9710467706013451,-0.5263157894736848,0.38888888888888873,1.4375000000000007,1
1236,-0.9047619047619051,-0.7916666666666667,0.17647058823529413,15.285714285714281,-1.2380952380952388,-0.5333333333333333,1.8072289156626506,-0.48106904231623365,-0.05263157894736965,-0.33333333333333315,0.8125000000000007,0
778,-0.4761904761904763,0.47916666666666663,-0.2647058823529412,0.28571428571428525,7.666666666666669,-0.5333333333333333,-0.4819277108433735,-0.3118040089086938,0.47368421052631515,-0.16666666666666688,0.0625000000000009,1
1467,-0.28571428571428603,-0.16666666666666682,0.17647058823529413,-0.14285714285714296,-0.8571428571428577,1.1333333333333333,0.3855421686746988,0.2138084632516814,-0.05263157894736965,0.16666666666666688,-0.12499999999999958,1
297,1.2857142857142856,1.2916666666666665,0.3235294117647059,0.5714285714285712,0.2857142857142854,0.8,0.7710843373493976,0.5790645879732461,-0.7894736842105261,-0.5555555555555556,-0.18749999999999936,0
592,-0.6190476190476195,-0.5416666666666667,0.6764705882352942,-0.7142857142857144,-0.47619047619047616,0.6,2.674698795180723,-2.0489977728284816,-1.0,-0.6666666666666669,0.8125000000000007,1
462,0.1904761904761907,0.39583333333333326,-0.11764705882352945,0.5714285714285712,0.3333333333333331,-0.5333333333333333,-0.4578313253012048,0.6236080178173381,-0.2631578947368436,-0.05555555555555562,-0.5624999999999992,0
1044,0.7619047619047619,-0.5416666666666667,0.4411764705882352,9.57142857142857,-0.5238095238095238,0.26666666666666666,0.024096385542168676,0.7973273942093169,-0.10526315789473696,1.0555555555555562,0.4375000000000008,1
814,-0.4761904761904763,-0.5416666666666667,-0.05882352941176476,-0.14285714285714296,1.0476190476190477,-0.6666666666666666,-0.7469879518072289,-0.9710467706013451,0.6842105263157892,-0.2222222222222225,0.7500000000000009,0
378,0.7142857142857144,-1.0416666666666667,0.7941176470588237,0.28571428571428525,-0.2857142857142861,-0.5333333333333333,-0.4819277108433735,-0.26726057906460177,-0.5789473684210521,2.833333333333334,1.1250000000000007,1
899,0.1904761904761907,-0.8750000000000001,0.3823529411764706,0.28571428571428525,-0.09523809523809536,0.2,0.12048192771084337,-1.051224944320701,0.0,0.8333333333333337,1.4375000000000007,1
127,0.14285714285714238,3.3750000000000004,-0.7647058823529412,-0.7142857142857144,0.04761904761904768,-0.7333333333333333,-0.6265060240963856,-0.17817371937641766,1.1578947368421042,-0.7222222222222225,0.4375000000000008,0
820,0.5714285714285712,0.5833333333333334,-0.32352941176470595,1.4285714285714282,0.8095238095238053,-0.3333333333333333,0.5060240963855421,1.3184855233852533,-0.15789473684210661,-0.44444444444444436,-0.37499999999999983,0
549,2.1428571428571432,-0.7083333333333335,0.6764705882352942,0.5714285714285712,-0.04761904761904768,0.8666666666666667,0.7469879518072289,1.1581291759464922,-1.0,0.7222222222222225,0.1250000000000007,1
356,-0.5714285714285716,0.9583333333333333,-0.7352941176470589,0.28571428571428525,-0.09523809523809536,0.2,-0.14457831325301204,-0.5790645879732461,1.2631578947368411,-0.05555555555555562,1.6250000000000013,1
1297,-0.6190476190476195,0.4583333333333333,-0.7647058823529412,2.9999999999999987,0.6190476190476192,2.466666666666667,0.9518072289156626,-0.5434298440979823,-0.5789473684210521,-0.9444444444444446,-0.43749999999999967,0
210,1.4761904761904763,-0.9166666666666669,0.9411764705882353,-0.14285714285714296,-1.2380952380952388,-0.4666666666666667,-0.4578313253012048,0.534521158129154,0.0,1.444444444444445,0.1875000000000005,1
141,0.23809523809523814,0.9374999999999999,-0.4411764705882354,-0.4285714285714288,0.47619047619047616,0.13333333333333333,0.6024096385542169,-0.13363028953227615,-0.6315789473684218,1.1111111111111112,-0.37499999999999983,0
1147,-0.04761904761904788,-0.08333333333333341,-0.41176470588235303,-0.5714285714285715,4.666666666666668,-0.5333333333333333,-0.40963855421686746,-0.35634743875278585,-0.15789473684210661,1.3888888888888893,-0.24999999999999917,1
1066,-0.09523809523809534,0.3749999999999999,-0.2352941176470589,0.28571428571428525,0.14285714285714304,-0.5333333333333333,-0.43373493975903615,-0.2227171492205097,-0.10526315789473696,-0.11111111111111124,0.0,1
731,0.7619047619047619,0.1250000000000001,1.1764705882352944,0.14285714285714232,14.619047619047626,-0.13333333333333333,-0.024096385542168676,0.6236080178173381,-0.7368421052631587,0.2777777777777781,-0.37499999999999983,0
1264,0.14285714285714238,1.0833333333333335,-0.7647058823529412,0.0,0.4285714285714285,-0.06666666666666667,-0.2891566265060241,0.44543429844096993,0.3157894736842109,-0.8888888888888891,-0.37499999999999983,0
773,0.7619047619047619,0.20833333333333307,0.02941176470588238,0.14285714285714232,0.09523809523809074,0.6,2.5542168674698793,0.45434298440979826,-0.21052631578947392,-0.38888888888888873,-0.49999999999999944,0
612,2.5238095238095237,-0.5833333333333334,0.8529411764705884,0.7142857142857141,0.04761904761904768,-0.6,-0.5301204819277109,1.6926503340756462,-1.7368421052631589,-0.44444444444444436,-0.49999999999999944,0
1150,1.0,-0.7083333333333335,0.6176470588235293,-0.2857142857142859,-0.9047619047619053,-0.5333333333333333,-0.6506024096385542,-0.4231625835189239,-0.42105263157894784,-0.5555555555555556,1.1250000000000007,1
11,-0.5714285714285716,0.24999999999999978,-0.5294117647058824,-0.5714285714285715,0.8095238095238053,0.06666666666666667,0.6506024096385542,-0.4008908685968779,-0.15789473684210661,-0.44444444444444436,-0.6250000000000001,0
292,1.4761904761904763,-1.3333333333333335,0.6470588235294118,-0.2857142857142859,12.523809523809524,-0.5333333333333333,-0.4819277108433735,0.489977728285062,-0.05263157894736965,0.5,0.1875000000000005,0
620,1.6190476190476195,-0.6250000000000001,0.4411764705882352,0.14285714285714232,0.3809523809523808,-0.5333333333333333,-0.5301204819277109,0.8908685968819399,-1.1578947368421066,1.0000000000000007,-0.5624999999999992,0
1399,-0.4285714285714288,0.3333333333333332,-0.41176470588235303,0.0,0.14285714285714304,-0.06666666666666667,-0.24096385542168675,-0.0890868596881841,1.105263157894737,0.0,0.0,1
130,-0.8571428571428577,-0.5833333333333334,-0.32352941176470595,-0.5714285714285715,-0.38095238095238143,-0.5333333333333333,-0.4578313253012048,-0.5790645879732461,0.5789473684210521,-0.2777777777777781,-0.49999999999999944,0
324,1.1428571428571432,0.29166666666666646,0.47058823529411764,0.8571428571428564,0.47619047619047616,1.4,0.8433734939759037,0.979955456570124,-0.15789473684210661,0.44444444444444436,-0.43749999999999967,1
766,0.6190476190476186,0.6250000000000001,-0.4705882352941177,1.1428571428571423,0.5238095238095238,-0.13333333333333333,0.24096385542168675,0.9265033407572036,0.0,-0.44444444444444436,-0.43749999999999967,1
632,1.1904761904761907,-1.0,0.8235294117647061,0.7142857142857141,1.1904761904761907,-0.6,-0.4578313253012048,0.8908685968819399,-0.3157894736842109,0.05555555555555562,-0.43749999999999967,0
568,0.3809523809523805,0.7499999999999998,-0.05882352941176476,0.4285714285714282,6.952380952380956,-0.6,-0.5542168674698795,1.024498886414216,0.052631578947367315,-0.11111111111111124,-0.7499999999999997,1
758,0.09523809523809491,1.4583333333333333,-0.7647058823529412,0.0,0.19047619047619072,-0.26666666666666666,-0.1686746987951807,-0.1069042316258407,-0.3157894736842109,-0.6666666666666669,-0.24999999999999917,0
1179,-1.0952380952380958,1.6458333333333335,-0.7647058823529412,-0.14285714285714296,-1.857142857142863,0.2,0.963855421686747,-1.4877505567928426,1.9473684210526327,0.6111111111111113,0.7500000000000009,0
1517,-0.8571428571428577,-0.8333333333333334,-0.02941176470588238,0.14285714285714232,-0.42857142857142916,0.6,0.4819277108433735,-0.2093541202672425,0.5789473684210521,1.944444444444445,0.2500000000000003,0
159,-0.3809523809523814,0.6666666666666669,-0.7647058823529412,0.0,-0.33333333333333376,-0.13333333333333333,-0.3855421686746988,0.04454342984409205,0.894736842105263,-0.6666666666666669,-0.5624999999999992,0
661,-0.3333333333333335,0.0,-0.5588235294117647,-1.142857142857143,-0.2857142857142861,-0.6,-0.43373493975903615,0.22271714922046024,0.052631578947367315,1.0555555555555562,-0.37499999999999983,1
517,2.1904761904761907,0.3333333333333332,0.6764705882352942,2.9999999999999987,0.952380952380953,-0.6,-0.5783132530120482,1.8708240534520144,-0.3157894736842109,0.6666666666666669,1.0625000000000009,1
1406,-0.09523809523809534,-1.0,0.11764705882352937,-0.2857142857142859,-0.8571428571428577,0.26666666666666666,-0.0963855421686747,-0.7126948775055717,-0.15789473684210661,1.5555555555555562,0.687500000000001,1
196,-0.04761904761904788,0.29166666666666646,0.20588235294117652,-0.2857142857142859,-0.2857142857142861,0.6666666666666666,1.9759036144578312,0.0,-0.3157894736842109,-0.44444444444444436,-0.49999999999999944,0
1320,0.5714285714285712,1.0,1.235294117647059,-0.7142857142857144,15.90476190476191,0.26666666666666666,0.6265060240963856,-0.12472160356349729,-2.1578947368421066,3.9444444444444464,-0.6874999999999999,1
411,0.5238095238095237,-0.3750000000000001,0.2352941176470589,0.4285714285714282,0.0,0.8,1.1566265060240963,0.8463251670378478,0.3684210526315782,0.0,-0.43749999999999967,1
97,-0.5238095238095242,1.0625,-0.7647058823529412,1.1428571428571423,1.0476190476190477,-0.4,-0.3614457831325301,-0.13363028953227615,0.7368421052631587,-0.33333333333333315,0.31250000000000006,0
974,0.2857142857142856,-0.75,0.5294117647058824,-0.7142857142857144,-0.04761904761904768,-0.5333333333333333,-0.6265060240963856,-0.3340757238307398,1.105263157894737,0.05555555555555562,0.31250000000000006,0
157,-0.3809523809523814,-0.3750000000000001,0.47058823529411764,4.714285714285713,-0.47619047619047616,1.0,2.1927710843373496,0.22271714922046024,0.5789473684210521,0.5555555555555556,0.1875000000000005,0
420,-0.5238095238095242,1.0416666666666667,-0.7647058823529412,-0.5714285714285715,-0.6666666666666669,1.3333333333333333,0.3373493975903614,0.35634743875278585,1.6315789473684217,0.33333333333333376,-0.18749999999999936,0
1293,-0.9523809523809526,-0.5208333333333334,-0.3823529411764706,0.28571428571428525,-1.1428571428571483,0.0,-0.24096385542168675,-1.416481069042315,1.6315789473684217,0.2777777777777781,1.3750000000000009,1
478,1.1904761904761907,-1.1666666666666667,0.6764705882352942,-0.5714285714285715,-0.23809523809523842,-0.5333333333333333,-0.43373493975903615,0.4008908685968779,-0.6842105263157892,2.4444444444444455,0.5000000000000006,1
1248,-0.23809523809523814,0.1250000000000001,-0.20588235294117652,-0.5714285714285715,0.09523809523809074,0.06666666666666667,-0.0963855421686747,-0.11135857461023012,0.9473684210526326,0.33333333333333376,0.1875000000000005,0
1113,0.0,-0.7916666666666667,0.4411764705882352,-1.0,-1.1428571428571483,-0.5333333333333333,-0.07228915662650602,-1.2650334075723824,-0.10526315789473696,0.5,0.5000000000000006,1
448,0.666666666666667,-0.16666666666666682,0.08823529411764698,-0.14285714285714296,2.238095238095239,-0.5333333333333333,-0.5301204819277109,0.0,-0.47368421052631515,0.5555555555555556,0.6250000000000001,0
794,-0.09523809523809534,0.3333333333333332,-0.7647058823529412,0.5714285714285712,-1.1904761904761911,-0.4666666666666667,-0.6024096385542169,-0.18262806236080706,0.3684210526315782,-0.33333333333333315,0.375000000000001,0
179,-0.4285714285714288,1.1875000000000002,-0.7647058823529412,0.4285714285714282,-0.5714285714285715,-0.4666666666666667,-0.43373493975903615,0.04454342984409205,0.894736842105263,-0.33333333333333315,-0.37499999999999983,0
391,-1.0952380952380958,1.3749999999999998,-0.6176470588235295,-1.142857142857143,-1.6666666666666676,-0.13333333333333333,1.2048192771084338,-1.9599109131402974,1.3157894736842108,1.1111111111111112,1.687500000000001,1
579,0.4285714285714288,-0.20833333333333354,0.6764705882352942,0.9999999999999993,0.23809523809523842,0.2,1.7349397590361446,0.6236080178173381,-0.10526315789473696,-0.11111111111111124,-0.24999999999999917,0
1373,0.3809523809523805,1.0833333333333335,0.7352941176470589,-0.7142857142857144,15.952380952380958,-0.13333333333333333,0.6746987951807228,-0.25389755011138404,-1.6315789473684217,3.0555555555555562,-0.6250000000000001,0
721,0.23809523809523814,0.16666666666666682,-0.6470588235294118,-0.2857142857142859,0.09523809523809074,-0.26666666666666666,-0.3855421686746988,0.35634743875278585,-0.47368421052631515,-1.0000000000000002,-0.37499999999999983,0
1321,0.8571428571428568,0.5833333333333334,0.2352941176470589,0.5714285714285712,0.6666666666666669,-0.13333333333333333,1.2048192771084338,0.5167037861914975,-0.2631578947368436,0.2222222222222225,-0.06249999999999979,0
681,2.571428571428572,-0.3750000000000001,0.9411764705882353,-0.4285714285714288,-0.47619047619047616,0.06666666666666667,0.04819277108433735,1.603563474387462,-1.3157894736842108,-0.7222222222222225,-0.7499999999999997,0
1418,-0.28571428571428603,-0.75,0.20588235294117652,0.4285714285714282,-0.7619047619047622,0.4666666666666667,-0.024096385542168676,-0.7126948775055717,0.21052631578947392,0.8333333333333337,1.1875000000000004,1
722,0.4761904761904763,-0.16666666666666682,-0.05882352941176476,0.9285714285714282,0.6666666666666669,1.4,1.6385542168674698,0.6236080178173381,-1.105263157894737,-0.5,-0.6250000000000001,0
890,1.333333333333333,1.5833333333333335,0.2352941176470589,6.285714285714283,1.52380952380952,0.6,1.4698795180722892,2.7126948775055224,-0.47368421052631515,0.33333333333333376,-0.5624999999999992,0
737,-0.09523809523809534,1.8541666666666665,-0.4705882352941177,-0.14285714285714296,1.52380952380952,-0.2,-0.3855421686746988,-0.2227171492205097,-0.2631578947368436,-0.6666666666666669,-0.43749999999999967,0
295,2.571428571428572,-0.75,0.7647058823529412,1.4285714285714282,0.6666666666666669,0.2,0.3614457831325301,2.0489977728284816,-1.3684210526315805,1.0555555555555562,-0.43749999999999967,1
1369,0.04761904761904746,1.0416666666666667,0.17647058823529413,-0.14285714285714296,-0.04761904761904768,0.13333333333333333,0.8674698795180723,-0.1069042316258407,-0.21052631578947392,-0.6666666666666669,-0.24999999999999917,1
1194,-0.7142857142857144,1.5208333333333333,-0.7647058823529412,0.14285714285714232,4.095238095238098,-0.5333333333333333,-0.6265060240963856,-0.5746102449888566,1.3157894736842108,-0.6111111111111113,0.375000000000001,0
89,0.666666666666667,-0.5416666666666667,0.5294117647058824,-0.14285714285714296,1.285714285714286,1.3333333333333333,2.0963855421686746,0.44543429844096993,-0.894736842105263,3.3333333333333344,-0.43749999999999967,0
42,0.4285714285714288,0.3749999999999999,0.11764705882352937,0.8571428571428564,0.3809523809523808,0.2,0.1927710843373494,0.35634743875278585,-0.2631578947368436,-0.6111111111111113,-0.5624999999999992,0
132,-1.0952380952380958,-0.08333333333333341,-0.5000000000000001,0.14285714285714232,-1.4761904761904767,0.2,1.4698795180722892,-1.3808463251670018,1.6842105263157892,0.05555555555555562,1.7500000000000009,0
1183,1.095238095238095,-0.5,0.41176470588235303,0.4285714285714282,-0.5714285714285715,1.8,0.3855421686746988,0.32962138084630094,0.3684210526315782,1.3333333333333337,0.1875000000000005,1
1549,1.5714285714285712,-0.5,0.7058823529411765,-0.2857142857142859,0.9047619047619053,0.3333333333333333,0.2891566265060241,0.45879732739418766,-1.105263157894737,-0.2222222222222225,0.1250000000000007,0
742,0.6190476190476186,0.041666666666666706,-0.05882352941176476,0.5714285714285712,-0.09523809523809536,0.9333333333333333,2.433734939759036,0.48106904231623365,-0.5263157894736848,-0.2777777777777781,-0.43749999999999967,0
1531,-0.6190476190476195,-0.3333333333333334,-0.5000000000000001,0.0,-0.80952380952381,-0.3333333333333333,-0.4819277108433735,-1.051224944320701,0.5789473684210521,0.38888888888888873,0.687500000000001,1
783,0.5238095238095237,1.2499999999999998,-0.6176470588235295,0.28571428571428525,0.04761904761904768,0.8,1.3975903614457832,0.5968819599109026,0.26315789473684126,-0.5,-0.12499999999999958,0
165,-0.28571428571428603,0.29166666666666646,0.0,7.1428571428571415,-0.47619047619047616,1.4,2.0,0.5790645879732461,0.3157894736842109,-0.7222222222222225,-0.49999999999999944,0
291,0.3809523809523805,0.0,-0.5000000000000001,0.4285714285714282,0.5238095238095238,0.4,0.26506024096385544,0.35634743875278585,0.15789473684210428,1.3333333333333337,0.2500000000000003,1
1511,-0.7142857142857144,-0.6666666666666669,-0.14705882352941183,0.0,-1.5714285714285723,0.8,0.24096385542168675,-0.08463251670379467,0.8421052631578957,0.8333333333333337,-0.31250000000000006,1
669,1.0,0.8749999999999999,0.5,0.14285714285714232,-1.0000000000000007,0.06666666666666667,-0.1686746987951807,-0.0890868596881841,-0.8421052631578957,-0.2777777777777781,0.5000000000000006,0
349,0.8095238095238093,0.16666666666666682,0.14705882352941174,0.8571428571428564,0.4285714285714285,0.06666666666666667,0.1927710843373494,0.489977728285062,-1.0526315789473697,1.6666666666666674,-0.12499999999999958,1
572,-0.8095238095238098,-0.6666666666666669,-0.05882352941176476,0.0,0.7142857142857145,0.3333333333333333,0.0963855421686747,-0.979955456570124,1.3684210526315783,-0.2777777777777781,0.9375000000000002,1
638,0.7619047619047619,1.5208333333333333,0.02941176470588238,0.14285714285714232,0.19047619047619072,1.1333333333333333,2.5783132530120483,0.44543429844096993,-0.3684210526315782,-0.5,-0.49999999999999944,0
1504,-0.8095238095238098,-0.3333333333333334,0.3823529411764706,0.4285714285714282,-0.14285714285714304,-0.5333333333333333,-0.5783132530120482,-0.5567928730512001,1.0526315789473673,0.38888888888888873,0.5000000000000006,1
1539,-0.8095238095238098,0.5,-0.5000000000000001,0.4285714285714282,0.04761904761904768,0.06666666666666667,-0.2891566265060241,-0.6325167037861664,1.3684210526315783,0.05555555555555562,1.1250000000000007,0
940,-0.8095238095238098,-0.25,-0.2647058823529412,-0.8571428571428571,-0.33333333333333376,-0.4666666666666667,-0.6506024096385542,-1.1358574610244956,1.5789473684210522,-0.44444444444444436,0.7500000000000009,0
1053,-1.0952380952380958,0.3541666666666665,-0.6176470588235295,0.28571428571428525,-0.33333333333333376,0.3333333333333333,-0.3132530120481928,-1.879732739420892,1.3157894736842108,-0.38888888888888873,1.687500000000001,0
673,0.9047619047619051,3.0,0.2352941176470589,-0.2857142857142859,-0.04761904761904768,1.2,2.7228915662650603,0.534521158129154,-0.8421052631578957,-0.5,-0.43749999999999967,0
459,1.1904761904761907,-0.7916666666666667,1.0882352941176472,0.8571428571428564,0.19047619047619072,-0.6,-0.3855421686746988,1.3363028953229097,-0.2631578947368436,0.6666666666666669,0.6250000000000001,1
376,1.7142857142857144,0.08333333333333341,1.3235294117647058,3.1428571428571423,2.0952380952380962,-0.5333333333333333,-0.5542168674698795,0.7126948775055222,-1.5789473684210544,1.166666666666667,1.000000000000001,1
334,0.23809523809523814,0.16666666666666682,-0.5294117647058824,-0.14285714285714296,1.1904761904761907,0.13333333333333333,0.14457831325301204,-0.44543429844096993,-0.9473684210526326,-0.5555555555555556,0.5000000000000006,0
856,-0.1428571428571432,0.8958333333333333,-0.7058823529411766,0.4285714285714282,-0.42857142857142916,-0.26666666666666666,-0.5783132530120482,-0.6325167037861664,1.0526315789473673,0.5,0.9375000000000002,1
1408,-0.9047619047619051,-0.041666666666666706,-0.7647058823529412,-0.14285714285714296,-0.7619047619047622,1.7333333333333334,0.3855421686746988,-0.8017817371937558,1.210526315789474,1.7222222222222232,0.31250000000000006,1
1302,-0.5714285714285716,1.4166666666666665,-0.5588235294117647,-0.2857142857142859,0.952380952380953,0.4,0.4578313253012048,-0.3652561247216141,1.5263157894736847,0.6666666666666669,0.9375000000000002,1
1481,-1.0952380952380958,0.4166666666666666,-0.6764705882352942,-1.0,0.0,-0.5333333333333333,-0.6024096385542169,-0.8106904231625841,1.8421052631578958,0.0,-0.06249999999999979,0
637,0.8095238095238093,1.5,0.05882352941176476,0.28571428571428525,0.2857142857142854,1.0666666666666667,2.6265060240963853,0.489977728285062,-0.3684210526315782,-0.5,-0.49999999999999944,0
329,2.6190476190476195,-1.0416666666666667,1.0588235294117647,0.5714285714285712,0.09523809523809074,-0.5333333333333333,-0.40963855421686746,1.514476614699278,-0.7894736842105261,0.2777777777777781,-0.31250000000000006,1
694,0.5238095238095237,-0.16666666666666682,0.17647058823529413,0.8571428571428564,0.19047619047619072,0.4666666666666667,2.0240963855421685,0.7126948775055222,0.052631578947367315,0.0,-0.49999999999999944,0
319,0.9047619047619051,0.5833333333333334,0.3823529411764706,1.4285714285714282,0.14285714285714304,0.4666666666666667,0.5060240963855421,0.935412026726032,0.3157894736842109,0.5,0.8125000000000007,1
1227,-0.1904761904761907,0.24999999999999978,-0.6764705882352942,2.7142857142857126,0.0,0.8666666666666667,0.1927710843373494,-0.39198218262804957,-1.5263157894736847,-0.8333333333333337,-0.6250000000000001,0
1174,-0.1428571428571432,-0.6666666666666669,0.14705882352941174,-0.7142857142857144,-0.04761904761904768,0.8,0.6506024096385542,0.16035634743876104,0.7894736842105261,0.0,-0.43749999999999967,1
168,-0.28571428571428603,0.1250000000000001,-0.6764705882352942,-0.8571428571428571,-0.38095238095238143,0.2,0.0963855421686747,-0.534521158129154,0.3157894736842109,-0.7777777777777781,-0.7499999999999997,0
13,-1.0952380952380958,0.39583333333333326,-0.7647058823529412,-0.8571428571428571,0.4285714285714285,0.13333333333333333,0.5060240963855421,-1.1135857461024496,1.4210526315789478,-0.5555555555555556,-0.18749999999999936,0
261,0.0,-0.7916666666666667,-0.08823529411764706,-0.7142857142857144,-0.14285714285714304,0.26666666666666666,0.1686746987951807,-0.24498886414255572,-0.10526315789473696,0.16666666666666688,-0.5624999999999992,0
1471,1.0,0.708333333333333,-0.4411764705882354,-1.142857142857143,0.19047619047619072,-0.4,-0.3373493975903614,-0.45434298440979826,-2.2631578947368434,-0.8333333333333337,-0.31250000000000006,0
902,-0.23809523809523814,0.47916666666666663,-0.4705882352941177,0.28571428571428525,0.0,0.13333333333333333,-0.12048192771084337,0.24944320712694515,1.4210526315789478,0.38888888888888873,0.375000000000001,1
139,-0.04761904761904788,0.16666666666666682,-0.20588235294117652,-0.14285714285714296,0.04761904761904768,0.06666666666666667,1.6144578313253013,-0.26726057906460177,0.10526315789473696,-0.44444444444444436,-0.43749999999999967,0
550,0.5238095238095237,0.041666666666666706,0.6764705882352942,-0.4285714285714288,4.333333333333336,-0.5333333333333333,-0.3132530120481928,0.3118040089086938,-0.21052631578947392,-0.05555555555555562,-0.49999999999999944,1
963,-0.6190476190476195,0.20833333333333307,-0.7058823529411766,-0.14285714285714296,1.6666666666666676,-0.5333333333333333,-0.5301204819277109,-0.115812917594669,0.3684210526315782,0.38888888888888873,-0.43749999999999967,0
1284,0.3809523809523805,0.4583333333333333,0.05882352941176476,0.7142857142857141,0.7619047619047622,0.2,0.7469879518072289,0.24053452115811683,-0.2631578947368436,0.05555555555555562,0.0,1
559,1.4285714285714288,0.041666666666666706,0.6764705882352942,3.428571428571427,1.80952380952381,-0.26666666666666666,-0.5060240963855421,1.514476614699278,-1.2631578947368436,-0.33333333333333315,0.9375000000000002,1
1393,-0.3809523809523814,0.4166666666666666,-0.5882352941176472,-1.2857142857142856,-0.47619047619047616,-0.6,-0.6265060240963856,-1.1581291759465415,-0.7368421052631587,-0.7777777777777781,-0.24999999999999917,0
994,-0.3809523809523814,-0.75,0.05882352941176476,-0.2857142857142859,0.09523809523809074,1.1333333333333333,0.7228915662650602,0.062360801781748645,0.7368421052631587,-0.7777777777777781,-0.49999999999999944,0
225,0.23809523809523814,0.47916666666666663,0.2941176470588235,-0.2857142857142859,0.4285714285714285,0.06666666666666667,0.40963855421686746,0.2895322939865983,0.0,-0.2777777777777781,0.1250000000000007,0
410,2.1904761904761907,-0.25,0.6764705882352942,3.2857142857142847,-0.47619047619047616,0.8,0.26506024096385544,0.5790645879732461,-1.3684210526315805,-0.2777777777777781,-0.37499999999999983,0
326,1.0,-0.1250000000000001,-0.17647058823529413,12.57142857142857,-0.42857142857142916,-0.06666666666666667,0.2891566265060241,2.0935412026725735,-0.7894736842105261,0.38888888888888873,-0.6250000000000001,1
1157,0.2857142857142856,-1.4166666666666667,0.7352941176470589,-0.6428571428571429,-0.42857142857142916,2.066666666666667,1.2048192771084338,-0.694877505567915,0.10526315789473696,0.7777777777777781,1.000000000000001,1
300,-0.4761904761904763,0.6250000000000001,-0.5882352941176472,-0.14285714285714296,0.0,-0.4,-0.12048192771084337,0.7349665924275682,1.9473684210526327,0.5,-0.37499999999999983,0
1007,0.5714285714285712,-0.9583333333333335,0.20588235294117652,-0.21428571428571475,-0.80952380952381,-0.06666666666666667,-0.26506024096385544,-0.7305122494431788,-0.2631578947368436,1.2222222222222225,0.9375000000000002,1
1553,-0.7619047619047623,0.6666666666666669,-0.7352941176470589,2.1428571428571423,1.0952380952380953,1.2,0.3855421686746988,-0.4187082405345345,1.0526315789473673,0.2222222222222225,0.687500000000001,1
756,-0.04761904761904788,1.6250000000000002,-0.5588235294117647,-0.4285714285714288,-1.047619047619053,0.5333333333333333,0.21686746987951808,-0.6904231625835257,1.0526315789473673,-1.055555555555556,0.31250000000000006,1
1482,0.14285714285714238,-1.0,1.0,1.1428571428571423,1.142857142857143,-0.26666666666666666,-0.3855421686746988,0.6592427616926019,0.42105263157894784,0.33333333333333376,0.2500000000000003,0
194,-0.1428571428571432,0.1250000000000001,-0.14705882352941183,0.0,-0.42857142857142916,-0.4666666666666667,-0.24096385542168675,-0.17817371937641766,-0.15789473684210661,-0.38888888888888873,-0.31250000000000006,0
1202,0.0,-0.75,0.2941176470588235,-0.4285714285714288,-0.7142857142857145,-0.6,-0.6746987951807228,-1.162583518930931,-0.21052631578947392,-0.44444444444444436,0.6250000000000001,1
574,1.2380952380952381,0.29166666666666646,0.6764705882352942,-0.14285714285714296,-0.47619047619047616,0.0,0.21686746987951808,1.024498886414216,-0.05263157894736965,-0.33333333333333315,-0.37499999999999983,0
504,1.2380952380952381,-1.0833333333333335,0.6176470588235293,-0.4285714285714288,-0.09523809523809536,-0.5333333333333333,-0.3373493975903614,0.35634743875278585,-0.6842105263157892,2.3333333333333344,0.4375000000000008,1
606,0.1904761904761907,0.3333333333333332,-0.3823529411764706,0.5714285714285712,0.23809523809523842,-0.5333333333333333,-0.3373493975903614,0.7126948775055222,0.0,-0.16666666666666688,-0.6250000000000001,1
1162,0.4285714285714288,-0.2916666666666667,0.5,-1.142857142857143,-0.19047619047619072,-0.13333333333333333,-0.40963855421686746,-0.5746102449888566,-0.5263157894736848,0.7222222222222225,0.0,1
1427,-0.09523809523809534,-1.2083333333333335,0.3235294117647059,-0.5714285714285715,-1.61904761904762,0.6,0.5301204819277109,0.13363028953227615,0.5263157894736848,0.5,1.1875000000000004,1
4,1.5714285714285712,-1.0,0.8823529411764708,-0.4285714285714288,-0.23809523809523842,0.2,0.5301204819277109,0.534521158129154,-0.7894736842105261,-0.2222222222222225,-0.24999999999999917,1
844,-0.3809523809523814,0.6875000000000002,0.2647058823529411,-0.2857142857142859,0.3809523809523808,-0.3333333333333333,1.3012048192771084,-0.2227171492205097,-0.15789473684210661,0.0,-0.49999999999999944,0
322,0.666666666666667,0.3749999999999999,0.0,1.7142857142857135,0.47619047619047616,0.7333333333333333,1.180722891566265,1.3140311804008638,-0.3684210526315782,0.0,-0.31250000000000006,0
6,-0.23809523809523814,0.5833333333333334,-0.7647058823529412,-0.5714285714285715,-0.23809523809523842,-0.06666666666666667,0.04819277108433735,0.44543429844096993,1.0526315789473673,-0.33333333333333315,-0.49999999999999944,0
223,-0.5238095238095242,0.3749999999999999,-0.6470588235294118,-1.0,-1.0952380952380958,-0.6,-0.6746987951807228,-0.6904231625835257,0.5789473684210521,-0.11111111111111124,-0.43749999999999967,0
40,-0.28571428571428603,-0.2916666666666667,0.2941176470588235,5.285714285714285,-0.2857142857142861,-0.13333333333333333,1.180722891566265,0.44543429844096993,0.10526315789473696,1.166666666666667,0.1875000000000005,0
543,0.666666666666667,0.8124999999999998,-0.05882352941176476,-0.14285714285714296,-0.47619047619047616,-0.6,-0.43373493975903615,-0.0890868596881841,-1.0,-0.16666666666666688,-0.18749999999999936,0
243,-0.09523809523809534,0.24999999999999978,-0.4705882352941177,-0.5714285714285715,1.0476190476190477,0.9333333333333333,1.7108433734939759,-0.512249443207108,-1.210526315789474,-0.7222222222222225,-0.24999999999999917,1
137,0.1904761904761907,0.8124999999999998,-0.32352941176470595,-0.5714285714285715,0.4285714285714285,-0.26666666666666666,0.3373493975903614,0.0,-0.42105263157894784,0.8333333333333337,-0.43749999999999967,0
1404,-0.3333333333333335,-0.7916666666666667,0.20588235294117652,-0.7142857142857144,-0.9047619047619053,-0.7333333333333333,-0.6024096385542169,-0.35634743875278585,-0.42105263157894784,2.6666666666666683,-0.12499999999999958,1
1262,-0.7619047619047623,2.0833333333333335,-0.7647058823529412,-0.2857142857142859,0.14285714285714304,0.2,-0.3373493975903614,-1.0824053452115752,1.4736842105263153,-0.38888888888888873,0.6250000000000001,0
678,0.33333333333333304,1.1666666666666667,-0.4411764705882354,0.14285714285714232,0.19047619047619072,-0.13333333333333333,-0.1686746987951807,0.489977728285062,0.47368421052631515,-0.7777777777777781,-0.18749999999999936,0
874,0.5714285714285712,-1.291666666666667,0.3235294117647059,-0.8571428571428571,-0.6190476190476192,-0.5333333333333333,-0.6746987951807228,-0.5701559020044672,-0.42105263157894784,-0.2222222222222225,0.5625000000000003,1
922,0.23809523809523814,-0.6666666666666669,0.17647058823529413,0.0,0.04761904761904768,1.2,0.9879518072289156,-0.17817371937641766,-0.05263157894736965,0.5555555555555556,0.5000000000000006,1
1133,-0.23809523809523814,-0.6666666666666669,0.2352941176470589,-0.5714285714285715,-0.23809523809523842,0.26666666666666666,0.0,-1.5590200445434195,0.3684210526315782,1.444444444444445,2.125000000000001,1
850,-0.7142857142857144,0.4583333333333333,-0.14705882352941183,-0.8571428571428571,0.0,-0.13333333333333333,-0.14457831325301204,0.040089086859702625,1.4210526315789478,0.2222222222222225,-0.24999999999999917,0
1457,-0.9047619047619051,0.08333333333333341,-0.5882352941176472,-0.5714285714285715,-1.428571428571429,1.6,1.2289156626506024,-1.9777282850779045,-0.05263157894736965,-0.6666666666666669,0.21875000000000094,1
582,2.095238095238096,-0.08333333333333341,0.6764705882352942,0.0,0.4285714285714285,-0.6,-0.5783132530120482,1.514476614699278,-0.6315789473684218,-1.0000000000000002,-0.37499999999999983,0
1573,-0.28571428571428603,0.708333333333333,0.17647058823529413,0.0,-0.5238095238095238,1.4,1.5903614457831325,-0.2138084632516814,0.10526315789473696,-0.6111111111111113,-0.43749999999999967,0
662,-0.1904761904761907,-0.4166666666666668,0.14705882352941174,-0.8571428571428571,0.0,0.06666666666666667,0.0963855421686747,0.44543429844096993,0.0,0.11111111111111124,-0.7499999999999997,0
1238,-0.3809523809523814,0.9583333333333333,-0.7352941176470589,0.0,-1.0000000000000007,-0.2,-0.4819277108433735,-1.951002227171469,0.42105263157894784,-1.2222222222222225,1.6250000000000013,1
1480,0.14285714285714238,-1.0,1.0,1.1428571428571423,1.142857142857143,-0.26666666666666666,-0.3855421686746988,0.6592427616926019,0.42105263157894784,0.33333333333333376,0.2500000000000003,0
377,1.7142857142857144,-0.2916666666666667,0.7058823529411765,1.1428571428571423,-0.09523809523809536,0.3333333333333333,0.21686746987951808,1.55902004454337,-0.2631578947368436,2.7222222222222237,0.5000000000000006,1
315,-0.23809523809523814,-0.6666666666666669,0.08823529411764698,0.5714285714285712,0.3333333333333331,0.8,0.8192771084337349,-0.15590200445437163,0.42105263157894784,0.33333333333333376,0.5000000000000006,0
443,3.666666666666667,0.6875000000000002,1.4705882352941178,2.1428571428571423,0.952380952380953,-0.5333333333333333,0.12048192771084337,2.850779510022237,-1.894736842105263,0.33333333333333376,0.6250000000000001,1
320,0.8095238095238093,1.0416666666666667,-0.41176470588235303,0.9999999999999993,0.09523809523809074,1.0666666666666667,0.8674698795180723,0.8240534521158018,-0.05263157894736965,0.11111111111111124,0.1250000000000007,1
1493,-0.8095238095238098,0.5416666666666667,-0.5882352941176472,-0.8571428571428571,-1.428571428571429,-0.5333333333333333,-0.4819277108433735,-1.4788418708240143,1.3684210526315783,-0.44444444444444436,1.0937500000000002,0
1054,0.1904761904761907,-0.7916666666666667,0.47058823529411764,0.14285714285714232,-0.47619047619047616,-0.3333333333333333,-0.43373493975903615,-1.1314031180400568,0.3684210526315782,0.8333333333333337,1.5625000000000004,1
1536,-0.4285714285714288,0.1250000000000001,-0.3823529411764706,0.0,-0.23809523809523842,0.06666666666666667,-0.07228915662650602,-0.4008908685968779,0.26315789473684126,-0.16666666666666688,-0.31250000000000006,1
1203,0.33333333333333304,-0.4166666666666668,0.3823529411764706,-0.5714285714285715,-0.5714285714285715,-0.5333333333333333,-0.6265060240963856,-0.7305122494431788,0.21052631578947392,0.38888888888888873,0.9375000000000002,1
425,-0.09523809523809534,1.8333333333333333,-0.17647058823529413,-0.2857142857142859,-1.5714285714285723,0.06666666666666667,0.5301204819277109,-0.5790645879732461,0.26315789473684126,-1.0000000000000002,0.4375000000000008,0
554,-1.3809523809523814,2.166666666666667,-0.05882352941176476,-0.8571428571428571,-1.428571428571429,1.2,1.3975903614457832,-1.5144766146993274,2.2631578947368434,0.0,0.8125000000000007,0
595,0.0,0.8333333333333331,-0.2647058823529412,0.5714285714285712,0.7619047619047622,0.4,0.0,0.44543429844096993,0.47368421052631515,-0.5,-0.43749999999999967,0
1477,0.9523809523809526,-0.08333333333333341,0.7058823529411765,16.57142857142857,5.952380952380954,2.2666666666666666,1.0602409638554218,2.5033407572382798,-0.7894736842105261,0.7222222222222225,-0.8749999999999993,0
945,0.1904761904761907,-0.9166666666666669,0.6764705882352942,2.2857142857142847,0.47619047619047616,-0.2,-0.3373493975903614,-0.8106904231625841,-0.21052631578947392,0.11111111111111124,1.1875000000000004,1
893,1.0476190476190474,-0.2916666666666667,-0.08823529411764706,-0.4285714285714288,0.09523809523809074,-0.26666666666666666,-0.4819277108433735,0.418708240534485,-0.47368421052631515,0.16666666666666688,-0.5624999999999992,1
1550,-0.23809523809523814,-0.6666666666666669,0.11764705882352937,-0.5714285714285715,-0.2857142857142861,0.2,-0.3373493975903614,-1.162583518930931,-0.3684210526315782,0.44444444444444436,0.7500000000000009,1
840,-0.9047619047619051,-0.08333333333333341,-0.6470588235294118,0.0,0.5714285714285715,-0.06666666666666667,-0.2891566265060241,-0.1469933184855433,0.7894736842105261,-0.8333333333333337,-0.12499999999999958,0
228,0.5238095238095237,1.2499999999999998,-0.35294117647058826,0.5714285714285712,0.4285714285714285,-0.3333333333333333,-0.3614457831325301,0.7126948775055222,0.42105263157894784,0.05555555555555562,-0.24999999999999917,0
1138,1.1904761904761907,0.0,0.5588235294117647,-0.2857142857142859,0.0,-0.5333333333333333,-0.6024096385542169,0.418708240534485,-0.47368421052631515,0.7777777777777781,0.7500000000000009,1
919,0.23809523809523814,-0.6666666666666669,0.17647058823529413,0.0,0.04761904761904768,1.2,0.9879518072289156,-0.17817371937641766,-0.05263157894736965,0.5555555555555556,0.5000000000000006,1
1433,-0.9523809523809526,-0.3333333333333334,-0.7647058823529412,-0.8571428571428571,-1.8095238095238102,-0.7333333333333333,-0.6506024096385542,-1.0690423162583576,0.894736842105263,1.2777777777777781,0.9375000000000002,1
775,0.0,-0.5,0.11764705882352937,-0.5714285714285715,3.6666666666666683,-0.8,0.1686746987951807,0.2093541202672425,0.0,1.6111111111111118,-0.43749999999999967,1
67,-0.1904761904761907,0.0,-0.4411764705882354,-1.0,-0.04761904761904768,-0.2,0.024096385542168676,0.0,0.5789473684210521,-0.2222222222222225,-0.37499999999999983,0
394,0.23809523809523814,0.6041666666666667,1.0294117647058825,-0.2857142857142859,1.52380952380952,-0.06666666666666667,1.3734939759036144,0.0890868596881841,-0.7894736842105261,-0.44444444444444436,-0.6874999999999999,0
212,0.04761904761904746,0.8541666666666665,-0.05882352941176476,0.8571428571428564,0.14285714285714304,-0.26666666666666666,0.5783132530120482,0.022271714922046024,0.21052631578947392,-0.33333333333333315,-0.12499999999999958,1
1193,-0.3333333333333335,-1.1250000000000002,0.3235294117647059,0.4285714285714282,-0.80952380952381,-0.2,0.07228915662650602,-1.0734966592427468,1.105263157894737,1.0000000000000007,1.3750000000000009,1
837,-0.5714285714285716,-1.0,0.05882352941176476,0.28571428571428525,-3.23809523809524,1.4666666666666666,1.4939759036144578,-2.7438752783963967,-0.2631578947368436,-1.2777777777777781,0.9375000000000002,1
744,1.7619047619047619,-0.45833333333333354,0.9411764705882353,0.8571428571428564,0.7619047619047622,0.7333333333333333,1.5180722891566265,1.5322939866369345,-0.9473684210526326,-0.5,-0.12499999999999958,0
86,-0.4761904761904763,0.1250000000000001,-0.32352941176470595,0.0,-0.19047619047619072,0.3333333333333333,0.04819277108433735,-0.3118040089086938,0.5263157894736848,-0.16666666666666688,-0.06249999999999979,0
1440,-0.28571428571428603,0.6250000000000001,-0.7058823529411766,0.0,-0.38095238095238143,1.1333333333333333,1.3012048192771084,-0.5077951002227186,0.052631578947367315,0.33333333333333376,0.5416666666666871,1
273,1.4285714285714288,-0.6250000000000001,0.9411764705882353,2.5714285714285707,-0.42857142857142916,0.2,0.6506024096385542,1.135857461024446,-0.47368421052631515,0.8888888888888894,-0.06249999999999979,0
1034,-0.1904761904761907,0.20833333333333307,-0.5294117647058824,0.5714285714285712,0.4285714285714285,0.0,-0.26506024096385544,-0.39198218262804957,-0.05263157894736965,-0.16666666666666688,0.1250000000000007,1
887,0.5238095238095237,1.1666666666666667,-0.41176470588235303,0.28571428571428525,0.14285714285714304,-0.4,-0.24096385542168675,0.694877505567915,0.10526315789473696,0.16666666666666688,0.1250000000000007,1
1447,-0.4761904761904763,0.4583333333333333,-0.7058823529411766,-0.4285714285714288,-0.09523809523809536,0.26666666666666666,-0.1927710843373494,0.14253897550110445,0.47368421052631515,0.7222222222222225,-0.24999999999999917,0
1442,-0.23809523809523814,1.1041666666666667,-0.20588235294117652,4.285714285714285,0.6666666666666669,0.3333333333333333,1.4457831325301205,0.14699331848549388,-0.7894736842105261,-0.5555555555555556,-0.39583333333333093,1
631,0.3809523809523805,0.08333333333333341,0.0,0.4285714285714282,0.8095238095238053,-0.4666666666666667,-0.1686746987951807,0.35634743875278585,-0.21052631578947392,-0.11111111111111124,-0.5624999999999992,1
1094,0.6190476190476186,-0.8750000000000001,0.2941176470588235,0.0,-0.04761904761904768,-0.2,-0.1686746987951807,-0.28953229398664776,0.10526315789473696,1.3333333333333337,1.1250000000000007,1
1491,-0.3809523809523814,-1.2500000000000002,0.6764705882352942,-0.5714285714285715,-1.9523809523809532,-0.4,-0.4819277108433735,-1.496659242761671,0.42105263157894784,-0.33333333333333315,1.3750000000000009,1
506,1.095238095238095,-0.1250000000000001,1.0882352941176472,0.9999999999999993,-0.38095238095238143,-0.26666666666666666,-0.2891566265060241,0.0,-0.7894736842105261,0.8888888888888894,1.4375000000000007,1
274,0.23809523809523814,0.8124999999999998,-0.17647058823529413,0.28571428571428525,-0.19047619047619072,-0.26666666666666666,0.0,0.24498886414250626,0.0,0.11111111111111124,-0.49999999999999944,0
813,1.3809523809523814,-0.2916666666666667,0.20588235294117652,0.4285714285714282,0.9047619047619053,0.4,0.0,0.6146993318485098,-0.3684210526315782,0.5,0.375000000000001,0
363,1.904761904761905,0.24999999999999978,1.1764705882352944,0.4285714285714282,-0.38095238095238143,-0.5333333333333333,-0.024096385542168676,1.069042316258308,-1.3684210526315805,-0.33333333333333315,-0.12499999999999958,0
3,-0.04761904761904788,1.0,-0.6470588235294118,0.14285714285714232,0.5714285714285715,0.06666666666666667,0.3855421686746988,0.0890868596881841,-0.2631578947368436,0.16666666666666688,-0.24999999999999917,0
312,0.0,0.041666666666666706,-0.05882352941176476,-0.2857142857142859,-0.38095238095238143,0.06666666666666667,1.6144578313253013,-0.35634743875278585,-0.21052631578947392,-0.44444444444444436,-0.49999999999999944,1
1079,0.33333333333333304,-0.6250000000000001,1.147058823529412,5.999999999999999,0.0,-0.7333333333333333,-0.7228915662650602,0.6102449888641204,-0.21052631578947392,-0.2222222222222225,0.5000000000000006,0
745,1.5238095238095237,-0.5416666666666667,0.8235294117647061,0.7142857142857141,0.7142857142857145,0.4666666666666667,1.5180722891566265,1.469933184855186,-0.9473684210526326,-0.6111111111111113,-0.43749999999999967,0
666,0.7142857142857144,0.29166666666666646,-0.35294117647058826,-0.2857142857142859,0.19047619047619072,0.7333333333333333,0.24096385542168675,0.5790645879732461,-0.894736842105263,-0.33333333333333315,-0.31250000000000006,0
365,2.333333333333334,0.39583333333333326,1.1764705882352944,5.1428571428571415,0.14285714285714304,-0.4666666666666667,0.0963855421686747,2.405345211581218,-1.2631578947368436,0.6111111111111113,-0.12499999999999958,1
1576,-0.1904761904761907,0.0,0.41176470588235303,0.0,-0.952380952380953,-0.13333333333333333,-0.43373493975903615,-0.9175946547884247,-0.2631578947368436,0.11111111111111124,1.000000000000001,1
216,-0.4285714285714288,-0.1250000000000001,0.6764705882352942,4.857142857142855,-0.952380952380953,0.8,2.0,0.2672605790645523,0.15789473684210428,0.7777777777777781,0.1875000000000005,0
1581,-0.23809523809523814,-0.7083333333333335,0.20588235294117652,0.28571428571428525,-0.5714285714285715,-0.3333333333333333,-0.2891566265060241,-0.935412026726032,0.26315789473684126,-0.11111111111111124,1.0625000000000009,1
28,0.0,-0.3750000000000001,-0.14705882352941183,-0.8571428571428571,1.2380952380952384,-0.26666666666666666,-0.024096385542168676,-0.0890868596881841,-0.7368421052631587,1.6111111111111118,-0.43749999999999967,0
1146,0.14285714285714238,-1.3333333333333335,0.5,0.4285714285714282,-0.19047619047619072,1.1333333333333333,0.3132530120481928,-0.03563474387526375,1.1578947368421042,1.0555555555555562,0.1250000000000007,1
988,-0.3809523809523814,-0.6666666666666669,0.11764705882352937,-0.8571428571428571,0.0,1.4,0.7710843373493976,0.057906458797309775,0.6842105263157892,-0.6666666666666669,-0.49999999999999944,0
1586,-0.3333333333333335,-0.5416666666666667,0.5294117647058824,0.5714285714285712,-0.6666666666666669,0.5333333333333333,0.24096385542168675,-0.8285077951001912,-0.05263157894736965,1.2222222222222225,0.8125000000000007,1
639,-0.09523809523809534,1.6458333333333335,-0.41176470588235303,0.0,3.0000000000000004,-0.4666666666666667,-0.3614457831325301,-0.17817371937641766,0.21052631578947392,0.16666666666666688,0.0,1
848,-0.23809523809523814,0.6666666666666669,-0.2941176470588236,-0.5714285714285715,-0.09523809523809536,-0.13333333333333333,0.024096385542168676,0.4008908685968779,1.0,0.44444444444444436,-0.18749999999999936,1
719,0.23809523809523814,0.16666666666666682,-0.6470588235294118,-0.2857142857142859,0.09523809523809074,-0.26666666666666666,-0.3855421686746988,0.35634743875278585,-0.47368421052631515,-1.0000000000000002,-0.37499999999999983,0
692,0.6190476190476186,1.6666666666666667,-0.05882352941176476,0.5714285714285712,0.3333333333333331,-0.13333333333333333,1.3253012048192772,1.3363028953229097,0.894736842105263,-0.44444444444444436,-0.24999999999999917,0
939,-0.3333333333333335,-0.5833333333333334,0.35294117647058826,0.8571428571428564,-0.5714285714285715,0.6,0.0963855421686747,-1.4432071269487505,0.15789473684210428,0.5555555555555556,1.687500000000001,1
625,-0.5238095238095242,0.708333333333333,-0.7647058823529412,4.857142857142855,2.0952380952380962,0.4666666666666667,0.4819277108433735,1.2917594654788178,0.7894736842105261,0.5555555555555556,0.0,0
967,0.5238095238095237,-0.5833333333333334,0.4411764705882352,0.28571428571428525,1.0952380952380953,-0.5333333333333333,-0.6746987951807228,-0.33853006681512926,-0.9473684210526326,-0.2222222222222225,1.0625000000000009,1
257,0.7142857142857144,-0.75,0.3235294117647059,0.0,-0.23809523809523842,-0.6,-0.6024096385542169,0.534521158129154,-0.47368421052631515,0.0,-0.6250000000000001,0
26,-0.7619047619047623,-0.5416666666666667,-0.2941176470588236,-1.142857142857143,0.0,-0.2,-0.3614457831325301,-0.5790645879732461,0.15789473684210428,-0.33333333333333315,-0.5624999999999992,0
337,0.4761904761904763,-0.3750000000000001,0.5588235294117647,-0.4285714285714288,-1.3333333333333341,-0.5333333333333333,-0.5301204819277109,-0.8908685968819399,0.21052631578947392,0.44444444444444436,1.4375000000000007,1
573,1.095238095238095,-1.1666666666666667,0.6764705882352942,0.28571428571428525,-0.23809523809523842,-0.26666666666666666,-0.24096385542168675,0.44543429844096993,-0.894736842105263,-0.05555555555555562,0.1250000000000007,0
48,0.3809523809523805,-0.9583333333333335,0.7647058823529412,-0.8571428571428571,1.5714285714285723,-0.13333333333333333,-0.024096385542168676,0.04454342984409205,-0.3157894736842109,-0.2222222222222225,-0.43749999999999967,0
107,-0.04761904761904788,-0.45833333333333354,1.235294117647059,-0.7142857142857144,18.428571428571438,0.26666666666666666,0.7469879518072289,0.22271714922046024,-1.210526315789474,3.833333333333335,-0.5624999999999992,0
350,0.5714285714285712,1.1041666666666667,-0.7647058823529412,0.5714285714285712,0.6190476190476192,-0.2,-0.24096385542168675,1.1581291759464922,0.26315789473684126,1.3333333333333337,-0.49999999999999944,1
56,-0.09523809523809534,0.4166666666666666,-0.6470588235294118,2.2857142857142847,0.19047619047619072,0.7333333333333333,0.1686746987951807,0.44543429844096993,0.15789473684210428,-0.5,-0.43749999999999967,0
917,-1.2380952380952386,0.8124999999999998,-0.20588235294117652,-1.0,3.857142857142859,-0.4666666666666667,0.5783132530120482,-1.2694877505567717,1.6315789473684217,-0.05555555555555562,0.5000000000000006,0
214,0.14285714285714238,0.20833333333333307,0.0,0.0,-0.952380952380953,0.9333333333333333,0.6506024096385542,-0.4008908685968779,-0.05263157894736965,-1.055555555555556,-0.06249999999999979,0
121,-0.28571428571428603,2.291666666666667,-0.5000000000000001,-0.7142857142857144,4.666666666666668,-0.26666666666666666,1.2289156626506024,-0.26726057906460177,-0.05263157894736965,-0.2777777777777781,-0.7499999999999997,0
1006,-0.5238095238095242,-0.6666666666666669,0.17647058823529413,-0.5714285714285715,-0.6190476190476192,-0.6666666666666666,-0.7228915662650602,-1.7817371937638797,0.26315789473684126,-0.38888888888888873,1.6250000000000013,1
73,-0.09523809523809534,0.708333333333333,-0.11764705882352945,-0.4285714285714288,0.19047619047619072,0.26666666666666666,1.3493975903614457,-0.3118040089086938,0.0,-0.7777777777777781,-0.43749999999999967,0
1384,0.04761904761904746,0.3333333333333332,-0.11764705882352945,-0.14285714285714296,0.0,0.7333333333333333,1.6144578313253013,-0.2984409799554761,-0.05263157894736965,-0.7222222222222225,-0.18749999999999936,0
882,-0.1428571428571432,0.8124999999999998,-0.7647058823529412,-0.14285714285714296,-0.5714285714285715,1.0666666666666667,-0.07228915662650602,-0.6547884187082125,0.894736842105263,0.16666666666666688,0.7500000000000009,1
811,-0.28571428571428603,-0.1250000000000001,-0.4705882352941177,0.5714285714285712,-0.5714285714285715,-0.6666666666666666,-0.5783132530120482,-0.5256124721603752,-0.05263157894736965,-0.8333333333333337,0.1875000000000005,0
46,-1.571428571428572,0.0,-0.32352941176470595,-0.14285714285714296,-1.2380952380952388,-0.4,0.6506024096385542,-1.5144766146993274,3.105263157894737,-0.33333333333333315,1.8125000000000007,0
1345,1.7142857142857144,-0.4166666666666668,0.6470588235294118,0.5714285714285712,-0.14285714285714304,-0.4,-0.43373493975903615,0.7661469933184426,-1.1578947368421066,-0.5,0.5000000000000006,0
524,0.666666666666667,-0.5,0.6764705882352942,0.4285714285714282,0.23809523809523842,1.6,2.5060240963855422,0.44543429844096993,-0.47368421052631515,-0.38888888888888873,-0.49999999999999944,0
990,0.8571428571428568,-0.9375000000000002,0.41176470588235303,-1.0,-0.33333333333333376,0.0,-0.40963855421686746,-0.5523385300668107,-0.894736842105263,-0.6111111111111113,0.4375000000000008,1
894,-0.3333333333333335,0.5833333333333334,-0.6764705882352942,0.14285714285714232,-0.09523809523809536,0.13333333333333333,1.1566265060240963,0.28062360801781944,1.1578947368421042,-0.2777777777777781,-0.31250000000000006,0
985,2.0476190476190474,-0.2916666666666667,0.6764705882352942,-1.142857142857143,-0.23809523809523842,-0.7333333333333333,-0.7710843373493976,0.04454342984409205,-0.9473684210526326,0.05555555555555562,0.1250000000000007,0
900,0.1904761904761907,2.0833333333333335,-0.7058823529411766,1.7142857142857135,0.19047619047619072,-0.5333333333333333,-0.6506024096385542,0.9443207126948602,0.894736842105263,-0.7222222222222225,0.5000000000000006,0
534,1.1428571428571432,-1.0416666666666667,-0.05882352941176476,-0.14285714285714296,-0.38095238095238143,0.06666666666666667,-0.12048192771084337,-0.534521158129154,-0.47368421052631515,0.2222222222222225,1.6250000000000013,1
604,2.5238095238095237,-0.25,0.7647058823529412,0.0,-0.42857142857142916,-0.13333333333333333,-0.07228915662650602,1.6926503340756462,-1.105263157894737,-0.33333333333333315,-0.7499999999999997,1
466,1.0,-0.9583333333333335,0.41176470588235303,0.9999999999999993,0.8571428571428577,-0.26666666666666666,-0.2891566265060241,1.6926503340756462,0.894736842105263,1.6111111111111118,-0.31250000000000006,0
924,-0.5238095238095242,-0.45833333333333354,0.14705882352941174,9.428571428571427,0.19047619047619072,0.8,0.1686746987951807,0.6414253897549947,0.3684210526315782,0.11111111111111124,-0.06249999999999979,1
1360,1.7619047619047619,-0.18750000000000017,0.41176470588235303,-1.142857142857143,0.5238095238095238,-0.5333333333333333,-0.24096385542168675,0.1069042316258407,-1.2631578947368436,0.16666666666666688,-0.10416666666668742,1
880,-0.3333333333333335,0.3333333333333332,-0.6470588235294118,0.4285714285714282,-0.19047619047619072,0.26666666666666666,1.2048192771084338,0.2895322939865983,1.1578947368421042,-0.38888888888888873,-0.43749999999999967,0
1593,-0.7619047619047623,-0.041666666666666706,-0.3823529411764706,0.14285714285714232,-0.19047619047619072,1.0,0.04819277108433735,-0.47216035634745485,0.5789473684210521,0.7222222222222225,0.5000000000000006,1
61,0.4285714285714288,-0.5,0.41176470588235303,0.0,-0.04761904761904768,0.3333333333333333,0.3373493975903614,0.534521158129154,0.6842105263157892,0.11111111111111124,-0.6250000000000001,0
1008,0.5714285714285712,-0.9166666666666669,0.2352941176470589,-0.2857142857142859,-0.7619047619047622,-0.13333333333333333,-0.3132530120481928,-0.7305122494431788,-0.2631578947368436,1.2222222222222225,0.9375000000000002,1
93,0.33333333333333304,-0.1250000000000001,0.08823529411764698,-0.2857142857142859,1.428571428571429,0.3333333333333333,2.289156626506024,0.1781737193763682,-2.0,7.555555555555557,-0.24999999999999917,0
667,0.1904761904761907,-0.1250000000000001,0.2941176470588235,-0.5714285714285715,6.761904761904765,-0.5333333333333333,-0.5301204819277109,0.534521158129154,-0.6842105263157892,-0.11111111111111124,-0.43749999999999967,1
1595,-0.8095238095238098,0.3333333333333332,-0.5294117647058824,-0.2857142857142859,0.47619047619047616,1.2,0.14457831325301204,-0.8463251670378478,0.7368421052631587,-0.2222222222222225,0.1875000000000005,0
195,-0.1428571428571432,0.1250000000000001,-0.14705882352941183,0.0,-0.42857142857142916,-0.4666666666666667,-0.24096385542168675,-0.17817371937641766,-0.15789473684210661,-0.38888888888888873,-0.31250000000000006,0
281,1.666666666666667,-1.0833333333333335,0.5294117647058824,1.9999999999999993,-0.42857142857142916,-0.5333333333333333,-0.4578313253012048,0.8017817371937558,-1.0,1.1111111111111112,-0.5624999999999992,1
696,-1.333333333333334,-0.20833333333333354,-0.7058823529411766,-1.2857142857142856,-2.1904761904761916,0.26666666666666666,0.14457831325301204,-2.0935412026725735,3.105263157894737,0.0,1.6250000000000013,1
360,2.238095238095238,-0.5833333333333334,1.1764705882352944,0.5714285714285712,0.3809523809523808,-0.26666666666666666,0.07228915662650602,1.8708240534520144,-0.7368421052631587,0.33333333333333376,-0.24999999999999917,1
520,-0.28571428571428603,-0.6458333333333335,0.6764705882352942,0.4285714285714282,0.3809523809523808,1.6666666666666667,1.6385542168674698,-0.0890868596881841,0.26315789473684126,0.8888888888888894,0.5000000000000006,0
932,-0.23809523809523814,0.3749999999999999,-0.7352941176470589,-0.2857142857142859,-0.2857142857142861,-0.06666666666666667,0.0,0.3028953229398655,0.894736842105263,0.16666666666666688,-0.24999999999999917,0
868,-0.4761904761904763,-0.041666666666666706,-0.08823529411764706,-0.2857142857142859,-0.38095238095238143,-0.06666666666666667,-0.3855421686746988,-1.0779510022271364,0.47368421052631515,1.2222222222222225,0.6250000000000001,1
183,-0.3333333333333335,0.8749999999999999,-0.7058823529411766,0.4285714285714282,-0.19047619047619072,0.13333333333333333,0.0963855421686747,0.1781737193763682,0.6842105263157892,-0.5555555555555556,-0.5624999999999992,0
1089,1.7619047619047619,-0.45833333333333354,0.8235294117647061,-1.0,0.7142857142857145,0.5333333333333333,0.07228915662650602,0.24498886414250626,-1.5263157894736847,0.7777777777777781,-0.18749999999999936,1
1098,0.33333333333333304,0.0,0.35294117647058826,-1.0,0.7619047619047622,-0.6,-0.4819277108433735,-0.062360801781748645,-0.5789473684210521,-0.5555555555555556,-0.49999999999999944,0
111,-0.04761904761904788,0.16666666666666682,-0.20588235294117652,-0.5714285714285715,1.142857142857143,-0.13333333333333333,0.21686746987951808,-0.17817371937641766,-0.6315789473684218,1.7222222222222232,-0.43749999999999967,0
944,0.9047619047619051,-0.08333333333333341,0.2352941176470589,0.14285714285714232,0.6666666666666669,-0.26666666666666666,0.1686746987951807,0.8195991091313629,-0.3684210526315782,-0.11111111111111124,-0.31250000000000006,1
43,-0.1904761904761907,-0.1250000000000001,-0.17647058823529413,0.5714285714285712,12.000000000000005,-0.4,-0.5783132530120482,0.0,-0.5263157894736848,1.5555555555555562,0.1875000000000005,1
747,0.14285714285714238,-0.75,0.35294117647058826,0.4285714285714282,0.0,-0.13333333333333333,0.4578313253012048,0.44543429844096993,-0.05263157894736965,-0.8333333333333337,-0.7499999999999997,1
126,0.5238095238095237,0.4166666666666666,-0.6470588235294118,-0.4285714285714288,3.1428571428571437,0.8666666666666667,1.2530120481927711,0.7126948775055222,-0.7894736842105261,0.44444444444444436,-0.49999999999999944,0
205,-0.4285714285714288,-0.3750000000000001,0.2941176470588235,-0.8571428571428571,0.4285714285714285,0.0,-0.024096385542168676,-0.28953229398664776,0.15789473684210428,-0.33333333333333315,-0.6250000000000001,1
53,-0.6190476190476195,-0.08333333333333341,-0.6470588235294118,-0.14285714285714296,-0.5714285714285715,-0.5333333333333333,-0.5783132530120482,-0.5790645879732461,0.42105263157894784,0.11111111111111124,-0.49999999999999944,1
1274,-0.1904761904761907,0.24999999999999978,-0.17647058823529413,-0.2857142857142859,-0.33333333333333376,1.3333333333333333,0.14457831325301204,-0.8285077951001912,-1.105263157894737,-1.055555555555556,-0.5624999999999992,0
546,0.5714285714285712,-0.20833333333333354,0.6764705882352942,0.5714285714285712,0.6666666666666669,1.6,1.6385542168674698,0.6236080178173381,-1.210526315789474,-0.16666666666666688,-0.6874999999999999,0
69,0.666666666666667,-0.8333333333333334,0.9117647058823528,-0.2857142857142859,-0.2857142857142861,0.8666666666666667,0.6506024096385542,0.04454342984409205,-0.15789473684210661,0.944444444444445,0.31250000000000006,0
1019,0.04761904761904746,-1.4166666666666667,0.3235294117647059,-1.857142857142857,-1.4761904761904767,1.4666666666666666,1.7108433734939759,-2.997772828507731,-2.210526315789474,-1.0000000000000002,1.5625000000000004,1
1458,-0.1428571428571432,-0.1250000000000001,0.20588235294117652,-0.4285714285714288,-0.2857142857142861,0.8666666666666667,1.1325301204819278,0.11581291759461955,0.5263157894736848,-0.2222222222222225,-0.7499999999999997,0
975,0.4285714285714288,-0.7916666666666667,0.4411764705882352,5.285714285714285,-0.33333333333333376,-0.4666666666666667,-0.6024096385542169,-0.09799554565701239,-0.05263157894736965,0.0,1.1875000000000004,1
1069,1.5238095238095237,-0.8750000000000001,0.7941176470588237,0.0,-0.952380952380953,-0.7333333333333333,-0.6746987951807228,-0.48106904231623365,-1.5263157894736847,1.166666666666667,0.4375000000000008,1
184,-0.5238095238095242,0.3749999999999999,-0.17647058823529413,-0.5714285714285715,-0.14285714285714304,-0.2,0.6506024096385542,0.13363028953227615,1.210526315789474,-0.2222222222222225,-0.5624999999999992,0
138,-0.3333333333333335,-0.43750000000000017,0.2941176470588235,-0.2857142857142859,0.04761904761904768,-0.06666666666666667,0.1686746987951807,0.1781737193763682,0.894736842105263,0.11111111111111124,-0.6250000000000001,0
133,-1.0952380952380958,-0.08333333333333341,-0.5000000000000001,0.14285714285714232,-1.4761904761904767,0.2,1.4698795180722892,-1.3808463251670018,1.6842105263157892,0.05555555555555562,1.7500000000000009,0
81,-0.8095238095238098,-0.2916666666666667,-0.17647058823529413,-0.8571428571428571,-0.5238095238095238,-0.7333333333333333,-0.5542168674698795,-0.44543429844096993,0.5263157894736848,-0.33333333333333315,-0.6250000000000001,0
1290,-0.4285714285714288,0.3333333333333332,0.11764705882352937,3.2857142857142847,-0.5714285714285715,0.4,1.7349397590361446,1.0423162583518726,-0.05263157894736965,3.0555555555555562,0.0,0
106,0.09523809523809491,0.2291666666666664,-0.11764705882352945,-0.14285714285714296,-0.14285714285714304,-0.13333333333333333,0.6506024096385542,-0.04454342984409205,-0.10526315789473696,-0.6111111111111113,-0.6250000000000001,0
1237,-0.04761904761904788,0.1250000000000001,-0.7647058823529412,-0.7142857142857144,-0.47619047619047616,-0.4666666666666667,-0.5060240963855421,-0.09354120267262298,-0.2631578947368436,0.11111111111111124,-0.49999999999999944,1
542,0.7619047619047619,-0.25,0.6764705882352942,5.857142857142855,-0.7619047619047622,-0.6,-0.5060240963855421,0.8908685968819399,-0.5263157894736848,0.6111111111111113,0.5000000000000006,1
833,1.1904761904761907,-0.3333333333333334,0.47058823529411764,-1.0,3.0952380952380962,1.3333333333333333,0.24096385542168675,0.6770601336302585,0.3684210526315782,1.3333333333333337,-0.18749999999999936,0
481,1.2857142857142856,-1.0,0.3823529411764706,18.999999999999996,-0.5238095238095238,-0.5333333333333333,-0.3614457831325301,2.583518930957586,-1.0,0.2222222222222225,-0.6250000000000001,0
166,-0.04761904761904788,0.4583333333333333,0.6470588235294118,-0.7142857142857144,0.952380952380953,0.0,1.3975903614457832,-0.3118040089086938,-0.6315789473684218,0.0,-0.43749999999999967,0
249,-0.09523809523809534,0.041666666666666706,-0.5882352941176472,-0.7142857142857144,-0.2857142857142861,-0.3333333333333333,0.024096385542168676,-0.28953229398664776,0.21052631578947392,-0.7777777777777781,-0.24999999999999917,1
308,1.1428571428571432,-0.45833333333333354,0.47058823529411764,0.28571428571428525,6.333333333333337,-0.5333333333333333,-0.5783132530120482,1.1581291759464922,-0.6315789473684218,0.0,-0.43749999999999967,1
447,2.1904761904761907,-0.5833333333333334,1.0,0.5714285714285712,0.04761904761904768,1.1333333333333333,0.8192771084337349,1.2472160356347257,-1.105263157894737,0.6111111111111113,0.1875000000000005,0
843,1.2857142857142856,-0.08333333333333341,0.5588235294117647,0.5714285714285712,1.8571428571428577,1.3333333333333333,0.7228915662650602,0.12472160356344784,-0.42105263157894784,0.5555555555555556,0.4375000000000008,1
335,0.0,0.5416666666666667,-0.7352941176470589,0.4285714285714282,-0.09523809523809536,0.2,0.0,-0.2227171492205097,0.15789473684210428,0.6666666666666669,0.9375000000000002,1
1254,0.0,0.5833333333333334,-0.7647058823529412,-1.142857142857143,0.7619047619047622,-0.5333333333333333,-0.6024096385542169,-0.49443207126950084,0.6315789473684218,-0.2222222222222225,-0.43749999999999967,0
98,-0.4285714285714288,-0.08333333333333341,-0.02941176470588238,-0.2857142857142859,-0.47619047619047616,-0.7333333333333333,-0.3855421686746988,-0.2227171492205097,-0.3157894736842109,0.05555555555555562,-0.6250000000000001,0
859,1.8095238095238093,-1.0,0.6176470588235293,-0.7142857142857144,-1.2380952380952388,0.2,-0.14457831325301204,0.02672605790643545,-0.8421052631578957,0.2777777777777781,0.2500000000000003,1
1577,0.04761904761904746,-0.9166666666666669,1.0882352941176472,-0.8571428571428571,0.04761904761904768,0.13333333333333333,-0.21686746987951808,-0.40979955456570616,-0.05263157894736965,0.8888888888888894,0.375000000000001,1
738,0.14285714285714238,0.29166666666666646,-0.7647058823529412,0.4285714285714282,0.6190476190476192,0.3333333333333333,0.4819277108433735,1.514476614699278,1.0,0.16666666666666688,-0.5624999999999992,1
999,0.4761904761904763,1.3333333333333333,0.2352941176470589,-1.142857142857143,-1.428571428571429,-0.6666666666666666,-0.6746987951807228,-0.5612472160356389,-1.0,-0.7777777777777781,-0.6874999999999999,1
1092,0.0,-0.75,0.47058823529411764,-0.2857142857142859,0.2857142857142854,-0.4,-0.4578313253012048,-0.5968819599109026,0.21052631578947392,-0.11111111111111124,0.7500000000000009,1
422,-0.6190476190476195,1.3333333333333333,-0.6764705882352942,0.14285714285714232,-1.0000000000000007,1.2,0.24096385542168675,-0.7126948775055717,1.105263157894737,-0.33333333333333315,1.312500000000001,1
103,0.09523809523809491,0.10416666666666677,-0.2352941176470589,-0.4285714285714288,0.0,-0.06666666666666667,-0.07228915662650602,0.1781737193763682,-0.05263157894736965,-0.16666666666666688,-0.7499999999999997,1
435,1.1904761904761907,-0.45833333333333354,0.8529411764705884,1.4285714285714282,-0.19047619047619072,0.5333333333333333,0.3855421686746988,1.2472160356347257,-0.8421052631578957,1.5000000000000007,-0.18749999999999936,1
75,0.8571428571428568,-0.8333333333333334,0.8235294117647061,0.4285714285714282,0.6666666666666669,0.9333333333333333,1.0843373493975903,0.7126948775055222,-0.15789473684210661,1.1111111111111112,-0.37499999999999983,0
998,-1.0952380952380958,0.5833333333333334,-0.7647058823529412,0.0,0.3333333333333331,-0.7333333333333333,-0.6506024096385542,-1.345211581291738,2.105263157894737,0.05555555555555562,1.6250000000000013,1
1451,-0.3333333333333335,-0.6250000000000001,0.17647058823529413,-0.2857142857142859,-0.8571428571428577,0.06666666666666667,-0.24096385542168675,-0.935412026726032,-0.42105263157894784,0.6111111111111113,0.687500000000001,1
303,0.1904761904761907,0.7708333333333331,-0.41176470588235303,0.5714285714285712,0.5714285714285715,-0.13333333333333333,-0.24096385542168675,1.1581291759464922,1.0526315789473673,0.5555555555555556,-0.12499999999999958,0
1377,0.14285714285714238,1.5208333333333333,-0.17647058823529413,-1.142857142857143,0.2857142857142854,-0.4666666666666667,-0.1686746987951807,-0.979955456570124,-1.0526315789473697,-0.8888888888888891,-0.12499999999999958,0
1344,-0.1904761904761907,-0.041666666666666706,-0.7058823529411766,-0.7142857142857144,0.19047619047619072,-0.06666666666666667,-0.1686746987951807,-0.6325167037861664,0.26315789473684126,-0.44444444444444436,0.1875000000000005,1
1305,-0.1428571428571432,1.1250000000000002,-0.14705882352941183,0.14285714285714232,0.3333333333333331,0.4666666666666667,0.7228915662650602,-0.5790645879732461,-1.0,-1.0000000000000002,-0.6250000000000001,0
825,-0.3809523809523814,-0.16666666666666682,0.05882352941176476,0.8571428571428564,-0.5714285714285715,-0.5333333333333333,-0.5301204819277109,0.0089086859688283,-0.3684210526315782,-0.5,0.0625000000000009,0
763,0.4285714285714288,0.7499999999999998,-0.7647058823529412,-0.7142857142857144,-0.5238095238095238,-0.4,-0.4578313253012048,0.09354120267257351,0.0,-0.5,-0.12499999999999958,1
734,-0.4285714285714288,-0.2916666666666667,0.2352941176470589,0.7142857142857141,0.09523809523809074,0.13333333333333333,0.8192771084337349,0.534521158129154,1.2631578947368411,-0.11111111111111124,-0.43749999999999967,0
389,-0.04761904761904788,-0.25,0.0,-0.4285714285714288,0.3809523809523808,0.6,0.3614457831325301,0.5790645879732461,0.6315789473684218,0.6666666666666669,-0.6250000000000001,1
1325,-0.5714285714285716,-0.25,-0.05882352941176476,-0.7142857142857144,-0.14285714285714304,0.26666666666666666,-0.0963855421686747,-0.8908685968819399,0.42105263157894784,-0.11111111111111124,0.2500000000000003,1
268,0.0,-0.7083333333333335,0.5882352941176472,1.9999999999999993,-0.09523809523809536,0.06666666666666667,-0.024096385542168676,0.22271714922046024,0.21052631578947392,1.3333333333333337,1.6250000000000013,1
1449,-0.4761904761904763,0.24999999999999978,-0.7352941176470589,-0.4285714285714288,0.0,1.7333333333333334,0.3855421686746988,0.013363028953217724,0.47368421052631515,0.6111111111111113,-0.31250000000000006,0
118,-0.04761904761904788,0.16666666666666682,-0.41176470588235303,-0.2857142857142859,0.09523809523809074,-0.4666666666666667,-0.24096385542168675,0.0890868596881841,0.3157894736842109,-0.6666666666666669,-0.49999999999999944,1
1289,-0.4285714285714288,0.3333333333333332,0.11764705882352937,3.2857142857142847,-0.5714285714285715,0.4,1.7349397590361446,1.0423162583518726,-0.05263157894736965,3.0555555555555562,0.0,0
674,0.14285714285714238,0.8749999999999999,-0.14705882352941183,-0.7142857142857144,-0.2857142857142861,-0.6,-0.6024096385542169,0.0,-0.5789473684210521,-0.5555555555555556,-0.43749999999999967,0
250,-0.28571428571428603,0.5833333333333334,-0.7647058823529412,-0.2857142857142859,0.19047619047619072,-0.5333333333333333,-0.3614457831325301,0.6681514476614302,1.5789473684210522,1.8888888888888893,-0.18749999999999936,1
1303,0.5714285714285712,-0.6250000000000001,0.17647058823529413,-0.14285714285714296,-0.7619047619047622,-0.6666666666666666,-0.5542168674698795,-0.4632516703786265,-0.05263157894736965,1.0000000000000007,0.6250000000000001,1
72,-0.09523809523809534,0.6250000000000001,-0.08823529411764706,-0.14285714285714296,0.3809523809523808,0.2,1.3975903614457832,-0.26726057906460177,0.052631578947367315,-0.7777777777777781,-0.43749999999999967,0
95,-1.3809523809523814,2.0833333333333335,-0.6470588235294118,-1.142857142857143,-1.6666666666666676,1.8,1.1325301204819278,-1.3363028953229097,2.315789473684211,-0.7777777777777781,0.1875000000000005,0
965,0.2857142857142856,-0.20833333333333354,0.02941176470588238,-0.4285714285714288,-1.047619047619053,0.26666666666666666,0.0,-0.7216035634744,-0.7894736842105261,1.2777777777777781,0.5625000000000003,1
34,-0.4761904761904763,0.3541666666666665,-0.41176470588235303,12.14285714285714,-0.33333333333333376,1.7333333333333334,1.0843373493975903,1.1135857461024001,0.7368421052631587,-0.5555555555555556,-0.49999999999999944,1
800,0.7142857142857144,-0.08333333333333341,0.2352941176470589,1.9999999999999993,0.09523809523809074,-0.6,-0.5783132530120482,0.8463251670378478,-0.10526315789473696,-0.5555555555555556,0.31250000000000006,1
1221,1.4285714285714288,-0.8333333333333334,0.7647058823529412,-0.5714285714285715,2.4761904761904776,0.2,0.14457831325301204,0.24053452115811683,-0.15789473684210661,0.8333333333333337,0.8125000000000007,1
449,0.33333333333333304,0.041666666666666706,-0.11764705882352945,-0.2857142857142859,0.952380952380953,-0.4666666666666667,-0.26506024096385544,-0.04454342984409205,-0.5789473684210521,-0.33333333333333315,0.0,1
446,0.7619047619047619,0.8958333333333333,-0.4705882352941177,-0.14285714285714296,-0.04761904761904768,-0.5333333333333333,-0.1686746987951807,0.8017817371937558,-0.42105263157894784,-0.33333333333333315,-0.06249999999999979,1
772,0.7142857142857144,0.6875000000000002,0.0,0.28571428571428525,0.09523809523809074,0.6,2.5301204819277108,0.44543429844096993,-0.15789473684210661,-0.38888888888888873,-0.49999999999999944,0
717,0.04761904761904746,-0.3750000000000001,0.2941176470588235,0.14285714285714232,-0.23809523809523842,-0.26666666666666666,0.24096385542168675,0.35634743875278585,0.15789473684210428,-0.8888888888888891,-0.49999999999999944,0
1091,1.0,-1.0833333333333335,0.8235294117647061,-0.4285714285714288,0.14285714285714304,1.8666666666666667,0.8674698795180723,-1.0200445434298266,-1.7368421052631589,0.05555555555555562,1.000000000000001,1
1277,0.2857142857142856,-0.5,0.41176470588235303,5.857142857142855,-1.428571428571429,-0.7333333333333333,-0.6746987951807228,-0.5077951002227186,-0.15789473684210661,-0.33333333333333315,1.1250000000000007,0
1,-0.23809523809523814,0.7499999999999998,-0.7647058823529412,-0.4285714285714288,-0.19047619047619072,-0.2,-0.0963855421686747,0.44543429844096993,1.0526315789473673,-0.33333333333333315,-0.49999999999999944,0
1313,0.04761904761904746,2.7499999999999996,-0.14705882352941183,-0.4285714285714288,0.14285714285714304,0.0,0.07228915662650602,-0.6592427616926513,0.15789473684210428,-0.8333333333333337,0.1875000000000005,0
1594,-0.5238095238095242,0.4166666666666666,-0.5294117647058824,-0.4285714285714288,-0.5714285714285715,0.9333333333333333,0.0,-0.12917594654788672,0.5789473684210521,1.1111111111111112,-0.43749999999999967,1
85,-0.7619047619047623,-0.9166666666666669,0.6470588235294118,-0.5714285714285715,-0.5238095238095238,0.26666666666666666,0.5542168674698795,-0.4008908685968779,0.6842105263157892,0.8888888888888894,0.0625000000000009,1
950,0.4761904761904763,-1.6666666666666667,0.5588235294117647,-0.5714285714285715,-0.23809523809523842,-0.26666666666666666,-0.40963855421686746,-0.5701559020044672,0.5263157894736848,0.7777777777777781,1.0625000000000009,1
458,0.6190476190476186,0.4583333333333333,-0.14705882352941183,0.7142857142857141,0.8095238095238053,1.0,0.6506024096385542,0.8908685968819399,-0.15789473684210661,-0.2222222222222225,-0.37499999999999983,0
677,1.3809523809523814,-0.5,0.4411764705882352,0.0,0.19047619047619072,-0.4666666666666667,-0.5060240963855421,0.7126948775055222,-1.210526315789474,0.2777777777777781,-0.5624999999999992,1
1537,-0.8571428571428577,0.041666666666666706,-0.5294117647058824,-0.4285714285714288,-0.14285714285714304,0.6666666666666666,0.1686746987951807,-0.6770601336302585,1.5263157894736847,0.33333333333333376,0.0625000000000009,1
1141,-0.28571428571428603,-0.5,0.11764705882352937,-0.7142857142857144,0.0,1.2666666666666666,0.9879518072289156,0.04454342984409205,0.5263157894736848,0.16666666666666688,-0.43749999999999967,1
437,0.04761904761904746,0.6250000000000001,0.11764705882352937,-0.2857142857142859,-0.952380952380953,1.6,0.5783132530120482,-0.44543429844096993,-0.2631578947368436,-0.33333333333333315,0.0,1
771,-0.3809523809523814,0.29166666666666646,-0.7058823529411766,0.14285714285714232,0.09523809523809074,0.6666666666666666,1.3493975903614457,0.2850779510022089,1.2631578947368411,-0.5,-0.31250000000000006,1
870,-0.1428571428571432,0.4583333333333333,-0.6764705882352942,-0.2857142857142859,0.0,0.8666666666666667,0.12048192771084337,-0.45434298440979826,0.6842105263157892,0.11111111111111124,0.4375000000000008,1
645,0.9523809523809526,0.08333333333333341,0.5588235294117647,0.14285714285714232,-0.42857142857142916,0.13333333333333333,0.04819277108433735,1.024498886414216,0.42105263157894784,0.0,-0.49999999999999944,0
863,-0.1904761904761907,-0.4166666666666668,0.17647058823529413,0.7142857142857141,-0.6190476190476192,-0.4666666666666667,-0.3132530120481928,-0.23162583518928853,-0.3684210526315782,-1.0000000000000002,0.1250000000000007,0
1014,-0.1904761904761907,0.7916666666666665,-0.7647058823529412,-0.8571428571428571,0.5714285714285715,0.5333333333333333,-0.1686746987951807,-0.20044543429846368,0.3684210526315782,-0.2222222222222225,-0.12499999999999958,1
1030,-0.09523809523809534,0.24999999999999978,-0.7352941176470589,-0.5714285714285715,0.3809523809523808,-0.13333333333333333,-0.4819277108433735,-0.4988864142538903,0.052631578947367315,-0.33333333333333315,0.1875000000000005,1
1269,-0.4761904761904763,-0.45833333333333354,0.14705882352941174,-0.2857142857142859,-0.04761904761904768,0.4666666666666667,0.3132530120481928,-0.05345211581292035,0.8421052631578957,-0.38888888888888873,-0.43749999999999967,1
1190,0.4285714285714288,1.8124999999999998,-0.6176470588235295,-0.5714285714285715,-0.23809523809523842,-0.6,-0.4578313253012048,-0.2850779510022089,-0.05263157894736965,-1.0000000000000002,-0.37499999999999983,0
405,-0.09523809523809534,0.708333333333333,-0.6176470588235295,0.7142857142857141,-0.23809523809523842,0.06666666666666667,-0.26506024096385544,0.2672605790645523,-0.2631578947368436,-0.05555555555555562,-0.6874999999999999,0
1387,-0.23809523809523814,0.5,-0.5588235294117647,-0.5714285714285715,0.952380952380953,-0.4,-0.3614457831325301,-0.3118040089086938,-0.05263157894736965,-0.2222222222222225,-0.37499999999999983,0
1554,-0.28571428571428603,0.8958333333333333,-0.7647058823529412,0.0,0.0,0.26666666666666666,-0.24096385542168675,0.37861915367483184,0.5263157894736848,-0.11111111111111124,-0.49999999999999944,0
105,-0.3333333333333335,-0.1250000000000001,-0.05882352941176476,0.0,-0.47619047619047616,-0.6,-0.04819277108433735,-0.35634743875278585,0.10526315789473696,-0.7777777777777781,-0.49999999999999944,0
610,-0.7619047619047623,-0.6666666666666669,-0.20588235294117652,1.4285714285714282,-0.23809523809523842,0.06666666666666667,0.024096385542168676,-0.534521158129154,1.3157894736842108,-0.5555555555555556,1.5625000000000004,1
1047,-0.1428571428571432,1.0833333333333335,-0.7647058823529412,-0.7142857142857144,-0.19047619047619072,1.2666666666666666,0.1686746987951807,-0.3028953229398655,0.0,0.0,0.31250000000000006,1
689,-0.09523809523809534,0.5833333333333334,-0.6470588235294118,-0.8571428571428571,-1.9523809523809532,-0.6666666666666666,-0.6987951807228916,-0.26726057906460177,0.47368421052631515,-0.8333333333333337,-0.49999999999999944,0
1294,-0.1904761904761907,0.9791666666666666,-0.7647058823529412,-0.4285714285714288,0.19047619047619072,-0.5333333333333333,-0.6265060240963856,-0.03563474387526375,0.15789473684210428,-0.7222222222222225,-0.31250000000000006,0
827,-0.1904761904761907,-1.0416666666666667,0.2352941176470589,0.14285714285714232,-1.428571428571429,-0.6666666666666666,-0.7228915662650602,-0.7572383073496637,0.47368421052631515,0.11111111111111124,0.5000000000000006,1
1217,0.0,0.20833333333333307,0.14705882352941174,-0.2857142857142859,-0.04761904761904768,-0.26666666666666666,0.9879518072289156,-0.013363028953217724,-0.10526315789473696,0.38888888888888873,-0.43749999999999967,1
1132,-0.9523809523809526,-1.3750000000000002,-0.14705882352941183,-0.7142857142857144,-1.6666666666666676,2.8666666666666667,2.3373493975903616,-1.5100222717148886,0.052631578947367315,-1.0000000000000002,-0.43749999999999967,0
63,-0.1904761904761907,0.0,-0.2941176470588236,-0.4285714285714288,0.23809523809523842,-0.13333333333333333,-0.07228915662650602,0.0,0.3684210526315782,0.0,-0.43749999999999967,1
282,-0.09523809523809534,-1.0416666666666667,1.235294117647059,1.8571428571428563,13.238095238095243,-0.6,-0.6746987951807228,0.1781737193763682,-0.3157894736842109,2.5555555555555567,-0.18749999999999936,1
853,0.04761904761904746,-0.4166666666666668,0.17647058823529413,0.4285714285714282,0.0,0.8,2.0240963855421685,0.5389755011135434,-0.47368421052631515,2.5000000000000013,-0.31250000000000006,0
779,0.1904761904761907,-0.3750000000000001,0.11764705882352937,1.7142857142857135,-0.04761904761904768,-0.4666666666666667,-0.0963855421686747,0.48106904231623365,0.26315789473684126,-0.05555555555555562,0.1875000000000005,0
1590,-0.6190476190476195,0.8541666666666665,-0.17647058823529413,7.999999999999997,-0.33333333333333376,1.0,0.9879518072289156,0.4008908685968779,-0.10526315789473696,-0.44444444444444436,-0.6250000000000001,0
239,-0.3333333333333335,0.4583333333333333,-0.7647058823529412,-0.4285714285714288,0.8095238095238053,0.0,0.0,-0.022271714922046024,0.3157894736842109,-0.2222222222222225,-0.7499999999999997,1
224,0.33333333333333304,0.5208333333333334,-0.02941176470588238,-0.2857142857142859,0.14285714285714304,-0.4,-0.24096385542168675,0.601336302895292,-0.15789473684210661,-0.11111111111111124,-0.12499999999999958,1
146,0.09523809523809491,0.6250000000000001,0.8529411764705884,-0.5714285714285715,1.7619047619047576,1.2,2.4819277108433737,0.0,-0.7368421052631587,0.0,-0.49999999999999944,0
1490,-0.8095238095238098,0.20833333333333307,-0.4705882352941177,-0.14285714285714296,-1.5238095238095244,-0.6666666666666666,-0.6506024096385542,-1.0334075723830443,0.6842105263157892,0.7777777777777781,0.375000000000001,1
374,-0.23809523809523814,0.1250000000000001,-0.11764705882352945,0.0,1.2380952380952384,-0.13333333333333333,0.8192771084337349,-0.4008908685968779,-1.3684210526315805,0.05555555555555562,-0.6250000000000001,0
1416,-0.8095238095238098,0.24999999999999978,-0.7647058823529412,-0.8571428571428571,-0.7142857142857145,-0.4,-0.4819277108433735,-0.0890868596881841,1.3157894736842108,1.2222222222222225,-0.49999999999999944,0
119,0.4285714285714288,0.1250000000000001,-0.6470588235294118,0.0,1.8571428571428577,0.0,0.43373493975903615,-0.26726057906460177,-0.5263157894736848,-0.11111111111111124,0.4375000000000008,1
1198,-0.09523809523809534,0.20833333333333307,-0.14705882352941183,-1.0,-0.5238095238095238,-0.6666666666666666,-0.6987951807228916,-0.9888641425389523,-0.7894736842105261,-0.44444444444444436,-0.24999999999999917,1
1578,-0.8095238095238098,0.7499999999999998,-0.32352941176470595,4.1428571428571415,-0.19047619047619072,-0.06666666666666667,-0.26506024096385544,-0.25835189309577344,1.210526315789474,-0.11111111111111124,1.0625000000000009,1
251,1.3809523809523814,-0.8333333333333334,0.5294117647058824,-0.8571428571428571,-0.80952380952381,0.13333333333333333,-0.024096385542168676,0.7572383073496637,-0.47368421052631515,0.8888888888888894,-0.12499999999999958,1
1540,-0.3333333333333335,-0.5416666666666667,0.17647058823529413,-0.5714285714285715,-0.7142857142857145,1.3333333333333333,0.5301204819277109,0.15144766146993274,0.7894736842105261,0.8888888888888894,-0.18749999999999936,0
1286,1.6190476190476195,-0.6250000000000001,0.7058823529411765,-0.5714285714285715,0.47619047619047616,0.4,0.21686746987951808,0.24053452115811683,-0.8421052631578957,-0.2777777777777781,0.1875000000000005,0
1134,-0.3333333333333335,-0.16666666666666682,-0.5588235294117647,4.714285714285713,0.4285714285714285,-0.26666666666666666,-0.4819277108433735,0.017817371937607147,0.3157894736842109,0.33333333333333376,0.6250000000000001,1
10,-0.1904761904761907,-0.08333333333333341,0.2941176470588235,5.571428571428569,-0.42857142857142916,0.2,1.5421686746987953,0.44543429844096993,0.21052631578947392,1.0000000000000007,0.1875000000000005,0
450,1.904761904761905,-0.5416666666666667,1.2647058823529411,0.8571428571428564,0.7142857142857145,0.2,-0.07228915662650602,1.1581291759464922,-1.105263157894737,-0.05555555555555562,0.375000000000001,1
1235,-0.3809523809523814,0.9583333333333333,-0.7352941176470589,0.0,-1.0000000000000007,-0.2,-0.4819277108433735,-1.951002227171469,0.42105263157894784,-1.2222222222222225,1.6250000000000013,1
1005,0.14285714285714238,-0.3750000000000001,0.08823529411764698,-0.8571428571428571,0.04761904761904768,0.8666666666666667,0.1686746987951807,-0.3429844097995681,-0.3157894736842109,-0.44444444444444436,0.0625000000000009,0
709,-0.04761904761904788,0.10416666666666677,-0.41176470588235303,0.4285714285714282,-0.5714285714285715,-0.2,-0.07228915662650602,-0.35634743875278585,0.15789473684210428,-0.05555555555555562,0.8750000000000004,1
256,0.04761904761904746,0.20833333333333307,-0.08823529411764706,1.4285714285714282,-0.33333333333333376,0.2,1.9518072289156627,-0.022271714922046024,-0.2631578947368436,-0.2777777777777781,-0.5624999999999992,0
883,0.23809523809523814,-0.8750000000000001,0.08823529411764698,1.2857142857142854,5.428571428571426,0.0,-0.2891566265060241,-0.6414253897549947,-0.47368421052631515,0.8888888888888894,1.1250000000000007,1
594,0.9523809523809526,-0.1250000000000001,0.9411764705882353,1.8571428571428563,0.6666666666666669,-0.3333333333333333,0.12048192771084337,1.603563474387462,-0.10526315789473696,-0.2222222222222225,-0.7499999999999997,0
390,0.8095238095238093,-0.5833333333333334,0.14705882352941174,0.4285714285714282,0.7619047619047622,0.13333333333333333,0.26506024096385544,0.6236080178173381,-0.6315789473684218,0.44444444444444436,-0.12499999999999958,1
1256,-0.8571428571428577,0.5,-0.7058823529411766,0.28571428571428525,-0.5238095238095238,0.8,0.1927710843373494,-1.4342984409799222,0.8421052631578957,-0.9444444444444446,0.5000000000000006,0
1278,-0.4285714285714288,0.708333333333333,-0.7647058823529412,-0.4285714285714288,1.61904761904762,-0.7333333333333333,-0.6746987951807228,-0.19599109131402478,0.21052631578947392,-0.11111111111111124,-0.31250000000000006,1
558,3.666666666666667,0.5208333333333334,0.6764705882352942,2.8571428571428563,0.7142857142857145,-0.26666666666666666,-0.3614457831325301,2.828507795100142,-2.0526315789473695,0.6666666666666669,0.5625000000000003,0
909,-0.23809523809523814,0.0,-0.3823529411764706,0.28571428571428525,-0.09523809523809536,1.3333333333333333,0.5542168674698795,-0.6770601336302585,0.6315789473684218,-0.16666666666666688,0.375000000000001,1
925,0.33333333333333304,-0.20833333333333354,0.02941176470588238,0.14285714285714232,-1.1904761904761911,0.0,-0.24096385542168675,-0.7305122494431788,-0.6842105263157892,1.0000000000000007,0.6250000000000001,0
1371,0.3809523809523805,1.0833333333333335,0.7352941176470589,-0.7142857142857144,15.952380952380958,-0.13333333333333333,0.6746987951807228,-0.25389755011138404,-1.6315789473684217,3.0555555555555562,-0.6250000000000001,0
1122,-0.6190476190476195,-0.08333333333333341,-0.7647058823529412,-0.5714285714285715,-0.8571428571428577,0.4666666666666667,-0.24096385542168675,-1.4610244988864072,0.6842105263157892,-0.38888888888888873,1.312500000000001,1
461,0.6190476190476186,-0.3750000000000001,0.7647058823529412,0.14285714285714232,0.14285714285714304,0.0,-0.3614457831325301,0.35634743875278585,0.21052631578947392,-0.05555555555555562,0.687500000000001,1
724,-0.3809523809523814,-0.8750000000000001,0.11764705882352937,0.0,-1.2857142857142865,1.4666666666666666,2.144578313253012,-0.13363028953227615,-1.9473684210526327,5.555555555555557,-0.43749999999999967,0
1334,0.5714285714285712,1.0625,-0.11764705882352945,0.0,-0.04761904761904768,-0.13333333333333333,0.24096385542168675,0.35634743875278585,-0.6842105263157892,-0.6111111111111113,-0.37499999999999983,0
1473,-0.1428571428571432,-0.7083333333333335,1.0,0.5714285714285712,-0.33333333333333376,0.6,0.14457831325301204,-0.1069042316258407,0.3684210526315782,0.944444444444445,0.5625000000000003,1
145,-1.285714285714286,-0.75,-0.7647058823529412,-0.5714285714285715,-1.428571428571429,0.8666666666666667,0.6024096385542169,-2.3162583518930338,1.9473684210526327,0.944444444444445,2.375000000000001,1
502,1.1904761904761907,-0.3333333333333334,1.3823529411764706,6.214285714285713,-0.2857142857142861,1.6,0.9156626506024096,0.979955456570124,-0.7368421052631587,1.2777777777777781,1.1250000000000007,1
923,0.23809523809523814,0.4166666666666666,-0.41176470588235303,-0.5714285714285715,-0.38095238095238143,1.6,0.1927710843373494,-0.7839643652560991,0.3684210526315782,1.5000000000000007,1.000000000000001,1
1165,0.5238095238095237,1.1041666666666667,-0.05882352941176476,-0.7142857142857144,-0.09523809523809536,-0.26666666666666666,-0.40963855421686746,0.05345211581292035,-0.10526315789473696,0.2777777777777781,-0.12499999999999958,0
740,0.5238095238095237,0.708333333333333,-0.7647058823529412,0.28571428571428525,0.3809523809523808,0.3333333333333333,0.0,0.979955456570124,0.21052631578947392,-0.11111111111111124,-0.5624999999999992,0
1476,-1.2380952380952386,-0.20833333333333354,-0.4411764705882354,0.0,-1.5238095238095244,0.13333333333333333,1.2289156626506024,-2.2182628062360212,1.210526315789474,1.444444444444445,2.1041666666666874,1
732,0.4761904761904763,1.4791666666666667,-0.3823529411764706,1.7857142857142854,0.3809523809523808,-0.6666666666666666,-0.5783132530120482,1.1581291759464922,0.6842105263157892,-0.5555555555555556,0.8125000000000007,0
540,1.5714285714285712,-0.08333333333333341,1.411764705882353,4.2142857142857135,0.952380952380953,-0.6,-0.5060240963855421,1.2472160356347257,-0.47368421052631515,0.0,0.6250000000000001,0
178,-0.1904761904761907,0.0,0.47058823529411764,0.14285714285714232,0.3333333333333331,-0.4,0.0,0.1781737193763682,1.4210526315789478,-0.05555555555555562,0.1875000000000005,1
1542,-0.23809523809523814,-1.1250000000000002,0.08823529411764698,0.0,-1.2380952380952388,0.3333333333333333,0.26506024096385544,-0.062360801781748645,0.47368421052631515,0.7777777777777781,0.4375000000000008,1
698,-0.4285714285714288,0.5416666666666667,-0.7058823529411766,-0.14285714285714296,-0.6666666666666669,-0.4,-0.3132530120481928,0.1781737193763682,0.8421052631578957,0.2777777777777781,-0.43749999999999967,1
1507,-0.5238095238095242,1.2083333333333335,-0.6176470588235295,-0.2857142857142859,-0.47619047619047616,-0.5333333333333333,-0.5783132530120482,-0.5256124721603752,1.0526315789473673,0.2222222222222225,0.375000000000001,1
1111,0.1904761904761907,0.041666666666666706,-0.7647058823529412,-1.142857142857143,-0.47619047619047616,-0.5333333333333333,-0.5783132530120482,-0.38752783964366017,-0.3157894736842109,0.11111111111111124,-0.12499999999999958,1
1158,-1.333333333333334,-0.041666666666666706,-0.2352941176470589,-0.14285714285714296,-1.8095238095238102,0.13333333333333333,1.5180722891566265,-1.9599109131402974,0.7894736842105261,1.3888888888888893,1.687500000000001,1
1023,-0.4285714285714288,-0.041666666666666706,-0.5000000000000001,-0.14285714285714296,-0.8571428571428577,-0.6666666666666666,-0.6987951807228916,-0.4276169265033628,0.21052631578947392,-0.44444444444444436,0.1875000000000005,0
1592,-1.1904761904761907,0.9166666666666666,-0.5000000000000001,-0.7142857142857144,0.4285714285714285,0.13333333333333333,-0.2891566265060241,-1.2383073496658974,1.894736842105263,-0.33333333333333315,0.8750000000000004,1
8,-0.28571428571428603,0.5416666666666667,-0.7647058823529412,-1.4285714285714286,-0.7142857142857145,0.06666666666666667,-0.40963855421686746,-0.979955456570124,0.42105263157894784,-0.8333333333333337,-0.12499999999999958,1
984,0.5714285714285712,-0.08333333333333341,0.11764705882352937,-0.4285714285714288,-0.7142857142857145,-0.4,-0.5060240963855421,0.418708240534485,0.052631578947367315,0.5,0.1875000000000005,1
668,1.6190476190476195,-0.75,0.5588235294117647,-0.2857142857142859,0.09523809523809074,-0.5333333333333333,-0.5542168674698795,0.8908685968819399,-1.9473684210526327,0.2222222222222225,-0.6250000000000001,1
1234,1.095238095238095,-1.2083333333333335,0.3235294117647059,0.0,-1.0952380952380958,0.0,-0.04819277108433735,-0.29398663697103716,-0.42105263157894784,-0.7222222222222225,-0.5624999999999992,0
358,1.2380952380952381,-0.4166666666666668,1.1764705882352944,1.0714285714285712,1.71428571428571,-0.13333333333333333,-0.21686746987951808,0.0890868596881841,-0.3684210526315782,0.7222222222222225,0.9375000000000002,1
968,0.2857142857142856,0.5833333333333334,-0.17647058823529413,-0.14285714285714296,0.8095238095238053,0.6,1.8072289156626506,0.23608017817372742,-0.9473684210526326,-0.7777777777777781,-0.6250000000000001,0
784,-0.666666666666667,-0.25,-0.35294117647058826,0.28571428571428525,1.61904761904762,-0.3333333333333333,-0.024096385542168676,0.23162583518928853,1.8421052631578958,0.16666666666666688,-0.24999999999999917,0
736,-0.09523809523809534,1.8541666666666665,-0.4705882352941177,-0.14285714285714296,1.52380952380952,-0.2,-0.3855421686746988,-0.2227171492205097,-0.2631578947368436,-0.6666666666666669,-0.43749999999999967,0
330,1.333333333333333,-0.25,0.3823529411764706,-0.2857142857142859,-0.9047619047619053,-0.4666666666666667,-0.5542168674698795,0.5790645879732461,-0.6842105263157892,0.0,-0.43749999999999967,0
1117,-0.4285714285714288,0.708333333333333,-0.5588235294117647,0.4285714285714282,0.5238095238095238,0.06666666666666667,-0.40963855421686746,-0.48106904231623365,0.3684210526315782,-0.11111111111111124,0.687500000000001,1
971,1.1904761904761907,-1.0833333333333335,0.6470588235294118,-0.4285714285714288,-0.6666666666666669,-0.5333333333333333,-0.6746987951807228,0.19599109131402478,0.10526315789473696,1.3888888888888893,0.4375000000000008,1
1222,1.4285714285714288,-0.8333333333333334,0.7647058823529412,-0.5714285714285715,2.4761904761904776,0.2,0.14457831325301204,0.24053452115811683,-0.15789473684210661,0.8333333333333337,0.8125000000000007,1
1188,-0.4285714285714288,-0.3750000000000001,0.11764705882352937,-0.2857142857142859,0.23809523809523842,-0.5333333333333333,0.024096385542168676,-1.4877505567928426,0.10526315789473696,-0.8888888888888891,1.0625000000000009,1
259,-0.09523809523809534,-0.45833333333333354,1.4705882352941178,-0.5714285714285715,25.2857142857143,-0.4,0.1686746987951807,0.0,-1.3157894736842108,3.5555555555555567,-0.49999999999999944,0
1002,0.9523809523809526,-0.7083333333333335,0.35294117647058826,-1.0,-1.047619047619053,1.1333333333333333,0.21686746987951808,-0.0178173719376566,-0.2631578947368436,1.1111111111111112,0.2500000000000003,1
1250,-0.3809523809523814,0.3333333333333332,-0.7352941176470589,0.14285714285714232,-0.04761904761904768,0.6666666666666666,-0.024096385542168676,-0.7394209354120072,0.47368421052631515,-0.05555555555555562,0.4375000000000008,1
1358,-0.28571428571428603,-0.3750000000000001,-0.05882352941176476,0.4285714285714282,-0.09523809523809536,0.8666666666666667,0.6987951807228916,-0.14253897550110445,1.5263157894736847,-0.16666666666666688,0.5625000000000003,1
415,0.4285714285714288,0.0,0.2352941176470589,0.7142857142857141,0.3333333333333331,0.6666666666666666,2.0240963855421685,0.6236080178173381,-0.2631578947368436,-0.05555555555555562,-0.43749999999999967,0
143,-1.285714285714286,-0.75,-0.7647058823529412,-0.5714285714285715,-1.428571428571429,0.8666666666666667,0.6024096385542169,-2.3162583518930338,1.9473684210526327,0.944444444444445,2.375000000000001,1
526,1.1904761904761907,0.5,-0.05882352941176476,0.8571428571428564,1.1904761904761907,1.0,0.3614457831325301,1.3363028953229097,-0.3684210526315782,0.2777777777777781,-0.18749999999999936,0
1209,-0.3333333333333335,-0.6666666666666669,0.5882352941176472,-0.14285714285714296,-0.2857142857142861,0.6666666666666666,0.14457831325301204,-0.6503340757238231,0.47368421052631515,1.2777777777777781,0.5000000000000006,1
233,0.2857142857142856,-0.6250000000000001,-0.17647058823529413,0.8571428571428564,0.47619047619047616,0.26666666666666666,0.4819277108433735,0.534521158129154,0.15789473684210428,0.44444444444444436,-0.37499999999999983,1
1192,-0.666666666666667,1.5208333333333333,-0.7647058823529412,0.14285714285714232,4.095238095238098,-0.5333333333333333,-0.6265060240963856,-0.5746102449888566,1.3157894736842108,-0.6111111111111113,0.375000000000001,0
1579,-0.5238095238095242,0.6250000000000001,-0.32352941176470595,-0.5714285714285715,1.80952380952381,-0.06666666666666667,-0.43373493975903615,-0.6236080178173876,0.5789473684210521,0.2777777777777781,0.687500000000001,1
441,2.238095238095238,-0.8750000000000001,1.3529411764705883,0.0,-0.38095238095238143,-0.5333333333333333,-0.21686746987951808,0.8463251670378478,-2.2631578947368434,1.1111111111111112,-0.24999999999999917,1
532,1.904761904761905,-0.5833333333333334,0.6764705882352942,0.7142857142857141,0.8571428571428577,-0.13333333333333333,0.0963855421686747,1.603563474387462,-0.7894736842105261,-0.05555555555555562,0.0625000000000009,0
1279,0.04761904761904746,0.8124999999999998,-0.11764705882352945,0.14285714285714232,-0.23809523809523842,-0.06666666666666667,1.036144578313253,0.03563474387526375,-0.3684210526315782,-0.44444444444444436,-0.43749999999999967,1
227,0.4761904761904763,0.29166666666666646,0.7058823529411765,-0.2857142857142859,12.238095238095244,0.8666666666666667,1.036144578313253,-0.17817371937641766,-1.4210526315789478,5.500000000000003,-0.43749999999999967,1
1097,-0.6190476190476195,0.8541666666666665,-0.5000000000000001,4.714285714285713,1.7619047619047576,-0.3333333333333333,-0.5060240963855421,-0.11135857461023012,0.21052631578947392,-0.7222222222222225,0.375000000000001,1
229,-0.09523809523809534,-0.3750000000000001,-0.02941176470588238,0.5714285714285712,-0.33333333333333376,1.0,0.6024096385542169,-0.28953229398664776,0.3157894736842109,-0.2222222222222225,0.1875000000000005,1
1362,0.1904761904761907,1.3749999999999998,-0.35294117647058826,0.4285714285714282,0.6190476190476192,-0.06666666666666667,0.3855421686746988,0.19599109131402478,0.26315789473684126,-0.44444444444444436,-0.06249999999999979,0
1381,-0.1904761904761907,0.20833333333333307,-0.7058823529411766,0.5714285714285712,-0.14285714285714304,-0.2,-0.07228915662650602,-0.5478841870824213,0.26315789473684126,0.0,0.375000000000001,1
213,1.7619047619047619,-0.3333333333333334,1.1176470588235294,-0.14285714285714296,-1.0000000000000007,-0.6,-0.5542168674698795,0.534521158129154,-0.5263157894736848,0.2777777777777781,0.0,1
886,0.4761904761904763,0.9583333333333333,-0.35294117647058826,0.4285714285714282,0.2857142857142854,-0.3333333333333333,-0.1927710843373494,0.6414253897549947,0.15789473684210428,0.11111111111111124,0.1875000000000005,0
80,0.1904761904761907,0.43749999999999994,-0.17647058823529413,-1.0,0.0,0.8666666666666667,1.9518072289156627,0.1781737193763682,-0.7894736842105261,2.7777777777777795,-0.6874999999999999,0
149,-0.4761904761904763,-0.1250000000000001,-0.4705882352941177,0.14285714285714232,-0.2857142857142861,-0.13333333333333333,-0.1927710843373494,-0.4008908685968779,0.5789473684210521,-0.2222222222222225,0.0,1
815,2.238095238095238,-0.45833333333333354,0.8235294117647061,0.8571428571428564,1.0952380952380953,0.3333333333333333,0.07228915662650602,1.1536748329621027,-0.5263157894736848,0.7777777777777781,0.687500000000001,1
1425,0.1904761904761907,-1.0833333333333335,0.3235294117647059,-1.142857142857143,-0.19047619047619072,-0.4,-0.3614457831325301,0.2672605790645523,-0.2631578947368436,0.44444444444444436,-0.37499999999999983,1
672,0.14285714285714238,0.8749999999999999,-0.14705882352941183,-0.7142857142857144,-0.2857142857142861,-0.6,-0.6024096385542169,0.0,-0.5789473684210521,-0.5555555555555556,-0.43749999999999967,0
1229,-1.333333333333334,-0.4166666666666668,-0.7647058823529412,-0.5714285714285715,-1.7142857142857153,0.26666666666666666,1.2048192771084338,-2.329621380846301,1.9473684210526327,0.6111111111111113,2.125000000000001,1
556,3.6190476190476195,0.5208333333333334,0.6764705882352942,2.8571428571428563,0.7142857142857145,-0.26666666666666666,-0.3614457831325301,2.828507795100142,-2.0526315789473695,0.6666666666666669,0.5625000000000003,0
58,-0.1904761904761907,0.4583333333333333,-0.41176470588235303,4.1428571428571415,1.4761904761904767,2.4,1.7349397590361446,0.6681514476614302,-0.2631578947368436,0.8333333333333337,-0.49999999999999944,0
134,-0.6190476190476195,-0.08333333333333341,-0.7352941176470589,-1.0,-0.952380952380953,0.2,-0.2891566265060241,-0.7126948775055717,0.47368421052631515,-0.2222222222222225,-0.24999999999999917,1
1178,-0.3809523809523814,0.5833333333333334,-0.7647058823529412,0.28571428571428525,-1.3333333333333341,-0.5333333333333333,-0.6506024096385542,-1.61247216035634,0.21052631578947392,0.2222222222222225,1.5625000000000004,1
934,-0.23809523809523814,0.3749999999999999,-0.7352941176470589,-0.2857142857142859,-0.2857142857142861,-0.06666666666666667,0.0,0.3028953229398655,0.894736842105263,0.16666666666666688,-0.24999999999999917,0
1423,-0.4285714285714288,0.08333333333333341,-0.7647058823529412,-0.14285714285714296,-0.04761904761904768,1.6666666666666667,0.40963855421686746,-0.534521158129154,0.42105263157894784,1.2222222222222225,0.7500000000000009,1
824,-0.5714285714285716,0.08333333333333341,-0.3823529411764706,-0.2857142857142859,-0.19047619047619072,0.06666666666666667,-0.04819277108433735,0.22271714922046024,1.5789473684210522,0.11111111111111124,-0.24999999999999917,0
409,1.1904761904761907,-0.75,0.9411764705882353,2.1428571428571423,4.476190476190477,-0.5333333333333333,-0.5301204819277109,0.0890868596881841,-0.6315789473684218,0.44444444444444436,0.687500000000001,1
369,1.1428571428571432,-0.75,0.7647058823529412,0.8571428571428564,3.7619047619047636,0.06666666666666667,0.891566265060241,1.3363028953229097,-0.6842105263157892,0.11111111111111124,-0.49999999999999944,0
508,1.5714285714285712,0.6250000000000001,0.8529411764705884,0.14285714285714232,0.19047619047619072,-0.5333333333333333,-0.6024096385542169,1.4253897550110939,-0.7368421052631587,0.5,-0.43749999999999967,1
1332,-0.04761904761904788,1.4583333333333333,0.0,2.2857142857142847,1.285714285714286,1.1333333333333333,0.6987951807228916,-0.05345211581292035,-0.2631578947368436,-0.8888888888888891,-0.6250000000000001,0
505,1.2380952380952381,-1.1666666666666667,0.47058823529411764,-0.5714285714285715,-0.14285714285714304,-0.5333333333333333,-0.3855421686746988,0.35634743875278585,-0.5263157894736848,2.38888888888889,0.375000000000001,1
1420,-0.09523809523809534,0.5,-0.14705882352941183,0.0,-0.14285714285714304,1.2,2.289156626506024,-0.534521158129154,-0.21052631578947392,-0.9444444444444446,-0.18749999999999936,0
348,2.80952380952381,-0.1250000000000001,1.2058823529411766,1.1428571428571423,0.6190476190476192,-0.5333333333333333,-0.5542168674698795,0.8017817371937558,-1.5263157894736847,1.7222222222222232,1.1250000000000007,1
1413,0.14285714285714238,-1.1666666666666667,0.2352941176470589,4.1428571428571415,-0.8571428571428577,-0.4,-0.3855421686746988,0.2672605790645523,-0.47368421052631515,1.7777777777777781,0.4375000000000008,1
387,-0.04761904761904788,0.08333333333333341,0.0,-0.2857142857142859,0.3809523809523808,0.6,0.24096385542168675,0.5790645879732461,0.5263157894736848,0.6666666666666669,-0.6250000000000001,1
1025,-0.09523809523809534,0.24999999999999978,-0.7352941176470589,-0.5714285714285715,0.3809523809523808,-0.13333333333333333,-0.4819277108433735,-0.4988864142538903,0.052631578947367315,-0.33333333333333315,0.1875000000000005,1
895,-0.3333333333333335,0.4583333333333333,-0.6764705882352942,0.0,0.0,0.2,1.2048192771084338,0.2895322939865983,1.1578947368421042,-0.2222222222222225,-0.24999999999999917,1
829,-0.04761904761904788,0.20833333333333307,-0.5000000000000001,0.14285714285714232,-0.7142857142857145,1.3333333333333333,0.1686746987951807,-1.1714922048997594,0.7894736842105261,0.6666666666666669,1.5625000000000004,1
1508,-0.1904761904761907,-0.5833333333333334,0.9117647058823528,0.14285714285714232,1.2380952380952384,-0.6,-0.6265060240963856,-0.3340757238307398,0.26315789473684126,-0.38888888888888873,0.7500000000000009,1
476,0.8095238095238093,0.6666666666666669,-0.05882352941176476,0.0,0.3333333333333331,-0.6,-0.24096385542168675,0.8908685968819399,-0.894736842105263,-0.11111111111111124,0.0,0
1115,-1.3809523809523814,-0.5,0.7058823529411765,2.9999999999999987,-1.61904761904762,1.0,1.0120481927710843,-2.9398663697104213,0.9473684210526326,0.2222222222222225,2.125000000000001,1
173,0.04761904761904746,-0.4166666666666668,-0.2647058823529412,-0.2857142857142859,-0.33333333333333376,-0.5333333333333333,-0.4819277108433735,0.1781737193763682,-0.10526315789473696,-0.05555555555555562,-0.6250000000000001,1
39,-1.047619047619048,2.541666666666666,-0.5000000000000001,-1.0,4.380952380952382,-0.4666666666666667,-0.4578313253012048,-1.2472160356347257,1.0,-0.7777777777777781,-0.24999999999999917,0
91,0.0,0.0,0.0,-0.4285714285714288,-0.04761904761904768,1.8666666666666667,2.4578313253012047,-0.17817371937641766,-0.42105263157894784,-0.44444444444444436,-0.43749999999999967,0
1546,-0.666666666666667,0.4583333333333333,0.20588235294117652,-0.5714285714285715,-1.0000000000000007,0.13333333333333333,-0.24096385542168675,-0.6636971046770408,0.26315789473684126,0.11111111111111124,-0.06249999999999979,1
1075,-0.1904761904761907,1.0416666666666667,-0.17647058823529413,8.428571428571425,0.8571428571428577,1.0666666666666667,1.3012048192771084,0.9443207126948602,-0.5789473684210521,-0.2222222222222225,-0.6250000000000001,0
1086,-0.5238095238095242,-0.16666666666666682,-0.5294117647058824,-0.5714285714285715,-0.2857142857142861,1.7333333333333334,0.6265060240963856,-0.672605790645869,-1.0,-0.7222222222222225,-0.37499999999999983,0
1563,-0.3333333333333335,0.7291666666666664,-0.3823529411764706,-0.2857142857142859,-0.19047619047619072,-0.13333333333333333,-0.43373493975903615,-0.5968819599109026,-0.10526315789473696,-0.44444444444444436,-0.06249999999999979,0
500,0.3809523809523805,0.708333333333333,0.14705882352941174,1.1428571428571423,0.2857142857142854,0.6,1.036144578313253,1.514476614699278,0.894736842105263,0.6666666666666669,0.8750000000000004,1
339,2.1428571428571432,-0.1250000000000001,0.9411764705882353,1.1428571428571423,1.0952380952380953,0.9333333333333333,1.4698795180722892,1.7817371937638302,-0.7894736842105261,2.111111111111112,0.8125000000000007,1
29,-0.3809523809523814,0.7916666666666665,-0.7647058823529412,-0.4285714285714288,0.0,0.0,-0.07228915662650602,0.1781737193763682,0.8421052631578957,-0.38888888888888873,-0.49999999999999944,0
1058,-0.1428571428571432,-0.4166666666666668,-0.02941176470588238,2.4285714285714275,1.142857142857143,0.9333333333333333,1.2530120481927711,0.46325167037857706,-0.8421052631578957,-0.2777777777777781,-0.6874999999999999,0
946,1.095238095238095,-0.3333333333333334,0.47058823529411764,-0.2857142857142859,-0.42857142857142916,-0.4666666666666667,-0.43373493975903615,-0.5077951002227186,-0.894736842105263,0.944444444444445,0.5625000000000003,1
170,-0.1904761904761907,0.7708333333333331,-0.05882352941176476,-0.5714285714285715,13.333333333333337,0.06666666666666667,0.6024096385542169,-0.17817371937641766,-1.6315789473684217,5.388888888888891,-0.43749999999999967,0
913,1.0,-0.25,0.5294117647058824,0.9999999999999993,-0.7142857142857145,-0.6666666666666666,-0.7228915662650602,-0.026726057906484902,0.10526315789473696,0.0,1.2500000000000002,1
954,1.095238095238095,-0.75,0.6470588235294118,-0.14285714285714296,-1.3333333333333341,-0.6,-0.6987951807228916,-0.9888641425389523,-0.5789473684210521,0.38888888888888873,1.1875000000000004,1
588,-0.28571428571428603,0.8749999999999999,-0.05882352941176476,-0.4285714285714288,1.3333333333333337,0.26666666666666666,1.5421686746987953,-0.04454342984409205,-0.2631578947368436,-0.16666666666666688,-0.5624999999999992,0
751,0.1904761904761907,0.5416666666666667,-0.4705882352941177,0.9999999999999993,0.4285714285714285,0.2,0.04819277108433735,0.5478841870823717,-0.10526315789473696,-0.38888888888888873,-0.43749999999999967,0
658,1.9523809523809526,-0.08333333333333341,0.9705882352941176,-1.142857142857143,-0.33333333333333376,0.6,0.0963855421686747,0.534521158129154,-2.0526315789473695,0.33333333333333376,0.1875000000000005,1
1173,0.8571428571428568,-0.4166666666666668,0.5882352941176472,-0.14285714285714296,-0.2857142857142861,-0.6,-0.5301204819277109,-0.13808463251671502,-0.21052631578947392,0.6666666666666669,1.312500000000001,1
1306,-0.1904761904761907,0.3749999999999999,0.0,-0.4285714285714288,-0.33333333333333376,0.6666666666666666,1.2048192771084338,-0.3028953229398655,-0.05263157894736965,-0.5,-0.24999999999999917,0
935,-0.6190476190476195,0.3749999999999999,-0.7352941176470589,-0.4285714285714288,0.0,-0.4,-0.3132530120481928,0.29398663697103716,2.0,0.6111111111111113,0.1875000000000005,0
109,0.04761904761904746,-0.7916666666666667,0.7941176470588237,0.4285714285714282,0.5238095238095238,0.26666666666666666,1.0120481927710843,0.35634743875278585,0.3157894736842109,1.0000000000000007,-0.37499999999999983,1
569,0.9047619047619051,-0.08333333333333341,0.6764705882352942,0.5714285714285712,8.095238095238098,-0.6,-0.43373493975903615,0.979955456570124,0.0,0.944444444444445,0.31250000000000006,1
891,-0.3333333333333335,-0.75,-0.05882352941176476,-0.2857142857142859,-0.42857142857142916,1.0666666666666667,0.3373493975903614,-0.4632516703786265,0.6842105263157892,-0.2222222222222225,-0.06249999999999979,0
948,0.1904761904761907,-1.0,0.6470588235294118,-0.14285714285714296,0.6190476190476192,-0.5333333333333333,-0.6265060240963856,-1.211581291759462,-0.2631578947368436,0.0,1.3750000000000009,1
1049,0.666666666666667,-0.1250000000000001,0.2941176470588235,-0.7142857142857144,0.04761904761904768,-0.7333333333333333,-0.5783132530120482,0.09799554565701239,-0.21052631578947392,0.8888888888888894,0.4375000000000008,1
1076,0.5714285714285712,-1.1250000000000002,0.2352941176470589,-0.2857142857142859,-0.42857142857142916,2.066666666666667,0.6987951807228916,0.39643652561243903,0.6842105263157892,1.3333333333333337,0.0,1
885,0.4285714285714288,0.3749999999999999,-0.20588235294117652,2.5714285714285707,0.6666666666666669,1.0666666666666667,0.7469879518072289,0.47661469933184425,-0.47368421052631515,-0.6666666666666669,-0.12499999999999958,1
1346,0.14285714285714238,-0.3333333333333334,-0.05882352941176476,0.14285714285714232,-0.80952380952381,-0.26666666666666666,-0.24096385542168675,-0.2984409799554761,-0.3157894736842109,-0.5,0.0,1
851,0.666666666666667,-0.3750000000000001,0.5294117647058824,-0.4285714285714288,0.23809523809523842,-0.3333333333333333,-0.3855421686746988,0.12472160356344784,-0.15789473684210661,-0.38888888888888873,-0.43749999999999967,0
735,-0.09523809523809534,0.16666666666666682,-0.17647058823529413,-0.2857142857142859,-0.23809523809523842,-0.3333333333333333,0.024096385542168676,0.8463251670378478,0.894736842105263,0.0,-0.5624999999999992,0
718,-0.1428571428571432,-0.25,-0.4411764705882354,0.5714285714285712,-0.04761904761904768,-0.13333333333333333,0.26506024096385544,0.0,-0.5263157894736848,-0.2777777777777781,-0.12499999999999958,0
455,-0.4285714285714288,-1.2083333333333335,0.41176470588235303,-0.8571428571428571,-0.80952380952381,0.4666666666666667,0.6987951807228916,-0.7126948775055717,1.0,0.05555555555555562,0.5625000000000003,0
265,2.1904761904761907,0.16666666666666682,0.6764705882352942,0.28571428571428525,-0.7619047619047622,-0.6,-0.26506024096385544,1.3808463251670018,-1.210526315789474,1.3888888888888893,0.4375000000000008,0
76,0.4285714285714288,-0.45833333333333354,1.1176470588235294,0.0,0.6190476190476192,-0.3333333333333333,0.0963855421686747,0.8017817371937558,1.210526315789474,0.2222222222222225,0.1875000000000005,0
445,-1.2380952380952386,0.20833333333333307,-0.7352941176470589,-0.7142857142857144,-1.2380952380952388,-0.6,-0.26506024096385544,-1.5144766146993274,1.3684210526315783,1.2222222222222225,1.4375000000000007,1
396,1.9523809523809526,-0.6250000000000001,1.4705882352941178,2.8571428571428563,-0.6666666666666669,-0.4666666666666667,0.0,1.603563474387462,-0.47368421052631515,-0.11111111111111124,1.7500000000000009,1
177,-0.28571428571428603,-0.5833333333333334,-0.14705882352941183,-0.2857142857142859,0.0,-0.4666666666666667,-0.07228915662650602,-0.3118040089086938,0.10526315789473696,-0.8333333333333337,-0.43749999999999967,0
1043,0.4761904761904763,-0.08333333333333341,-0.14705882352941183,0.0,0.3809523809523808,0.4666666666666667,0.024096385542168676,0.05345211581292035,0.10526315789473696,1.166666666666667,0.5625000000000003,1
1394,0.04761904761904746,0.0,-0.02941176470588238,-0.2857142857142859,-0.09523809523809536,0.3333333333333333,0.5060240963855421,-0.3028953229398655,-0.05263157894736965,-0.7777777777777781,0.0,0
1118,-0.4285714285714288,0.708333333333333,-0.5588235294117647,0.4285714285714282,0.5238095238095238,0.06666666666666667,-0.40963855421686746,-0.48106904231623365,0.3684210526315782,-0.11111111111111124,0.687500000000001,1
1160,1.095238095238095,-0.45833333333333354,0.5,0.0,1.428571428571429,-0.2,-0.024096385542168676,0.2138084632516814,-0.7894736842105261,0.2777777777777781,0.375000000000001,0
596,0.4761904761904763,0.31249999999999983,0.4411764705882352,8.14285714285714,0.2857142857142854,1.0666666666666667,1.7108433734939759,1.3363028953229097,-0.21052631578947392,-0.2777777777777781,-0.5624999999999992,0
62,-0.09523809523809534,0.708333333333333,0.6764705882352942,-0.5714285714285715,1.6666666666666676,0.4,1.783132530120482,0.0,-0.5263157894736848,0.5,-0.5624999999999992,0
873,-0.28571428571428603,-0.7083333333333335,-0.05882352941176476,-0.2857142857142859,-0.6190476190476192,0.9333333333333333,0.24096385542168675,-0.4632516703786265,0.6315789473684218,-0.44444444444444436,-0.12499999999999958,0
1191,0.5714285714285712,-0.5,0.9117647058823528,3.428571428571427,0.0,-0.5333333333333333,-0.43373493975903615,-0.12472160356349729,-0.15789473684210661,-0.2777777777777781,1.4375000000000007,1
1498,-0.4761904761904763,0.9166666666666666,-0.6764705882352942,0.14285714285714232,-1.2380952380952388,-0.4666666666666667,-0.5301204819277109,-0.766146993318492,0.7368421052631587,0.05555555555555562,0.8125000000000007,1
279,1.1428571428571432,-0.8333333333333334,0.5588235294117647,5.999999999999999,-0.33333333333333376,-0.6,-0.6024096385542169,0.35634743875278585,-0.42105263157894784,1.1111111111111112,1.5000000000000007,1
37,-0.04761904761904788,0.3333333333333332,-0.35294117647058826,0.28571428571428525,0.2857142857142854,-0.7333333333333333,-0.5542168674698795,0.3118040089086938,0.5789473684210521,-0.11111111111111124,0.375000000000001,1
663,-0.3333333333333335,0.20833333333333307,-0.5882352941176472,-0.8571428571428571,-0.19047619047619072,-0.3333333333333333,-0.26506024096385544,0.1781737193763682,0.26315789473684126,0.44444444444444436,-0.37499999999999983,1
1443,-0.4761904761904763,0.4583333333333333,-0.7058823529411766,-0.4285714285714288,-0.09523809523809536,0.26666666666666666,-0.1927710843373494,0.14253897550110445,0.47368421052631515,0.7222222222222225,-0.24999999999999917,0
1487,-0.5238095238095242,0.6666666666666669,-0.14705882352941183,-0.14285714285714296,-0.47619047619047616,-0.3333333333333333,-0.3614457831325301,-0.5968819599109026,0.3684210526315782,-0.11111111111111124,0.0625000000000009,0
739,0.5238095238095237,-0.25,-0.08823529411764706,0.8571428571428564,0.5714285714285715,0.9333333333333333,1.5903614457831325,0.6681514476614302,-1.105263157894737,-0.33333333333333315,-0.6250000000000001,0
192,-0.7142857142857144,-0.6250000000000001,-0.02941176470588238,-0.4285714285714288,-0.2857142857142861,0.4666666666666667,0.26506024096385544,0.2672605790645523,1.3684210526315783,0.0,-0.24999999999999917,1
920,0.23809523809523814,0.4166666666666666,-0.41176470588235303,-0.5714285714285715,-0.38095238095238143,1.6,0.1927710843373494,-0.7839643652560991,0.3684210526315782,1.5000000000000007,1.000000000000001,1
457,0.4761904761904763,0.29166666666666646,0.3823529411764706,0.14285714285714232,0.7142857142857145,-0.6,-0.3855421686746988,0.8017817371937558,0.3157894736842109,-0.2222222222222225,0.0625000000000009,0
676,0.666666666666667,-0.45833333333333354,0.3823529411764706,0.0,-0.7619047619047622,-0.13333333333333333,-0.1686746987951807,0.7126948775055222,-0.2631578947368436,0.16666666666666688,0.0,0
761,0.5238095238095237,0.24999999999999978,-0.02941176470588238,0.8571428571428564,-0.23809523809523842,-0.3333333333333333,1.5903614457831325,0.44097995545653107,-0.42105263157894784,-0.2777777777777781,-0.31250000000000006,0
1444,-0.4761904761904763,0.24999999999999978,-0.17647058823529413,-0.6428571428571429,-1.047619047619053,-0.4,-0.3855421686746988,-1.5946547884186832,0.3684210526315782,-0.7222222222222225,0.9375000000000002,0
729,-0.7142857142857144,0.20833333333333307,-0.7058823529411766,-0.5714285714285715,-0.6190476190476192,-0.6666666666666666,-0.6506024096385542,0.0890868596881841,0.7894736842105261,0.33333333333333376,-0.43749999999999967,0
1099,0.04761904761904746,-0.8750000000000001,0.5588235294117647,-0.14285714285714296,6.47619047619048,-0.6,-0.5301204819277109,-1.4342984409799222,-0.8421052631578957,1.0555555555555562,1.4375000000000007,1
826,-0.3809523809523814,-0.25,-0.35294117647058826,0.8571428571428564,-0.19047619047619072,0.06666666666666667,-0.024096385542168676,-0.24944320712694515,0.26315789473684126,-0.7222222222222225,0.31250000000000006,0
617,0.8095238095238093,0.3333333333333332,0.7058823529411765,0.14285714285714232,-0.04761904761904768,0.9333333333333333,0.7951807228915663,1.2917594654788178,1.0,-0.2777777777777781,-0.31250000000000006,0
115,-0.04761904761904788,0.16666666666666682,-0.20588235294117652,-0.5714285714285715,1.142857142857143,-0.13333333333333333,0.21686746987951808,-0.17817371937641766,-0.6315789473684218,1.7222222222222232,-0.43749999999999967,0
418,-0.4285714285714288,0.24999999999999978,-0.41176470588235303,-0.4285714285714288,0.5238095238095238,1.3333333333333333,2.072289156626506,-0.534521158129154,0.6842105263157892,-0.7777777777777781,0.1875000000000005,0
1522,-0.4761904761904763,-0.16666666666666682,-0.17647058823529413,-0.4285714285714288,0.09523809523809074,-0.3333333333333333,-0.3614457831325301,-0.4231625835189239,0.42105263157894784,-1.055555555555556,-0.7187499999999992,0
970,-0.5714285714285716,0.16666666666666682,-0.5000000000000001,0.9999999999999993,-0.04761904761904768,-0.4666666666666667,-0.3855421686746988,-0.048997772828530926,0.7894736842105261,-0.05555555555555562,0.0,0
605,0.1904761904761907,0.24999999999999978,-0.3823529411764706,0.9999999999999993,0.7619047619047622,0.0,0.6024096385542169,0.7126948775055222,-0.7368421052631587,0.0,-0.6874999999999999,1
1528,-0.3809523809523814,0.041666666666666706,-0.5588235294117647,-0.7142857142857144,-0.42857142857142916,0.06666666666666667,-0.3373493975903614,-0.7572383073496637,-0.10526315789473696,0.2222222222222225,0.375000000000001,1
90,-0.4285714285714288,0.4166666666666666,-0.5294117647058824,-0.5714285714285715,-0.19047619047619072,-0.4,-0.3373493975903614,0.44543429844096993,0.894736842105263,-0.5,-0.7499999999999997,0
849,-0.7142857142857144,0.5,-0.14705882352941183,-0.5714285714285715,0.04761904761904768,0.0,-0.1686746987951807,0.040089086859702625,1.4736842105263153,0.2222222222222225,-0.24999999999999917,0
1218,0.14285714285714238,-0.75,0.3235294117647059,-0.4285714285714288,-1.0952380952380958,1.9333333333333333,0.8674698795180723,-1.211581291759462,-0.42105263157894784,1.0555555555555562,1.1250000000000007,1
1527,-0.5238095238095242,-0.20833333333333354,-0.5294117647058824,0.0,-0.7619047619047622,0.26666666666666666,0.0,-0.5657015590200284,-0.05263157894736965,0.16666666666666688,-0.37499999999999983,1
754,0.1904761904761907,0.5416666666666667,-0.4705882352941177,0.9999999999999993,0.4285714285714285,0.2,0.04819277108433735,0.5478841870823717,-0.10526315789473696,-0.38888888888888873,-0.43749999999999967,0
499,1.333333333333333,-0.7083333333333335,0.7941176470588237,0.5714285714285712,-0.47619047619047616,-0.6,-0.5301204819277109,0.1781737193763682,-0.8421052631578957,0.16666666666666688,0.5000000000000006,1
12,-0.1904761904761907,-0.08333333333333341,0.2941176470588235,5.571428571428569,-0.42857142857142916,0.2,1.5421686746987953,0.44543429844096993,0.21052631578947392,1.0000000000000007,0.1875000000000005,0
397,-0.6190476190476195,0.8958333333333333,-0.7058823529411766,8.14285714285714,2.0000000000000004,3.6,2.072289156626506,1.1581291759464922,0.8421052631578957,-0.5,-0.18749999999999936,0
285,0.9523809523809526,0.29166666666666646,-0.5588235294117647,1.7142857142857135,1.0476190476190477,1.2,0.7951807228915663,1.4922048997772814,0.0,0.5,-0.24999999999999917,0
1067,-0.6190476190476195,0.0,-0.5294117647058824,0.28571428571428525,-0.47619047619047616,-0.06666666666666667,-0.2891566265060241,-1.4342984409799222,0.47368421052631515,0.5555555555555556,1.4375000000000007,1
691,-0.23809523809523814,2.7708333333333335,-0.7647058823529412,2.9285714285714275,0.8095238095238053,-0.6,-0.5783132530120482,-0.0890868596881841,1.6842105263157892,-0.44444444444444436,0.31250000000000006,0
1495,-0.7142857142857144,-0.8750000000000001,-0.5000000000000001,-1.142857142857143,-0.6666666666666669,0.06666666666666667,-0.24096385542168675,-0.9844097995545629,0.5789473684210521,0.44444444444444436,-0.12499999999999958,1
690,0.09523809523809491,-0.5833333333333334,0.6470588235294118,-0.5714285714285715,3.6666666666666683,-0.6,-0.5060240963855421,0.35634743875278585,-0.05263157894736965,2.38888888888889,-0.49999999999999944,0
852,0.666666666666667,-0.3750000000000001,0.5294117647058824,-0.4285714285714288,0.23809523809523842,-0.3333333333333333,-0.3855421686746988,0.12472160356344784,-0.15789473684210661,-0.38888888888888873,-0.43749999999999967,0
896,-0.3809523809523814,0.29166666666666646,-0.7352941176470589,0.14285714285714232,0.0,0.8666666666666667,0.12048192771084337,-0.5790645879732461,0.5789473684210521,-0.2222222222222225,0.31250000000000006,1
1446,-0.23809523809523814,1.1041666666666667,-0.20588235294117652,4.285714285714285,0.6666666666666669,0.3333333333333333,1.4457831325301205,0.14699331848549388,-0.7894736842105261,-0.5555555555555556,-0.37499999999999983,1
258,-0.6190476190476195,0.7291666666666664,-0.7647058823529412,-0.14285714285714296,-0.23809523809523842,-0.13333333333333333,0.43373493975903615,0.0,0.9473684210526326,0.2777777777777781,-0.6250000000000001,0
336,1.904761904761905,0.7291666666666664,0.7941176470588237,1.7142857142857135,2.285714285714287,-0.4666666666666667,-0.40963855421686746,1.069042316258308,-0.7368421052631587,1.2222222222222225,1.2500000000000002,1
1499,-0.6190476190476195,1.5625,-0.6470588235294118,0.14285714285714232,-0.5714285714285715,-0.4666666666666667,-0.6024096385542169,-0.4365256124721416,1.1578947368421042,-0.2222222222222225,0.375000000000001,1
1040,0.4761904761904763,-0.08333333333333341,-0.14705882352941183,0.0,0.3809523809523808,0.4666666666666667,0.024096385542168676,0.05345211581292035,0.10526315789473696,1.166666666666667,0.5625000000000003,1
516,0.2857142857142856,0.5625000000000001,0.6764705882352942,5.571428571428569,2.0000000000000004,1.3333333333333333,2.7228915662650603,1.8708240534520144,0.0,2.8888888888888893,-0.5624999999999992,0
1016,1.2380952380952381,-0.5416666666666667,0.5882352941176472,0.0,-0.23809523809523842,0.0,-0.26506024096385544,-0.3652561247216141,-1.3157894736842108,1.2222222222222225,0.7500000000000009,1
769,-0.3809523809523814,0.29166666666666646,-0.7058823529411766,0.14285714285714232,0.09523809523809074,0.6666666666666666,1.3493975903614457,0.2850779510022089,1.2631578947368411,-0.5,-0.31250000000000006,1
1400,-0.3333333333333335,0.6250000000000001,-0.7647058823529412,0.0,-0.5714285714285715,-0.26666666666666666,-0.3373493975903614,-0.534521158129154,0.5789473684210521,0.5555555555555556,0.5625000000000003,1
762,0.666666666666667,0.5625000000000001,0.0,-0.2857142857142859,0.7619047619047622,-0.6,-0.07228915662650602,0.25835189309577344,-0.3157894736842109,-1.1111111111111116,-0.37499999999999983,0
1171,0.6190476190476186,-0.6666666666666669,0.2352941176470589,-0.8571428571428571,-0.8571428571428577,-0.6,-0.6265060240963856,-0.05790645879735923,-0.5789473684210521,0.2777777777777781,0.1875000000000005,1
1585,-0.5714285714285716,-0.8333333333333334,0.5294117647058824,0.28571428571428525,-0.9047619047619053,0.6666666666666666,-0.0963855421686747,-0.8730512249443327,-0.10526315789473696,1.0000000000000007,0.8750000000000004,1
522,-0.1428571428571432,-0.45833333333333354,0.6764705882352942,-0.2857142857142859,0.3809523809523808,0.13333333333333333,0.12048192771084337,0.534521158129154,0.894736842105263,0.11111111111111124,-0.6874999999999999,0
23,0.0,-0.3750000000000001,-0.14705882352941183,-0.8571428571428571,1.2380952380952384,-0.26666666666666666,-0.024096385542168676,-0.0890868596881841,-0.7368421052631587,1.6111111111111118,-0.43749999999999967,0
357,1.7142857142857144,-0.45833333333333354,0.7647058823529412,1.1428571428571423,0.0,1.0,0.40963855421686746,1.469933184855186,-0.2631578947368436,1.444444444444445,0.5000000000000006,0
341,2.0476190476190474,-0.75,0.7058823529411765,0.28571428571428525,-0.6666666666666669,-0.26666666666666666,-0.40963855421686746,1.4253897550110939,-1.0,3.111111111111112,-0.6250000000000001,1
432,-0.04761904761904788,0.1250000000000001,0.2647058823529411,0.0,-0.2857142857142861,0.4666666666666667,0.6746987951807228,0.2672605790645523,-0.3157894736842109,-0.33333333333333315,-0.6250000000000001,0
474,0.9523809523809526,-0.7083333333333335,0.8529411764705884,-0.14285714285714296,-0.8571428571428577,-0.6,-0.5783132530120482,0.13363028953227615,-0.2631578947368436,0.944444444444445,0.2500000000000003,0
218,0.09523809523809491,0.8541666666666665,-0.11764705882352945,0.0,-0.38095238095238143,-0.2,0.07228915662650602,-0.04454342984409205,0.26315789473684126,-0.38888888888888873,-0.6874999999999999,0
912,0.5714285714285712,-1.0,0.5882352941176472,9.714285714285712,1.61904761904762,-0.7333333333333333,-0.6987951807228916,0.9844097995545134,-0.6842105263157892,-0.11111111111111124,0.4375000000000008,1
1282,-0.3809523809523814,-0.25,-0.17647058823529413,-0.4285714285714288,-0.14285714285714304,0.9333333333333333,0.3855421686746988,-0.534521158129154,0.3157894736842109,0.11111111111111124,0.1250000000000007,1
1556,-0.4285714285714288,0.16666666666666682,-0.2647058823529412,-0.7142857142857144,-0.7142857142857145,0.06666666666666667,-0.3373493975903614,-0.7394209354120072,0.6842105263157892,0.33333333333333376,0.21875000000000094,1
94,-0.09523809523809534,-0.1250000000000001,0.0,-0.4285714285714288,-0.8571428571428577,-0.3333333333333333,-0.1686746987951807,-0.0890868596881841,0.42105263157894784,0.11111111111111124,-0.37499999999999983,0
1009,0.4761904761904763,-0.7083333333333335,0.41176470588235303,1.9999999999999993,1.428571428571429,-0.13333333333333333,-0.3373493975903614,-0.5835189309576849,-0.42105263157894784,0.44444444444444436,1.1250000000000007,1
1071,0.666666666666667,-0.7916666666666667,0.5588235294117647,-1.0,-1.0952380952380958,0.3333333333333333,-0.024096385542168676,-0.8106904231625841,-0.6842105263157892,1.5000000000000007,0.5625000000000003,1
1093,-0.4285714285714288,0.08333333333333341,-0.5000000000000001,-0.2857142857142859,0.04761904761904768,-0.26666666666666666,-0.5301204819277109,-0.8953229398663788,0.6315789473684218,-0.16666666666666688,0.8125000000000007,1
697,-0.4285714285714288,0.5416666666666667,-0.7058823529411766,-0.14285714285714296,-0.6666666666666669,-0.4,-0.3132530120481928,0.1781737193763682,0.8421052631578957,0.2777777777777781,-0.43749999999999967,1
1432,-0.1428571428571432,-0.3750000000000001,0.14705882352941174,-0.14285714285714296,-0.5238095238095238,-0.06666666666666667,0.8674698795180723,-0.44543429844096993,-0.2631578947368436,-0.44444444444444436,-0.18749999999999936,1
997,-1.0952380952380958,0.5833333333333334,-0.7647058823529412,0.0,0.3333333333333331,-0.7333333333333333,-0.6506024096385542,-1.345211581291738,2.105263157894737,0.05555555555555562,1.6250000000000013,1
154,-0.1904761904761907,0.3333333333333332,-0.6764705882352942,-0.5714285714285715,0.7142857142857145,0.7333333333333333,1.4698795180722892,-0.8017817371937558,0.21052631578947392,-0.44444444444444436,-0.06249999999999979,0
1100,0.33333333333333304,0.0,0.35294117647058826,-1.0,0.7619047619047622,-0.6,-0.4819277108433735,-0.062360801781748645,-0.5789473684210521,-0.5555555555555556,-0.49999999999999944,0
1411,-0.6190476190476195,1.8333333333333333,-0.7647058823529412,-0.5714285714285715,0.09523809523809074,-0.6,-0.5301204819277109,-1.4253897550110939,1.0,-1.0000000000000002,1.0625000000000009,1
581,2.095238095238096,-0.08333333333333341,0.6764705882352942,0.0,0.4285714285714285,-0.6,-0.5783132530120482,1.514476614699278,-0.6315789473684218,-1.0000000000000002,-0.37499999999999983,0
704,-0.1904761904761907,-0.5833333333333334,0.6470588235294118,0.5714285714285712,-0.33333333333333376,0.5333333333333333,1.108433734939759,0.1781737193763682,0.052631578947367315,0.44444444444444436,-0.37499999999999983,0
1340,-0.1904761904761907,-0.041666666666666706,-0.7058823529411766,-0.7142857142857144,0.19047619047619072,-0.06666666666666667,-0.1686746987951807,-0.6325167037861664,0.26315789473684126,-0.44444444444444436,0.1875000000000005,1
488,1.095238095238095,0.5208333333333334,0.2941176470588235,-0.5714285714285715,-1.2857142857142865,-0.6,-0.5783132530120482,0.6236080178173381,-0.7368421052631587,-1.1111111111111116,-0.12499999999999958,1
560,2.428571428571429,-0.20833333333333354,0.6764705882352942,2.9999999999999987,0.23809523809523842,-0.5333333333333333,0.21686746987951808,2.3608017817371256,-0.05263157894736965,0.33333333333333376,1.5625000000000004,1
1142,0.14285714285714238,-0.5833333333333334,0.17647058823529413,0.4285714285714282,0.0,0.6666666666666666,0.7951807228915663,-0.24944320712694515,-0.21052631578947392,1.2777777777777781,0.5000000000000006,1
802,0.33333333333333304,0.1250000000000001,-0.5000000000000001,1.5714285714285705,-0.5714285714285715,-0.4,-0.5060240963855421,0.24498886414250626,-0.42105263157894784,-1.0000000000000002,-0.12499999999999958,0
513,1.333333333333333,-0.5,0.6470588235294118,-0.14285714285714296,2.1428571428571437,0.06666666666666667,0.26506024096385544,0.534521158129154,-1.4736842105263175,1.0555555555555562,-0.31250000000000006,1
634,1.0476190476190474,1.729166666666667,-0.11764705882352945,1.7142857142857135,1.1904761904761907,-0.2,1.1566265060240963,1.8708240534520144,0.6315789473684218,0.11111111111111124,0.687500000000001,0
1180,0.14285714285714238,-0.7083333333333335,0.20588235294117652,0.28571428571428525,-0.19047619047619072,-0.2,0.21686746987951808,-0.36080178173717525,-0.21052631578947392,1.0555555555555562,0.5000000000000006,1
1151,0.14285714285714238,-0.7916666666666667,0.17647058823529413,0.8571428571428564,-0.6190476190476192,-0.6666666666666666,-0.6265060240963856,-0.9220489977728142,-0.05263157894736965,0.7777777777777781,1.6250000000000013,1
791,-0.23809523809523814,-0.6250000000000001,0.5,0.5714285714285712,0.09523809523809074,0.26666666666666666,1.0602409638554218,0.12472160356344784,0.10526315789473696,0.33333333333333376,-0.31250000000000006,1
117,0.1904761904761907,0.08333333333333341,0.05882352941176476,-0.4285714285714288,-0.14285714285714304,-0.2,0.04819277108433735,0.44543429844096993,0.42105263157894784,-0.05555555555555562,-0.12499999999999958,1
1082,0.0,-0.9166666666666669,1.235294117647059,8.714285714285714,-1.428571428571429,1.5666666666666667,6.048192771084337,-1.6213808463251187,-1.5789473684210544,-0.6111111111111113,1.312500000000001,1
831,-0.1904761904761907,0.6875000000000002,-0.5588235294117647,0.4285714285714282,-1.047619047619053,-0.6,-0.6987951807228916,-0.2138084632516814,0.3684210526315782,-0.38888888888888873,0.4375000000000008,0
120,-0.4285714285714288,0.708333333333333,-0.5294117647058824,-0.5714285714285715,0.8095238095238053,0.5333333333333333,1.2289156626506024,-0.4008908685968779,0.15789473684210428,-0.44444444444444436,-0.6250000000000001,1
657,1.333333333333333,-0.3750000000000001,0.3823529411764706,0.0,1.2380952380952384,-0.4,-0.14457831325301204,0.8017817371937558,-2.210526315789474,-0.6666666666666669,-0.37499999999999983,0
636,0.3809523809523805,1.3333333333333333,-0.7647058823529412,-1.142857142857143,-0.7142857142857145,0.6666666666666666,-0.12048192771084337,-0.6236080178173876,-0.21052631578947392,-0.38888888888888873,-0.31250000000000006,0
370,0.7142857142857144,-1.0416666666666667,0.7941176470588237,0.28571428571428525,-0.2857142857142861,-0.5333333333333333,-0.4819277108433735,-0.26726057906460177,-0.5789473684210521,2.833333333333334,1.1250000000000007,1
269,-0.4761904761904763,0.08333333333333341,-0.6470588235294118,1.1428571428571423,-0.14285714285714304,-0.4666666666666667,-0.26506024096385544,0.8463251670378478,2.0,1.6111111111111118,-0.49999999999999944,1
656,0.8571428571428568,0.1250000000000001,-0.2647058823529412,0.9999999999999993,0.3333333333333331,0.4,0.3614457831325301,1.603563474387462,-0.894736842105263,-0.05555555555555562,-0.49999999999999944,0
936,0.4285714285714288,-0.9166666666666669,0.35294117647058826,0.14285714285714232,-0.952380952380953,0.3333333333333333,0.8192771084337349,-0.6102449888641204,0.42105263157894784,0.5555555555555556,1.000000000000001,1
823,-0.5714285714285716,0.08333333333333341,-0.3823529411764706,-0.2857142857142859,-0.19047619047619072,0.06666666666666667,-0.04819277108433735,0.22271714922046024,1.5789473684210522,0.11111111111111124,-0.24999999999999917,0
867,-0.5238095238095242,-0.1250000000000001,-0.11764705882352945,0.14285714285714232,-0.42857142857142916,-0.06666666666666667,-0.3373493975903614,-1.0779510022271364,0.5263157894736848,1.166666666666667,0.687500000000001,1
47,-0.09523809523809534,1.729166666666667,0.5,0.0,1.61904761904762,0.5333333333333333,1.8313253012048192,0.0890868596881841,-0.3157894736842109,0.6111111111111113,-0.6250000000000001,0
992,-0.3809523809523814,-0.75,0.05882352941176476,-0.2857142857142859,0.09523809523809074,1.1333333333333333,0.7228915662650602,0.062360801781748645,0.7368421052631587,-0.7777777777777781,-0.49999999999999944,0
877,-0.3809523809523814,-0.20833333333333354,-0.7647058823529412,0.0,-0.6190476190476192,-0.4666666666666667,-0.5783132530120482,-0.7260579064587894,0.47368421052631515,-0.2222222222222225,0.4375000000000008,0
1599,-0.9047619047619051,-0.8750000000000001,0.6176470588235293,1.9999999999999993,-0.6190476190476192,0.26666666666666666,0.0963855421686747,-0.5835189309576849,0.42105263157894784,0.2222222222222225,0.5000000000000006,1
5,-0.23809523809523814,0.7499999999999998,-0.7647058823529412,-0.4285714285714288,-0.19047619047619072,-0.2,-0.0963855421686747,0.44543429844096993,1.0526315789473673,-0.33333333333333315,-0.49999999999999944,0
1004,-0.5238095238095242,-0.6666666666666669,0.17647058823529413,-0.5714285714285715,-0.6190476190476192,-0.6666666666666666,-0.7228915662650602,-1.7817371937638797,0.26315789473684126,-0.38888888888888873,1.6250000000000013,1
1385,-0.3809523809523814,0.9791666666666666,-0.32352941176470595,-0.5714285714285715,1.285714285714286,0.4,1.108433734939759,-0.38752783964366017,-0.6315789473684218,-0.6666666666666669,-0.43749999999999967,0
264,0.0,-0.6250000000000001,-0.08823529411764706,-0.5714285714285715,-0.14285714285714304,0.6,0.26506024096385544,-0.2227171492205097,-0.15789473684210661,0.2777777777777781,-0.5624999999999992,0
1259,-0.5238095238095242,0.5,-0.7647058823529412,0.7142857142857141,2.0476190476190483,0.06666666666666667,-0.12048192771084337,-0.6325167037861664,0.6842105263157892,0.05555555555555562,0.687500000000001,1
1461,-0.7142857142857144,-0.4166666666666668,-0.5000000000000001,0.14285714285714232,-1.2380952380952388,1.3333333333333333,0.6265060240963856,0.19599109131402478,0.5263157894736848,0.33333333333333376,0.1250000000000007,1
444,1.0,-0.3333333333333334,0.6764705882352942,0.7142857142857141,-0.14285714285714304,-0.2,-0.4578313253012048,-0.2227171492205097,-0.42105263157894784,0.05555555555555562,0.8750000000000004,1
1003,0.5714285714285712,-0.9583333333333335,0.20588235294117652,-0.21428571428571475,-0.80952380952381,-0.06666666666666667,-0.26506024096385544,-0.7305122494431788,-0.2631578947368436,1.2222222222222225,0.9375000000000002,1
1078,0.33333333333333304,-0.6250000000000001,1.147058823529412,5.999999999999999,0.0,-0.7333333333333333,-0.7228915662650602,0.6102449888641204,-0.21052631578947392,-0.2222222222222225,0.5000000000000006,0
838,-0.5714285714285716,-1.0,0.05882352941176476,0.28571428571428525,-3.23809523809524,1.4666666666666666,1.4939759036144578,-2.7438752783963967,-0.2631578947368436,-1.2777777777777781,0.9375000000000002,1
305,0.23809523809523814,0.5416666666666667,1.0,-0.14285714285714296,1.52380952380952,-0.13333333333333333,1.2530120481927711,0.22271714922046024,-0.5789473684210521,-0.5555555555555556,-0.6250000000000001,0
1388,-0.23809523809523814,0.5,-0.5588235294117647,-0.5714285714285715,0.952380952380953,-0.4,-0.3614457831325301,-0.3118040089086938,-0.05263157894736965,-0.2222222222222225,-0.37499999999999983,0
314,0.33333333333333304,-0.20833333333333354,0.11764705882352937,1.1428571428571423,-0.19047619047619072,1.0666666666666667,2.3373493975903616,0.35634743875278585,-0.05263157894736965,-0.5,-0.49999999999999944,0
150,0.14285714285714238,-0.5,0.5294117647058824,0.8571428571428564,0.4285714285714285,-0.2,0.12048192771084337,0.3118040089086938,1.1578947368421042,-0.05555555555555562,0.1875000000000005,1
1149,-0.04761904761904788,-0.5416666666666667,0.47058823529411764,-0.2857142857142859,0.2857142857142854,-0.3333333333333333,-0.40963855421686746,-0.6859688195990867,0.42105263157894784,0.2222222222222225,0.8750000000000004,1
1214,0.8095238095238093,-0.5833333333333334,0.47058823529411764,-0.4285714285714288,-0.42857142857142916,-0.6,-0.6024096385542169,-0.09354120267262298,-0.8421052631578957,0.7222222222222225,0.1875000000000005,1
575,1.2857142857142856,-0.75,0.6764705882352942,1.4285714285714282,-0.09523809523809536,0.4,0.963855421686747,1.069042316258308,-0.6315789473684218,0.44444444444444436,-0.12499999999999958,1
51,0.4285714285714288,0.5833333333333334,0.0,-0.7142857142857144,-0.2857142857142861,-0.6666666666666666,-0.3614457831325301,0.13363028953227615,-0.8421052631578957,0.6666666666666669,-0.6250000000000001,0
727,0.09523809523809491,0.8333333333333331,-0.5000000000000001,0.8571428571428564,0.19047619047619072,0.26666666666666666,0.26506024096385544,1.1581291759464922,0.6315789473684218,0.5555555555555556,0.5625000000000003,1
834,1.7619047619047619,-0.20833333333333354,0.5294117647058824,-0.8571428571428571,3.1904761904761916,1.4666666666666666,0.3132530120481928,0.694877505567915,0.3684210526315782,1.3333333333333337,-0.18749999999999936,0
1116,-0.4285714285714288,0.708333333333333,-0.5588235294117647,0.4285714285714282,0.5238095238095238,0.06666666666666667,-0.40963855421686746,-0.48106904231623365,0.3684210526315782,-0.11111111111111124,0.687500000000001,1
1167,0.9523809523809526,0.08333333333333341,0.0,-0.2857142857142859,1.4761904761904767,-0.4666666666666667,0.5301204819277109,0.12917594654788672,-1.9473684210526327,2.0000000000000004,0.0,0
471,2.428571428571429,-0.8333333333333334,1.147058823529412,0.5714285714285712,0.6190476190476192,0.06666666666666667,0.21686746987951808,1.2472160356347257,-1.3684210526315805,-0.05555555555555562,0.2500000000000003,0
972,1.1904761904761907,-1.0833333333333335,0.6470588235294118,-0.4285714285714288,-0.6666666666666669,-0.5333333333333333,-0.6746987951807228,0.19599109131402478,0.10526315789473696,1.3888888888888893,0.4375000000000008,1
654,0.7142857142857144,-0.7916666666666667,0.9705882352941176,0.8571428571428564,-0.04761904761904768,-0.3333333333333333,-0.1927710843373494,0.35634743875278585,-1.0,-0.44444444444444436,1.1250000000000007,1
400,0.3809523809523805,1.0208333333333333,-0.11764705882352945,0.14285714285714232,-0.7619047619047622,-0.3333333333333333,0.0963855421686747,-0.2227171492205097,-1.105263157894737,-0.38888888888888873,-0.49999999999999944,0
512,1.0,0.29166666666666646,0.14705882352941174,0.0,0.47619047619047616,0.8,0.5783132530120482,1.1581291759464922,-0.6842105263157892,0.05555555555555562,0.0,1
321,0.9047619047619051,0.5833333333333334,0.3823529411764706,1.4285714285714282,0.14285714285714304,0.4666666666666667,0.5060240963855421,0.935412026726032,0.3157894736842109,0.5,0.8125000000000007,1
20,0.0,-0.8333333333333334,0.7352941176470589,-0.5714285714285715,12.428571428571434,0.2,0.43373493975903615,0.04454342984409205,-1.4210526315789478,2.5555555555555567,-0.6250000000000001,1
685,0.9047619047619051,1.9166666666666665,0.17647058823529413,0.14285714285714232,-0.09523809523809536,1.4,2.746987951807229,0.534521158129154,-0.3157894736842109,-0.7777777777777781,-0.49999999999999944,0
36,-0.04761904761904788,0.5208333333333334,-0.7647058823529412,4.714285714285713,0.2857142857142854,-0.6,-0.4819277108433735,0.8017817371937558,0.47368421052631515,-0.38888888888888873,-0.37499999999999983,1
903,-0.23809523809523814,0.47916666666666663,-0.4705882352941177,0.28571428571428525,0.0,0.13333333333333333,-0.12048192771084337,0.24944320712694515,1.4210526315789478,0.38888888888888873,0.375000000000001,1
828,-0.3809523809523814,-0.25,-0.35294117647058826,0.8571428571428564,-0.19047619047619072,0.06666666666666667,-0.024096385542168676,-0.24944320712694515,0.26315789473684126,-0.7222222222222225,0.31250000000000006,0
1435,1.095238095238095,0.08333333333333341,0.3235294117647059,18.85714285714285,6.380952380952384,2.7333333333333334,1.3734939759036144,3.0690423162582587,-0.6842105263157892,0.8333333333333337,-0.7499999999999997,1
408,1.9523809523809526,-0.5416666666666667,1.1764705882352944,1.1428571428571423,0.6190476190476192,-0.13333333333333333,-0.1927710843373494,1.2472160356347257,-0.6842105263157892,0.05555555555555562,0.375000000000001,1
921,0.8095238095238093,-0.45833333333333354,0.3235294117647059,0.14285714285714232,0.5238095238095238,-0.26666666666666666,-0.3614457831325301,0.4721603563474054,-0.3684210526315782,-0.33333333333333315,0.1875000000000005,0
538,0.09523809523809491,1.270833333333333,-0.05882352941176476,-0.14285714285714296,0.19047619047619072,-0.6,-0.6024096385542169,0.1781737193763682,0.3157894736842109,0.8333333333333337,0.31250000000000006,1
759,0.09523809523809491,1.4583333333333333,-0.7647058823529412,0.0,0.19047619047619072,-0.26666666666666666,-0.1686746987951807,-0.1069042316258407,-0.3157894736842109,-0.6666666666666669,-0.24999999999999917,0
1063,0.04761904761904746,-0.5833333333333334,0.5294117647058824,-0.4285714285714288,0.8571428571428577,-0.5333333333333333,-0.5542168674698795,-0.534521158129154,-0.05263157894736965,0.11111111111111124,0.7500000000000009,1
1200,0.0,0.24999999999999978,-0.08823529411764706,0.14285714285714232,-0.19047619047619072,0.6,1.3493975903614457,0.02672605790643545,-0.5263157894736848,-0.2222222222222225,-0.43749999999999967,1
246,-0.28571428571428603,0.5833333333333334,-0.7647058823529412,-0.2857142857142859,0.19047619047619072,-0.5333333333333333,-0.3614457831325301,0.6681514476614302,1.5789473684210522,1.8888888888888893,-0.18749999999999936,1
1128,-0.7619047619047623,1.0,-0.7647058823529412,0.9999999999999993,-0.38095238095238143,0.8,0.3373493975903614,-1.3407572383073487,1.0526315789473673,-0.11111111111111124,0.8125000000000007,1
785,-0.3809523809523814,0.29166666666666646,-0.7352941176470589,0.4285714285714282,-0.14285714285714304,0.4,1.1325301204819278,0.29398663697103716,1.2631578947368411,-0.16666666666666688,-0.24999999999999917,0
490,0.666666666666667,-0.5416666666666667,0.41176470588235303,0.5714285714285712,-0.33333333333333376,-0.26666666666666666,-0.2891566265060241,0.7126948775055222,0.15789473684210428,0.7222222222222225,0.0,1
155,-0.3809523809523814,-0.3750000000000001,0.47058823529411764,4.714285714285713,-0.47619047619047616,1.0,2.1927710843373496,0.22271714922046024,0.5789473684210521,0.5555555555555556,0.1875000000000005,0
962,-0.3809523809523814,0.16666666666666682,-0.35294117647058826,-0.8571428571428571,-0.09523809523809536,-0.4666666666666667,-0.4819277108433735,-0.39198218262804957,-0.21052631578947392,0.0,-0.5624999999999992,0
626,-0.5238095238095242,0.708333333333333,-0.7647058823529412,4.857142857142855,2.0952380952380962,0.4666666666666667,0.4819277108433735,1.2917594654788178,0.7894736842105261,0.5555555555555556,0.0,0
686,0.09523809523809491,1.0833333333333335,-0.08823529411764706,0.5714285714285712,-1.0000000000000007,-0.6,-0.5542168674698795,0.0890868596881841,0.3157894736842109,-0.33333333333333315,0.687500000000001,0
570,-0.8095238095238098,-0.6666666666666669,-0.05882352941176476,0.0,0.7142857142857145,0.3333333333333333,0.0963855421686747,-0.979955456570124,1.3684210526315783,-0.2777777777777781,0.9375000000000002,1
1520,-0.6190476190476195,0.7499999999999998,-0.5294117647058824,0.5714285714285712,1.2380952380952384,0.0,-0.26506024096385544,-0.06681514476613808,0.6842105263157892,-0.2222222222222225,0.0,0
18,0.09523809523809491,0.16666666666666682,0.05882352941176476,-0.7142857142857144,13.714285714285719,0.13333333333333333,0.43373493975903615,0.0,-1.0526315789473697,3.6666666666666683,-0.5624999999999992,0
128,0.09523809523809491,3.3750000000000004,-0.7647058823529412,-0.5714285714285715,0.09523809523809074,-0.7333333333333333,-0.6265060240963856,-0.17817371937641766,1.210526315789474,-0.7777777777777781,0.4375000000000008,0
1572,-0.7142857142857144,-0.5833333333333334,-0.35294117647058826,0.0,-2.000000000000001,0.06666666666666667,-0.3132530120481928,-0.7394209354120072,0.6842105263157892,0.16666666666666688,0.5625000000000003,1
928,0.23809523809523814,0.6250000000000001,-0.20588235294117652,0.0,0.6190476190476192,-0.2,0.891566265060241,0.24944320712694515,-0.5789473684210521,-0.16666666666666688,-0.6250000000000001,0
981,0.5714285714285712,-0.08333333333333341,0.11764705882352937,-0.4285714285714288,-0.7142857142857145,-0.4,-0.5060240963855421,0.418708240534485,0.052631578947367315,0.5,0.1875000000000005,1
1568,-0.3333333333333335,0.7291666666666664,-0.3823529411764706,-0.2857142857142859,-0.19047619047619072,-0.13333333333333333,-0.43373493975903615,-0.5968819599109026,-0.10526315789473696,-0.44444444444444436,-0.06249999999999979,0
191,0.14285714285714238,-0.08333333333333341,0.2647058823529411,0.9999999999999993,-0.14285714285714304,0.4666666666666667,2.144578313253012,0.35634743875278585,-0.42105263157894784,0.0,-0.49999999999999944,0
1140,0.14285714285714238,-0.041666666666666706,-0.05882352941176476,-0.2857142857142859,-0.04761904761904768,0.13333333333333333,1.1566265060240963,0.374164810690393,0.15789473684210428,0.11111111111111124,-0.43749999999999967,1
993,-0.666666666666667,-0.5,-0.4705882352941177,-0.2857142857142859,-0.19047619047619072,1.0666666666666667,0.21686746987951808,-0.5612472160356389,0.26315789473684126,-0.7777777777777781,-0.49999999999999944,1
1561,-0.04761904761904788,0.3333333333333332,0.0,-0.2857142857142859,0.0,1.1333333333333333,2.2409638554216866,-0.25835189309577344,-0.5263157894736848,-0.5555555555555556,-0.18749999999999936,0
1331,-0.23809523809523814,0.3333333333333332,0.0,-0.14285714285714296,0.14285714285714304,0.2,1.2771084337349397,-0.2850779510022089,-0.10526315789473696,-0.33333333333333315,-0.24999999999999917,1
607,0.7142857142857144,-0.45833333333333354,0.6470588235294118,3.428571428571427,-0.38095238095238143,-0.26666666666666666,-0.43373493975903615,0.22271714922046024,0.15789473684210428,0.944444444444445,1.2500000000000002,1
181,0.4285714285714288,0.3749999999999999,-0.35294117647058826,0.28571428571428525,-0.6190476190476192,-0.26666666666666666,0.0963855421686747,0.04454342984409205,-0.6315789473684218,-0.16666666666666688,-0.43749999999999967,0
302,1.5238095238095237,-1.4166666666666667,0.6470588235294118,-1.0,-0.5714285714285715,-0.4666666666666667,-0.5542168674698795,0.22271714922046024,-0.47368421052631515,0.11111111111111124,-0.06249999999999979,1
1375,-0.5238095238095242,1.2291666666666665,-0.7647058823529412,-1.4285714285714286,8.904761904761909,0.13333333333333333,-0.21686746987951808,-0.9309576837416424,0.052631578947367315,-0.6111111111111113,-0.24999999999999917,0
1336,-0.6190476190476195,0.24999999999999978,-0.7058823529411766,0.28571428571428525,-0.5238095238095238,0.3333333333333333,0.04819277108433735,-1.3051224944320354,0.3684210526315782,0.2222222222222225,1.5000000000000007,1
1316,-0.1904761904761907,0.4583333333333333,0.02941176470588238,-0.2857142857142859,0.14285714285714304,0.2,1.2771084337349397,-0.2850779510022089,-0.2631578947368436,-0.2222222222222225,-0.24999999999999917,1
518,1.1904761904761907,0.3749999999999999,0.6764705882352942,-0.14285714285714296,5.714285714285717,-0.6,-0.5301204819277109,1.1581291759464922,-0.7894736842105261,0.05555555555555562,-1.1249999999999996,0
1070,0.04761904761904746,0.4166666666666666,0.2647058823529411,0.8571428571428564,0.2857142857142854,0.9333333333333333,0.3373493975903614,0.0890868596881841,0.0,0.0,0.375000000000001,0
158,-0.3809523809523814,-0.3750000000000001,0.47058823529411764,4.714285714285713,-0.42857142857142916,0.9333333333333333,2.1686746987951806,0.22271714922046024,0.5789473684210521,0.5,0.1875000000000005,0
1244,0.1904761904761907,0.16666666666666682,-0.11764705882352945,0.28571428571428525,0.09523809523809074,-0.26666666666666666,1.1566265060240963,0.6681514476614302,0.3157894736842109,0.0,-0.43749999999999967,0
1196,-0.8095238095238098,-0.3750000000000001,-0.11764705882352945,-0.5714285714285715,-0.09523809523809536,0.4666666666666667,0.43373493975903615,-0.2093541202672425,1.105263157894737,-0.11111111111111124,-0.43749999999999967,1
17,0.2857142857142856,-1.0,0.8823529411764708,-0.5714285714285715,0.5714285714285715,1.4,1.5662650602409638,0.04454342984409205,-0.05263157894736965,0.7222222222222225,0.1875000000000005,1
1073,-0.3333333333333335,-0.7083333333333335,0.0,-0.5714285714285715,0.14285714285714304,1.2666666666666666,0.891566265060241,0.0,0.47368421052631515,-0.2222222222222225,-0.43749999999999967,1
1575,-1.0952380952380958,-0.8750000000000001,1.5294117647058825,16.714285714285708,-0.2857142857142861,0.6,1.3012048192771084,-0.013363028953217724,0.42105263157894784,-0.7777777777777781,0.1875000000000005,1
659,-0.3333333333333335,0.0,-0.5588235294117647,-1.142857142857143,-0.2857142857142861,-0.6,-0.43373493975903615,0.22271714922046024,0.052631578947367315,1.0555555555555562,-0.37499999999999983,1
1304,0.04761904761904746,-1.0,0.5294117647058824,-0.5714285714285715,0.04761904761904768,0.9333333333333333,0.7228915662650602,-0.7973273942093664,0.26315789473684126,0.2222222222222225,0.6250000000000001,0
1020,-0.4285714285714288,-0.08333333333333341,-0.35294117647058826,-0.5714285714285715,-0.09523809523809536,-0.26666666666666666,-0.3614457831325301,-0.19599109131402478,1.1578947368421042,-0.05555555555555562,0.1250000000000007,0
1337,-0.9047619047619051,-0.08333333333333341,-0.7647058823529412,-1.142857142857143,-1.0952380952380958,0.06666666666666667,-0.2891566265060241,-1.0334075723830443,0.26315789473684126,-0.9444444444444446,-0.43749999999999967,0
960,0.04761904761904746,0.29166666666666646,-0.6176470588235295,-0.2857142857142859,0.4285714285714285,-0.13333333333333333,-0.14457831325301204,0.24498886414250626,0.26315789473684126,-0.05555555555555562,-0.12499999999999958,0
1518,-0.666666666666667,0.041666666666666706,-0.5882352941176472,-0.2857142857142859,-0.80952380952381,1.0,0.14457831325301204,-0.8507795100222373,0.3684210526315782,1.166666666666667,0.0625000000000009,1
284,0.4761904761904763,-0.5,0.17647058823529413,4.857142857142855,0.3333333333333331,-0.26666666666666666,0.21686746987951808,1.024498886414216,0.3684210526315782,0.8333333333333337,0.1875000000000005,1
798,0.666666666666667,-0.6250000000000001,0.5294117647058824,-0.8571428571428571,-2.000000000000001,0.4666666666666667,0.0963855421686747,-0.6859688195990867,-0.3684210526315782,1.0555555555555562,0.375000000000001,1
226,-0.09523809523809534,-0.3750000000000001,-0.02941176470588238,0.5714285714285712,-0.33333333333333376,1.0,0.6024096385542169,-0.28953229398664776,0.3157894736842109,-0.2222222222222225,0.1875000000000005,1
27,-0.1428571428571432,-0.45833333333333354,-0.05882352941176476,-0.5714285714285715,0.0,-0.6666666666666666,-0.6506024096385542,-0.26726057906460177,-0.15789473684210661,-0.16666666666666688,-0.43749999999999967,0
438,1.5238095238095237,-0.2916666666666667,1.3823529411764706,1.4285714285714282,-0.6666666666666669,-0.5333333333333333,-0.3855421686746988,0.8017817371937558,-0.7368421052631587,0.2222222222222225,0.6250000000000001,1
1555,-0.6190476190476195,1.3958333333333333,-0.7058823529411766,0.28571428571428525,-0.8571428571428577,0.06666666666666667,-0.3614457831325301,-0.23608017817372742,1.210526315789474,-0.11111111111111124,0.5000000000000006,1
38,0.09523809523809491,-0.5833333333333334,0.05882352941176476,-0.14285714285714296,-0.6666666666666669,-0.06666666666666667,-0.1927710843373494,0.0,-0.42105263157894784,0.6111111111111113,-0.31250000000000006,1
750,-0.28571428571428603,-0.041666666666666706,-0.2352941176470589,-0.14285714285714296,-0.47619047619047616,-0.13333333333333333,-0.24096385542168675,0.39198218262804957,1.105263157894737,0.6111111111111113,-0.43749999999999967,1
1046,-0.4761904761904763,-0.3333333333333334,-0.7647058823529412,-1.142857142857143,-0.47619047619047616,1.2,0.0,-1.0779510022271364,0.052631578947367315,-0.2222222222222225,0.7500000000000009,1
470,0.3809523809523805,1.2499999999999998,-0.7058823529411766,-1.4285714285714286,-0.47619047619047616,1.4666666666666666,0.24096385542168675,-0.7126948775055717,-0.5789473684210521,-0.2222222222222225,-0.24999999999999917,0
1361,0.6190476190476186,0.08333333333333341,0.14705882352941174,0.14285714285714232,1.52380952380952,-0.2,0.0,0.08463251670379467,-0.3684210526315782,-0.33333333333333315,0.4375000000000008,0
1571,-0.7142857142857144,-0.6666666666666669,0.7941176470588237,0.0,7.142857142857147,0.3333333333333333,-0.07228915662650602,-1.5144766146993274,0.3157894736842109,1.7222222222222232,1.3750000000000009,1
688,0.5714285714285712,0.5,-0.08823529411764706,1.2857142857142854,0.7142857142857145,-0.06666666666666667,0.0,1.3363028953229097,-0.15789473684210661,-0.16666666666666688,-0.31250000000000006,0
1470,-0.28571428571428603,1.9166666666666665,-0.6176470588235295,-0.14285714285714296,-0.9047619047619053,0.4,0.26506024096385544,0.11135857461023012,0.0,-0.38888888888888873,-0.31250000000000006,0
1378,-1.285714285714286,-0.1250000000000001,0.0,0.14285714285714232,0.47619047619047616,0.6,0.8674698795180723,-0.6681514476614796,2.105263157894737,0.0,1.2500000000000002,1
1219,0.14285714285714238,-0.5,0.14705882352941174,-0.4285714285714288,0.09523809523809074,-0.4,-0.3373493975903614,-0.35634743875278585,-0.3684210526315782,0.38888888888888873,0.2500000000000003,1
1159,-0.5714285714285716,-0.45833333333333354,0.5,0.8571428571428564,-0.19047619047619072,0.5333333333333333,0.3855421686746988,-0.48106904231623365,0.5789473684210521,3.0000000000000004,0.2500000000000003,1
1301,-1.285714285714286,0.5208333333333334,-0.7647058823529412,-0.07142857142857179,0.0,0.06666666666666667,-0.24096385542168675,-1.051224944320701,2.473684210526315,-0.05555555555555562,1.4375000000000007,1
1455,1.8095238095238093,-0.2916666666666667,1.0882352941176472,0.0,-0.33333333333333376,-0.4666666666666667,-0.3614457831325301,1.309576837416425,-0.5263157894736848,0.38888888888888873,0.4375000000000008,1
801,-0.3333333333333335,0.3749999999999999,-0.5294117647058824,2.5714285714285707,0.09523809523809074,0.8,1.6867469879518073,-0.17371937639197876,-0.3157894736842109,-0.6111111111111113,-0.49999999999999944,0
161,-0.1428571428571432,1.7916666666666665,-0.6764705882352942,-0.2857142857142859,0.47619047619047616,-0.4666666666666667,-0.43373493975903615,-0.4008908685968779,-0.5789473684210521,-0.33333333333333315,-0.37499999999999983,0
957,0.5238095238095237,-0.6666666666666669,0.7647058823529412,-0.14285714285714296,1.4761904761904767,-0.6,-0.6746987951807228,-0.4988864142538903,0.0,0.0,0.687500000000001,1
822,-1.4285714285714288,-0.4166666666666668,-0.7647058823529412,-0.14285714285714296,-1.5238095238095244,0.13333333333333333,0.0963855421686747,-2.3429844097995187,2.105263157894737,0.6666666666666669,2.375000000000001,1
1353,-0.1428571428571432,0.5208333333333334,-0.6764705882352942,-0.4285714285714288,0.2857142857142854,0.0,0.4578313253012048,0.04454342984409205,0.3157894736842109,-0.8888888888888891,0.0625000000000009,0
878,-0.09523809523809534,0.8124999999999998,-0.7352941176470589,-0.14285714285714296,-0.7619047619047622,1.1333333333333333,0.12048192771084337,-1.3763919821826125,0.5263157894736848,-0.2777777777777781,1.000000000000001,1
914,0.7142857142857144,-0.5208333333333334,0.5882352941176472,3.428571428571427,0.6666666666666669,-0.7333333333333333,-0.6746987951807228,-0.18262806236080706,-0.21052631578947392,0.11111111111111124,1.2500000000000002,1
153,-0.1904761904761907,0.3333333333333332,-0.6764705882352942,-0.5714285714285715,0.7142857142857145,0.7333333333333333,1.4698795180722892,-0.8017817371937558,0.21052631578947392,-0.44444444444444436,-0.06249999999999979,0
1465,-0.5238095238095242,0.29166666666666646,-0.4705882352941177,-0.7142857142857144,-0.80952380952381,1.3333333333333333,0.3614457831325301,-0.44543429844096993,0.5263157894736848,0.2777777777777781,-0.31250000000000006,0
510,2.571428571428572,-0.9583333333333335,1.4411764705882355,0.8571428571428564,0.19047619047619072,0.6,0.12048192771084337,0.8017817371937558,-1.4210526315789478,0.33333333333333376,0.7500000000000009,1
1136,0.04761904761904746,-1.1250000000000002,0.5,-0.7142857142857144,-0.6190476190476192,0.5333333333333333,0.2891566265060241,-0.979955456570124,0.3684210526315782,-0.11111111111111124,1.0625000000000009,1
1570,-0.8095238095238098,-0.041666666666666706,-0.35294117647058826,-0.4285714285714288,-1.1428571428571483,0.06666666666666667,-0.0963855421686747,-1.2650334075723824,0.894736842105263,-0.2777777777777781,0.8125000000000007,1
104,0.09523809523809491,0.2291666666666664,-0.11764705882352945,-0.14285714285714296,-0.14285714285714304,-0.13333333333333333,0.6506024096385542,-0.04454342984409205,-0.10526315789473696,-0.6111111111111113,-0.6250000000000001,0
587,1.5238095238095237,-0.8750000000000001,0.6764705882352942,0.7142857142857141,0.6666666666666669,0.13333333333333333,0.21686746987951808,0.8017817371937558,-1.0,2.222222222222223,0.2500000000000003,1
1521,-0.666666666666667,0.041666666666666706,-0.5882352941176472,-0.2857142857142859,-0.80952380952381,1.0,0.14457831325301204,-0.8507795100222373,0.3684210526315782,1.166666666666667,0.0625000000000009,1
54,0.33333333333333304,-0.5833333333333334,0.2941176470588235,1.1428571428571423,0.04761904761904768,1.0666666666666667,1.9518072289156627,0.0890868596881841,-0.5789473684210521,-0.33333333333333315,-0.49999999999999944,0
152,0.6190476190476186,0.0,2.1764705882352944,1.7142857142857135,25.23809523809525,1.2,0.7469879518072289,1.2472160356347257,-3.0,7.666666666666669,-0.49999999999999944,0
404,1.666666666666667,0.3333333333333332,0.6764705882352942,0.7142857142857141,0.23809523809523842,-0.26666666666666666,0.07228915662650602,1.1581291759464922,-0.8421052631578957,0.05555555555555562,0.1875000000000005,1
1551,-0.3809523809523814,0.6666666666666669,-0.7647058823529412,0.14285714285714232,0.3333333333333331,0.2,-0.2891566265060241,0.45879732739418766,0.7368421052631587,-0.5,-0.43749999999999967,0
208,-0.04761904761904788,0.20833333333333307,0.14705882352941174,-0.5714285714285715,-0.5238095238095238,0.8,1.9759036144578312,-0.24498886414255572,-0.10526315789473696,-0.5,-0.5624999999999992,0
1510,0.0,-1.4166666666666667,0.41176470588235303,-0.5714285714285715,-0.8571428571428577,-0.4666666666666667,-0.43373493975903615,-1.2026726057906336,-0.15789473684210661,0.44444444444444436,0.5625000000000003,0
1123,-0.7619047619047623,-0.20833333333333354,-0.7647058823529412,-1.142857142857143,-1.1904761904761911,0.8666666666666667,-0.12048192771084337,-2.0489977728284816,0.7368421052631587,-0.7777777777777781,1.312500000000001,1
1402,0.0,0.708333333333333,-0.14705882352941183,-0.14285714285714296,0.0,1.2666666666666666,2.4819277108433737,-0.26726057906460177,-0.3157894736842109,-0.6111111111111113,-0.18749999999999936,0
1015,0.04761904761904746,0.24999999999999978,-0.2941176470588236,-0.2857142857142859,1.9047619047619053,-0.7333333333333333,-0.7469879518072289,-1.0066815144766088,-0.47368421052631515,-0.2222222222222225,0.6250000000000001,1
1434,-0.8571428571428577,-0.5,-0.2941176470588236,-0.5714285714285715,-0.5238095238095238,-0.2,-0.3132530120481928,-0.5790645879732461,0.5789473684210521,0.6666666666666669,-0.06249999999999979,1
1061,1.7619047619047619,-1.2083333333333335,0.9117647058823528,-0.5714285714285715,-0.2857142857142861,-0.7333333333333333,-0.7228915662650602,0.5790645879732461,-0.894736842105263,0.44444444444444436,-0.18749999999999936,1
453,-0.5238095238095242,0.16666666666666682,-0.6764705882352942,-0.7142857142857144,0.19047619047619072,0.26666666666666666,-0.07228915662650602,0.0,0.6842105263157892,0.05555555555555562,-0.12499999999999958,1
254,-0.09523809523809534,1.0625,0.47058823529411764,-0.4285714285714288,0.5714285714285715,-0.4,1.1566265060240963,-0.4008908685968779,-0.42105263157894784,-0.16666666666666688,-0.43749999999999967,0
1328,-0.5714285714285716,-0.25,-0.05882352941176476,-0.7142857142857144,-0.14285714285714304,0.26666666666666666,-0.0963855421686747,-0.8908685968819399,0.42105263157894784,-0.11111111111111124,0.2500000000000003,1
1392,0.04761904761904746,0.5,-0.11764705882352945,0.28571428571428525,0.6666666666666669,-0.6,-0.12048192771084337,-0.3028953229398655,0.3157894736842109,-0.2222222222222225,0.5000000000000006,0
881,0.6190476190476186,0.16666666666666682,-0.2352941176470589,-0.8571428571428571,-0.09523809523809536,-0.26666666666666666,-0.40963855421686746,-0.4632516703786265,-0.8421052631578957,-0.7222222222222225,-0.18749999999999936,0
1505,-0.1904761904761907,-0.5833333333333334,0.9117647058823528,0.14285714285714232,1.2380952380952384,-0.6,-0.6265060240963856,-0.3340757238307398,0.26315789473684126,-0.38888888888888873,0.7500000000000009,1
624,0.0,-0.041666666666666706,-0.02941176470588238,0.9999999999999993,-0.14285714285714304,0.4666666666666667,0.1686746987951807,0.2672605790645523,0.9473684210526326,1.8888888888888893,1.1875000000000004,1
346,-0.4285714285714288,0.6875000000000002,-0.7647058823529412,-0.4285714285714288,-0.6190476190476192,1.7333333333333334,0.6024096385542169,0.489977728285062,1.5263157894736847,1.0555555555555562,-0.18749999999999936,0
1538,-1.1904761904761907,0.24999999999999978,-0.5294117647058824,-0.4285714285714288,-1.0000000000000007,0.4,-0.1686746987951807,-0.8730512249443327,1.0,0.11111111111111124,0.0,1
263,0.04761904761904746,0.0,-0.6764705882352942,-0.7142857142857144,-0.47619047619047616,-0.26666666666666666,-0.07228915662650602,-0.467706013363016,0.15789473684210428,-0.2777777777777781,-0.12499999999999958,0
151,-0.28571428571428603,-0.7916666666666667,0.6176470588235293,-0.14285714285714296,-0.14285714285714304,-0.6,-0.6506024096385542,-0.44543429844096993,0.10526315789473696,-0.5,0.0625000000000009,1
473,2.1904761904761907,-0.6250000000000001,0.8529411764705884,0.5714285714285712,0.14285714285714304,0.7333333333333333,0.7228915662650602,1.2026726057906336,-0.8421052631578957,1.1111111111111112,0.1250000000000007,1
641,0.9523809523809526,0.08333333333333341,0.5588235294117647,0.14285714285714232,-0.42857142857142916,0.13333333333333333,0.04819277108433735,1.024498886414216,0.42105263157894784,0.0,-0.49999999999999944,0
1584,-0.8095238095238098,-0.25,0.08823529411764698,-0.14285714285714296,-0.2857142857142861,1.2,1.4457831325301205,-0.45434298440979826,0.10526315789473696,0.0,-0.24999999999999917,0
1502,-0.04761904761904788,1.2499999999999998,0.08823529411764698,2.9999999999999987,0.14285714285714304,0.4666666666666667,0.6265060240963856,-0.16926503340758933,-0.7894736842105261,-0.5,-0.49999999999999944,0
551,-0.5238095238095242,-0.041666666666666706,-0.7352941176470589,-0.14285714285714296,-0.2857142857142861,-0.3333333333333333,-0.3132530120481928,-0.44543429844096993,0.10526315789473696,-0.33333333333333315,-0.43749999999999967,1
929,0.33333333333333304,-0.20833333333333354,0.02941176470588238,0.14285714285714232,-1.1904761904761911,0.0,-0.24096385542168675,-0.7305122494431788,-0.6842105263157892,1.0000000000000007,0.6250000000000001,0
489,1.7619047619047619,-0.8333333333333334,0.8529411764705884,0.8571428571428564,0.04761904761904768,1.4,0.6987951807228916,1.514476614699278,0.052631578947367315,1.6666666666666674,0.375000000000001,1
1448,-0.5238095238095242,0.6250000000000001,-0.7647058823529412,-0.4285714285714288,0.0,0.5333333333333333,0.024096385542168676,0.09354120267257351,0.47368421052631515,0.6666666666666669,-0.31250000000000006,0
1172,-0.3809523809523814,0.29166666666666646,-0.7647058823529412,0.0,-0.09523809523809536,0.8,0.14457831325301204,-0.7037861915367434,0.5789473684210521,0.33333333333333376,0.375000000000001,1
147,-1.0000000000000004,0.6666666666666669,-0.7058823529411766,-0.5714285714285715,0.3333333333333331,0.4666666666666667,1.3493975903614457,-1.0690423162583576,1.210526315789474,-0.5555555555555556,-0.12499999999999958,0
403,2.0476190476190474,-0.16666666666666682,0.8235294117647061,0.5714285714285712,0.23809523809523842,0.3333333333333333,0.6265060240963856,1.4253897550110939,-1.105263157894737,-0.05555555555555562,0.1875000000000005,1
955,-0.1428571428571432,-0.3750000000000001,0.41176470588235303,0.7142857142857141,0.09523809523809074,-0.5333333333333333,-0.6506024096385542,-0.6325167037861664,0.6842105263157892,-0.44444444444444436,1.2500000000000002,1
660,-0.3809523809523814,1.3333333333333333,-0.7058823529411766,3.1428571428571423,0.7619047619047622,-0.6,-0.6024096385542169,0.0890868596881841,0.5263157894736848,-0.2777777777777781,0.5000000000000006,0
464,0.09523809523809491,0.5833333333333334,1.2941176470588236,0.0,0.8571428571428577,0.7333333333333333,2.1927710843373496,0.1781737193763682,-1.210526315789474,-0.5,-0.7499999999999997,0
1350,-0.4761904761904763,0.20833333333333307,-0.7647058823529412,0.8571428571428564,0.04761904761904768,0.4666666666666667,0.07228915662650602,-0.7216035634744,0.5263157894736848,-0.5555555555555556,0.375000000000001,0
187,-0.23809523809523814,-0.5416666666666667,0.6470588235294118,-0.2857142857142859,0.09523809523809074,0.0,0.6987951807228916,0.1781737193763682,0.15789473684210428,-0.38888888888888873,-0.6250000000000001,0
1148,1.0,-0.45833333333333354,0.5588235294117647,5.714285714285713,-0.42857142857142916,-0.5333333333333333,-0.5783132530120482,0.09799554565701239,-0.5263157894736848,-0.7222222222222225,1.000000000000001,1
1225,2.238095238095238,-0.5416666666666667,0.6764705882352942,0.4285714285714282,0.0,-0.4,-0.43373493975903615,1.069042316258308,-1.2631578947368436,1.1111111111111112,0.0625000000000009,1
144,-0.7619047619047623,-0.5416666666666667,-0.5294117647058824,-0.7142857142857144,-0.6666666666666669,-0.7333333333333333,-0.43373493975903615,-0.6236080178173876,0.15789473684210428,-0.2222222222222225,-0.49999999999999944,0
752,0.1904761904761907,0.5416666666666667,-0.4705882352941177,0.9999999999999993,0.4285714285714285,0.2,0.04819277108433735,0.5478841870823717,-0.10526315789473696,-0.38888888888888873,-0.43749999999999967,0
982,0.7619047619047619,1.4166666666666665,0.0,-0.4285714285714288,-0.04761904761904768,-0.06666666666666667,-0.24096385542168675,0.14253897550110445,-0.3157894736842109,0.0,-0.12499999999999958,0
198,1.7142857142857144,-0.9166666666666669,1.0,-0.2857142857142859,-0.6190476190476192,-0.13333333333333333,-0.26506024096385544,0.5790645879732461,-1.0526315789473697,1.944444444444445,-0.06249999999999979,1
884,-0.3333333333333335,0.3333333333333332,-0.6470588235294118,0.4285714285714282,-0.19047619047619072,0.26666666666666666,1.2048192771084338,0.2895322939865983,1.1578947368421042,-0.38888888888888873,-0.43749999999999967,0
280,0.4761904761904763,-0.5,0.17647058823529413,4.857142857142855,0.3333333333333331,-0.26666666666666666,0.21686746987951808,1.024498886414216,0.3684210526315782,0.8333333333333337,0.1875000000000005,1
294,-0.4761904761904763,-0.6666666666666669,-0.02941176470588238,0.28571428571428525,0.8571428571428577,-0.6,-0.5301204819277109,-0.17817371937641766,0.5263157894736848,-0.11111111111111124,-0.06249999999999979,1
1456,-0.666666666666667,1.5833333333333335,-0.7647058823529412,-0.8571428571428571,-1.3333333333333341,-0.3333333333333333,-0.5060240963855421,-0.9487750556792497,1.0,0.05555555555555562,0.4375000000000008,1
401,-0.6190476190476195,0.8958333333333333,-0.7058823529411766,8.14285714285714,2.0000000000000004,3.6,2.072289156626506,1.1581291759464922,0.8421052631578957,-0.5,-0.18749999999999936,0
123,-0.28571428571428603,0.7291666666666664,-0.7647058823529412,0.4285714285714282,-0.23809523809523842,-0.7333333333333333,-0.6024096385542169,0.534521158129154,0.9473684210526326,-0.5555555555555556,-0.6250000000000001,0
1208,0.9523809523809526,0.8333333333333331,0.8529411764705884,-0.7142857142857144,2.6666666666666683,0.6666666666666666,0.3373493975903614,0.3207126948774726,0.21052631578947392,1.7777777777777781,-0.12499999999999958,0
836,-0.1428571428571432,0.6041666666666667,-0.4705882352941177,-1.0,-0.6666666666666669,0.8666666666666667,0.40963855421686746,-0.11135857461023012,0.42105263157894784,-0.6111111111111113,-0.5624999999999992,0
247,-0.3809523809523814,0.6666666666666669,-0.5588235294117647,-0.4285714285714288,-0.23809523809523842,0.13333333333333333,0.3132530120481928,0.022271714922046024,0.3684210526315782,-0.5555555555555556,-0.43749999999999967,0
1515,-0.4761904761904763,1.3333333333333333,-0.14705882352941183,2.7142857142857126,-0.2857142857142861,0.13333333333333333,0.6506024096385542,0.7216035634743505,1.1578947368421042,0.5555555555555556,-0.604166666666668,1
1562,-0.04761904761904788,0.3333333333333332,0.0,-0.2857142857142859,0.0,1.1333333333333333,2.2409638554216866,-0.25835189309577344,-0.5263157894736848,-0.5555555555555556,-0.18749999999999936,0
1154,0.8095238095238093,-0.4166666666666668,0.2647058823529411,-0.14285714285714296,0.14285714285714304,0.2,0.0,-0.25835189309577344,-0.42105263157894784,0.2222222222222225,0.5625000000000003,1
385,-0.09523809523809534,-0.041666666666666706,0.05882352941176476,-0.14285714285714296,0.3333333333333331,0.6,0.3855421686746988,0.534521158129154,0.5789473684210521,0.6666666666666669,-0.6250000000000001,0
1407,0.14285714285714238,-1.1666666666666667,0.2352941176470589,4.1428571428571415,-0.8571428571428577,-0.4,-0.3855421686746988,0.2672605790645523,-0.47368421052631515,1.7777777777777781,0.4375000000000008,1
855,0.666666666666667,-0.6666666666666669,0.3823529411764706,-1.0,0.0,1.8,0.40963855421686746,-0.12472160356349729,0.8421052631578957,0.6111111111111113,0.4375000000000008,1
220,-0.04761904761904788,0.041666666666666706,0.20588235294117652,0.28571428571428525,0.0,0.6666666666666666,2.5542168674698793,-0.11135857461023012,-0.05263157894736965,-0.11111111111111124,-0.43749999999999967,0
2,-0.04761904761904788,1.5,-0.7647058823529412,0.5714285714285712,0.8571428571428577,0.7333333333333333,0.6987951807228916,0.0,-0.5789473684210521,0.33333333333333376,-0.24999999999999917,0
113,0.23809523809523814,0.3333333333333332,-0.4705882352941177,0.0,0.23809523809523842,0.0,1.7590361445783131,-0.17817371937641766,-0.8421052631578957,0.2222222222222225,-0.24999999999999917,0
699,0.7142857142857144,0.39583333333333326,0.05882352941176476,1.4285714285714282,0.3333333333333331,0.26666666666666666,0.8192771084337349,1.469933184855186,0.0,-0.5,-0.31250000000000006,0
1525,-0.9047619047619051,-0.4166666666666668,-0.20588235294117652,-0.2857142857142859,-0.23809523809523842,0.5333333333333333,0.21686746987951808,-0.7037861915367434,0.42105263157894784,0.8888888888888894,-0.12499999999999958,1
1417,1.0,-0.8333333333333334,0.9705882352941176,0.0,-0.14285714285714304,-0.7333333333333333,-0.5542168674698795,1.1581291759464922,-0.5789473684210521,0.8888888888888894,-0.37499999999999983,0
1292,0.14285714285714238,0.47916666666666663,-0.4705882352941177,-0.14285714285714296,-0.33333333333333376,0.7333333333333333,0.5301204819277109,-0.1870824053451965,-0.10526315789473696,0.7222222222222225,0.4375000000000008,1
1445,-0.28571428571428603,0.6250000000000001,-0.7058823529411766,0.0,-0.38095238095238143,1.1333333333333333,1.3012048192771084,-0.5077951002227186,0.052631578947367315,0.33333333333333376,0.5625000000000003,1
442,1.904761904761905,-0.5,1.147058823529412,-0.07142857142857179,-0.5714285714285715,-0.4666666666666667,-0.26506024096385544,0.8908685968819399,-1.3157894736842108,0.33333333333333376,0.687500000000001,1
1257,-0.1904761904761907,0.29166666666666646,-0.11764705882352945,-0.5714285714285715,0.09523809523809074,1.9333333333333333,0.5301204819277109,-0.8062360801781452,-1.105263157894737,-1.1111111111111116,-0.6250000000000001,0
1398,-0.28571428571428603,0.29166666666666646,0.0,-0.2857142857142859,0.0,0.2,1.5903614457831325,-0.4276169265033628,-0.15789473684210661,-0.5555555555555556,-0.18749999999999936,0
664,1.0476190476190474,-1.0,0.5882352941176472,-0.5714285714285715,-1.428571428571429,-0.6,-0.6024096385542169,0.2672605790645523,-1.4210526315789478,0.944444444444445,0.0,1
1464,-0.4761904761904763,0.4583333333333333,-0.7352941176470589,0.28571428571428525,-0.19047619047619072,0.0,0.024096385542168676,-0.7037861915367434,0.15789473684210428,-0.5,0.375000000000001,1
1258,-0.4285714285714288,0.24999999999999978,0.05882352941176476,3.7142857142857126,0.23809523809523842,-0.13333333333333333,0.7469879518072289,-0.2093541202672425,0.052631578947367315,0.44444444444444436,0.5000000000000006,1
649,0.3809523809523805,-0.16666666666666682,0.11764705882352937,0.8571428571428564,-0.6666666666666669,-0.26666666666666666,-0.24096385542168675,-0.17817371937641766,0.10526315789473696,0.2777777777777781,0.6250000000000001,1
710,0.8571428571428568,-0.8750000000000001,0.6176470588235293,-0.8571428571428571,-0.8571428571428577,-0.06666666666666667,-0.12048192771084337,0.6681514476614302,-0.21052631578947392,0.2222222222222225,-0.12499999999999958,1
1383,0.04761904761904746,0.3333333333333332,-0.11764705882352945,-0.14285714285714296,0.0,0.7333333333333333,1.6144578313253013,-0.2984409799554761,-0.05263157894736965,-0.7222222222222225,-0.18749999999999936,0
1283,0.0,1.0208333333333333,-0.7647058823529412,-0.2857142857142859,0.19047619047619072,-0.3333333333333333,-0.3855421686746988,-0.27171492204899117,0.10526315789473696,0.33333333333333376,0.4375000000000008,1
973,1.0476190476190474,-0.5833333333333334,0.7058823529411765,0.28571428571428525,1.142857142857143,-0.5333333333333333,-0.6024096385542169,-0.16481069042315047,-0.47368421052631515,0.16666666666666688,0.8750000000000004,1
628,0.4285714285714288,0.3333333333333332,0.08823529411764698,0.0,0.8571428571428577,-0.6,-0.5542168674698795,0.8908685968819399,0.26315789473684126,-0.7222222222222225,-0.6874999999999999,0
633,-0.1428571428571432,-0.45833333333333354,-0.35294117647058826,1.1428571428571423,0.3333333333333331,0.4666666666666667,0.12048192771084337,-0.17817371937641766,0.052631578947367315,-0.2777777777777781,0.1875000000000005,1
1307,0.8571428571428568,0.708333333333333,0.17647058823529413,0.4285714285714282,0.3809523809523808,0.5333333333333333,1.2771084337349397,0.489977728285062,-0.10526315789473696,0.0,-0.06249999999999979,0
1401,0.0,0.708333333333333,-0.14705882352941183,-0.14285714285714296,0.0,1.2666666666666666,2.4819277108433737,-0.26726057906460177,-0.3157894736842109,-0.6111111111111113,-0.18749999999999936,0
1409,0.09523809523809491,-0.9583333333333335,0.2941176470588235,0.0,-1.5238095238095244,1.4,0.3614457831325301,-0.8017817371937558,-0.21052631578947392,2.1666666666666674,1.3750000000000009,1
1249,-0.4761904761904763,-0.45833333333333354,0.20588235294117652,0.0,0.04761904761904768,0.5333333333333333,-0.04819277108433735,-0.8463251670378478,0.5263157894736848,0.7222222222222225,0.5625000000000003,1
1559,-0.4761904761904763,0.4583333333333333,0.20588235294117652,6.428571428571427,7.380952380952383,3.466666666666667,1.855421686746988,0.47661469933184425,-0.47368421052631515,-0.33333333333333315,-0.43749999999999967,0
1255,-0.04761904761904788,0.7499999999999998,-0.5882352941176472,-0.4285714285714288,-0.04761904761904768,0.4,-0.07228915662650602,-0.23162583518928853,0.47368421052631515,0.38888888888888873,0.4375000000000008,0
1372,-0.1904761904761907,0.24999999999999978,0.8823529411764708,1.2857142857142854,3.4761904761904776,-0.6,-0.5783132530120482,-0.9086859688195965,-0.5263157894736848,2.2777777777777786,0.8750000000000004,1
1355,-0.3333333333333335,0.24999999999999978,-0.6764705882352942,0.14285714285714232,-0.14285714285714304,-0.4666666666666667,-0.24096385542168675,-0.4988864142538903,0.21052631578947392,-0.5555555555555556,-0.12499999999999958,0
1535,-0.6190476190476195,0.16666666666666682,-0.35294117647058826,0.28571428571428525,-0.7619047619047622,-0.06666666666666667,-0.21686746987951808,-1.2605790645879433,0.5789473684210521,0.0,0.9375000000000002,1
1475,0.9523809523809526,-0.08333333333333341,0.7058823529411765,16.57142857142857,5.952380952380954,2.2666666666666666,1.0602409638554218,2.5033407572382798,-0.7894736842105261,0.7222222222222225,-0.8749999999999993,0
796,1.3809523809523814,1.5416666666666667,0.11764705882352937,0.5714285714285712,2.4761904761904776,-0.4666666666666667,0.5301204819277109,0.4721603563474054,-1.6842105263157892,3.111111111111112,0.0,0
646,-0.04761904761904788,0.5,-0.4705882352941177,5.428571428571427,1.6666666666666676,-0.6,-0.6506024096385542,0.7126948775055222,0.3157894736842109,0.38888888888888873,-0.06249999999999979,1
1013,-0.09523809523809534,2.020833333333333,-0.32352941176470595,-0.14285714285714296,1.0476190476190477,-0.2,-0.14457831325301204,-0.33853006681512926,-0.42105263157894784,-0.7777777777777781,-0.12499999999999958,0
557,1.4285714285714288,0.041666666666666706,0.6764705882352942,3.428571428571427,1.80952380952381,-0.26666666666666666,-0.5060240963855421,1.514476614699278,-1.2631578947368436,-0.33333333333333315,0.9375000000000002,1
682,0.04761904761904746,-0.2916666666666667,-0.08823529411764706,0.0,0.6666666666666669,0.13333333333333333,-0.21686746987951808,-0.26726057906460177,-0.5263157894736848,-0.7222222222222225,0.0,1
578,0.4285714285714288,-0.3333333333333334,0.6764705882352942,0.8571428571428564,0.14285714285714304,0.26666666666666666,1.7590361445783131,0.6236080178173381,-0.05263157894736965,-0.11111111111111124,-0.43749999999999967,0
1267,-0.3333333333333335,0.20833333333333307,-0.6176470588235295,0.14285714285714232,0.04761904761904768,0.13333333333333333,-0.04819277108433735,-0.5167037861915469,0.3684210526315782,-0.11111111111111124,0.0625000000000009,1
1184,-0.5238095238095242,0.5833333333333334,-0.5588235294117647,-0.8571428571428571,-0.47619047619047616,0.13333333333333333,0.5542168674698795,-0.48106904231623365,-0.10526315789473696,-0.11111111111111124,-0.5624999999999992,0
525,0.6190476190476186,-0.3750000000000001,0.6764705882352942,0.28571428571428525,0.2857142857142854,0.6,1.8795180722891567,0.35634743875278585,-0.42105263157894784,0.11111111111111124,-0.43749999999999967,0
1060,0.4761904761904763,-0.16666666666666682,0.7941176470588237,2.5714285714285707,0.9999999999999953,-0.7333333333333333,-0.6746987951807228,-0.4187082405345345,-0.5263157894736848,-0.16666666666666688,1.1875000000000004,1
541,0.6190476190476186,0.29166666666666646,-0.05882352941176476,1.5714285714285705,0.9999999999999953,0.4,0.21686746987951808,0.8908685968819399,-0.2631578947368436,0.2777777777777781,-0.37499999999999983,0
1195,-0.4285714285714288,0.9374999999999999,-0.41176470588235303,-0.5714285714285715,1.61904761904762,0.06666666666666667,0.6265060240963856,-0.40979955456570616,-0.47368421052631515,-0.16666666666666688,-0.43749999999999967,1
749,-0.3333333333333335,-0.08333333333333341,-0.2352941176470589,-0.14285714285714296,-0.42857142857142916,-0.13333333333333333,-0.1686746987951807,0.36080178173717525,1.105263157894737,0.5555555555555556,-0.37499999999999983,1
1478,-1.2380952380952386,-0.20833333333333354,-0.4411764705882354,0.0,-1.5238095238095244,0.13333333333333333,1.2289156626506024,-2.2182628062360212,1.210526315789474,1.444444444444445,2.125000000000001,1
1431,-0.23809523809523814,-0.45833333333333354,-0.05882352941176476,-0.5714285714285715,-0.6666666666666669,0.26666666666666666,0.21686746987951808,-0.534521158129154,0.3157894736842109,0.0,0.1250000000000007,0
485,1.2857142857142856,-0.3333333333333334,1.235294117647059,2.7142857142857126,1.61904761904762,-0.5333333333333333,-0.3373493975903614,0.0890868596881841,-1.3157894736842108,0.2222222222222225,2.0000000000000013,1
96,-1.5238095238095242,0.3333333333333332,-0.2647058823529412,0.14285714285714232,-1.047619047619053,0.2,1.6385542168674698,-1.6035634743875116,2.8421052631578956,-0.11111111111111124,1.687500000000001,1
1021,1.6190476190476195,-0.6666666666666669,1.1764705882352944,0.28571428571428525,2.0476190476190483,-0.7333333333333333,-0.7228915662650602,-0.16926503340758933,-0.5789473684210521,-0.5,1.0625000000000009,1
564,-0.1428571428571432,-0.9583333333333335,0.6764705882352942,0.7142857142857141,0.5714285714285715,0.7333333333333333,0.5301204819277109,0.13363028953227615,0.0,-0.05555555555555562,-0.06249999999999979,1
1265,0.2857142857142856,-0.6250000000000001,0.17647058823529413,-0.5714285714285715,-0.6666666666666669,0.8,0.3132530120481928,-0.9977728285077806,0.3684210526315782,0.5555555555555556,1.000000000000001,1
743,-0.666666666666667,0.39583333333333326,-0.7647058823529412,-0.4285714285714288,-0.7142857142857145,-0.3333333333333333,-0.4819277108433735,0.1781737193763682,0.7894736842105261,0.16666666666666688,-0.6250000000000001,0
864,-0.3333333333333335,0.4166666666666666,-0.5882352941176472,0.4285714285714282,-0.09523809523809536,0.2,1.108433734939759,0.29398663697103716,1.0526315789473673,-0.5,-0.31250000000000006,0
892,-0.3333333333333335,0.5833333333333334,-0.6764705882352942,0.14285714285714232,-0.09523809523809536,0.13333333333333333,1.1566265060240963,0.28062360801781944,1.1578947368421042,-0.2777777777777781,-0.31250000000000006,0
1039,0.3809523809523805,-0.45833333333333354,0.4411764705882352,5.714285714285713,-0.09523809523809536,0.7333333333333333,0.0963855421686747,-0.6681514476614796,-0.3684210526315782,0.8333333333333337,1.5000000000000007,1
207,2.333333333333334,-0.9166666666666669,1.411764705882353,0.5714285714285712,0.7142857142857145,-0.3333333333333333,-0.24096385542168675,1.1581291759464922,-0.5789473684210521,0.8333333333333337,0.375000000000001,1
795,1.0476190476190474,-1.0416666666666667,0.8235294117647061,0.14285714285714232,-0.7142857142857145,-0.4666666666666667,-0.2891566265060241,-0.6636971046770408,-0.7368421052631587,-0.5,1.4375000000000007,1
871,-0.09523809523809534,0.8124999999999998,-0.7352941176470589,-0.14285714285714296,-0.7619047619047622,1.1333333333333333,0.12048192771084337,-1.3763919821826125,0.5263157894736848,-0.2777777777777781,1.000000000000001,1
398,1.7142857142857144,0.29166666666666646,0.9705882352941176,0.5714285714285712,0.3333333333333331,-0.06666666666666667,0.26506024096385544,0.8908685968819399,-0.6842105263157892,0.16666666666666688,0.5000000000000006,1
1468,-0.5714285714285716,2.166666666666667,-0.5294117647058824,0.14285714285714232,-0.6190476190476192,0.3333333333333333,-0.14457831325301204,-0.14253897550110445,1.105263157894737,-0.2777777777777781,0.5000000000000006,0
1242,0.9047619047619051,-0.6250000000000001,0.3823529411764706,0.4285714285714282,-0.04761904761904768,0.9333333333333333,0.6506024096385542,0.2182628062360708,-0.7894736842105261,-0.16666666666666688,-0.24999999999999917,0
1029,-0.3333333333333335,-0.75,-0.14705882352941183,0.4285714285714282,-0.23809523809523842,1.8,0.7228915662650602,-0.4187082405345345,0.3157894736842109,-0.44444444444444436,-0.06249999999999979,1
643,0.9523809523809526,0.08333333333333341,0.5588235294117647,0.14285714285714232,-0.42857142857142916,0.13333333333333333,0.04819277108433735,1.024498886414216,0.42105263157894784,0.0,-0.49999999999999944,0
613,-0.1904761904761907,0.5,-0.7647058823529412,0.28571428571428525,-0.14285714285714304,0.26666666666666666,-0.21686746987951808,-0.13363028953227615,0.052631578947367315,-0.11111111111111124,-0.12499999999999958,1
961,0.2857142857142856,-0.20833333333333354,0.02941176470588238,-0.4285714285714288,-1.047619047619053,0.26666666666666666,0.0,-0.7216035634744,-0.7894736842105261,1.2777777777777781,0.5625000000000003,1
684,0.09523809523809491,1.0833333333333335,-0.08823529411764706,0.5714285714285712,-1.0000000000000007,-0.6,-0.5542168674698795,0.0890868596881841,0.3157894736842109,-0.33333333333333315,0.687500000000001,0
99,-0.1428571428571432,1.5833333333333335,-0.5882352941176472,0.4285714285714282,-0.04761904761904768,-0.6,-0.6746987951807228,-0.04454342984409205,0.42105263157894784,-0.33333333333333315,-0.24999999999999917,0
805,0.23809523809523814,0.0,-0.11764705882352945,0.7142857142857141,0.19047619047619072,-0.6666666666666666,-0.4819277108433735,0.0089086859688283,-0.2631578947368436,-0.2777777777777781,-0.18749999999999936,1
503,1.1904761904761907,-0.3333333333333334,1.3823529411764706,6.214285714285713,-0.2857142857142861,1.6,0.9156626506024096,0.979955456570124,-0.7368421052631587,1.2777777777777781,1.1250000000000007,1
1072,-0.1904761904761907,1.0416666666666667,-0.17647058823529413,8.428571428571425,0.8571428571428577,1.0666666666666667,1.3012048192771084,0.9443207126948602,-0.5789473684210521,-0.2222222222222225,-0.6250000000000001,0
1057,0.4761904761904763,-0.16666666666666682,0.7941176470588237,2.5714285714285707,0.9999999999999953,-0.7333333333333333,-0.6746987951807228,-0.4187082405345345,-0.5263157894736848,-0.16666666666666688,1.1875000000000004,1
930,0.3809523809523805,-0.7916666666666667,0.35294117647058826,1.5714285714285705,-0.80952380952381,-0.26666666666666666,-0.4578313253012048,-0.9443207126948602,-0.05263157894736965,0.6111111111111113,1.1250000000000007,1
780,-0.3809523809523814,0.0,-0.6764705882352942,0.5714285714285712,-0.19047619047619072,0.4666666666666667,1.3012048192771084,0.2895322939865983,1.0,-0.11111111111111124,-0.24999999999999917,0
135,0.0,2.166666666666667,-0.6176470588235295,0.0,0.19047619047619072,-0.06666666666666667,-0.21686746987951808,-0.4008908685968779,-0.47368421052631515,-0.38888888888888873,-0.18749999999999936,1
1052,0.2857142857142856,-0.25,0.9705882352941176,-1.142857142857143,15.90476190476191,0.13333333333333333,0.1686746987951807,0.09799554565701239,-1.4736842105263175,4.000000000000002,-0.6250000000000001,0
41,-0.28571428571428603,-0.2916666666666667,0.2941176470588235,5.285714285714285,-0.2857142857142861,-0.13333333333333333,1.180722891566265,0.44543429844096993,0.10526315789473696,1.166666666666667,0.1875000000000005,0
1018,0.04761904761904746,-1.4166666666666667,0.3235294117647059,-1.857142857142857,-1.4761904761904767,1.4666666666666666,1.7108433734939759,-2.997772828507731,-2.210526315789474,-1.0000000000000002,1.5625000000000004,1
231,-1.285714285714286,-0.16666666666666682,-0.6470588235294118,-0.8571428571428571,-1.2380952380952388,0.3333333333333333,1.6385542168674698,-1.8262806236079718,1.210526315789474,0.0,1.2500000000000002,1
289,0.3809523809523805,0.0,-0.5000000000000001,0.4285714285714282,0.5238095238095238,0.4,0.26506024096385544,0.35634743875278585,0.15789473684210428,1.3333333333333337,0.2500000000000003,1
419,1.904761904761905,-0.5833333333333334,0.7352941176470589,-0.2857142857142859,1.952380952380953,-0.4666666666666667,-0.43373493975903615,1.2472160356347257,-0.3684210526315782,0.7777777777777781,0.1250000000000007,1
392,2.761904761904762,-0.43750000000000017,1.235294117647059,0.9999999999999993,0.23809523809523842,0.2,0.12048192771084337,2.0489977728284816,-1.3157894736842108,1.0000000000000007,-0.12499999999999958,1
593,0.5238095238095237,-0.2916666666666667,0.6764705882352942,0.5714285714285712,0.19047619047619072,0.4666666666666667,0.891566265060241,0.8463251670378478,0.21052631578947392,-0.2777777777777781,-0.31250000000000006,0
1163,0.2857142857142856,-0.8333333333333334,0.47058823529411764,0.14285714285714232,-0.23809523809523842,-0.13333333333333333,-0.4578313253012048,-1.095768374164793,-0.894736842105263,0.5,1.000000000000001,1
1087,0.2857142857142856,-0.75,0.41176470588235303,3.5714285714285707,-1.1904761904761911,-0.7333333333333333,-0.6987951807228916,0.25835189309577344,0.3684210526315782,0.2222222222222225,0.8750000000000004,1
648,0.1904761904761907,1.3541666666666665,-0.7352941176470589,0.0,-0.47619047619047616,-0.6,-0.5783132530120482,-0.04454342984409205,0.052631578947367315,-0.2222222222222225,0.5000000000000006,0
1153,0.1904761904761907,0.3333333333333332,-0.02941176470588238,0.0,1.80952380952381,-0.3333333333333333,0.0,-0.2850779510022089,-0.8421052631578957,-0.5,-0.24999999999999917,0
1368,-0.4761904761904763,0.08333333333333341,0.11764705882352937,0.0,0.3809523809523808,-0.3333333333333333,1.6144578313253013,0.20044543429841422,-0.3157894736842109,3.111111111111112,0.1875000000000005,1
521,0.9047619047619051,-1.1250000000000002,0.6764705882352942,0.7142857142857141,0.3809523809523808,0.06666666666666667,-0.12048192771084337,0.6236080178173381,0.5789473684210521,1.5555555555555562,-0.12499999999999958,1
65,-0.3333333333333335,0.8541666666666665,-0.6176470588235295,3.4999999999999996,0.2857142857142854,-0.6666666666666666,-0.6506024096385542,-0.26726057906460177,0.5263157894736848,-1.2777777777777781,0.4375000000000008,0
15,0.4761904761904763,0.4166666666666666,-0.2352941176470589,2.2857142857142847,4.571428571428573,2.533333333333333,2.5783132530120483,0.8017817371937558,-0.7894736842105261,1.444444444444445,-0.6250000000000001,0
1181,0.14285714285714238,-0.7083333333333335,0.20588235294117652,0.28571428571428525,-0.19047619047619072,-0.2,0.21686746987951808,-0.36080178173717525,-0.21052631578947392,1.0555555555555562,0.5000000000000006,1
1065,0.14285714285714238,0.9166666666666666,-0.5000000000000001,-0.2857142857142859,-0.6190476190476192,-0.6,-0.6746987951807228,-1.1670378619153698,-0.15789473684210661,-0.2777777777777781,1.000000000000001,1
493,0.4761904761904763,-0.5,0.7352941176470589,0.5714285714285712,-1.3333333333333341,-0.06666666666666667,-0.26506024096385544,-0.8017817371937558,0.052631578947367315,1.5555555555555562,2.0000000000000013,1
380,0.1904761904761907,-0.4166666666666668,0.35294117647058826,0.4285714285714282,0.6666666666666669,0.6666666666666666,0.5301204819277109,0.489977728285062,0.0,0.44444444444444436,0.375000000000001,1
188,-0.09523809523809534,0.7708333333333331,-0.4705882352941177,0.5714285714285712,0.19047619047619072,-0.3333333333333333,-0.2891566265060241,0.35634743875278585,0.42105263157894784,-0.7222222222222225,-0.31250000000000006,0
764,0.666666666666667,0.5625000000000001,0.0,-0.2857142857142859,0.7619047619047622,-0.6,-0.07228915662650602,0.25835189309577344,-0.3157894736842109,-1.1111111111111116,-0.37499999999999983,0
217,0.3809523809523805,0.43749999999999994,-0.2941176470588236,-0.2857142857142859,0.9999999999999953,-0.06666666666666667,0.26506024096385544,-0.26726057906460177,-0.894736842105263,-0.2777777777777781,0.5000000000000006,0
792,0.4285714285714288,0.5,-0.2647058823529412,0.9999999999999993,0.19047619047619072,0.7333333333333333,2.216867469879518,0.6146993318485098,-0.42105263157894784,-0.44444444444444436,-0.37499999999999983,0
1077,0.9523809523809526,-0.8333333333333334,0.8823529411764708,-0.2857142857142859,-0.33333333333333376,-0.7333333333333333,-0.7228915662650602,-0.6503340757238231,-0.8421052631578957,0.6111111111111113,0.7500000000000009,1
338,-0.04761904761904788,-0.3750000000000001,0.17647058823529413,0.8571428571428564,0.0,1.0,0.4819277108433735,0.2672605790645523,0.0,0.11111111111111124,0.0625000000000009,0
720,-0.3809523809523814,0.5833333333333334,-0.7647058823529412,2.4285714285714275,0.2857142857142854,0.2,0.1686746987951807,0.35634743875278585,0.7894736842105261,-0.44444444444444436,-0.43749999999999967,0
296,1.3809523809523814,-0.08333333333333341,0.5882352941176472,0.4285714285714282,-0.33333333333333376,-0.6,-0.26506024096385544,1.469933184855186,-1.3684210526315805,0.11111111111111124,-0.43749999999999967,0
1017,0.4761904761904763,-0.5833333333333334,0.41176470588235303,0.0,-0.5714285714285715,-0.13333333333333333,-0.24096385542168675,-0.8641425389755044,-0.21052631578947392,0.7222222222222225,1.5000000000000007,1
1276,0.04761904761904746,0.8124999999999998,-0.11764705882352945,0.14285714285714232,-0.23809523809523842,-0.06666666666666667,1.036144578313253,0.03563474387526375,-0.3684210526315782,-0.44444444444444436,-0.43749999999999967,1
1486,-0.4285714285714288,0.5625000000000001,-0.2941176470588236,-0.14285714285714296,-0.2857142857142861,-0.4,-0.3132530120481928,-0.3296213808463504,0.3157894736842109,-0.38888888888888873,-0.31250000000000006,0
456,1.6190476190476195,0.4166666666666666,1.2058823529411766,4.285714285714285,0.2857142857142854,-0.5333333333333333,-0.4578313253012048,0.8908685968819399,-0.47368421052631515,0.38888888888888873,2.0000000000000013,1
1596,-0.9523809523809526,0.1250000000000001,-0.4705882352941177,0.0,-0.8571428571428577,1.6666666666666667,0.3132530120481928,-0.7483296213808355,1.105263157894737,0.7777777777777781,0.6250000000000001,1
816,1.3809523809523814,-0.2916666666666667,0.20588235294117652,0.4285714285714282,0.9047619047619053,0.4,0.0,0.6146993318485098,-0.3684210526315782,0.5,0.375000000000001,0
270,1.7142857142857144,-1.4166666666666667,0.7352941176470589,2.5714285714285707,1.142857142857143,-0.6666666666666666,-0.3614457831325301,1.2472160356347257,-0.15789473684210661,1.944444444444445,-0.06249999999999979,1
996,-0.09523809523809534,0.3333333333333332,-0.5882352941176472,-0.2857142857142859,-0.04761904761904768,0.3333333333333333,0.07228915662650602,0.07572383073496637,0.42105263157894784,0.0,-0.06249999999999979,1
202,0.4285714285714288,-0.6250000000000001,0.6470588235294118,-0.14285714285714296,0.8095238095238053,1.6666666666666667,2.5783132530120483,0.3118040089086938,-1.4210526315789478,2.2777777777777786,-0.5624999999999992,0
162,-0.1428571428571432,0.6666666666666669,-0.7058823529411766,-1.2857142857142856,-0.38095238095238143,-0.3333333333333333,-0.43373493975903615,-0.13363028953227615,-0.7368421052631587,2.5555555555555567,-0.6250000000000001,0
730,-0.7142857142857144,1.4375,-0.6764705882352942,1.4285714285714282,-0.42857142857142916,0.8666666666666667,0.4819277108433735,-0.8017817371937558,1.5789473684210522,-0.7222222222222225,1.5625000000000004,1
402,-0.09523809523809534,-1.0833333333333335,0.11764705882352937,-0.7142857142857144,-1.0000000000000007,0.4,0.0,-0.8463251670378478,-0.10526315789473696,-0.8333333333333337,0.375000000000001,1
703,-0.4285714285714288,0.5,-0.7058823529411766,-0.14285714285714296,-0.6190476190476192,-0.3333333333333333,-0.3614457831325301,0.0890868596881841,0.8421052631578957,0.2777777777777781,-0.49999999999999944,1
1501,-0.1904761904761907,0.8541666666666665,-0.6470588235294118,-1.0,-0.19047619047619072,-0.4,-0.5542168674698795,-0.766146993318492,-0.2631578947368436,-0.5,-0.37499999999999983,0
566,2.2857142857142856,0.3333333333333332,0.6764705882352942,0.8571428571428564,-0.23809523809523842,-0.6,-0.4578313253012048,1.1581291759464922,-0.894736842105263,-0.2777777777777781,0.7500000000000009,0
1414,0.9523809523809526,0.20833333333333307,-0.02941176470588238,-0.2857142857142859,1.142857142857143,-0.13333333333333333,1.2289156626506024,-0.2227171492205097,-1.4210526315789478,1.5555555555555562,-0.06249999999999979,0
1022,1.6190476190476195,-0.6666666666666669,1.1764705882352944,0.28571428571428525,2.0476190476190483,-0.7333333333333333,-0.7228915662650602,-0.16926503340758933,-0.5789473684210521,-0.5,1.0625000000000009,1
1026,0.33333333333333304,1.2916666666666665,-0.7647058823529412,0.8571428571428564,0.7142857142857145,0.2,0.12048192771084337,0.6325167037861664,0.10526315789473696,-0.11111111111111124,0.1250000000000007,1
1412,-0.7142857142857144,-0.20833333333333354,0.41176470588235303,0.28571428571428525,-0.42857142857142916,-0.4,-0.4578313253012048,-0.2227171492205097,1.3157894736842108,0.6111111111111113,0.2500000000000003,1
1105,0.04761904761904746,-0.16666666666666682,0.2352941176470589,0.0,-0.33333333333333376,0.13333333333333333,-0.3132530120481928,-1.4253897550110939,-0.15789473684210661,0.2222222222222225,1.3750000000000009,1
206,2.333333333333334,-0.9166666666666669,1.411764705882353,0.5714285714285712,0.7142857142857145,-0.3333333333333333,-0.24096385542168675,1.1581291759464922,-0.5789473684210521,0.8333333333333337,0.375000000000001,1
35,-1.285714285714286,-0.8333333333333334,-0.02941176470588238,-0.5714285714285715,1.0952380952380953,-0.06666666666666667,0.2891566265060241,-0.489977728285062,0.3684210526315782,-0.38888888888888873,-0.6250000000000001,0
776,-0.3333333333333335,2.0,-0.7647058823529412,1.1428571428571423,1.0476190476190477,-0.4666666666666667,-0.5301204819277109,-0.4187082405345345,0.6315789473684218,-0.8888888888888891,-0.12499999999999958,0
509,1.0,0.29166666666666646,0.14705882352941174,0.0,0.47619047619047616,0.8,0.5783132530120482,1.1581291759464922,-0.6842105263157892,0.05555555555555562,0.0,1
1452,-0.04761904761904788,-0.8333333333333334,0.5294117647058824,0.7142857142857141,1.142857142857143,-0.4,-0.5060240963855421,0.23162583518928853,0.10526315789473696,0.8888888888888894,0.5000000000000006,1
1479,-0.3809523809523814,1.4791666666666667,-0.6176470588235295,4.999999999999999,0.09523809523809074,-0.7333333333333333,-0.5783132530120482,0.5701559020044178,0.47368421052631515,-0.5555555555555556,0.0,0
1574,-0.9047619047619051,0.24999999999999978,-0.17647058823529413,0.28571428571428525,-0.23809523809523842,0.06666666666666667,0.2891566265060241,-0.9487750556792497,1.4210526315789478,0.2777777777777781,1.4375000000000007,1
1391,-0.9047619047619051,-0.1250000000000001,-0.7647058823529412,0.14285714285714232,-0.5714285714285715,0.06666666666666667,-0.12048192771084337,-1.7282850779509593,1.4210526315789478,-0.16666666666666688,1.4375000000000007,1
92,0.33333333333333304,-0.1250000000000001,0.05882352941176476,-0.4285714285714288,1.428571428571429,0.4,2.36144578313253,0.1781737193763682,-2.0,7.388888888888892,-0.18749999999999936,1
1364,0.04761904761904746,1.2916666666666665,0.02941176470588238,-0.2857142857142859,0.0,-0.2,0.6024096385542169,-0.12472160356349729,-0.10526315789473696,-0.7777777777777781,-0.24999999999999917,0
565,2.428571428571429,-0.20833333333333354,0.6764705882352942,2.9999999999999987,0.23809523809523842,-0.5333333333333333,0.21686746987951808,2.3608017817371256,-0.05263157894736965,0.33333333333333376,1.5625000000000004,1
1370,-0.6190476190476195,0.3749999999999999,-0.7647058823529412,-0.8571428571428571,-0.5238095238095238,-0.6666666666666666,-0.7228915662650602,-1.2650334075723824,0.10526315789473696,-1.3888888888888893,0.1250000000000007,0
777,-0.4761904761904763,1.0208333333333333,-0.2352941176470589,0.28571428571428525,7.7619047619047645,-0.5666666666666667,0.24096385542168675,-0.3028953229398655,0.47368421052631515,-0.11111111111111124,0.0625000000000009,1
242,1.9523809523809526,-0.5833333333333334,0.8823529411764708,-0.14285714285714296,0.6190476190476192,-0.5333333333333333,-0.3373493975903614,1.091314031180354,-0.894736842105263,0.5,0.4375000000000008,1
14,-0.04761904761904788,0.3749999999999999,0.08823529411764698,-0.8571428571428571,1.61904761904762,-0.3333333333333333,-0.21686746987951808,0.2672605790645523,-0.2631578947368436,5.222222222222224,-0.6874999999999999,0
316,-0.3809523809523814,-0.7083333333333335,0.08823529411764698,0.4285714285714282,0.7619047619047622,0.4,0.3614457831325301,-0.26726057906460177,0.5789473684210521,0.16666666666666688,0.5000000000000006,1
601,0.14285714285714238,1.6458333333333335,0.02941176470588238,-0.14285714285714296,0.3809523809523808,-0.4666666666666667,-0.3614457831325301,-0.26726057906460177,-0.2631578947368436,-0.8333333333333337,-0.12499999999999958,0
388,0.1904761904761907,0.5833333333333334,-0.32352941176470595,-0.4285714285714288,-0.04761904761904768,0.2,0.0963855421686747,0.1781737193763682,0.0,-0.44444444444444436,-0.37499999999999983,1
1298,-0.3333333333333335,0.041666666666666706,-0.35294117647058826,-0.14285714285714296,-0.7619047619047622,0.06666666666666667,-0.21686746987951808,-1.5902004454342937,0.21052631578947392,-0.05555555555555562,1.1875000000000004,1
167,-0.5238095238095242,0.5,-0.4705882352941177,-0.14285714285714296,0.23809523809523842,0.26666666666666666,1.5180722891566265,-0.534521158129154,0.15789473684210428,-0.5555555555555556,0.0,0
841,1.5238095238095237,-0.4166666666666668,0.6176470588235293,0.6428571428571423,0.23809523809523842,-0.3333333333333333,-0.0963855421686747,0.24944320712694515,-0.3684210526315782,0.8333333333333337,1.1875000000000004,1
21,0.4761904761904763,-1.2500000000000002,0.6470588235294118,-0.5714285714285715,-0.14285714285714304,1.0,0.5301204819277109,0.0,0.42105263157894784,-0.5,-0.49999999999999944,1
647,-0.28571428571428603,0.6250000000000001,-0.6176470588235295,1.9999999999999993,1.285714285714286,-0.5333333333333333,-0.43373493975903615,0.1781737193763682,0.47368421052631515,0.05555555555555562,-0.06249999999999979,0
1155,-0.6190476190476195,0.24999999999999978,-0.7647058823529412,0.0,0.952380952380953,2.4,0.6024096385542169,-0.605790645879731,1.4736842105263153,0.33333333333333376,0.7500000000000009,1
1529,0.0,-0.9583333333333335,0.6764705882352942,0.0,0.7619047619047622,0.4666666666666667,0.5060240963855421,0.15144766146993274,0.0,0.2777777777777781,-0.06249999999999979,1
832,-0.9523809523809526,0.3749999999999999,-0.5294117647058824,-0.14285714285714296,-0.42857142857142916,0.13333333333333333,-0.3373493975903614,-1.3541202672605663,1.3157894736842108,0.8333333333333337,0.5625000000000003,1
1268,1.1904761904761907,-0.3750000000000001,0.7058823529411765,0.14285714285714232,-0.5714285714285715,-0.06666666666666667,-0.4578313253012048,-0.35634743875278585,-1.105263157894737,1.3888888888888893,0.7500000000000009,1
1558,-0.6190476190476195,1.3958333333333333,-0.7058823529411766,0.28571428571428525,-0.8571428571428577,0.06666666666666667,-0.3614457831325301,-0.23608017817372742,1.210526315789474,-0.11111111111111124,0.5000000000000006,1
687,-0.3809523809523814,0.5416666666666667,-0.2352941176470589,-0.5714285714285715,-0.47619047619047616,-0.06666666666666667,0.04819277108433735,0.0890868596881841,0.6842105263157892,-0.11111111111111124,-0.6874999999999999,0
958,0.7619047619047619,-0.6250000000000001,0.7647058823529412,-0.2857142857142859,0.3809523809523808,-0.13333333333333333,0.3132530120481928,-0.2984409799554761,-0.10526315789473696,-0.2222222222222225,0.5625000000000003,1
190,0.0,-0.1250000000000001,0.17647058823529413,-0.4285714285714288,0.09523809523809074,0.2,2.5542168674698793,0.0,-0.5789473684210521,-0.38888888888888873,-0.43749999999999967,0
976,-0.3333333333333335,-0.45833333333333354,0.11764705882352937,-0.14285714285714296,0.14285714285714304,1.4,0.8192771084337349,0.0890868596881841,0.6842105263157892,-0.5555555555555556,-0.49999999999999944,0
700,1.8571428571428577,-0.5833333333333334,0.8529411764705884,-0.14285714285714296,-0.42857142857142916,-0.6,-0.4578313253012048,0.8017817371937558,-1.0526315789473697,0.0,0.375000000000001,1
1500,-0.4761904761904763,0.9166666666666666,-0.6764705882352942,0.14285714285714232,-1.2380952380952388,-0.4666666666666667,-0.5301204819277109,-0.766146993318492,0.7368421052631587,0.05555555555555562,0.8125000000000007,1
1083,-0.3333333333333335,-0.5833333333333334,0.11764705882352937,-0.5714285714285715,-0.33333333333333376,1.1333333333333333,0.7710843373493976,0.022271714922046024,0.5789473684210521,-0.16666666666666688,-0.43749999999999967,1
475,1.2380952380952381,-1.0,0.7352941176470589,-0.7142857142857144,0.0,-0.26666666666666666,-0.3373493975903614,0.6236080178173381,-0.5789473684210521,1.5000000000000007,-0.49999999999999944,1
857,0.666666666666667,-0.6666666666666669,0.3823529411764706,-1.0,0.0,1.8,0.40963855421686746,-0.12472160356349729,0.8421052631578957,0.6111111111111113,0.4375000000000008,1
253,1.5238095238095237,-0.7083333333333335,0.6470588235294118,1.2857142857142854,0.47619047619047616,-0.6,-0.40963855421686746,0.8017817371937558,-0.7368421052631587,-0.5,0.1875000000000005,0
22,-0.1428571428571432,-0.5416666666666667,0.14705882352941174,0.14285714285714232,0.09523809523809074,0.6,0.7951807228915663,0.6236080178173381,1.105263157894737,0.16666666666666688,-0.31250000000000006,0
1338,-0.9047619047619051,-0.08333333333333341,-0.7647058823529412,-1.142857142857143,-1.0952380952380958,0.06666666666666667,-0.2891566265060241,-1.0334075723830443,0.26315789473684126,-0.9444444444444446,-0.43749999999999967,0
460,1.7619047619047619,0.24999999999999978,1.1764705882352944,0.0,-0.2857142857142861,-0.26666666666666666,0.21686746987951808,1.7817371937638302,-0.3157894736842109,-0.2777777777777781,-0.7499999999999997,0
1185,-0.5714285714285716,0.5,-0.08823529411764706,-0.14285714285714296,0.0,-0.2,1.9518072289156627,-0.6325167037861664,0.26315789473684126,0.44444444444444436,0.4375000000000008,0
277,-0.4761904761904763,0.08333333333333341,-0.6470588235294118,1.1428571428571423,-0.14285714285714304,-0.4666666666666667,-0.26506024096385544,0.8463251670378478,2.0,1.6111111111111118,-0.49999999999999944,1
956,0.2857142857142856,-1.291666666666667,0.7647058823529412,-0.4285714285714288,0.47619047619047616,-0.3333333333333333,-0.3614457831325301,-0.14253897550110445,0.26315789473684126,0.2777777777777781,0.1250000000000007,0
1216,0.4285714285714288,-1.0416666666666667,0.5882352941176472,-0.14285714285714296,0.7142857142857145,0.4,-0.21686746987951808,-0.8552338530066761,-0.2631578947368436,-0.33333333333333315,0.687500000000001,1
386,-0.23809523809523814,0.4583333333333333,-0.5588235294117647,0.28571428571428525,0.47619047619047616,-0.2,-0.024096385542168676,0.489977728285062,0.6315789473684218,0.7777777777777781,-0.31250000000000006,1
806,0.14285714285714238,-1.0,0.41176470588235303,0.28571428571428525,-1.3333333333333341,-0.6666666666666666,-0.6746987951807228,-1.4432071269487505,0.10526315789473696,0.44444444444444436,1.6250000000000013,1
1438,-0.5238095238095242,1.6458333333333335,0.08823529411764698,3.7142857142857126,-0.47619047619047616,0.06666666666666667,0.024096385542168676,-0.45879732739418766,1.1578947368421042,-0.44444444444444436,0.5625000000000003,0
1516,-0.4761904761904763,1.3333333333333333,-0.14705882352941183,2.7142857142857126,-0.2857142857142861,0.13333333333333333,0.6506024096385542,0.7216035634743505,1.1578947368421042,0.5555555555555556,-0.5937499999999997,1
344,1.4285714285714288,-0.5416666666666667,0.6176470588235293,-0.5714285714285715,1.80952380952381,-0.5333333333333333,-0.5783132530120482,0.6236080178173381,-0.05263157894736965,0.7222222222222225,-0.24999999999999917,1
770,0.0,0.8333333333333331,-0.7352941176470589,-0.4285714285714288,-0.19047619047619072,-0.4666666666666667,-0.14457831325301204,-0.05345211581292035,0.42105263157894784,-0.44444444444444436,-0.37499999999999983,0
131,0.04761904761904746,0.9374999999999999,0.8823529411764708,-0.2857142857142859,1.80952380952381,1.0666666666666667,2.3132530120481927,0.0,-0.3684210526315782,0.2222222222222225,-0.49999999999999944,0
872,-0.4761904761904763,0.16666666666666682,-0.6764705882352942,-1.0,0.2857142857142854,1.4666666666666666,0.1927710843373494,-0.7037861915367434,1.1578947368421042,-0.2777777777777781,0.2500000000000003,0
1124,1.333333333333333,-0.5,0.3235294117647059,-0.4285714285714288,0.04761904761904768,0.2,-0.21686746987951808,-0.026726057906484902,-1.0,0.16666666666666688,0.6250000000000001,1
1397,0.3809523809523805,0.6458333333333335,-0.4705882352941177,-0.8571428571428571,0.47619047619047616,-0.6666666666666666,-0.6506024096385542,0.2895322939865983,0.0,0.16666666666666688,-0.4062499999999992,0
88,-0.09523809523809534,-0.1250000000000001,0.0,-0.4285714285714288,-0.8571428571428577,-0.3333333333333333,-0.1686746987951807,-0.0890868596881841,0.42105263157894784,0.11111111111111124,-0.37499999999999983,0
1483,-0.3333333333333335,0.24999999999999978,0.8235294117647061,-0.14285714285714296,1.61904761904762,-0.7333333333333333,-0.6987951807228916,0.17371937639197876,0.10526315789473696,-0.2777777777777781,0.0625000000000009,0
331,1.095238095238095,-0.6666666666666669,1.1176470588235294,0.9999999999999993,2.0000000000000004,-0.26666666666666666,0.07228915662650602,0.534521158129154,-0.42105263157894784,0.2222222222222225,1.4375000000000007,1
1239,0.09523809523809491,0.8749999999999999,-0.7647058823529412,0.4285714285714282,0.04761904761904768,-0.13333333333333333,-0.3373493975903614,0.5256124721603257,0.3684210526315782,-0.8888888888888891,-0.37499999999999983,0
467,1.1428571428571432,-0.08333333333333341,0.47058823529411764,-0.2857142857142859,-0.5238095238095238,0.4666666666666667,0.3132530120481928,0.6236080178173381,-0.7894736842105261,0.5555555555555556,0.8125000000000007,1
122,0.4285714285714288,0.1250000000000001,-0.6470588235294118,0.0,1.8571428571428577,0.0,0.43373493975903615,-0.26726057906460177,-0.5263157894736848,-0.11111111111111124,0.4375000000000008,1
1045,-0.7142857142857144,-0.5416666666666667,0.20588235294117652,1.5714285714285705,-1.61904761904762,-0.13333333333333333,0.3614457831325301,-1.719376391982131,0.26315789473684126,0.0,1.2500000000000002,1
1096,0.7142857142857144,-0.5,0.6176470588235293,0.4285714285714282,0.3333333333333331,-0.5333333333333333,-0.43373493975903615,0.40979955456570616,-0.8421052631578957,-0.6666666666666669,0.1875000000000005,0
1131,0.5714285714285712,0.3333333333333332,-0.7647058823529412,-0.4285714285714288,-1.047619047619053,-0.6,-0.6746987951807228,0.4008908685968779,-0.6842105263157892,0.05555555555555562,0.1250000000000007,1
861,-0.3333333333333335,0.4166666666666666,-0.5882352941176472,0.7142857142857141,-0.14285714285714304,0.06666666666666667,1.1325301204819278,0.29398663697103716,1.0526315789473673,-0.44444444444444436,-0.43749999999999967,0
1460,0.0,-1.3333333333333335,0.2647058823529411,-0.7142857142857144,-1.2380952380952388,-0.4666666666666667,-0.5542168674698795,-0.9888641425389523,0.052631578947367315,1.0000000000000007,1.0625000000000009,1
1127,-1.0000000000000004,-0.9583333333333335,0.0,-0.7142857142857144,-0.80952380952381,-0.7333333333333333,-0.6506024096385542,-2.3608017817371256,0.42105263157894784,-0.44444444444444436,2.062500000000001,1
