id,fixed acidity,volatile acidity,citric acid,residual sugar,chlorides,free sulfur dioxide,total sulfur dioxide,density,pH,sulphates,alcohol,class
355,-0.8571428571428577,-1.3121693121693125,0.4242424242424243,-1.142857142857143,-0.6999999999999998,1.8928571428571428,3.097560975609756,-2.5776754890678912,-0.3157894736842109,-0.17391304347826114,1.133333333333334,1
343,1.4285714285714288,-0.5502645502645503,0.6363636363636364,-0.5714285714285715,1.8999999999999992,-0.5714285714285714,-0.5853658536585366,0.6444188722669473,-0.05263157894736965,0.7536231884057977,-0.2666666666666657,1
835,0.4285714285714288,0.6984126984126987,0.0,-0.8571428571428571,0.3999999999999996,0.14285714285714285,-0.36585365853658536,0.06444188722671006,0.052631578947367315,-0.8695652173913051,-0.5333333333333327,0
706,0.23809523809523814,2.17989417989418,-0.3333333333333334,5.428571428571427,-0.35000000000000026,-0.21428571428571427,0.3902439024390244,1.0126582278480818,0.3157894736842109,-0.7536231884057977,-0.1999999999999993,0
1591,-0.7619047619047623,0.12698412698412712,-0.3333333333333334,-0.5714285714285715,-0.1500000000000001,0.8571428571428571,-0.07317073170731707,-1.684695051783641,0.052631578947367315,1.159420289855073,0.9333333333333336,1
1405,0.04761904761904746,-0.08465608465608475,0.393939393939394,0.5714285714285712,0.09999999999999522,-0.14285714285714285,0.1951219512195122,0.7825086306099047,0.6315789473684218,0.0,0.3333333333333333,1
1056,0.14285714285714238,0.507936507936508,0.030303030303030335,-0.2857142857142859,0.7499999999999998,-0.6428571428571429,0.9512195121951219,0.3084004602991677,-0.9473684210526326,0.0,-0.7333333333333331,1
949,0.4761904761904763,-1.6931216931216935,0.5757575757575758,-0.5714285714285715,-0.25000000000000017,-0.2857142857142857,-0.4146341463414634,-0.5891829689298256,0.5263157894736848,0.8115942028985514,1.133333333333334,1
237,-0.3333333333333335,0.46560846560846564,-0.787878787878788,-0.4285714285714288,0.8499999999999951,0.0,0.0,-0.02301495972381772,0.3157894736842109,-0.23188405797101486,-0.7999999999999995,1
670,1.6190476190476195,-0.761904761904762,0.5757575757575758,-0.2857142857142859,0.09999999999999522,-0.5714285714285714,-0.5609756097560976,0.920598388952811,-1.9473684210526327,0.23188405797101486,-0.6666666666666666,1
1582,-0.8095238095238098,0.1693121693121695,-0.5151515151515152,-0.7142857142857144,-1.3499999999999999,0.7142857142857143,-0.14634146341463414,-1.2796317606444083,1.210526315789474,-0.11594202898550743,0.7333333333333343,0
340,2.1904761904761907,-1.015873015873016,0.8484848484848486,0.14285714285714232,0.09999999999999522,-0.14285714285714285,-0.21951219512195122,1.334867663981581,-1.0526315789473697,4.289855072463772,-0.2666666666666657,1
1084,0.3809523809523805,-0.4232804232804235,0.5757575757575758,0.28571428571428525,-0.4000000000000003,1.2857142857142858,0.5121951219512195,-0.28998849252014414,0.10526315789473696,0.8695652173913051,1.2000000000000004,1
947,1.095238095238095,-0.33862433862433877,0.9696969696969696,2.7142857142857126,0.5999999999999998,-0.21428571428571427,-0.34146341463414637,0.29919447640963037,-0.10526315789473696,2.1449275362318856,1.2000000000000004,1
1492,-1.0952380952380958,0.08465608465608475,-0.6666666666666667,-0.7142857142857144,-1.5499999999999996,-0.6428571428571429,-0.6097560975609756,-1.1967779056386747,2.1578947368421066,-0.23188405797101486,0.8000000000000007,0
59,-0.04761904761904788,0.2962962962962961,-0.24242424242424251,0.14285714285714232,-0.20000000000000015,0.21428571428571427,0.3902439024390244,0.32220943613349917,0.6315789473684218,-0.17391304347826114,-0.13333333333333286,0
382,2.761904761904762,-0.4444444444444447,1.272727272727273,0.9999999999999993,0.25000000000000017,0.21428571428571427,0.12195121951219512,2.1173762945914856,-1.3157894736842108,1.0434782608695663,-0.13333333333333286,1
1102,-0.23809523809523814,-0.12698412698412712,0.030303030303030335,-0.14285714285714296,-0.4500000000000003,0.0,-0.3170731707317073,-1.3440736478711184,0.21052631578947392,0.057971014492753714,1.2000000000000004,1
821,-0.4285714285714288,0.6984126984126987,-0.787878787878788,-0.4285714285714288,0.95,-0.35714285714285715,-0.3902439024390244,-0.3406214039125738,0.15789473684210428,-0.11594202898550743,-0.3333333333333333,0
1459,0.23809523809523814,-0.9735449735449738,0.4242424242424243,-0.7142857142857144,-0.6499999999999998,-0.42857142857142855,-0.43902439024390244,-0.3544303797468542,0.42105263157894784,-0.11594202898550743,0.20000000000000048,0
809,-0.23809523809523814,0.042328042328042374,-0.4242424242424243,-0.4285714285714288,4.249999999999999,-0.7142857142857143,-0.6341463414634146,0.10126582278480818,-0.2631578947368436,1.3913043478260878,-0.6666666666666666,0
1287,-0.3809523809523814,-1.523809523809524,0.5454545454545455,0.4285714285714282,-0.5999999999999998,0.21428571428571427,-0.17073170731707318,-1.620253164556931,0.21052631578947392,-0.4637681159420291,1.4666666666666675,1
434,2.095238095238096,-0.5502645502645503,1.1212121212121213,0.14285714285714232,0.5499999999999997,-0.5714285714285714,-0.4878048780487805,1.657077100115029,-0.7894736842105261,-0.7536231884057977,-0.4666666666666662,0
1436,1.095238095238095,0.08465608465608475,0.3333333333333333,18.85714285714285,6.699999999999999,2.9285714285714284,1.3902439024390243,3.171461449942409,-0.6842105263157892,0.8695652173913051,-0.7999999999999995,1
293,1.1904761904761907,0.12698412698412712,-0.09090909090909091,0.7142857142857141,0.5499999999999997,0.2857142857142857,0.24390243902439024,1.1967779056386236,-0.47368421052631515,0.11594202898550743,0.06666666666666761,1
552,0.7142857142857144,-0.3809523809523811,-0.06060606060606067,0.8571428571428564,0.5999999999999998,0.0,0.17073170731707318,0.5523590333716764,-0.6315789473684218,0.6376811594202902,-0.13333333333333286,1
1228,0.5238095238095237,0.2539682539682538,-0.030303030303030335,-0.2857142857142859,1.1999999999999995,-0.42857142857142855,-0.4146341463414634,0.40966628308397585,-0.21052631578947392,0.5797101449275365,-0.39999999999999974,0
1396,0.33333333333333304,0.6984126984126987,-0.4848484848484849,-0.8571428571428571,0.5999999999999998,-0.7857142857142857,-0.6341463414634146,0.29919447640963037,0.0,0.17391304347826114,-0.4333333333333324,1
1177,-0.666666666666667,1.523809523809524,-0.6969696969696971,4.857142857142855,-0.05000000000000004,0.6428571428571429,0.21951219512195122,-0.49712313003450365,1.4210526315789478,-0.6956521739130439,0.6666666666666666,0
234,-0.4761904761904763,0.0,-0.030303030303030335,0.5714285714285712,0.05000000000000004,-0.2857142857142857,-0.024390243902439025,0.02301495972381772,0.7894736842105261,-0.6956521739130439,0.5333333333333338,0
1125,-0.666666666666667,0.2539682539682538,-0.787878787878788,0.0,0.7999999999999998,-0.7857142857142857,-0.6097560975609756,-0.5661680092060078,1.6315789473684217,0.0,0.8666666666666671,0
197,-0.28571428571428603,0.2539682539682538,0.12121212121212116,0.28571428571428525,-0.3000000000000002,0.07142857142857142,0.4146341463414634,0.0,0.7894736842105261,-0.17391304347826114,0.0,0
1439,-0.4285714285714288,0.2962962962962961,-0.787878787878788,-0.7142857142857144,-1.4,-0.7857142857142857,-0.7317073170731707,-0.36823935558113463,0.5263157894736848,-0.8695652173913051,0.06666666666666761,0
1341,-0.1904761904761907,-0.042328042328042374,-0.7272727272727274,-0.7142857142857144,0.20000000000000015,-0.07142857142857142,-0.17073170731707318,-0.6536248561564846,0.26315789473684126,-0.4637681159420291,0.20000000000000048,1
82,-0.04761904761904788,-0.3809523809523811,1.3333333333333333,-0.4285714285714288,19.199999999999992,0.5714285714285714,0.7073170731707317,0.27617951668581264,-0.9473684210526326,3.826086956521742,-0.5333333333333327,0
1496,-0.4285714285714288,-0.3809523809523811,-0.7272727272727274,-0.4285714285714288,0.0,0.07142857142857142,-0.24390243902439024,-0.8653624856156382,0.21052631578947392,1.10144927536232,0.2666666666666669,1
439,1.1904761904761907,-0.46560846560846586,0.878787878787879,1.4285714285714282,-0.20000000000000015,0.5714285714285714,0.3902439024390244,1.2888377445339456,-0.8421052631578957,1.565217391304349,-0.1999999999999993,1
1230,-0.1428571428571432,-0.3809523809523811,0.09090909090909083,-0.14285714285714296,-0.25000000000000017,0.35714285714285715,0.6829268292682927,0.17491369390100445,0.47368421052631515,0.11594202898550743,-0.4666666666666662,0
112,0.23809523809523814,0.42328042328042326,-0.5151515151515152,0.0,0.20000000000000015,-0.21428571428571427,1.7073170731707317,-0.18411967779059285,-0.8421052631578957,0.23188405797101486,-0.2666666666666657,0
1359,-0.23809523809523814,0.507936507936508,-0.27272727272727276,4.57142857142857,4.3999999999999995,2.7142857142857144,1.4634146341463414,0.2577675489067891,-0.15789473684210661,-0.6956521739130439,-0.4666666666666662,0
1189,-0.5714285714285716,0.507936507936508,-0.09090909090909091,-0.14285714285714296,0.0,-0.21428571428571427,1.975609756097561,-0.6536248561564846,0.26315789473684126,0.4637681159420291,0.4666666666666674,0
1349,-0.3333333333333335,0.5714285714285715,-0.6969696969696971,-0.5714285714285715,-0.10000000000000007,-0.5,-0.6341463414634146,-0.42807825086305046,0.15789473684210428,-1.3333333333333341,-0.4666666666666662,0
1347,-0.8571428571428577,0.2962962962962961,-0.7575757575757577,-0.14285714285714296,-1.200000000000005,-0.6428571428571429,-0.6097560975609756,-0.9574223245109091,1.105263157894737,-0.3478260869565217,0.8000000000000007,0
933,-0.1428571428571432,-0.507936507936508,0.09090909090909083,-0.4285714285714288,-0.10000000000000007,1.0714285714285714,0.6829268292682927,0.13808975834290632,0.7368421052631587,-0.17391304347826114,-0.4666666666666662,1
910,-0.28571428571428603,-0.9100529100529103,0.393939393939394,-1.4285714285714286,-1.05,-0.5,-0.6585365853658537,-1.6064441887226506,-0.10526315789473696,-0.5797101449275365,0.8666666666666671,1
311,1.1428571428571432,0.042328042328042374,0.6666666666666666,0.4285714285714282,-0.8499999999999999,-0.5714285714285714,-0.3170731707317073,1.3808975834292165,-1.0,-0.17391304347826114,-0.5999999999999991,1
1484,0.09523809523809491,-0.8042328042328044,0.5454545454545455,-1.0,-1.8999999999999997,-0.5714285714285714,-0.6341463414634146,-0.635212888377461,0.21052631578947392,-0.057971014492753714,0.3333333333333333,0
479,0.8095238095238093,0.6772486772486775,-0.06060606060606067,0.0,0.34999999999999953,-0.6428571428571429,-0.24390243902439024,0.920598388952811,-0.894736842105263,-0.11594202898550743,0.0,0
715,0.9523809523809526,0.9312169312169313,0.06060606060606067,0.5714285714285712,-0.10000000000000007,0.5,0.9512195121951219,0.5523590333716764,-0.15789473684210661,-0.6376811594202902,-0.2666666666666657,0
1182,0.9047619047619051,-0.5502645502645503,0.5151515151515151,-0.7857142857142859,-0.5999999999999998,-0.6428571428571429,-0.6585365853658537,-0.9298043728423483,-0.6315789473684218,-0.9275362318840585,0.8000000000000007,0
519,1.4285714285714288,-1.3121693121693125,0.696969696969697,0.8571428571428564,0.3999999999999996,-0.21428571428571427,-0.14634146341463414,0.18411967779054175,-0.47368421052631515,0.3478260869565223,1.0,1
430,2.333333333333334,1.3544973544973544,1.1212121212121213,0.28571428571428525,0.3999999999999996,-0.07142857142857142,-0.07317073170731707,1.334867663981581,-1.105263157894737,-0.11594202898550743,0.13333333333333405,1
1587,-0.1904761904761907,-0.8888888888888892,0.4545454545454545,0.28571428571428525,-0.7499999999999998,1.4285714285714286,0.5365853658536586,-0.8653624856156382,0.15789473684210428,1.3333333333333341,0.8000000000000007,1
1090,1.7619047619047619,-0.46560846560846586,0.8484848484848486,-1.0,0.7499999999999998,0.5714285714285714,0.07317073170731707,0.2531645569619949,-1.5263157894736847,0.8115942028985514,-0.1999999999999993,1
1220,0.5238095238095237,-0.5502645502645503,0.4242424242424243,-1.2857142857142856,-1.7999999999999998,0.7857142857142857,0.2926829268292683,-0.9298043728423483,-0.5789473684210521,1.2173913043478268,0.4666666666666674,1
1534,0.04761904761904746,-0.5502645502645503,0.12121212121212116,-0.4285714285714288,-0.3000000000000002,1.2857142857142858,1.1219512195121952,0.17031070195626136,0.42105263157894784,-0.057971014492753714,-0.7999999999999995,0
889,-0.5238095238095242,0.2116402116402114,-0.787878787878788,0.4285714285714282,-0.4000000000000003,1.2857142857142858,0.6341463414634146,-0.8699654775604324,0.6315789473684218,-0.3478260869565217,0.6666666666666666,1
810,-0.1428571428571432,-0.1693121693121695,0.1515151515151515,0.8571428571428564,-0.49999999999999967,-0.7142857142857143,-0.5609756097560976,0.05983889528191585,-0.47368421052631515,-0.4057971014492754,0.06666666666666761,1
708,-0.23809523809523814,-0.12698412698412712,-0.21212121212121215,1.1428571428571423,-0.1500000000000001,0.14285714285714285,-0.024390243902439025,-0.09205983889527088,0.3157894736842109,-0.6376811594202902,0.20000000000000048,0
1109,0.09523809523809491,1.1005291005291007,-0.4848484848484849,1.5714285714285705,0.49999999999999967,-0.7142857142857143,-0.6097560975609756,0.8055235903337223,0.26315789473684126,-0.7536231884057977,-0.4666666666666662,0
1112,-1.1904761904761907,-0.4232804232804235,0.030303030303030335,-0.2857142857142859,0.5999999999999998,0.6428571428571429,0.4146341463414634,-0.9620253164557033,2.473684210526315,0.11594202898550743,1.400000000000001,1
1566,-0.5714285714285716,0.6349206349206351,-0.7272727272727274,-0.4285714285714288,-0.95,0.8571428571428571,0.0975609756097561,-0.8791714614499186,0.42105263157894784,1.159420289855073,0.4666666666666674,1
328,1.1428571428571432,-0.33862433862433877,0.7272727272727273,3.2857142857142847,1.3499999999999996,-0.6428571428571429,-0.6097560975609756,0.5523590333716764,-0.15789473684210661,1.2173913043478268,0.8666666666666671,0
255,-0.3809523809523814,0.3386243386243385,-0.787878787878788,-0.5714285714285715,-0.3000000000000002,0.14285714285714285,-0.0975609756097561,0.18411967779054175,0.8421052631578957,0.4637681159420291,-0.1999999999999993,1
323,-0.04761904761904788,0.42328042328042326,-0.6363636363636365,0.14285714285714232,-0.05000000000000004,-0.5714285714285714,-0.4878048780487805,0.2531645569619949,-0.10526315789473696,0.057971014492753714,-0.5999999999999991,0
1161,1.2857142857142856,-0.6772486772486775,0.9393939393939393,0.14285714285714232,0.34999999999999953,-0.5714285714285714,-0.43902439024390244,-0.01841196777907462,-0.894736842105263,0.5797101449275365,0.6000000000000002,1
583,1.8095238095238093,-0.12698412698412712,0.696969696969697,0.0,0.1500000000000001,-0.6428571428571429,-0.5609756097560976,1.4729574223244875,-0.6315789473684218,-1.1014492753623197,-0.6666666666666666,0
627,0.4285714285714288,0.3386243386243385,0.09090909090909083,0.0,0.8999999999999999,-0.6428571428571429,-0.5609756097560976,0.920598388952811,0.26315789473684126,-0.7536231884057977,-0.7333333333333331,0
1031,-0.3809523809523814,0.2962962962962961,-0.787878787878788,-0.14285714285714296,0.5499999999999997,-0.35714285714285715,-0.5853658536585366,-0.8837744533947128,0.5789473684210521,-0.4057971014492754,0.8666666666666671,1
621,0.1904761904761907,0.08465608465608475,-0.06060606060606067,1.7142857142857135,-0.20000000000000015,0.14285714285714285,1.8048780487804879,0.36823935558113463,-0.21052631578947392,-0.057971014492753714,-0.5333333333333327,0
491,0.666666666666667,1.0793650793650795,0.030303030303030335,0.8571428571428564,-0.10000000000000007,0.7142857142857143,0.43902439024390244,0.7364787111622181,0.0,0.28985507246376857,0.2666666666666669,1
959,-0.7142857142857144,0.2116402116402114,-0.4242424242424243,0.14285714285714232,1.9999999999999993,0.7857142857142857,-0.04878048780487805,-0.7410817031070124,0.8421052631578957,0.5217391304347828,0.7333333333333343,1
414,0.9523809523809526,-0.507936507936508,0.8181818181818183,6.428571428571427,0.8499999999999951,-0.5714285714285714,-0.4634146341463415,0.8285385500575401,-0.21052631578947392,1.159420289855073,1.0,1
417,1.2857142857142856,-0.1693121693121695,1.1515151515151516,0.0,1.5499999999999996,-0.5714285714285714,-0.43902439024390244,0.09205983889527088,-0.2631578947368436,0.23188405797101486,1.0,1
87,0.33333333333333304,-0.12698412698412712,0.06060606060606067,-0.4285714285714288,1.4999999999999996,0.42857142857142855,2.3902439024390243,0.18411967779054175,-2.0,7.710144927536238,-0.1999999999999993,1
1261,0.33333333333333304,0.4867724867724868,1.272727272727273,-0.5714285714285715,16.14999999999999,0.35714285714285715,0.43902439024390244,-0.22094361334869098,-1.5263157894736847,3.0724637681159437,-0.5999999999999991,0
1514,-0.7142857142857144,0.1693121693121695,-0.3333333333333334,-0.5714285714285715,-0.10000000000000007,0.21428571428571427,0.6585365853658537,-1.776754890678912,0.10526315789473696,-0.11594202898550743,0.20000000000000048,1
366,1.0,-0.4232804232804235,0.7272727272727273,1.7142857142857135,1.3499999999999996,-0.5,-0.4146341463414634,0.5063291139240409,-0.2631578947368436,1.7971014492753639,1.0666666666666675,1
266,1.8571428571428577,-1.1005291005291007,0.787878787878788,-0.5714285714285715,-0.4500000000000003,-0.5714285714285714,-0.6829268292682927,0.0,-0.5789473684210521,0.5797101449275365,0.0,1
288,-0.1904761904761907,-0.507936507936508,-0.4242424242424243,1.1428571428571423,0.5999999999999998,1.0714285714285714,0.36585365853658536,-0.04602991944763544,0.3157894736842109,0.4637681159420291,0.06666666666666761,1
1583,-0.8571428571428577,0.8253968253968254,-0.4848484848484849,0.5714285714285712,-1.3499999999999999,-0.07142857142857142,-0.2682926829268293,-1.4637514384350012,1.3684210526315783,-0.6956521739130439,1.133333333333334,0
359,1.904761904761905,-0.3809523809523811,1.2121212121212124,1.2857142857142854,1.4499999999999995,-0.2857142857142857,-0.36585365853658536,1.4729574223244875,-0.8421052631578957,1.3333333333333341,0.13333333333333405,1
55,-0.1428571428571432,-0.042328042328042374,-0.3333333333333334,0.8571428571428564,1.4999999999999996,1.3571428571428572,0.8536585365853658,-0.5983889528193118,-0.7368421052631587,0.057971014492753714,0.0,1
1101,0.23809523809523814,-0.761904761904762,0.4848484848484848,-0.14285714285714296,-0.4000000000000003,0.6428571428571429,-0.04878048780487805,-1.3256616800920438,-1.0526315789473697,0.9275362318840589,1.4666666666666675,1
1201,-0.09523809523809534,0.2116402116402114,-0.15151515151515157,-1.0,-0.5499999999999997,-0.7142857142857143,-0.7073170731707317,-1.021864211737619,-0.7894736842105261,-0.4637681159420291,-0.2666666666666657,1
901,0.4761904761904763,-0.8888888888888892,0.303030303030303,0.5714285714285712,-1.200000000000005,-0.2857142857142857,0.024390243902439025,-0.5431530494821901,0.47368421052631515,0.4057971014492754,1.0666666666666675,0
1323,0.5714285714285712,-0.761904761904762,0.4848484848484848,-0.5714285714285715,-1.100000000000005,-0.35714285714285715,-0.4878048780487805,-1.3256616800920438,-0.6842105263157892,-0.4057971014492754,0.8000000000000007,0
1247,-0.23809523809523814,0.9312169312169313,-0.5757575757575758,-0.7142857142857144,0.2999999999999995,0.07142857142857142,0.24390243902439024,-0.8193325661680028,-1.0,-0.8115942028985514,-0.13333333333333286,0
1232,-0.04761904761904788,1.2486772486772486,-0.7575757575757577,0.5714285714285712,-0.3000000000000002,2.4285714285714284,1.2682926829268293,-0.2715765247410695,0.3684210526315782,0.0,0.40000000000000097,0
222,-0.23809523809523814,0.042328042328042374,0.0,-0.2857142857142859,1.0499999999999945,0.14285714285714285,0.8292682926829268,-0.5063291139240409,-0.8421052631578957,-0.28985507246376857,-0.5333333333333327,0
114,1.0476190476190474,-0.8888888888888892,0.5454545454545455,0.14285714285714232,0.0,0.5714285714285714,0.1951219512195122,0.920598388952811,0.052631578947367315,0.28985507246376857,-0.3333333333333333,1
1598,-0.9523809523809526,0.5291005291005292,-0.4242424242424243,-0.2857142857142859,-0.25000000000000017,1.2857142857142858,0.14634146341463414,-0.6121979286536433,1.3684210526315783,0.5217391304347828,0.0,0
655,0.33333333333333304,-0.21164021164021185,0.6363636363636364,0.28571428571428525,-0.3000000000000002,-0.5,-0.21951219512195122,0.5063291139240409,-1.210526315789474,-0.9275362318840585,-0.4666666666666662,0
175,-0.28571428571428603,-0.5925925925925928,-0.15151515151515157,-0.2857142857142859,0.0,-0.5,-0.07317073170731707,-0.32220943613349917,0.10526315789473696,-0.8695652173913051,-0.4666666666666662,0
905,-0.5238095238095242,0.2962962962962961,-0.6060606060606062,5.428571428571427,-1.0,-0.21428571428571427,-0.4878048780487805,-0.2761795166858637,0.5263157894736848,-0.17391304347826114,0.40000000000000097,1
599,0.2857142857142856,0.27513227513227495,-0.24242424242424251,-0.14285714285714296,-0.10000000000000007,-0.6428571428571429,-0.1951219512195122,-0.04602991944763544,-0.5789473684210521,-0.8115942028985514,-0.2666666666666657,1
808,0.14285714285714238,-1.015873015873016,0.4242424242424243,0.28571428571428525,-1.4,-0.7142857142857143,-0.6829268292682927,-1.491369390103562,0.10526315789473696,0.4637681159420291,1.7333333333333343,1
1319,-0.1904761904761907,0.46560846560846564,0.030303030303030335,-0.2857142857142859,0.1500000000000001,0.21428571428571427,1.2926829268292683,-0.29459148446488725,-0.2631578947368436,-0.23188405797101486,-0.2666666666666657,1
1226,0.6190476190476186,-0.253968253968254,-0.09090909090909091,0.5714285714285712,0.5499999999999997,0.2857142857142857,0.9512195121951219,1.11392405063289,-0.8421052631578957,-0.6376811594202902,-0.5333333333333327,0
1068,1.5238095238095237,-0.8888888888888892,0.8181818181818183,0.0,-1.0,-0.7857142857142857,-0.6829268292682927,-0.49712313003450365,-1.5263157894736847,1.2173913043478268,0.4666666666666674,1
286,0.9523809523809526,0.2962962962962961,-0.5757575757575758,1.7142857142857135,1.0999999999999994,1.2857142857142858,0.8048780487804879,1.5420023014959916,0.0,0.5217391304347828,-0.2666666666666657,0
429,0.5714285714285712,0.0,0.21212121212121215,-1.2857142857142856,-0.49999999999999967,-0.35714285714285715,-0.1951219512195122,0.4602991944764055,-0.3684210526315782,-0.11594202898550743,-0.5999999999999991,0
989,-0.09523809523809534,-0.5502645502645503,-0.4242424242424243,-0.7142857142857144,0.8499999999999951,0.35714285714285715,-0.2682926829268293,-0.38665132336020924,-0.7894736842105261,-0.7536231884057977,-0.5333333333333327,0
701,1.2857142857142856,2.1164021164021167,0.5151515151515151,0.9999999999999993,-0.20000000000000015,0.8571428571428571,1.2195121951219512,0.7364787111622181,-1.210526315789474,-0.28985507246376857,-0.06666666666666643,1
1272,-0.28571428571428603,-0.33862433862433877,-0.18181818181818182,-0.8571428571428571,-1.5499999999999996,0.7142857142857143,0.6341463414634146,-1.5189873417721227,0.3684210526315782,-0.28985507246376857,1.0,1
32,-0.4761904761904763,0.6984126984126987,-0.787878787878788,0.4285714285714282,1.2499999999999996,0.5714285714285714,-0.024390243902439025,-0.09205983889527088,0.7894736842105261,-0.28985507246376857,0.2666666666666669,1
618,1.7142857142857144,-0.8888888888888892,0.7575757575757577,0.0,-0.05000000000000004,0.0,-0.24390243902439024,0.6444188722669473,-1.4736842105263175,1.7971014492753639,-0.2666666666666657,1
211,0.8571428571428568,0.042328042328042374,1.0303030303030303,-0.2857142857142859,-2.05,-0.6428571428571429,-0.4634146341463415,-0.43728423475258776,-0.05263157894736965,1.3913043478260878,1.4666666666666675,1
440,-0.4285714285714288,0.42328042328042326,-0.24242424242424251,-1.0,-0.8999999999999999,-0.5,0.2926829268292683,-0.7825086306099047,-1.210526315789474,-0.11594202898550743,-0.5999999999999991,0
215,-0.04761904761904788,0.9100529100529101,-0.5454545454545455,0.28571428571428525,0.5999999999999998,-0.2857142857142857,0.07317073170731707,0.27617951668581264,-0.3684210526315782,0.5217391304347828,-0.2666666666666657,1
533,1.904761904761905,-0.5925925925925928,0.696969696969697,0.7142857142857141,0.8999999999999999,-0.14285714285714285,0.0975609756097561,1.657077100115029,-0.7894736842105261,-0.057971014492753714,0.06666666666666761,0
918,-0.5238095238095242,-0.46560846560846586,0.1515151515151515,9.428571428571427,0.20000000000000015,0.8571428571428571,0.17073170731707318,0.6628308400460219,0.3684210526315782,0.11594202898550743,-0.06666666666666643,1
755,-0.04761904761904788,-0.1693121693121695,1.272727272727273,-0.7142857142857144,16.749999999999996,0.0,-0.14634146341463414,-0.11047180667434549,-1.1578947368421066,2.5507246376811614,-0.7333333333333331,1
327,1.7619047619047619,0.042328042328042374,1.2121212121212124,2.0714285714285707,2.0499999999999994,-0.5714285714285714,-0.5853658536585366,0.4602991944764055,-1.3684210526315805,0.6956521739130439,0.8666666666666671,1
1424,-0.7142857142857144,0.042328042328042374,-0.5151515151515152,2.4285714285714275,2.1499999999999995,0.0,-0.17073170731707318,0.0,1.0,0.28985507246376857,0.5333333333333338,0
908,-0.8571428571428577,0.1693121693121695,-0.787878787878788,0.0,-0.05000000000000004,-0.5714285714285714,-0.7073170731707317,-0.920598388952811,1.4736842105263153,-0.4637681159420291,0.8666666666666671,1
189,0.0,-0.08465608465608475,0.21212121212121215,-0.2857142857142859,0.20000000000000015,0.07142857142857142,2.5609756097560976,0.0,-0.5789473684210521,-0.4057971014492754,-0.4666666666666662,0
469,1.666666666666667,-0.6772486772486775,1.303030303030303,-0.14285714285714296,0.49999999999999967,-0.5714285714285714,-0.4146341463414634,1.4729574223244875,-0.7368421052631587,0.0,-0.6666666666666666,1
342,1.2857142857142856,-0.4232804232804235,0.6666666666666666,0.7142857142857141,-0.7499999999999998,-0.6428571428571429,-0.4878048780487805,0.18411967779054175,-0.5263157894736848,1.4492753623188417,0.7333333333333343,1
941,0.8095238095238093,-0.8042328042328044,0.787878787878788,0.0,-0.3000000000000002,-0.07142857142857142,-0.3170731707317073,-0.7871116225546477,0.26315789473684126,0.8115942028985514,1.4666666666666675,1
148,-0.1428571428571432,-0.12698412698412712,0.0,-0.8571428571428571,7.799999999999997,-0.2857142857142857,1.2195121951219512,0.0,-1.0526315789473697,1.0434782608695663,-0.5999999999999991,0
979,-0.4285714285714288,-0.507936507936508,0.18181818181818182,1.9999999999999993,-0.95,-0.35714285714285715,-0.21951219512195122,-1.2151898734176982,-0.15789473684210661,-0.7536231884057977,0.7333333333333343,1
361,0.14285714285714238,0.7619047619047618,-0.09090909090909091,-0.2857142857142859,0.95,0.0,1.048780487804878,0.23014959723817718,-0.6315789473684218,0.4637681159420291,-0.5333333333333327,0
84,-0.28571428571428603,0.6349206349206351,0.0,-0.5714285714285715,16.049999999999997,0.14285714285714285,0.3170731707317073,0.04602991944763544,-0.7894736842105261,3.0144927536231902,-0.5333333333333327,0
757,-0.7619047619047623,1.9470899470899472,-0.7575757575757577,-0.2857142857142859,-1.1499999999999997,0.07142857142857142,-0.12195121951219512,-0.8837744533947128,1.5263157894736847,-0.9275362318840585,0.6666666666666666,1
49,-0.7142857142857144,-0.507936507936508,-0.09090909090909091,-0.8571428571428571,-0.6999999999999998,-0.6428571428571429,-0.6341463414634146,-0.4602991944764055,0.15789473684210428,-0.3478260869565217,-0.6666666666666666,0
1186,-0.4285714285714288,-0.3809523809523811,0.12121212121212116,-0.2857142857142859,0.25000000000000017,-0.5714285714285714,0.024390243902439025,-1.5373993095511973,0.10526315789473696,-0.9275362318840585,1.133333333333334,1
156,-0.3809523809523814,-0.3809523809523811,0.4848484848484848,4.714285714285713,-0.4500000000000003,1.0,2.1951219512195124,0.23014959723817718,0.5789473684210521,0.5217391304347828,0.20000000000000048,0
501,-0.04761904761904788,0.0,-0.030303030303030335,-0.4285714285714288,0.05000000000000004,0.0,0.0,0.7364787111622181,0.6315789473684218,0.17391304347826114,-0.7999999999999995,1
1212,-0.6190476190476195,-0.33862433862433877,-0.3333333333333334,-0.14285714285714296,-0.20000000000000015,0.5714285714285714,0.36585365853658536,-0.5063291139240409,0.052631578947367315,0.0,-0.5999999999999991,0
498,-0.3333333333333335,-0.761904761904762,0.18181818181818182,0.4285714285714282,0.49999999999999967,2.0714285714285716,1.829268292682927,-0.09205983889527088,0.052631578947367315,0.9855072463768125,0.6000000000000002,0
1119,-0.3809523809523814,-0.5502645502645503,-0.4242424242424243,-0.14285714285714296,-0.7499999999999998,0.0,-0.34146341463414637,-1.9700805523590421,-0.05263157894736965,-0.5217391304347828,2.0666666666666678,1
916,0.33333333333333304,-0.8677248677248679,0.4242424242424243,0.0,-0.05000000000000004,-0.7857142857142857,-0.7804878048780488,-0.7733026467203673,-0.21052631578947392,0.28985507246376857,1.133333333333334,1
1308,-0.5238095238095242,0.6772486772486775,-0.5151515151515152,2.4285714285714275,-0.5999999999999998,0.07142857142857142,-0.21951219512195122,-0.7180667433831947,0.5263157894736848,-0.5797101449275365,0.6000000000000002,0
1580,-0.8095238095238098,0.1693121693121695,-0.5151515151515152,-0.7142857142857144,-1.3499999999999999,0.7142857142857143,-0.14634146341463414,-1.2796317606444083,1.210526315789474,-0.11594202898550743,0.7333333333333343,0
1410,-0.9047619047619051,-0.042328042328042374,-0.787878787878788,-0.14285714285714296,-0.7999999999999998,1.8571428571428572,0.3902439024390244,-0.8285385500575401,1.210526315789474,1.7971014492753639,0.3333333333333333,1
180,0.4285714285714288,0.3809523809523809,-0.36363636363636365,0.28571428571428525,-0.6499999999999998,-0.2857142857142857,0.0975609756097561,0.04602991944763544,-0.6315789473684218,-0.17391304347826114,-0.4666666666666662,0
1469,-0.28571428571428603,-0.1693121693121695,0.18181818181818182,-0.14285714285714296,-0.8999999999999999,1.2142857142857142,0.3902439024390244,0.22094361334869098,-0.05263157894736965,0.17391304347826114,-0.13333333333333286,1
496,1.333333333333333,-0.7195767195767199,0.8181818181818183,0.5714285714285712,-0.49999999999999967,-0.6428571428571429,-0.5365853658536586,0.18411967779054175,-0.8421052631578957,0.17391304347826114,0.5333333333333338,1
1326,-0.5714285714285716,-0.253968253968254,-0.06060606060606067,-0.7142857142857144,-0.1500000000000001,0.2857142857142857,-0.0975609756097561,-0.920598388952811,0.42105263157894784,-0.11594202898550743,0.2666666666666669,1
515,1.2380952380952381,-0.042328042328042374,1.1515151515151516,0.28571428571428525,1.3499999999999996,-0.5714285714285714,-0.5609756097560976,0.23014959723817718,-1.1578947368421066,0.23188405797101486,1.0666666666666675,1
577,0.9523809523809526,-0.08465608465608475,-0.06060606060606067,0.14285714285714232,1.1499999999999995,-0.5714285714285714,-0.5853658536585366,0.4602991944764055,0.15789473684210428,-0.5797101449275365,-0.13333333333333286,0
926,0.33333333333333304,-1.2698412698412702,0.303030303030303,-0.4285714285714288,-0.7999999999999998,2.7857142857142856,0.9512195121951219,-0.34982738780206,0.8421052631578957,1.4492753623188417,0.5333333333333338,1
364,2.1904761904761907,-0.253968253968254,1.1212121212121213,-0.2857142857142859,-0.4500000000000003,-0.5714285714285714,-0.5609756097560976,0.920598388952811,-1.6842105263157892,1.4492753623188417,0.0,0
907,-0.3333333333333335,0.08465608465608475,0.030303030303030335,0.5714285714285712,0.20000000000000015,-0.14285714285714285,0.975609756097561,-0.18411967779059285,0.42105263157894784,0.5217391304347828,0.5333333333333338,0
427,-0.7142857142857144,0.6349206349206351,-0.5454545454545455,-0.14285714285714296,-1.7499999999999998,0.35714285714285715,0.24390243902439024,-0.8745684695051755,0.9473684210526326,-0.7536231884057977,0.8000000000000007,1
1252,-0.1904761904761907,0.2539682539682538,-0.36363636363636365,0.0,-0.1500000000000001,0.9285714285714286,0.5365853658536586,-0.2301495972382283,-0.15789473684210661,-0.17391304347826114,-0.2666666666666657,0
1275,-0.04761904761904788,0.2539682539682538,-0.393939393939394,-0.14285714285714296,1.0999999999999994,0.21428571428571427,-0.04878048780487805,-1.1047180667434038,-0.3684210526315782,-0.5217391304347828,0.6666666666666666,1
347,-0.6190476190476195,1.2486772486772486,-0.7272727272727274,0.7142857142857141,-0.4000000000000003,0.21428571428571427,-0.0975609756097561,-0.5983889528193118,1.4210526315789478,1.565217391304349,1.400000000000001,1
1106,-0.7619047619047623,0.2116402116402114,0.06060606060606067,-0.14285714285714296,-1.5999999999999996,-0.07142857142857142,0.2682926829268293,-1.4085155350978285,0.5263157894736848,-0.11594202898550743,1.7333333333333343,0
644,0.7619047619047619,0.2962962962962961,0.5454545454545455,0.14285714285714232,-0.4500000000000003,0.5,0.7317073170731707,1.1047180667433527,0.7894736842105261,0.057971014492753714,-0.4666666666666662,0
845,0.9523809523809526,-1.142857142857143,0.6060606060606062,-0.7142857142857144,-0.8999999999999999,0.8571428571428571,0.0975609756097561,-0.41426927502877003,-0.6842105263157892,1.2173913043478268,0.2666666666666669,1
1051,-0.3809523809523814,-0.3809523809523811,-0.27272727272727276,-0.5714285714285715,0.09999999999999522,0.9285714285714286,0.3170731707317073,-0.21173762945915367,0.9473684210526326,0.11594202898550743,0.13333333333333405,0
1376,-0.3333333333333335,0.1693121693121695,0.0,-0.2857142857142859,0.1500000000000001,-0.07142857142857142,1.5121951219512195,-0.43268124280784465,-0.2631578947368436,-0.5797101449275365,-0.1999999999999993,0
1454,-0.1428571428571432,-0.12698412698412712,0.21212121212121215,-0.4285714285714288,-0.3000000000000002,0.9285714285714286,1.146341463414634,0.1196777905638317,0.5263157894736848,-0.23188405797101486,-0.7999999999999995,0
1567,-0.5714285714285716,-1.523809523809524,1.1515151515151516,-0.14285714285714296,-1.05,0.7142857142857143,0.34146341463414637,-0.8561565017261009,0.15789473684210428,0.5217391304347828,0.6666666666666666,1
244,3.3809523809523814,-1.3121693121693125,0.5454545454545455,0.0,-0.25000000000000017,-0.2857142857142857,-0.34146341463414637,1.4959723820483561,-1.2631578947368436,1.2753623188405805,-0.6666666666666666,1
603,-0.09523809523809534,1.3333333333333333,-0.787878787878788,0.5714285714285712,0.05000000000000004,-0.5714285714285714,-0.5853658536585366,0.32220943613349917,-0.05263157894736965,-0.5797101449275365,-0.5999999999999991,0
695,0.5238095238095237,-0.21164021164021185,0.1515151515151515,0.7142857142857141,0.20000000000000015,0.7142857142857143,2.1219512195121952,0.7364787111622181,0.0,-0.057971014492753714,-0.5333333333333327,0
865,-0.3333333333333335,0.42328042328042326,-0.6060606060606062,0.7142857142857141,-0.1500000000000001,0.07142857142857142,1.146341463414634,0.30379746835442456,1.0526315789473673,-0.4637681159420291,-0.4666666666666662,0
1175,-0.1428571428571432,-0.6772486772486775,0.1515151515151515,-0.7142857142857144,-0.05000000000000004,0.8571428571428571,0.6585365853658537,0.16570771001151824,0.7894736842105261,0.0,-0.4666666666666662,1
313,0.5238095238095237,-0.253968253968254,0.1515151515151515,0.8571428571428564,0.6499999999999998,0.35714285714285715,1.4634146341463414,0.6214039125431295,0.052631578947367315,0.057971014492753714,-0.4666666666666662,1
436,2.095238095238096,-0.5502645502645503,1.1212121212121213,0.14285714285714232,0.5499999999999997,-0.5714285714285714,-0.4878048780487805,1.657077100115029,-0.7894736842105261,-0.7536231884057977,-0.4666666666666662,0
1513,-0.7142857142857144,1.142857142857143,-0.6666666666666667,0.0,-0.95,-0.21428571428571427,-0.5121951219512195,-0.42347525891830734,1.1578947368421042,0.17391304347826114,0.13333333333333405,1
753,-0.1428571428571432,0.08465608465608475,-0.393939393939394,0.4285714285714282,0.8499999999999951,0.7142857142857143,0.6829268292682927,0.4833141542002232,0.42105263157894784,-0.057971014492753714,-0.5333333333333327,0
1342,-0.1904761904761907,-0.042328042328042374,-0.7272727272727274,-0.7142857142857144,0.20000000000000015,-0.07142857142857142,-0.17073170731707318,-0.6536248561564846,0.26315789473684126,-0.4637681159420291,0.20000000000000048,1
1199,-0.09523809523809534,-1.1005291005291007,0.0,-0.2857142857142859,-1.4,0.35714285714285715,0.9512195121951219,-0.7825086306099047,-0.8421052631578957,0.9855072463768125,0.4666666666666674,1
399,1.7142857142857144,0.2962962962962961,1.0,0.5714285714285712,0.34999999999999953,-0.07142857142857142,0.2682926829268293,0.920598388952811,-0.6842105263157892,0.17391304347826114,0.5333333333333338,1
424,1.2380952380952381,-1.1851851851851856,0.6363636363636364,-0.14285714285714296,-0.6999999999999998,-0.5714285714285714,-0.34146341463414637,0.4602991944764055,-0.8421052631578957,1.6231884057971029,0.5333333333333338,1
371,-0.4761904761904763,1.0370370370370372,-0.7272727272727274,0.14285714285714232,-0.8499999999999999,1.5,0.6097560975609756,0.32220943613349917,1.3684210526315783,0.9275362318840589,-0.1999999999999993,0
1300,-0.1428571428571432,4.486772486772487,-0.787878787878788,-0.14285714285714296,2.8499999999999943,-0.6428571428571429,-0.7073170731707317,-0.9390103567318856,1.0,-1.2753623188405805,0.4666666666666674,0
182,0.4761904761904763,0.3809523809523809,0.696969696969697,-0.2857142857142859,9.499999999999998,0.6428571428571429,1.7560975609756098,0.18411967779054175,-1.0,2.318840579710147,-0.5999999999999991,0
1062,0.5714285714285712,-0.507936507936508,0.7272727272727273,-0.5714285714285715,-0.4500000000000003,-0.5,-0.5365853658536586,-1.0034522439585956,-0.5263157894736848,0.4057971014492754,1.5333333333333339,1
1236,-0.9047619047619051,-0.8042328042328044,0.18181818181818182,15.285714285714281,-1.2999999999999998,-0.5714285714285714,1.829268292682927,-0.49712313003450365,-0.05263157894736965,-0.3478260869565217,0.8666666666666671,0
778,-0.4761904761904763,0.4867724867724868,-0.27272727272727276,0.28571428571428525,8.049999999999997,-0.5714285714285714,-0.4878048780487805,-0.32220943613349917,0.47368421052631515,-0.17391304347826114,0.06666666666666761,1
1467,-0.28571428571428603,-0.1693121693121695,0.18181818181818182,-0.14285714285714296,-0.8999999999999999,1.2142857142857142,0.3902439024390244,0.22094361334869098,-0.05263157894736965,0.17391304347826114,-0.13333333333333286,1
297,1.2857142857142856,1.312169312169312,0.3333333333333333,0.5714285714285712,0.2999999999999995,0.8571428571428571,0.7804878048780488,0.5983889528193118,-0.7894736842105261,-0.5797101449275365,-0.1999999999999993,0
592,-0.6190476190476195,-0.5502645502645503,0.696969696969697,-0.7142857142857144,-0.49999999999999967,0.6428571428571429,2.707317073170732,-2.1173762945914856,-1.0,-0.6956521739130439,0.8666666666666671,1
462,0.1904761904761907,0.4021164021164021,-0.12121212121212126,0.5714285714285712,0.34999999999999953,-0.5714285714285714,-0.4634146341463415,0.6444188722669473,-0.2631578947368436,-0.057971014492753714,-0.5999999999999991,0
1044,0.7619047619047619,-0.5502645502645503,0.4545454545454545,9.57142857142857,-0.5499999999999997,0.2857142857142857,0.024390243902439025,0.8239355581127459,-0.10526315789473696,1.10144927536232,0.4666666666666674,1
814,-0.4761904761904763,-0.5502645502645503,-0.06060606060606067,-0.14285714285714296,1.0999999999999994,-0.7142857142857143,-0.7560975609756098,-1.0034522439585956,0.6842105263157892,-0.23188405797101486,0.8000000000000007,0
899,0.1904761904761907,-0.8888888888888892,0.393939393939394,0.28571428571428525,-0.10000000000000007,0.21428571428571427,0.12195121951219512,-1.0863060989643292,0.0,0.8695652173913051,1.5333333333333339,1
127,0.14285714285714238,3.4285714285714293,-0.787878787878788,-0.7142857142857144,0.05000000000000004,-0.7857142857142857,-0.6341463414634146,-0.18411967779059285,1.1578947368421042,-0.7536231884057977,0.4666666666666674,0
549,2.1428571428571432,-0.7195767195767199,0.696969696969697,0.5714285714285712,-0.05000000000000004,0.9285714285714286,0.7560975609756098,1.1967779056386236,-1.0,0.7536231884057977,0.13333333333333405,1
356,-0.5714285714285716,0.9735449735449736,-0.7575757575757577,0.28571428571428525,-0.10000000000000007,0.21428571428571427,-0.14634146341463414,-0.5983889528193118,1.2631578947368411,-0.057971014492753714,1.7333333333333343,1
1297,-0.6190476190476195,0.46560846560846564,-0.787878787878788,2.9999999999999987,0.6499999999999998,2.642857142857143,0.9634146341463414,-0.5615650172612137,-0.5789473684210521,-0.9855072463768122,-0.4666666666666662,0
210,1.4761904761904763,-0.9312169312169315,0.9696969696969696,-0.14285714285714296,-1.2999999999999998,-0.5,-0.4634146341463415,0.5523590333716764,0.0,1.5072463768115953,0.20000000000000048,1
141,0.23809523809523814,0.9523809523809524,-0.45454545454545464,-0.4285714285714288,0.49999999999999967,0.14285714285714285,0.6097560975609756,-0.13808975834290632,-0.6315789473684218,1.159420289855073,-0.39999999999999974,0
1147,-0.04761904761904788,-0.08465608465608475,-0.4242424242424243,-0.5714285714285715,4.899999999999999,-0.5714285714285714,-0.4146341463414634,-0.36823935558113463,-0.15789473684210661,1.4492753623188417,-0.2666666666666657,1
1066,-0.09523809523809534,0.3809523809523809,-0.24242424242424251,0.28571428571428525,0.1500000000000001,-0.5714285714285714,-0.43902439024390244,-0.2301495972382283,-0.10526315789473696,-0.11594202898550743,0.0,1
731,0.7619047619047619,0.12698412698412712,1.2121212121212124,0.14285714285714232,15.349999999999996,-0.14285714285714285,-0.024390243902439025,0.6444188722669473,-0.7368421052631587,0.28985507246376857,-0.39999999999999974,0
1264,0.14285714285714238,1.1005291005291007,-0.787878787878788,0.0,0.4499999999999996,-0.07142857142857142,-0.2926829268292683,0.4602991944764055,0.3157894736842109,-0.9275362318840585,-0.39999999999999974,0
773,0.7619047619047619,0.2116402116402114,0.030303030303030335,0.14285714285714232,0.09999999999999522,0.6428571428571429,2.5853658536585367,0.4695051783659428,-0.21052631578947392,-0.4057971014492754,-0.5333333333333327,0
612,2.5238095238095237,-0.5925925925925928,0.878787878787879,0.7142857142857141,0.05000000000000004,-0.6428571428571429,-0.5365853658536586,1.7491369390103,-1.7368421052631589,-0.4637681159420291,-0.5333333333333327,0
1150,1.0,-0.7195767195767199,0.6363636363636364,-0.2857142857142859,-0.95,-0.5714285714285714,-0.6585365853658537,-0.43728423475258776,-0.42105263157894784,-0.5797101449275365,1.2000000000000004,1
562,0.5238095238095237,-0.33862433862433877,0.696969696969697,0.28571428571428525,-0.10000000000000007,0.8571428571428571,2.024390243902439,0.4602991944764055,-0.42105263157894784,-0.23188405797101486,-0.6666666666666666,0
11,-0.5714285714285716,0.2539682539682538,-0.5454545454545455,-0.5714285714285715,0.8499999999999951,0.07142857142857142,0.6585365853658537,-0.41426927502877003,-0.15789473684210661,-0.4637681159420291,-0.6666666666666666,0
812,2.3809523809523814,-0.08465608465608475,0.878787878787879,0.8571428571428564,-0.4000000000000003,-0.5,-0.34146341463414637,1.528193325661609,-1.1578947368421066,0.3478260869565223,0.4666666666666674,1
283,-0.1428571428571432,0.0,-0.4242424242424243,1.1428571428571423,-0.6499999999999998,-0.14285714285714285,0.36585365853658536,0.13808975834290632,0.26315789473684126,-0.28985507246376857,-0.7333333333333331,0
292,1.4761904761904763,-1.3544973544973546,0.6666666666666666,-0.2857142857142859,13.149999999999993,-0.5714285714285714,-0.4878048780487805,0.5063291139240409,-0.05263157894736965,0.5217391304347828,0.20000000000000048,0
620,1.6190476190476195,-0.6349206349206351,0.4545454545454545,0.14285714285714232,0.3999999999999996,-0.5714285714285714,-0.5365853658536586,0.920598388952811,-1.1578947368421066,1.0434782608695663,-0.5999999999999991,0
1399,-0.4285714285714288,0.3386243386243385,-0.4242424242424243,0.0,0.1500000000000001,-0.07142857142857142,-0.24390243902439024,-0.09205983889527088,1.105263157894737,0.0,0.0,1
130,-0.8571428571428577,-0.5925925925925928,-0.3333333333333334,-0.5714285714285715,-0.4000000000000003,-0.5714285714285714,-0.4634146341463415,-0.5983889528193118,0.5789473684210521,-0.28985507246376857,-0.5333333333333327,0
324,1.1428571428571432,0.2962962962962961,0.4848484848484848,0.8571428571428564,0.49999999999999967,1.5,0.8536585365853658,1.0126582278480818,-0.15789473684210661,0.4637681159420291,-0.4666666666666662,1
766,0.6190476190476186,0.6349206349206351,-0.4848484848484849,1.1428571428571423,0.5499999999999997,-0.14285714285714285,0.24390243902439024,0.9574223245109091,0.0,-0.4637681159420291,-0.4666666666666662,1
553,0.7619047619047619,-0.253968253968254,-0.06060606060606067,0.7142857142857141,0.5999999999999998,0.0,0.14634146341463414,0.5523590333716764,-1.0,0.6956521739130439,-0.13333333333333286,1
632,1.1904761904761907,-1.015873015873016,0.8484848484848486,0.7142857142857141,1.2499999999999996,-0.6428571428571429,-0.4634146341463415,0.920598388952811,-0.3157894736842109,0.057971014492753714,-0.4666666666666662,0
568,0.3809523809523805,0.7619047619047618,-0.06060606060606067,0.4285714285714282,7.3,-0.6428571428571429,-0.5609756097560976,1.0586881472957173,0.052631578947367315,-0.11594202898550743,-0.7999999999999995,1
758,0.09523809523809491,1.4814814814814816,-0.787878787878788,0.0,0.20000000000000015,-0.2857142857142857,-0.17073170731707318,-0.11047180667434549,-0.3157894736842109,-0.6956521739130439,-0.2666666666666657,0
1179,-1.0952380952380958,1.6719576719576723,-0.787878787878788,-0.14285714285714296,-1.9500000000000048,0.21428571428571427,0.975609756097561,-1.5373993095511973,1.9473684210526327,0.6376811594202902,0.8000000000000007,0
1517,-0.8571428571428577,-0.8465608465608467,-0.030303030303030335,0.14285714285714232,-0.4500000000000003,0.6428571428571429,0.4878048780487805,-0.2163406214038968,0.5789473684210521,2.0289855072463783,0.2666666666666669,0
159,-0.3809523809523814,0.6772486772486775,-0.787878787878788,0.0,-0.35000000000000026,-0.14285714285714285,-0.3902439024390244,0.04602991944763544,0.894736842105263,-0.6956521739130439,-0.5999999999999991,0
661,-0.3333333333333335,0.0,-0.5757575757575758,-1.142857142857143,-0.3000000000000002,-0.6428571428571429,-0.43902439024390244,0.23014959723817718,0.052631578947367315,1.10144927536232,-0.39999999999999974,1
517,2.1904761904761907,0.3386243386243385,0.696969696969697,2.9999999999999987,1.0,-0.6428571428571429,-0.5853658536585366,1.9332566168008418,-0.3157894736842109,0.6956521739130439,1.133333333333334,1
1406,-0.09523809523809534,-1.015873015873016,0.12121212121212116,-0.2857142857142859,-0.8999999999999999,0.2857142857142857,-0.0975609756097561,-0.7364787111622693,-0.15789473684210661,1.6231884057971029,0.7333333333333343,1
196,-0.04761904761904788,0.2962962962962961,0.21212121212121215,-0.2857142857142859,-0.3000000000000002,0.7142857142857143,2.0,0.0,-0.3157894736842109,-0.4637681159420291,-0.5333333333333327,0
1320,0.5714285714285712,1.015873015873016,1.272727272727273,-0.7142857142857144,16.699999999999996,0.2857142857142857,0.6341463414634146,-0.1288837744534201,-2.1578947368421066,4.11594202898551,-0.7333333333333331,1
675,1.3809523809523814,-0.507936507936508,0.4545454545454545,0.0,0.20000000000000015,-0.5,-0.5121951219512195,0.7364787111622181,-1.210526315789474,0.28985507246376857,-0.5999999999999991,1
411,0.5238095238095237,-0.3809523809523811,0.24242424242424251,0.4285714285714282,0.0,0.8571428571428571,1.170731707317073,0.8745684695051755,0.3684210526315782,0.0,-0.4666666666666662,1
97,-0.5238095238095242,1.0793650793650795,-0.787878787878788,1.1428571428571423,1.0999999999999994,-0.42857142857142855,-0.36585365853658536,-0.13808975834290632,0.7368421052631587,-0.3478260869565217,0.3333333333333333,0
980,2.0476190476190474,-0.2962962962962964,0.696969696969697,-1.142857142857143,-0.25000000000000017,-0.7857142857142857,-0.7804878048780488,0.04602991944763544,-0.9473684210526326,0.057971014492753714,0.13333333333333405,0
974,0.2857142857142856,-0.761904761904762,0.5454545454545455,-0.7142857142857144,-0.05000000000000004,-0.5714285714285714,-0.6341463414634146,-0.3452243958573169,1.105263157894737,0.057971014492753714,0.3333333333333333,0
157,-0.3809523809523814,-0.3809523809523811,0.4848484848484848,4.714285714285713,-0.49999999999999967,1.0714285714285714,2.2195121951219514,0.23014959723817718,0.5789473684210521,0.5797101449275365,0.20000000000000048,0
420,-0.5238095238095242,1.0582010582010584,-0.787878787878788,-0.5714285714285715,-0.6999999999999998,1.4285714285714286,0.34146341463414637,0.36823935558113463,1.6315789473684217,0.3478260869565223,-0.1999999999999993,0
1293,-0.9523809523809526,-0.5291005291005292,-0.393939393939394,0.28571428571428525,-1.200000000000005,0.0,-0.24390243902439024,-1.4637514384350012,1.6315789473684217,0.28985507246376857,1.4666666666666675,1
478,1.1904761904761907,-1.1851851851851856,0.696969696969697,-0.5714285714285715,-0.25000000000000017,-0.5714285714285714,-0.43902439024390244,0.41426927502877003,-0.6842105263157892,2.5507246376811614,0.5333333333333338,1
1248,-0.23809523809523814,0.12698412698412712,-0.21212121212121215,-0.5714285714285715,0.09999999999999522,0.07142857142857142,-0.0975609756097561,-0.11507479861908859,0.9473684210526326,0.3478260869565223,0.20000000000000048,0
1113,0.0,-0.8042328042328044,0.4545454545454545,-1.0,-1.200000000000005,-0.5714285714285714,-0.07317073170731707,-1.3072497123130202,-0.10526315789473696,0.5217391304347828,0.5333333333333338,1
1042,-0.4761904761904763,-0.12698412698412712,-0.21212121212121215,-0.7142857142857144,-0.05000000000000004,-0.07142857142857142,-0.2926829268292683,-0.6121979286536433,0.3684210526315782,0.11594202898550743,-0.2666666666666657,1
448,0.666666666666667,-0.1693121693121695,0.09090909090909083,-0.14285714285714296,2.3499999999999996,-0.5714285714285714,-0.5365853658536586,0.0,-0.47368421052631515,0.5797101449275365,0.6666666666666666,0
794,-0.09523809523809534,0.3386243386243385,-0.787878787878788,0.5714285714285712,-1.2499999999999998,-0.5,-0.6097560975609756,-0.18872266973533597,0.3684210526315782,-0.3478260869565217,0.40000000000000097,0
179,-0.4285714285714288,1.2063492063492067,-0.787878787878788,0.4285714285714282,-0.5999999999999998,-0.5,-0.43902439024390244,0.04602991944763544,0.894736842105263,-0.3478260869565217,-0.39999999999999974,0
391,-1.0952380952380958,1.396825396825397,-0.6363636363636365,-1.142857142857143,-1.7499999999999998,-0.14285714285714285,1.2195121951219512,-2.0253164556962147,1.3157894736842108,1.159420289855073,1.8000000000000007,1
579,0.4285714285714288,-0.21164021164021185,0.696969696969697,0.9999999999999993,0.25000000000000017,0.21428571428571427,1.7560975609756098,0.6444188722669473,-0.10526315789473696,-0.11594202898550743,-0.2666666666666657,0
1373,0.3809523809523805,1.1005291005291007,0.7575757575757577,-0.7142857142857144,16.749999999999996,-0.14285714285714285,0.6829268292682927,-0.26237054085158334,-1.6315789473684217,3.188405797101451,-0.6666666666666666,0
721,0.23809523809523814,0.1693121693121695,-0.6666666666666667,-0.2857142857142859,0.09999999999999522,-0.2857142857142857,-0.3902439024390244,0.36823935558113463,-0.47368421052631515,-1.0434782608695659,-0.39999999999999974,0
1321,0.8571428571428568,0.5925925925925928,0.24242424242424251,0.5714285714285712,0.6999999999999998,-0.14285714285714285,1.2195121951219512,0.5339470655926017,-0.2631578947368436,0.23188405797101486,-0.06666666666666643,0
681,2.571428571428572,-0.3809523809523811,0.9696969696969696,-0.4285714285714288,-0.49999999999999967,0.07142857142857142,0.04878048780487805,1.657077100115029,-1.3157894736842108,-0.7536231884057977,-0.7999999999999995,0
1418,-0.28571428571428603,-0.761904761904762,0.21212121212121215,0.4285714285714282,-0.7999999999999998,0.5,-0.024390243902439025,-0.7364787111622693,0.21052631578947392,0.8695652173913051,1.2666666666666668,1
722,0.4761904761904763,-0.1693121693121695,-0.06060606060606067,0.9285714285714282,0.6999999999999998,1.5,1.6585365853658536,0.6444188722669473,-1.105263157894737,-0.5217391304347828,-0.6666666666666666,0
987,0.9047619047619051,-0.761904761904762,0.393939393939394,-1.142857142857143,-0.6999999999999998,-0.7857142857142857,-0.7560975609756098,-0.9666283084004464,-0.6315789473684218,-0.4057971014492754,0.8000000000000007,1
1215,1.095238095238095,-0.8042328042328044,0.6060606060606062,-0.4285714285714288,0.05000000000000004,-0.5714285714285714,-0.7073170731707317,-0.2393555811277145,-1.105263157894737,-0.8115942028985514,0.13333333333333405,1
890,1.333333333333333,1.6084656084656088,0.24242424242424251,6.285714285714283,1.5999999999999948,0.6428571428571429,1.4878048780487805,2.8032220943613253,-0.47368421052631515,0.3478260869565223,-0.5999999999999991,0
1547,-0.4285714285714288,0.2116402116402114,-0.7272727272727274,-0.2857142857142859,-0.4000000000000003,0.21428571428571427,-0.2926829268292683,-0.4833141542002232,0.26315789473684126,-0.057971014492753714,0.0,0
737,-0.09523809523809534,1.8835978835978837,-0.4848484848484849,-0.14285714285714296,1.5999999999999948,-0.21428571428571427,-0.3902439024390244,-0.2301495972382283,-0.2631578947368436,-0.6956521739130439,-0.4666666666666662,0
295,2.571428571428572,-0.761904761904762,0.787878787878788,1.4285714285714282,0.6999999999999998,0.21428571428571427,0.36585365853658536,2.1173762945914856,-1.3684210526315805,1.10144927536232,-0.4666666666666662,1
1369,0.04761904761904746,1.0582010582010584,0.18181818181818182,-0.14285714285714296,-0.05000000000000004,0.14285714285714285,0.8780487804878049,-0.11047180667434549,-0.21052631578947392,-0.6956521739130439,-0.2666666666666657,1
1194,-0.7142857142857144,1.544973544973545,-0.787878787878788,0.14285714285714232,4.3,-0.5714285714285714,-0.6341463414634146,-0.5937859608745687,1.3157894736842108,-0.6376811594202902,0.40000000000000097,0
42,0.4285714285714288,0.3809523809523809,0.12121212121212116,0.8571428571428564,0.3999999999999996,0.21428571428571427,0.1951219512195122,0.36823935558113463,-0.2631578947368436,-0.6376811594202902,-0.5999999999999991,0
132,-1.0952380952380958,-0.08465608465608475,-0.5151515151515152,0.14285714285714232,-1.5499999999999996,0.21428571428571427,1.4878048780487805,-1.426927502876852,1.6842105263157892,0.057971014492753714,1.8666666666666671,0
1183,1.095238095238095,-0.507936507936508,0.4242424242424243,0.4285714285714282,-0.5999999999999998,1.9285714285714286,0.3902439024390244,0.3406214039125227,0.3684210526315782,1.3913043478260878,0.20000000000000048,1
1549,1.5714285714285712,-0.507936507936508,0.7272727272727273,-0.2857142857142859,0.95,0.35714285714285715,0.2926829268292683,0.4741081703106859,-1.105263157894737,-0.23188405797101486,0.13333333333333405,0
742,0.6190476190476186,0.042328042328042374,-0.06060606060606067,0.5714285714285712,-0.10000000000000007,1.0,2.4634146341463414,0.49712313003450365,-0.5263157894736848,-0.28985507246376857,-0.4666666666666662,0
783,0.5238095238095237,1.2698412698412698,-0.6363636363636365,0.28571428571428525,0.05000000000000004,0.8571428571428571,1.4146341463414633,0.6168009205983864,0.26315789473684126,-0.5217391304347828,-0.13333333333333286,0
291,0.3809523809523805,0.0,-0.5151515151515152,0.4285714285714282,0.5499999999999997,0.42857142857142855,0.2682926829268293,0.36823935558113463,0.15789473684210428,1.3913043478260878,0.2666666666666669,1
1511,-0.7142857142857144,-0.6772486772486775,-0.15151515151515157,0.0,-1.6499999999999997,0.8571428571428571,0.24390243902439024,-0.08745684695052777,0.8421052631578957,0.8695652173913051,-0.3333333333333333,1
669,1.0,0.8888888888888888,0.5151515151515151,0.14285714285714232,-1.05,0.07142857142857142,-0.17073170731707318,-0.09205983889527088,-0.8421052631578957,-0.28985507246376857,0.5333333333333338,0
349,0.8095238095238093,0.1693121693121695,0.1515151515151515,0.8571428571428564,0.4499999999999996,0.07142857142857142,0.1951219512195122,0.5063291139240409,-1.0526315789473697,1.7391304347826102,-0.13333333333333286,1
572,-0.8095238095238098,-0.6772486772486775,-0.06060606060606067,0.0,0.7499999999999998,0.35714285714285715,0.0975609756097561,-1.0126582278480818,1.3684210526315783,-0.28985507246376857,1.0,1
638,0.7619047619047619,1.544973544973545,0.030303030303030335,0.14285714285714232,0.20000000000000015,1.2142857142857142,2.6097560975609757,0.4602991944764055,-0.3684210526315782,-0.5217391304347828,-0.5333333333333327,0
1504,-0.8095238095238098,-0.33862433862433877,0.393939393939394,0.4285714285714282,-0.1500000000000001,-0.5714285714285714,-0.5853658536585366,-0.5753739930954941,1.0526315789473673,0.4057971014492754,0.5333333333333338,1
1539,-0.8095238095238098,0.507936507936508,-0.5151515151515152,0.4285714285714282,0.05000000000000004,0.07142857142857142,-0.2926829268292683,-0.6536248561564846,1.3684210526315783,0.057971014492753714,1.2000000000000004,0
940,-0.8095238095238098,-0.253968253968254,-0.27272727272727276,-0.8571428571428571,-0.35000000000000026,-0.5,-0.6585365853658537,-1.173762945914857,1.5789473684210522,-0.4637681159420291,0.8000000000000007,0
1053,-1.0952380952380958,0.3597883597883597,-0.6363636363636365,0.28571428571428525,-0.35000000000000026,0.35714285714285715,-0.3170731707317073,-1.9424626006904302,1.3157894736842108,-0.4057971014492754,1.8000000000000007,0
673,0.9047619047619051,3.047619047619048,0.24242424242424251,-0.2857142857142859,-0.05000000000000004,1.2857142857142858,2.7560975609756095,0.5523590333716764,-0.8421052631578957,-0.5217391304347828,-0.4666666666666662,0
376,1.7142857142857144,0.08465608465608475,1.3636363636363638,3.1428571428571423,2.1999999999999993,-0.5714285714285714,-0.5609756097560976,0.7364787111622181,-1.5789473684210544,1.2173913043478268,1.0666666666666675,1
334,0.23809523809523814,0.1693121693121695,-0.5454545454545455,-0.14285714285714296,1.2499999999999996,0.14285714285714285,0.14634146341463414,-0.4602991944764055,-0.9473684210526326,-0.5797101449275365,0.5333333333333338,0
1164,0.5238095238095237,1.1216931216931219,-0.06060606060606067,-0.7142857142857144,-0.10000000000000007,-0.2857142857142857,-0.4146341463414634,0.055235903337172744,-0.10526315789473696,0.28985507246376857,-0.13333333333333286,0
1302,-0.5714285714285716,1.4391534391534393,-0.5757575757575758,-0.2857142857142859,1.0,0.42857142857142855,0.4634146341463415,-0.37744533947067194,1.5263157894736847,0.6956521739130439,1.0,1
995,1.0,-0.7195767195767199,0.5757575757575758,0.4285714285714282,0.5999999999999998,0.42857142857142855,1.2195121951219512,1.0955120828538154,-0.8421052631578957,-1.1014492753623197,-0.5333333333333327,0
1481,-1.0952380952380958,0.42328042328042326,-0.6969696969696971,-1.0,0.0,-0.5714285714285714,-0.6097560975609756,-0.8377445339470774,1.8421052631578958,0.0,-0.06666666666666643,0
637,0.8095238095238093,1.523809523809524,0.06060606060606067,0.28571428571428525,0.2999999999999995,1.1428571428571428,2.658536585365854,0.5063291139240409,-0.3684210526315782,-0.5217391304347828,-0.5333333333333327,0
694,0.5238095238095237,-0.1693121693121695,0.18181818181818182,0.8571428571428564,0.20000000000000015,0.5,2.048780487804878,0.7364787111622181,0.052631578947367315,0.0,-0.5333333333333327,0
319,0.9047619047619051,0.5925925925925928,0.393939393939394,1.4285714285714282,0.1500000000000001,0.5,0.5121951219512195,0.9666283084004464,0.3157894736842109,0.5217391304347828,0.8666666666666671,1
1227,-0.1904761904761907,0.2539682539682538,-0.6969696969696971,2.7142857142857126,0.0,0.9285714285714286,0.1951219512195122,-0.40506329113923273,-1.5263157894736847,-0.8695652173913051,-0.6666666666666666,0
1174,-0.1428571428571432,-0.6772486772486775,0.1515151515151515,-0.7142857142857144,-0.05000000000000004,0.8571428571428571,0.6585365853658537,0.16570771001151824,0.7894736842105261,0.0,-0.4666666666666662,1
168,-0.28571428571428603,0.12698412698412712,-0.6969696969696971,-0.8571428571428571,-0.4000000000000003,0.21428571428571427,0.0975609756097561,-0.5523590333716764,0.3157894736842109,-0.8115942028985514,-0.7999999999999995,0
13,-1.0952380952380958,0.4021164021164021,-0.787878787878788,-0.8571428571428571,0.4499999999999996,0.14285714285714285,0.5121951219512195,-1.1507479861910392,1.4210526315789478,-0.5797101449275365,-0.1999999999999993,0
172,0.04761904761904746,-0.4232804232804235,-0.27272727272727276,-0.2857142857142859,-0.35000000000000026,-0.5714285714285714,-0.4878048780487805,0.18411967779054175,-0.10526315789473696,-0.057971014492753714,-0.6666666666666666,1
261,0.0,-0.8042328042328044,-0.09090909090909091,-0.7142857142857144,-0.1500000000000001,0.2857142857142857,0.17073170731707318,-0.25316455696204604,-0.10526315789473696,0.17391304347826114,-0.5999999999999991,0
1471,1.0,0.7195767195767194,-0.45454545454545464,-1.142857142857143,0.20000000000000015,-0.42857142857142855,-0.34146341463414637,-0.4695051783659428,-2.2631578947368434,-0.8695652173913051,-0.3333333333333333,0
1421,-0.04761904761904788,0.042328042328042374,-0.7575757575757577,-0.8571428571428571,-0.1500000000000001,-0.7857142857142857,-0.4634146341463415,-0.8285385500575401,-0.7894736842105261,-0.9275362318840585,-0.2666666666666657,0
902,-0.23809523809523814,0.4867724867724868,-0.4848484848484849,0.28571428571428525,0.0,0.14285714285714285,-0.12195121951219512,0.2577675489067891,1.4210526315789478,0.4057971014492754,0.40000000000000097,1
550,0.5238095238095237,0.042328042328042374,0.696969696969697,-0.4285714285714288,4.55,-0.5714285714285714,-0.3170731707317073,0.32220943613349917,-0.21052631578947392,-0.057971014492753714,-0.5333333333333327,1
1139,-0.1904761904761907,-0.46560846560846586,-0.3333333333333334,2.1428571428571423,1.1999999999999995,1.0714285714285714,1.3658536585365855,0.48791714614496634,-0.894736842105263,-0.23188405797101486,-0.7333333333333331,0
963,-0.6190476190476195,0.2116402116402114,-0.7272727272727274,-0.14285714285714296,1.7499999999999998,-0.5714285714285714,-0.5365853658536586,-0.11967779056388281,0.3684210526315782,0.4057971014492754,-0.4666666666666662,0
1284,0.3809523809523805,0.46560846560846564,0.06060606060606067,0.7142857142857141,0.7999999999999998,0.21428571428571427,0.7560975609756098,0.24856156501725182,-0.2631578947368436,0.057971014492753714,0.0,1
559,1.4285714285714288,0.042328042328042374,0.696969696969697,3.428571428571427,1.8999999999999992,-0.2857142857142857,-0.5121951219512195,1.5650172612197581,-1.2631578947368436,-0.3478260869565217,1.0,1
140,-0.04761904761904788,0.1693121693121695,-0.21212121212121215,-0.2857142857142859,0.05000000000000004,0.21428571428571427,1.7073170731707317,-0.2761795166858637,0.052631578947367315,-0.4637681159420291,-0.4666666666666662,0
1393,-0.3809523809523814,0.42328042328042326,-0.6060606060606062,-1.2857142857142856,-0.49999999999999967,-0.6428571428571429,-0.6341463414634146,-1.1967779056386747,-0.7368421052631587,-0.8115942028985514,-0.2666666666666657,0
994,-0.3809523809523814,-0.761904761904762,0.06060606060606067,-0.2857142857142859,0.09999999999999522,1.2142857142857142,0.7317073170731707,0.06444188722671006,0.7368421052631587,-0.8115942028985514,-0.5333333333333327,0
225,0.23809523809523814,0.4867724867724868,0.303030303030303,-0.2857142857142859,0.4499999999999996,0.07142857142857142,0.4146341463414634,0.29919447640963037,0.0,-0.28985507246376857,0.13333333333333405,0
1363,1.7619047619047619,-0.1904761904761907,0.4242424242424243,-1.142857142857143,0.5499999999999997,-0.5714285714285714,-0.24390243902439024,0.11047180667434549,-1.2631578947368436,0.17391304347826114,-0.11111111111113321,1
410,2.1904761904761907,-0.253968253968254,0.696969696969697,3.2857142857142847,-0.49999999999999967,0.8571428571428571,0.2682926829268293,0.5983889528193118,-1.3684210526315805,-0.28985507246376857,-0.39999999999999974,0
300,-0.4761904761904763,0.6349206349206351,-0.6060606060606062,-0.14285714285714296,0.0,-0.42857142857142855,-0.12195121951219512,0.7594936708860358,1.9473684210526327,0.5217391304347828,-0.39999999999999974,0
1007,0.5714285714285712,-0.9735449735449738,0.21212121212121215,-0.21428571428571475,-0.8499999999999999,-0.07142857142857142,-0.2682926829268293,-0.7548906789412927,-0.2631578947368436,1.2753623188405805,1.0,1
1553,-0.7619047619047623,0.6772486772486775,-0.7575757575757577,2.1428571428571423,1.1499999999999995,1.2857142857142858,0.3902439024390244,-0.43268124280784465,1.0526315789473673,0.23188405797101486,0.7333333333333343,1
756,-0.04761904761904788,1.6507936507936511,-0.5757575757575758,-0.4285714285714288,-1.100000000000005,0.5714285714285714,0.21951219512195122,-0.7134637514384515,1.0526315789473673,-1.1014492753623197,0.3333333333333333,1
1482,0.14285714285714238,-1.015873015873016,1.0303030303030303,1.1428571428571423,1.1999999999999995,-0.2857142857142857,-0.3902439024390244,0.6812428078250454,0.42105263157894784,0.3478260869565223,0.2666666666666669,0
194,-0.1428571428571432,0.12698412698412712,-0.15151515151515157,0.0,-0.4500000000000003,-0.5,-0.24390243902439024,-0.18411967779059285,-0.15789473684210661,-0.4057971014492754,-0.3333333333333333,0
1202,0.0,-0.761904761904762,0.303030303030303,-0.4285714285714288,-0.7499999999999998,-0.6428571428571429,-0.6829268292682927,-1.201380897583418,-0.21052631578947392,-0.4637681159420291,0.6666666666666666,1
574,1.2380952380952381,0.2962962962962961,0.696969696969697,-0.14285714285714296,-0.49999999999999967,0.0,0.21951219512195122,1.0586881472957173,-0.05263157894736965,-0.3478260869565217,-0.39999999999999974,0
606,0.1904761904761907,0.3386243386243385,-0.393939393939394,0.5714285714285712,0.25000000000000017,-0.5714285714285714,-0.34146341463414637,0.7364787111622181,0.0,-0.17391304347826114,-0.6666666666666666,1
1162,0.4285714285714288,-0.2962962962962964,0.5151515151515151,-1.142857142857143,-0.20000000000000015,-0.14285714285714285,-0.4146341463414634,-0.5937859608745687,-0.5263157894736848,0.7536231884057977,0.0,1
1427,-0.09523809523809534,-1.227513227513228,0.3333333333333333,-0.5714285714285715,-1.6999999999999997,0.6428571428571429,0.5365853658536586,0.13808975834290632,0.5263157894736848,0.5217391304347828,1.2666666666666668,1
4,1.5714285714285712,-1.015873015873016,0.9090909090909093,-0.4285714285714288,-0.25000000000000017,0.21428571428571427,0.5365853658536586,0.5523590333716764,-0.7894736842105261,-0.23188405797101486,-0.2666666666666657,1
844,-0.3809523809523814,0.6984126984126987,0.27272727272727265,-0.2857142857142859,0.3999999999999996,-0.35714285714285715,1.3170731707317074,-0.2301495972382283,-0.15789473684210661,0.0,-0.5333333333333327,0
468,0.4285714285714288,-0.253968253968254,0.5757575757575758,0.5714285714285712,-0.7499999999999998,-0.5,-0.4878048780487805,-0.9666283084004464,0.052631578947367315,0.9855072463768125,2.5333333333333337,1
322,0.666666666666667,0.3809523809523809,0.0,1.7142857142857135,0.49999999999999967,0.7857142857142857,1.1951219512195121,1.3578826237053987,-0.3684210526315782,0.0,-0.3333333333333333,0
6,-0.23809523809523814,0.5925925925925928,-0.787878787878788,-0.5714285714285715,-0.25000000000000017,-0.07142857142857142,0.04878048780487805,0.4602991944764055,1.0526315789473673,-0.3478260869565217,-0.5333333333333327,0
548,1.2857142857142856,-0.8888888888888892,0.696969696969697,0.4285714285714282,-0.6499999999999998,-0.5714285714285714,-0.4146341463414634,0.8745684695051755,-0.2631578947368436,1.3913043478260878,0.3333333333333333,1
846,-0.7142857142857144,0.507936507936508,-0.15151515151515157,-0.5714285714285715,0.05000000000000004,0.0,-0.17073170731707318,0.041426927502892334,1.4736842105263153,0.23188405797101486,-0.2666666666666657,0
40,-0.28571428571428603,-0.2962962962962964,0.303030303030303,5.285714285714285,-0.3000000000000002,-0.14285714285714285,1.1951219512195121,0.4602991944764055,0.10526315789473696,1.2173913043478268,0.20000000000000048,0
543,0.666666666666667,0.8253968253968254,-0.06060606060606067,-0.14285714285714296,-0.49999999999999967,-0.6428571428571429,-0.43902439024390244,-0.09205983889527088,-1.0,-0.17391304347826114,-0.1999999999999993,0
243,-0.09523809523809534,0.2539682539682538,-0.4848484848484849,-0.5714285714285715,1.0999999999999994,1.0,1.7317073170731707,-0.5293440736478586,-1.210526315789474,-0.7536231884057977,-0.2666666666666657,1
137,0.1904761904761907,0.8253968253968254,-0.3333333333333334,-0.5714285714285715,0.4499999999999996,-0.2857142857142857,0.34146341463414637,0.0,-0.42105263157894784,0.8695652173913051,-0.4666666666666662,0
1404,-0.3333333333333335,-0.8042328042328044,0.21212121212121215,-0.7142857142857144,-0.95,-0.7857142857142857,-0.6097560975609756,-0.36823935558113463,-0.42105263157894784,2.7826086956521765,-0.13333333333333286,1
1262,-0.7619047619047623,2.1164021164021167,-0.787878787878788,-0.2857142857142859,0.1500000000000001,0.21428571428571427,-0.34146341463414637,-1.1185270425776843,1.4736842105263153,-0.4057971014492754,0.6666666666666666,0
678,0.33333333333333304,1.1851851851851856,-0.45454545454545464,0.14285714285714232,0.20000000000000015,-0.14285714285714285,-0.17073170731707318,0.5063291139240409,0.47368421052631515,-0.8115942028985514,-0.1999999999999993,0
874,0.5714285714285712,-1.3121693121693125,0.3333333333333333,-0.8571428571428571,-0.6499999999999998,-0.5714285714285714,-0.6829268292682927,-0.5891829689298256,-0.42105263157894784,-0.23188405797101486,0.6000000000000002,1
922,0.23809523809523814,-0.6772486772486775,0.18181818181818182,0.0,0.05000000000000004,1.2857142857142858,1.0,-0.18411967779059285,-0.05263157894736965,0.5797101449275365,0.5333333333333338,1
1133,-0.23809523809523814,-0.6772486772486775,0.24242424242424251,-0.5714285714285715,-0.25000000000000017,0.2857142857142857,0.0,-1.6110471806674447,0.3684210526315782,1.5072463768115953,2.266666666666667,1
850,-0.7142857142857144,0.46560846560846564,-0.15151515151515157,-0.8571428571428571,0.0,-0.14285714285714285,-0.14634146341463414,0.041426927502892334,1.4210526315789478,0.23188405797101486,-0.2666666666666657,0
1457,-0.9047619047619051,0.08465608465608475,-0.6060606060606062,-0.5714285714285715,-1.4999999999999996,1.7142857142857142,1.2439024390243902,-2.043728423475238,-0.05263157894736965,-0.6956521739130439,0.23333333333333428,1
582,2.095238095238096,-0.08465608465608475,0.696969696969697,0.0,0.4499999999999996,-0.6428571428571429,-0.5853658536585366,1.5650172612197581,-0.6315789473684218,-1.0434782608695659,-0.39999999999999974,0
1573,-0.28571428571428603,0.7195767195767194,0.18181818181818182,0.0,-0.5499999999999997,1.5,1.6097560975609757,-0.22094361334869098,0.10526315789473696,-0.6376811594202902,-0.4666666666666662,0
662,-0.1904761904761907,-0.4232804232804235,0.1515151515151515,-0.8571428571428571,0.0,0.07142857142857142,0.0975609756097561,0.4602991944764055,0.0,0.11594202898550743,-0.7999999999999995,0
1238,-0.3809523809523814,0.9735449735449736,-0.7575757575757577,0.0,-1.05,-0.21428571428571427,-0.4878048780487805,-2.0161104718066776,0.42105263157894784,-1.2753623188405805,1.7333333333333343,1
1480,0.14285714285714238,-1.015873015873016,1.0303030303030303,1.1428571428571423,1.1999999999999995,-0.2857142857142857,-0.3902439024390244,0.6812428078250454,0.42105263157894784,0.3478260869565223,0.2666666666666669,0
377,1.7142857142857144,-0.2962962962962964,0.7272727272727273,1.1428571428571423,-0.10000000000000007,0.35714285714285715,0.21951219512195122,1.6110471806673936,-0.2631578947368436,2.8405797101449304,0.5333333333333338,1
443,3.666666666666667,0.6984126984126987,1.5151515151515154,2.1428571428571423,1.0,-0.5714285714285714,0.12195121951219512,2.945914844649026,-1.894736842105263,0.3478260869565223,0.6666666666666666,1
320,0.8095238095238093,1.0582010582010584,-0.4242424242424243,0.9999999999999993,0.09999999999999522,1.1428571428571428,0.8780487804878049,0.8515535097813578,-0.05263157894736965,0.11594202898550743,0.13333333333333405,1
1493,-0.8095238095238098,0.5502645502645503,-0.6060606060606062,-0.8571428571428571,-1.4999999999999996,-0.5714285714285714,-0.4878048780487805,-1.52819332566166,1.3684210526315783,-0.4637681159420291,1.1666666666666667,0
1054,0.1904761904761907,-0.8042328042328044,0.4848484848484848,0.14285714285714232,-0.49999999999999967,-0.35714285714285715,-0.43902439024390244,-1.1691599539700628,0.3684210526315782,0.8695652173913051,1.6666666666666667,1
1536,-0.4285714285714288,0.12698412698412712,-0.393939393939394,0.0,-0.25000000000000017,0.07142857142857142,-0.07317073170731707,-0.41426927502877003,0.26315789473684126,-0.17391304347826114,-0.3333333333333333,1
1203,0.33333333333333304,-0.4232804232804235,0.393939393939394,-0.5714285714285715,-0.5999999999999998,-0.5714285714285714,-0.6341463414634146,-0.7548906789412927,0.21052631578947392,0.4057971014492754,1.0,1
425,-0.09523809523809534,1.8624338624338626,-0.18181818181818182,-0.2857142857142859,-1.6499999999999997,0.07142857142857142,0.5365853658536586,-0.5983889528193118,0.26315789473684126,-1.0434782608695659,0.4666666666666674,0
554,-1.3809523809523814,2.2010582010582014,-0.06060606060606067,-0.8571428571428571,-1.4999999999999996,1.2857142857142858,1.4146341463414633,-1.5650172612198094,2.2631578947368434,0.0,0.8666666666666671,0
595,0.0,0.8465608465608465,-0.27272727272727276,0.5714285714285712,0.7999999999999998,0.42857142857142855,0.0,0.4602991944764055,0.47368421052631515,-0.5217391304347828,-0.4666666666666662,0
1477,0.9523809523809526,-0.08465608465608475,0.7272727272727273,16.57142857142857,6.249999999999998,2.4285714285714284,1.0731707317073171,2.5868814729574283,-0.7894736842105261,0.7536231884057977,-0.9333333333333323,0
945,0.1904761904761907,-0.9312169312169315,0.696969696969697,2.2857142857142847,0.49999999999999967,-0.21428571428571427,-0.34146341463414637,-0.8377445339470774,-0.21052631578947392,0.11594202898550743,1.2666666666666668,1
893,1.0476190476190474,-0.2962962962962964,-0.09090909090909091,-0.4285714285714288,0.09999999999999522,-0.2857142857142857,-0.4878048780487805,0.4326812428077936,-0.47368421052631515,0.17391304347826114,-0.5999999999999991,1
1550,-0.23809523809523814,-0.6772486772486775,0.12121212121212116,-0.5714285714285715,-0.3000000000000002,0.21428571428571427,-0.34146341463414637,-1.201380897583418,-0.3684210526315782,0.4637681159420291,0.8000000000000007,1
840,-0.9047619047619051,-0.08465608465608475,-0.6666666666666667,0.0,0.5999999999999998,-0.07142857142857142,-0.2926829268292683,-0.15189873417723784,0.7894736842105261,-0.8695652173913051,-0.13333333333333286,0
228,0.5238095238095237,1.2698412698412698,-0.36363636363636365,0.5714285714285712,0.4499999999999996,-0.35714285714285715,-0.36585365853658536,0.7364787111622181,0.42105263157894784,0.057971014492753714,-0.2666666666666657,0
1138,1.1904761904761907,0.0,0.5757575757575758,-0.2857142857142859,0.0,-0.5714285714285714,-0.6097560975609756,0.4326812428077936,-0.47368421052631515,0.8115942028985514,0.8000000000000007,1
919,0.23809523809523814,-0.6772486772486775,0.18181818181818182,0.0,0.05000000000000004,1.2857142857142858,1.0,-0.18411967779059285,-0.05263157894736965,0.5797101449275365,0.5333333333333338,1
1433,-0.9523809523809526,-0.33862433862433877,-0.787878787878788,-0.8571428571428571,-1.8999999999999997,-0.7857142857142857,-0.6585365853658537,-1.1047180667434038,0.894736842105263,1.3333333333333341,1.0,1
775,0.0,-0.507936507936508,0.12121212121212116,-0.5714285714285715,3.849999999999999,-0.8571428571428571,0.17073170731707318,0.2163406214038968,0.0,1.6811594202898565,-0.4666666666666662,1
67,-0.1904761904761907,0.0,-0.45454545454545464,-1.0,-0.05000000000000004,-0.21428571428571427,0.024390243902439025,0.0,0.5789473684210521,-0.23188405797101486,-0.39999999999999974,0
394,0.23809523809523814,0.613756613756614,1.0606060606060608,-0.2857142857142859,1.5999999999999948,-0.07142857142857142,1.3902439024390243,0.09205983889527088,-0.7894736842105261,-0.4637681159420291,-0.7333333333333331,0
580,1.2857142857142856,-0.8888888888888892,0.696969696969697,0.0,-0.8499999999999999,0.2857142857142857,0.04878048780487805,0.36823935558113463,-0.894736842105263,-0.6376811594202902,-0.2666666666666657,1
25,-0.4761904761904763,-0.507936507936508,-0.36363636363636365,0.28571428571428525,0.25000000000000017,0.5,0.04878048780487805,0.0,0.6315789473684218,0.057971014492753714,-0.3333333333333333,1
212,0.04761904761904746,0.8677248677248677,-0.06060606060606067,0.8571428571428564,0.1500000000000001,-0.2857142857142857,0.5853658536585366,0.02301495972381772,0.21052631578947392,-0.3478260869565217,-0.13333333333333286,1
1233,-0.1428571428571432,-0.3809523809523811,0.09090909090909083,-0.14285714285714296,-0.25000000000000017,0.35714285714285715,0.6829268292682927,0.17491369390100445,0.47368421052631515,0.11594202898550743,-0.4666666666666662,0
1193,-0.3333333333333335,-1.142857142857143,0.3333333333333333,0.4285714285714282,-0.8499999999999999,-0.21428571428571427,0.07317073170731707,-1.109321058688147,1.105263157894737,1.0434782608695663,1.4666666666666675,1
537,0.9523809523809526,0.46560846560846564,-0.06060606060606067,0.28571428571428525,-0.1500000000000001,-0.5714285714285714,-0.12195121951219512,0.27617951668581264,-1.1578947368421066,-0.28985507246376857,-0.5333333333333327,0
837,-0.5714285714285716,-1.015873015873016,0.06060606060606067,0.28571428571428525,-3.3999999999999995,1.5714285714285714,1.5121951219512195,-2.8354430379746804,-0.2631578947368436,-1.3333333333333341,1.0,1
744,1.7619047619047619,-0.46560846560846586,0.9696969696969696,0.8571428571428564,0.7999999999999998,0.7857142857142857,1.5365853658536586,1.5834292289988328,-0.9473684210526326,-0.5217391304347828,-0.13333333333333286,0
86,-0.4761904761904763,0.12698412698412712,-0.3333333333333334,0.0,-0.20000000000000015,0.35714285714285715,0.04878048780487805,-0.32220943613349917,0.5263157894736848,-0.17391304347826114,-0.06666666666666643,0
1440,-0.28571428571428603,0.6349206349206351,-0.7272727272727274,0.0,-0.4000000000000003,1.2142857142857142,1.3170731707317074,-0.5247410817031155,0.052631578947367315,0.3478260869565223,0.5777777777777994,1
1034,-0.1904761904761907,0.2116402116402114,-0.5454545454545455,0.5714285714285712,0.4499999999999996,0.0,-0.2682926829268293,-0.40506329113923273,-0.05263157894736965,-0.17391304347826114,0.13333333333333405,1
887,0.5238095238095237,1.1851851851851856,-0.4242424242424243,0.28571428571428525,0.1500000000000001,-0.42857142857142855,-0.24390243902439024,0.7180667433831947,0.10526315789473696,0.17391304347826114,0.13333333333333405,1
1447,-0.4761904761904763,0.46560846560846564,-0.7272727272727274,-0.4285714285714288,-0.10000000000000007,0.2857142857142857,-0.1951219512195122,0.14729574223244363,0.47368421052631515,0.7536231884057977,-0.2666666666666657,0
1442,-0.23809523809523814,1.1216931216931219,-0.21212121212121215,4.285714285714285,0.6999999999999998,0.35714285714285715,1.4634146341463414,0.15189873417718672,-0.7894736842105261,-0.5797101449275365,-0.42222222222221956,1
631,0.3809523809523805,0.08465608465608475,0.0,0.4285714285714282,0.8499999999999951,-0.5,-0.17073170731707318,0.36823935558113463,-0.21052631578947392,-0.11594202898550743,-0.5999999999999991,1
1094,0.6190476190476186,-0.8888888888888892,0.303030303030303,0.0,-0.05000000000000004,-0.21428571428571427,-0.17073170731707318,-0.29919447640968144,0.10526315789473696,1.3913043478260878,1.2000000000000004,1
1491,-0.3809523809523814,-1.2698412698412702,0.696969696969697,-0.5714285714285715,-2.05,-0.42857142857142855,-0.4878048780487805,-1.5466052934407346,0.42105263157894784,-0.3478260869565217,1.4666666666666675,1
274,0.23809523809523814,0.8253968253968254,-0.18181818181818182,0.28571428571428525,-0.20000000000000015,-0.2857142857142857,0.0,0.2531645569619949,0.0,0.11594202898550743,-0.5333333333333327,0
813,1.3809523809523814,-0.2962962962962964,0.21212121212121215,0.4285714285714282,0.95,0.42857142857142855,0.0,0.63521288837741,-0.3684210526315782,0.5217391304347828,0.40000000000000097,0
363,1.904761904761905,0.2539682539682538,1.2121212121212124,0.4285714285714282,-0.4000000000000003,-0.5714285714285714,-0.024390243902439025,1.1047180667433527,-1.3684210526315805,-0.3478260869565217,-0.13333333333333286,0
623,1.0,0.2539682539682538,-0.12121212121212126,-0.4285714285714288,0.0,-0.35714285714285715,-0.14634146341463414,0.27617951668581264,-0.9473684210526326,-0.4057971014492754,-0.4666666666666662,0
3,-0.04761904761904788,1.015873015873016,-0.6666666666666667,0.14285714285714232,0.5999999999999998,0.07142857142857142,0.3902439024390244,0.09205983889527088,-0.2631578947368436,0.17391304347826114,-0.2666666666666657,0
7,0.0,0.3386243386243385,-0.6060606060606062,-0.8571428571428571,-0.5499999999999997,0.07142857142857142,0.5121951219512195,-0.18411967779059285,-0.05263157894736965,-0.9275362318840585,-0.5333333333333327,0
312,0.0,0.042328042328042374,-0.06060606060606067,-0.2857142857142859,-0.4000000000000003,0.07142857142857142,1.6341463414634145,-0.36823935558113463,-0.21052631578947392,-0.4637681159420291,-0.5333333333333327,1
1079,0.33333333333333304,-0.6349206349206351,1.181818181818182,5.999999999999999,0.0,-0.7857142857142857,-0.7317073170731707,0.6306098964326668,-0.21052631578947392,-0.23188405797101486,0.5333333333333338,0
745,1.5238095238095237,-0.5502645502645503,0.8484848484848486,0.7142857142857141,0.7499999999999998,0.5,1.5365853658536586,1.5189873417721227,-0.9473684210526326,-0.6376811594202902,-0.4666666666666662,0
666,0.7142857142857144,0.2962962962962961,-0.36363636363636365,-0.2857142857142859,0.20000000000000015,0.7857142857142857,0.24390243902439024,0.5983889528193118,-0.894736842105263,-0.3478260869565217,-0.3333333333333333,0
365,2.333333333333334,0.4021164021164021,1.2121212121212124,5.1428571428571415,0.1500000000000001,-0.5,0.0975609756097561,2.4856156501725692,-1.2631578947368436,0.6376811594202902,-0.13333333333333286,1
1576,-0.1904761904761907,0.0,0.4242424242424243,0.0,-1.0,-0.14285714285714285,-0.43902439024390244,-0.9482163406214229,-0.2631578947368436,0.11594202898550743,1.0666666666666675,1
216,-0.4285714285714288,-0.12698412698412712,0.696969696969697,4.857142857142855,-1.0,0.8571428571428571,2.024390243902439,0.27617951668581264,0.15789473684210428,0.8115942028985514,0.20000000000000048,0
1581,-0.23809523809523814,-0.7195767195767199,0.21212121212121215,0.28571428571428525,-0.5999999999999998,-0.35714285714285715,-0.2926829268292683,-0.9666283084004464,0.26315789473684126,-0.11594202898550743,1.133333333333334,1
28,0.0,-0.3809523809523811,-0.15151515151515157,-0.8571428571428571,1.2999999999999996,-0.2857142857142857,-0.024390243902439025,-0.09205983889527088,-0.7368421052631587,1.6811594202898565,-0.4666666666666662,0
1146,0.14285714285714238,-1.3544973544973546,0.5151515151515151,0.4285714285714282,-0.20000000000000015,1.2142857142857142,0.3170731707317073,-0.03682393555809813,1.1578947368421042,1.10144927536232,0.13333333333333405,1
988,-0.3809523809523814,-0.6772486772486775,0.12121212121212116,-0.8571428571428571,0.0,1.5,0.7804878048780488,0.05983889528191585,0.6842105263157892,-0.6956521739130439,-0.5333333333333327,0
1463,-0.5238095238095242,0.507936507936508,-0.6969696969696971,0.14285714285714232,-0.25000000000000017,0.0,-0.17073170731707318,-0.6214039125431806,0.26315789473684126,-0.23188405797101486,0.13333333333333405,1
639,-0.09523809523809534,1.6719576719576723,-0.4242424242424243,0.0,3.1499999999999986,-0.5,-0.36585365853658536,-0.18411967779059285,0.21052631578947392,0.17391304347826114,0.0,1
848,-0.23809523809523814,0.6772486772486775,-0.3030303030303031,-0.5714285714285715,-0.10000000000000007,-0.14285714285714285,0.024390243902439025,0.41426927502877003,1.0,0.4637681159420291,-0.1999999999999993,1
719,0.23809523809523814,0.1693121693121695,-0.6666666666666667,-0.2857142857142859,0.09999999999999522,-0.2857142857142857,-0.3902439024390244,0.36823935558113463,-0.47368421052631515,-1.0434782608695659,-0.39999999999999974,0
692,0.6190476190476186,1.6931216931216935,-0.06060606060606067,0.5714285714285712,0.34999999999999953,-0.14285714285714285,1.3414634146341464,1.3808975834292165,0.894736842105263,-0.4637681159420291,-0.2666666666666657,0
939,-0.3333333333333335,-0.5925925925925928,0.36363636363636365,0.8571428571428564,-0.5999999999999998,0.6428571428571429,0.0975609756097561,-1.491369390103562,0.15789473684210428,0.5797101449275365,1.8000000000000007,1
625,-0.5238095238095242,0.7195767195767194,-0.787878787878788,4.857142857142855,2.1999999999999993,0.5,0.4878048780487805,1.334867663981581,0.7894736842105261,0.5797101449275365,0.0,0
967,0.5238095238095237,-0.5925925925925928,0.4545454545454545,0.28571428571428525,1.1499999999999995,-0.5714285714285714,-0.6829268292682927,-0.34982738780206,-0.9473684210526326,-0.23188405797101486,1.133333333333334,1
257,0.7142857142857144,-0.761904761904762,0.3333333333333333,0.0,-0.25000000000000017,-0.6428571428571429,-0.6097560975609756,0.5523590333716764,-0.47368421052631515,0.0,-0.6666666666666666,0
26,-0.7619047619047623,-0.5502645502645503,-0.3030303030303031,-1.142857142857143,0.0,-0.21428571428571427,-0.36585365853658536,-0.5983889528193118,0.15789473684210428,-0.3478260869565217,-0.5999999999999991,0
337,0.4761904761904763,-0.3809523809523811,0.5757575757575758,-0.4285714285714288,-1.4,-0.5714285714285714,-0.5365853658536586,-0.920598388952811,0.21052631578947392,0.4637681159420291,1.5333333333333339,1
573,1.095238095238095,-1.1851851851851856,0.696969696969697,0.28571428571428525,-0.25000000000000017,-0.2857142857142857,-0.24390243902439024,0.4602991944764055,-0.894736842105263,-0.057971014492753714,0.13333333333333405,0
48,0.3809523809523805,-0.9735449735449738,0.787878787878788,-0.8571428571428571,1.6499999999999997,-0.14285714285714285,-0.024390243902439025,0.04602991944763544,-0.3157894736842109,-0.23188405797101486,-0.4666666666666662,0
107,-0.04761904761904788,-0.46560846560846586,1.272727272727273,-0.7142857142857144,19.349999999999998,0.2857142857142857,0.7560975609756098,0.23014959723817718,-1.210526315789474,4.0000000000000036,-0.5999999999999991,0
56,-0.09523809523809534,0.42328042328042326,-0.6666666666666667,2.2857142857142847,0.20000000000000015,0.7857142857142857,0.17073170731707318,0.4602991944764055,0.15789473684210428,-0.5217391304347828,-0.4666666666666662,0
917,-1.2380952380952386,0.8253968253968254,-0.21212121212121215,-1.0,4.049999999999999,-0.5,0.5853658536585366,-1.3118527042577632,1.6315789473684217,-0.057971014492753714,0.5333333333333338,0
214,0.14285714285714238,0.2116402116402114,0.0,0.0,-1.0,1.0,0.6585365853658537,-0.41426927502877003,-0.05263157894736965,-1.1014492753623197,-0.06666666666666643,0
121,-0.28571428571428603,2.328042328042329,-0.5151515151515152,-0.7142857142857144,4.899999999999999,-0.2857142857142857,1.2439024390243902,-0.2761795166858637,-0.05263157894736965,-0.28985507246376857,-0.7999999999999995,0
991,-0.09523809523809534,-0.5502645502645503,-0.4242424242424243,-0.7142857142857144,0.8499999999999951,0.35714285714285715,-0.2682926829268293,-0.38665132336020924,-0.7894736842105261,-0.7536231884057977,-0.5333333333333327,0
1006,-0.5238095238095242,-0.6772486772486775,0.18181818181818182,-0.5714285714285715,-0.6499999999999998,-0.7142857142857143,-0.7317073170731707,-1.841196777905622,0.26315789473684126,-0.4057971014492754,1.7333333333333343,1
73,-0.09523809523809534,0.7195767195767194,-0.12121212121212126,-0.4285714285714288,0.20000000000000015,0.2857142857142857,1.3658536585365855,-0.32220943613349917,0.0,-0.8115942028985514,-0.4666666666666662,0
1384,0.04761904761904746,0.3386243386243385,-0.12121212121212126,-0.14285714285714296,0.0,0.7857142857142857,1.6341463414634145,-0.30840046029921875,-0.05263157894736965,-0.7536231884057977,-0.1999999999999993,0
882,-0.1428571428571432,0.8253968253968254,-0.787878787878788,-0.14285714285714296,-0.5999999999999998,1.1428571428571428,-0.07317073170731707,-0.6766398158803023,0.894736842105263,0.17391304347826114,0.8000000000000007,1
811,-0.28571428571428603,-0.12698412698412712,-0.4848484848484849,0.5714285714285712,-0.5999999999999998,-0.7142857142857143,-0.5853658536585366,-0.5431530494821901,-0.05263157894736965,-0.8695652173913051,0.20000000000000048,0
46,-1.571428571428572,0.0,-0.3333333333333334,-0.14285714285714296,-1.2999999999999998,-0.42857142857142855,0.6585365853658537,-1.5650172612198094,3.105263157894737,-0.3478260869565217,1.9333333333333336,0
1345,1.7142857142857144,-0.4232804232804235,0.6666666666666666,0.5714285714285712,-0.1500000000000001,-0.42857142857142855,-0.43902439024390244,0.7917146144993908,-1.1578947368421066,-0.5217391304347828,0.5333333333333338,0
524,0.666666666666667,-0.507936507936508,0.696969696969697,0.4285714285714282,0.25000000000000017,1.7142857142857142,2.5365853658536586,0.4602991944764055,-0.47368421052631515,-0.4057971014492754,-0.5333333333333327,0
990,0.8571428571428568,-0.9523809523809527,0.4242424242424243,-1.0,-0.35000000000000026,0.0,-0.4146341463414634,-0.570771001150751,-0.894736842105263,-0.6376811594202902,0.4666666666666674,1
894,-0.3333333333333335,0.5925925925925928,-0.6969696969696971,0.14285714285714232,-0.10000000000000007,0.14285714285714285,1.170731707317073,0.28998849252014414,1.1578947368421042,-0.28985507246376857,-0.3333333333333333,0
985,2.0476190476190474,-0.2962962962962964,0.696969696969697,-1.142857142857143,-0.25000000000000017,-0.7857142857142857,-0.7804878048780488,0.04602991944763544,-0.9473684210526326,0.057971014492753714,0.13333333333333405,0
900,0.1904761904761907,2.1164021164021167,-0.7272727272727274,1.7142857142857135,0.20000000000000015,-0.5714285714285714,-0.6585365853658537,0.9758342922899838,0.894736842105263,-0.7536231884057977,0.5333333333333338,0
534,1.1428571428571432,-1.0582010582010584,-0.06060606060606067,-0.14285714285714296,-0.4000000000000003,0.07142857142857142,-0.12195121951219512,-0.5523590333716764,-0.47368421052631515,0.23188405797101486,1.7333333333333343,1
1380,-0.1904761904761907,0.2116402116402114,-0.7272727272727274,0.5714285714285712,-0.1500000000000001,-0.21428571428571427,-0.07317073170731707,-0.5661680092060078,0.26315789473684126,0.0,0.40000000000000097,1
604,2.5238095238095237,-0.253968253968254,0.787878787878788,0.0,-0.4500000000000003,-0.14285714285714285,-0.07317073170731707,1.7491369390103,-1.105263157894737,-0.3478260869565217,-0.7999999999999995,1
466,1.0,-0.9735449735449738,0.4242424242424243,0.9999999999999993,0.8999999999999999,-0.2857142857142857,-0.2926829268292683,1.7491369390103,0.894736842105263,1.6811594202898565,-0.3333333333333333,0
1360,1.7619047619047619,-0.1904761904761907,0.4242424242424243,-1.142857142857143,0.5499999999999997,-0.5714285714285714,-0.24390243902439024,0.11047180667434549,-1.2631578947368436,0.17391304347826114,-0.11111111111113321,1
880,-0.3333333333333335,0.3386243386243385,-0.6666666666666667,0.4285714285714282,-0.20000000000000015,0.2857142857142857,1.2195121951219512,0.29919447640963037,1.1578947368421042,-0.4057971014492754,-0.4666666666666662,0
1593,-0.7619047619047623,-0.042328042328042374,-0.393939393939394,0.14285714285714232,-0.20000000000000015,1.0714285714285714,0.04878048780487805,-0.4879171461450174,0.5789473684210521,0.7536231884057977,0.5333333333333338,1
61,0.4285714285714288,-0.507936507936508,0.4242424242424243,0.0,-0.05000000000000004,0.35714285714285715,0.34146341463414637,0.5523590333716764,0.6842105263157892,0.11594202898550743,-0.6666666666666666,0
1008,0.5714285714285712,-0.9312169312169315,0.24242424242424251,-0.2857142857142859,-0.7999999999999998,-0.14285714285714285,-0.3170731707317073,-0.7548906789412927,-0.2631578947368436,1.2753623188405805,1.0,1
93,0.33333333333333304,-0.12698412698412712,0.09090909090909083,-0.2857142857142859,1.4999999999999996,0.35714285714285715,2.317073170731707,0.18411967779054175,-2.0,7.884057971014498,-0.2666666666666657,0
667,0.1904761904761907,-0.12698412698412712,0.303030303030303,-0.5714285714285715,7.1,-0.5714285714285714,-0.5365853658536586,0.5523590333716764,-0.6842105263157892,-0.11594202898550743,-0.4666666666666662,1
1595,-0.8095238095238098,0.3386243386243385,-0.5454545454545455,-0.2857142857142859,0.49999999999999967,1.2857142857142858,0.14634146341463414,-0.8745684695051755,0.7368421052631587,-0.23188405797101486,0.20000000000000048,0
195,-0.1428571428571432,0.12698412698412712,-0.15151515151515157,0.0,-0.4500000000000003,-0.5,-0.24390243902439024,-0.18411967779059285,-0.15789473684210661,-0.4057971014492754,-0.3333333333333333,0
281,1.666666666666667,-1.1005291005291007,0.5454545454545455,1.9999999999999993,-0.4500000000000003,-0.5714285714285714,-0.4634146341463415,0.8285385500575401,-1.0,1.159420289855073,-0.5999999999999991,1
696,-1.333333333333334,-0.21164021164021185,-0.7272727272727274,-1.2857142857142856,-2.2999999999999994,0.2857142857142857,0.14634146341463414,-2.1634062140391213,3.105263157894737,0.0,1.7333333333333343,1
360,2.238095238095238,-0.5925925925925928,1.2121212121212124,0.5714285714285712,0.3999999999999996,-0.2857142857142857,0.07317073170731707,1.9332566168008418,-0.7368421052631587,0.3478260869565223,-0.2666666666666657,1
520,-0.28571428571428603,-0.6560846560846563,0.696969696969697,0.4285714285714282,0.3999999999999996,1.7857142857142858,1.6585365853658536,-0.09205983889527088,0.26315789473684126,0.9275362318840589,0.5333333333333338,0
932,-0.23809523809523814,0.3809523809523809,-0.7575757575757577,-0.2857142857142859,-0.3000000000000002,-0.07142857142857142,0.0,0.31300345224396187,0.894736842105263,0.17391304347826114,-0.2666666666666657,0
868,-0.4761904761904763,-0.042328042328042374,-0.09090909090909091,-0.2857142857142859,-0.4000000000000003,-0.07142857142857142,-0.3902439024390244,-1.11392405063289,0.47368421052631515,1.2753623188405805,0.6666666666666666,1
183,-0.3333333333333335,0.8888888888888888,-0.7272727272727274,0.4285714285714282,-0.20000000000000015,0.14285714285714285,0.0975609756097561,0.18411967779054175,0.6842105263157892,-0.5797101449275365,-0.5999999999999991,0
1089,1.7619047619047619,-0.46560846560846586,0.8484848484848486,-1.0,0.7499999999999998,0.5714285714285714,0.07317073170731707,0.2531645569619949,-1.5263157894736847,0.8115942028985514,-0.1999999999999993,1
1098,0.33333333333333304,0.0,0.36363636363636365,-1.0,0.7999999999999998,-0.6428571428571429,-0.4878048780487805,-0.06444188722671006,-0.5789473684210521,-0.5797101449275365,-0.5333333333333327,0
111,-0.04761904761904788,0.1693121693121695,-0.21212121212121215,-0.5714285714285715,1.1999999999999995,-0.14285714285714285,0.21951219512195122,-0.18411967779059285,-0.6315789473684218,1.7971014492753639,-0.4666666666666662,0
944,0.9047619047619051,-0.08465608465608475,0.24242424242424251,0.14285714285714232,0.6999999999999998,-0.2857142857142857,0.17073170731707318,0.8469505178365636,-0.3684210526315782,-0.11594202898550743,-0.3333333333333333,1
43,-0.1904761904761907,-0.12698412698412712,-0.18181818181818182,0.5714285714285712,12.599999999999998,-0.42857142857142855,-0.5853658536585366,0.0,-0.5263157894736848,1.6231884057971029,0.20000000000000048,1
747,0.14285714285714238,-0.761904761904762,0.36363636363636365,0.4285714285714282,0.0,-0.14285714285714285,0.4634146341463415,0.4602991944764055,-0.05263157894736965,-0.8695652173913051,-0.7999999999999995,1
126,0.5238095238095237,0.42328042328042326,-0.6666666666666667,-0.4285714285714288,3.299999999999999,0.9285714285714286,1.2682926829268293,0.7364787111622181,-0.7894736842105261,0.4637681159420291,-0.5333333333333327,0
205,-0.4285714285714288,-0.3809523809523811,0.303030303030303,-0.8571428571428571,0.4499999999999996,0.0,-0.024390243902439025,-0.29919447640968144,0.15789473684210428,-0.3478260869565217,-0.6666666666666666,1
931,-0.6190476190476195,0.3809523809523809,-0.7575757575757577,-0.4285714285714288,0.0,-0.42857142857142855,-0.3170731707317073,0.30379746835442456,2.0,0.6376811594202902,0.20000000000000048,0
1274,-0.1904761904761907,0.2539682539682538,-0.18181818181818182,-0.2857142857142859,-0.35000000000000026,1.4285714285714286,0.14634146341463414,-0.8561565017261009,-1.105263157894737,-1.1014492753623197,-0.5999999999999991,0
546,0.5714285714285712,-0.21164021164021185,0.696969696969697,0.5714285714285712,0.6999999999999998,1.7142857142857142,1.6585365853658536,0.6444188722669473,-1.210526315789474,-0.17391304347826114,-0.7333333333333331,0
69,0.666666666666667,-0.8465608465608467,0.9393939393939393,-0.2857142857142859,-0.3000000000000002,0.9285714285714286,0.6585365853658537,0.04602991944763544,-0.15789473684210661,0.9855072463768125,0.3333333333333333,0
1019,0.04761904761904746,-1.4391534391534395,0.3333333333333333,-1.857142857142857,-1.5499999999999996,1.5714285714285714,1.7317073170731707,-3.0978135788262127,-2.210526315789474,-1.0434782608695659,1.6666666666666667,1
1458,-0.1428571428571432,-0.12698412698412712,0.21212121212121215,-0.4285714285714288,-0.3000000000000002,0.9285714285714286,1.146341463414634,0.1196777905638317,0.5263157894736848,-0.23188405797101486,-0.7999999999999995,0
975,0.4285714285714288,-0.8042328042328044,0.4545454545454545,5.285714285714285,-0.35000000000000026,-0.5,-0.6097560975609756,-0.10126582278480818,-0.05263157894736965,0.0,1.2666666666666668,1
1069,1.5238095238095237,-0.8888888888888892,0.8181818181818183,0.0,-1.0,-0.7857142857142857,-0.6829268292682927,-0.49712313003450365,-1.5263157894736847,1.2173913043478268,0.4666666666666674,1
138,-0.3333333333333335,-0.4444444444444447,0.303030303030303,-0.2857142857142859,0.05000000000000004,-0.07142857142857142,0.17073170731707318,0.18411967779054175,0.894736842105263,0.11594202898550743,-0.6666666666666666,0
797,0.3809523809523805,-0.253968253968254,0.1515151515151515,0.4285714285714282,2.2999999999999994,0.7142857142857143,0.6341463414634146,0.30379746835442456,-1.105263157894737,0.6956521739130439,-0.39999999999999974,0
133,-1.0952380952380958,-0.08465608465608475,-0.5151515151515152,0.14285714285714232,-1.5499999999999996,0.21428571428571427,1.4878048780487805,-1.426927502876852,1.6842105263157892,0.057971014492753714,1.8666666666666671,0
81,-0.8095238095238098,-0.2962962962962964,-0.18181818181818182,-0.8571428571428571,-0.5499999999999997,-0.7857142857142857,-0.5609756097560976,-0.4602991944764055,0.5263157894736848,-0.3478260869565217,-0.6666666666666666,0
1290,-0.4285714285714288,0.3386243386243385,0.12121212121212116,3.2857142857142847,-0.5999999999999998,0.42857142857142855,1.7560975609756098,1.0771001150747919,-0.05263157894736965,3.188405797101451,0.0,0
106,0.09523809523809491,0.23280423280423257,-0.12121212121212126,-0.14285714285714296,-0.1500000000000001,-0.14285714285714285,0.6585365853658537,-0.04602991944763544,-0.10526315789473696,-0.6376811594202902,-0.6666666666666666,0
1237,-0.04761904761904788,0.12698412698412712,-0.787878787878788,-0.7142857142857144,-0.49999999999999967,-0.5,-0.5121951219512195,-0.09666283084006508,-0.2631578947368436,0.11594202898550743,-0.5333333333333327,1
542,0.7619047619047619,-0.253968253968254,0.696969696969697,5.857142857142855,-0.7999999999999998,-0.6428571428571429,-0.5121951219512195,0.920598388952811,-0.5263157894736848,0.6376811594202902,0.5333333333333338,1
833,1.1904761904761907,-0.33862433862433877,0.4848484848484848,-1.0,3.2499999999999987,1.4285714285714286,0.24390243902439024,0.69965477560412,0.3684210526315782,1.3913043478260878,-0.1999999999999993,0
481,1.2857142857142856,-1.015873015873016,0.393939393939394,18.999999999999996,-0.5499999999999997,-0.5714285714285714,-0.36585365853658536,2.669735327963111,-1.0,0.23188405797101486,-0.6666666666666666,0
166,-0.04761904761904788,0.46560846560846564,0.6666666666666666,-0.7142857142857144,1.0,0.0,1.4146341463414633,-0.32220943613349917,-0.6315789473684218,0.0,-0.4666666666666662,0
249,-0.09523809523809534,0.042328042328042374,-0.6060606060606062,-0.7142857142857144,-0.3000000000000002,-0.35714285714285715,0.024390243902439025,-0.29919447640968144,0.21052631578947392,-0.8115942028985514,-0.2666666666666657,1
308,1.1428571428571432,-0.46560846560846586,0.4848484848484848,0.28571428571428525,6.6499999999999995,-0.5714285714285714,-0.5853658536585366,1.1967779056386236,-0.6315789473684218,0.0,-0.4666666666666662,1
447,2.1904761904761907,-0.5925925925925928,1.0303030303030303,0.5714285714285712,0.05000000000000004,1.2142857142857142,0.8292682926829268,1.2888377445339456,-1.105263157894737,0.6376811594202902,0.20000000000000048,0
843,1.2857142857142856,-0.08465608465608475,0.5757575757575758,0.5714285714285712,1.9499999999999993,1.4285714285714286,0.7317073170731707,0.12888377445336902,-0.42105263157894784,0.5797101449275365,0.4666666666666674,1
335,0.0,0.5502645502645503,-0.7575757575757577,0.4285714285714282,-0.10000000000000007,0.21428571428571427,0.0,-0.2301495972382283,0.15789473684210428,0.6956521739130439,1.0,1
1254,0.0,0.5925925925925928,-0.787878787878788,-1.142857142857143,0.7999999999999998,-0.5714285714285714,-0.6097560975609756,-0.5109321058688351,0.6315789473684218,-0.23188405797101486,-0.4666666666666662,0
859,1.8095238095238093,-1.015873015873016,0.6363636363636364,-0.7142857142857144,-1.2999999999999998,0.21428571428571427,-0.14634146341463414,0.027617951668560823,-0.8421052631578957,0.28985507246376857,0.2666666666666669,1
1577,0.04761904761904746,-0.9312169312169315,1.1212121212121213,-0.8571428571428571,0.05000000000000004,0.14285714285714285,-0.21951219512195122,-0.42347525891830734,-0.05263157894736965,0.9275362318840589,0.40000000000000097,1
738,0.14285714285714238,0.2962962962962961,-0.787878787878788,0.4285714285714282,0.6499999999999998,0.35714285714285715,0.4878048780487805,1.5650172612197581,1.0,0.17391304347826114,-0.5999999999999991,1
999,0.4761904761904763,1.3544973544973544,0.24242424242424251,-1.142857142857143,-1.4999999999999996,-0.7142857142857143,-0.6829268292682927,-0.5799769850402883,-1.0,-0.8115942028985514,-0.7333333333333331,1
422,-0.6190476190476195,1.3544973544973544,-0.6969696969696971,0.14285714285714232,-1.05,1.2857142857142858,0.24390243902439024,-0.7364787111622693,1.105263157894737,-0.3478260869565217,1.400000000000001,1
103,0.09523809523809491,0.10582010582010593,-0.24242424242424251,-0.4285714285714288,0.0,-0.07142857142857142,-0.07317073170731707,0.18411967779054175,-0.05263157894736965,-0.17391304347826114,-0.7999999999999995,1
435,1.1904761904761907,-0.46560846560846586,0.878787878787879,1.4285714285714282,-0.20000000000000015,0.5714285714285714,0.3902439024390244,1.2888377445339456,-0.8421052631578957,1.565217391304349,-0.1999999999999993,1
75,0.8571428571428568,-0.8465608465608467,0.8484848484848486,0.4285714285714282,0.6999999999999998,1.0,1.0975609756097562,0.7364787111622181,-0.15789473684210661,1.159420289855073,-0.39999999999999974,0
1441,-0.3333333333333335,-0.6349206349206351,0.18181818181818182,-0.2857142857142859,-0.8999999999999999,0.07142857142857142,-0.24390243902439024,-0.9666283084004464,-0.42105263157894784,0.6376811594202902,0.7333333333333343,1
998,-1.0952380952380958,0.5925925925925928,-0.787878787878788,0.0,0.34999999999999953,-0.7857142857142857,-0.6585365853658537,-1.3901035673187538,2.105263157894737,0.057971014492753714,1.7333333333333343,1
1451,-0.3333333333333335,-0.6349206349206351,0.18181818181818182,-0.2857142857142859,-0.8999999999999999,0.07142857142857142,-0.24390243902439024,-0.9666283084004464,-0.42105263157894784,0.6376811594202902,0.7333333333333343,1
303,0.1904761904761907,0.7830687830687829,-0.4242424242424243,0.5714285714285712,0.5999999999999998,-0.14285714285714285,-0.24390243902439024,1.1967779056386236,1.0526315789473673,0.5797101449275365,-0.13333333333333286,0
1377,0.14285714285714238,1.544973544973545,-0.18181818181818182,-1.142857142857143,0.2999999999999995,-0.5,-0.17073170731707318,-1.0126582278480818,-1.0526315789473697,-0.9275362318840585,-0.13333333333333286,0
1344,-0.1904761904761907,-0.042328042328042374,-0.7272727272727274,-0.7142857142857144,0.20000000000000015,-0.07142857142857142,-0.17073170731707318,-0.6536248561564846,0.26315789473684126,-0.4637681159420291,0.20000000000000048,1
1305,-0.1428571428571432,1.142857142857143,-0.15151515151515157,0.14285714285714232,0.34999999999999953,0.5,0.7317073170731707,-0.5983889528193118,-1.0,-1.0434782608695659,-0.6666666666666666,0
825,-0.3809523809523814,-0.1693121693121695,0.06060606060606067,0.8571428571428564,-0.5999999999999998,-0.5714285714285714,-0.5365853658536586,0.00920598388953731,-0.3684210526315782,-0.5217391304347828,0.06666666666666761,0
763,0.4285714285714288,0.7619047619047618,-0.787878787878788,-0.7142857142857144,-0.5499999999999997,-0.42857142857142855,-0.4634146341463415,0.09666283084001398,0.0,-0.5217391304347828,-0.13333333333333286,1
734,-0.4285714285714288,-0.2962962962962964,0.24242424242424251,0.7142857142857141,0.09999999999999522,0.14285714285714285,0.8292682926829268,0.5523590333716764,1.2631578947368411,-0.11594202898550743,-0.4666666666666662,0
389,-0.04761904761904788,-0.253968253968254,0.0,-0.4285714285714288,0.3999999999999996,0.6428571428571429,0.36585365853658536,0.5983889528193118,0.6315789473684218,0.6956521739130439,-0.6666666666666666,1
236,-0.3333333333333335,0.46560846560846564,-0.787878787878788,-0.4285714285714288,0.8499999999999951,0.0,0.0,-0.02301495972381772,0.3157894736842109,-0.23188405797101486,-0.7999999999999995,1
1325,-0.5714285714285716,-0.253968253968254,-0.06060606060606067,-0.7142857142857144,-0.1500000000000001,0.2857142857142857,-0.0975609756097561,-0.920598388952811,0.42105263157894784,-0.11594202898550743,0.2666666666666669,1
306,1.1428571428571432,0.042328042328042374,0.6666666666666666,0.4285714285714282,-0.8499999999999999,-0.5714285714285714,-0.3170731707317073,1.3808975834292165,-1.0,-0.17391304347826114,-0.5999999999999991,1
1449,-0.4761904761904763,0.2539682539682538,-0.7575757575757577,-0.4285714285714288,0.0,1.8571428571428572,0.3902439024390244,0.013808975834280411,0.47368421052631515,0.6376811594202902,-0.3333333333333333,0
118,-0.04761904761904788,0.1693121693121695,-0.4242424242424243,-0.2857142857142859,0.09999999999999522,-0.5,-0.24390243902439024,0.09205983889527088,0.3157894736842109,-0.6956521739130439,-0.5333333333333327,1
1289,-0.4285714285714288,0.3386243386243385,0.12121212121212116,3.2857142857142847,-0.5999999999999998,0.42857142857142855,1.7560975609756098,1.0771001150747919,-0.05263157894736965,3.188405797101451,0.0,0
250,-0.28571428571428603,0.5925925925925928,-0.787878787878788,-0.2857142857142859,0.20000000000000015,-0.5714285714285714,-0.36585365853658536,0.6904487917145827,1.5789473684210522,1.9710144927536244,-0.1999999999999993,1
1303,0.5714285714285712,-0.6349206349206351,0.18181818181818182,-0.14285714285714296,-0.7999999999999998,-0.7142857142857143,-0.5609756097560976,-0.4787111622554801,-0.05263157894736965,1.0434782608695663,0.6666666666666666,1
1143,-0.4761904761904763,-0.2962962962962964,-0.45454545454545464,0.28571428571428525,-1.8499999999999999,-0.5714285714285714,-0.6341463414634146,-1.5005753739930994,-0.05263157894736965,0.17391304347826114,0.8000000000000007,1
95,-1.3809523809523814,2.1164021164021167,-0.6666666666666667,-1.142857142857143,-1.7499999999999998,1.9285714285714286,1.146341463414634,-1.3808975834292165,2.315789473684211,-0.8115942028985514,0.20000000000000048,0
34,-0.4761904761904763,0.3597883597883597,-0.4242424242424243,12.14285714285714,-0.35000000000000026,1.8571428571428572,1.0975609756097562,1.1507479861909882,0.7368421052631587,-0.5797101449275365,-0.5333333333333327,1
800,0.7142857142857144,-0.08465608465608475,0.24242424242424251,1.9999999999999993,0.09999999999999522,-0.6428571428571429,-0.5853658536585366,0.8745684695051755,-0.10526315789473696,-0.5797101449275365,0.3333333333333333,1
1221,1.4285714285714288,-0.8465608465608467,0.787878787878788,-0.5714285714285715,2.5999999999999996,0.21428571428571427,0.14634146341463414,0.24856156501725182,-0.15789473684210661,0.8695652173913051,0.8666666666666671,1
449,0.33333333333333304,0.042328042328042374,-0.12121212121212126,-0.2857142857142859,1.0,-0.5,-0.2682926829268293,-0.04602991944763544,-0.5789473684210521,-0.3478260869565217,0.0,1
446,0.7619047619047619,0.9100529100529101,-0.4848484848484849,-0.14285714285714296,-0.05000000000000004,-0.5714285714285714,-0.17073170731707318,0.8285385500575401,-0.42105263157894784,-0.3478260869565217,-0.06666666666666643,1
772,0.7142857142857144,0.6984126984126987,0.0,0.28571428571428525,0.09999999999999522,0.6428571428571429,2.5609756097560976,0.4602991944764055,-0.15789473684210661,-0.4057971014492754,-0.5333333333333327,0
717,0.04761904761904746,-0.3809523809523811,0.303030303030303,0.14285714285714232,-0.25000000000000017,-0.2857142857142857,0.24390243902439024,0.36823935558113463,0.15789473684210428,-0.9275362318840585,-0.5333333333333327,0
1277,0.2857142857142856,-0.507936507936508,0.4242424242424243,5.857142857142855,-1.4999999999999996,-0.7857142857142857,-0.6829268292682927,-0.5247410817031155,-0.15789473684210661,-0.3478260869565217,1.2000000000000004,0
1,-0.23809523809523814,0.7619047619047618,-0.787878787878788,-0.4285714285714288,-0.20000000000000015,-0.21428571428571427,-0.0975609756097561,0.4602991944764055,1.0526315789473673,-0.3478260869565217,-0.5333333333333327,0
1313,0.04761904761904746,2.793650793650794,-0.15151515151515157,-0.4285714285714288,0.1500000000000001,0.0,0.07317073170731707,-0.6812428078250965,0.15789473684210428,-0.8695652173913051,0.20000000000000048,0
78,-0.5238095238095242,1.1216931216931219,-0.787878787878788,0.28571428571428525,1.1999999999999995,0.0,-0.1951219512195122,-0.09205983889527088,1.105263157894737,-0.4057971014492754,0.3333333333333333,1
85,-0.7619047619047623,-0.9312169312169315,0.6666666666666666,-0.5714285714285715,-0.5499999999999997,0.2857142857142857,0.5609756097560976,-0.41426927502877003,0.6842105263157892,0.9275362318840589,0.06666666666666761,1
950,0.4761904761904763,-1.6931216931216935,0.5757575757575758,-0.5714285714285715,-0.25000000000000017,-0.2857142857142857,-0.4146341463414634,-0.5891829689298256,0.5263157894736848,0.8115942028985514,1.133333333333334,1
83,-0.23809523809523814,-0.08465608465608475,0.6363636363636364,-0.2857142857142859,0.2999999999999995,0.5,0.8536585365853658,0.09205983889527088,0.26315789473684126,-0.28985507246376857,-0.7333333333333331,0
458,0.6190476190476186,0.46560846560846564,-0.15151515151515157,0.7142857142857141,0.8499999999999951,1.0714285714285714,0.6585365853658537,0.920598388952811,-0.15789473684210661,-0.23188405797101486,-0.39999999999999974,0
1035,0.4761904761904763,0.9523809523809524,-0.24242424242424251,0.4285714285714282,-0.1500000000000001,0.07142857142857142,0.24390243902439024,0.2715765247410695,-0.5789473684210521,-0.8695652173913051,-0.3333333333333333,1
677,1.3809523809523814,-0.507936507936508,0.4545454545454545,0.0,0.20000000000000015,-0.5,-0.5121951219512195,0.7364787111622181,-1.210526315789474,0.28985507246376857,-0.5999999999999991,1
437,0.04761904761904746,0.6349206349206351,0.12121212121212116,-0.2857142857142859,-1.0,1.7142857142857142,0.5853658536585366,-0.4602991944764055,-0.2631578947368436,-0.3478260869565217,0.0,1
771,-0.3809523809523814,0.2962962962962961,-0.7272727272727274,0.14285714285714232,0.09999999999999522,0.7142857142857143,1.3658536585365855,0.29459148446488725,1.2631578947368411,-0.5217391304347828,-0.3333333333333333,1
870,-0.1428571428571432,0.46560846560846564,-0.6969696969696971,-0.2857142857142859,0.0,0.9285714285714286,0.12195121951219512,-0.4695051783659428,0.6842105263157892,0.11594202898550743,0.4666666666666674,1
645,0.9523809523809526,0.08465608465608475,0.5757575757575758,0.14285714285714232,-0.4500000000000003,0.14285714285714285,0.04878048780487805,1.0586881472957173,0.42105263157894784,0.0,-0.5333333333333327,0
863,-0.1904761904761907,-0.4232804232804235,0.18181818181818182,0.7142857142857141,-0.6499999999999998,-0.5,-0.3170731707317073,-0.2393555811277145,-0.3684210526315782,-1.0434782608695659,0.13333333333333405,0
1030,-0.09523809523809534,0.2539682539682538,-0.7575757575757577,-0.5714285714285715,0.3999999999999996,-0.14285714285714285,-0.4878048780487805,-0.5155350978135782,0.052631578947367315,-0.3478260869565217,0.20000000000000048,1
1269,-0.4761904761904763,-0.46560846560846586,0.1515151515151515,-0.2857142857142859,-0.05000000000000004,0.5,0.3170731707317073,-0.055235903337172744,0.8421052631578957,-0.4057971014492754,-0.4666666666666662,1
405,-0.09523809523809534,0.7195767195767194,-0.6363636363636365,0.7142857142857141,-0.25000000000000017,0.07142857142857142,-0.2682926829268293,0.27617951668581264,-0.2631578947368436,-0.057971014492753714,-0.7333333333333331,0
1387,-0.23809523809523814,0.507936507936508,-0.5757575757575758,-0.5714285714285715,1.0,-0.42857142857142855,-0.36585365853658536,-0.32220943613349917,-0.05263157894736965,-0.23188405797101486,-0.39999999999999974,0
1041,-0.23809523809523814,1.8835978835978837,-0.787878787878788,0.0,0.3999999999999996,0.14285714285714285,-0.14634146341463414,0.34982738780206,1.4210526315789478,0.28985507246376857,0.0,0
1554,-0.28571428571428603,0.9100529100529101,-0.787878787878788,0.0,0.0,0.2857142857142857,-0.24390243902439024,0.39125431530495236,0.5263157894736848,-0.11594202898550743,-0.5333333333333327,0
105,-0.3333333333333335,-0.12698412698412712,-0.06060606060606067,0.0,-0.49999999999999967,-0.6428571428571429,-0.04878048780487805,-0.36823935558113463,0.10526315789473696,-0.8115942028985514,-0.5333333333333327,0
610,-0.7619047619047623,-0.6772486772486775,-0.21212121212121215,1.4285714285714282,-0.25000000000000017,0.07142857142857142,0.024390243902439025,-0.5523590333716764,1.3157894736842108,-0.5797101449275365,1.6666666666666667,1
1047,-0.1428571428571432,1.1005291005291007,-0.787878787878788,-0.7142857142857144,-0.20000000000000015,1.3571428571428572,0.17073170731707318,-0.31300345224396187,0.0,0.0,0.3333333333333333,1
689,-0.09523809523809534,0.5925925925925928,-0.6666666666666667,-0.8571428571428571,-2.05,-0.7142857142857143,-0.7073170731707317,-0.2761795166858637,0.47368421052631515,-0.8695652173913051,-0.5333333333333327,0
1294,-0.1904761904761907,0.9947089947089949,-0.787878787878788,-0.4285714285714288,0.20000000000000015,-0.5714285714285714,-0.6341463414634146,-0.03682393555809813,0.15789473684210428,-0.7536231884057977,-0.3333333333333333,0
827,-0.1904761904761907,-1.0582010582010584,0.24242424242424251,0.14285714285714232,-1.4999999999999996,-0.7142857142857143,-0.7317073170731707,-0.7825086306099047,0.47368421052631515,0.11594202898550743,0.5333333333333338,1
1217,0.0,0.2116402116402114,0.1515151515151515,-0.2857142857142859,-0.05000000000000004,-0.2857142857142857,1.0,-0.013808975834280411,-0.10526315789473696,0.4057971014492754,-0.4666666666666662,1
1132,-0.9523809523809526,-1.3968253968253972,-0.15151515151515157,-0.7142857142857144,-1.7499999999999998,3.0714285714285716,2.3658536585365852,-1.5604142692750151,0.052631578947367315,-1.0434782608695659,-0.4666666666666662,0
63,-0.1904761904761907,0.0,-0.3030303030303031,-0.4285714285714288,0.25000000000000017,-0.14285714285714285,-0.07317073170731707,0.0,0.3684210526315782,0.0,-0.4666666666666662,1
282,-0.09523809523809534,-1.0582010582010584,1.272727272727273,1.8571428571428563,13.899999999999995,-0.6428571428571429,-0.6829268292682927,0.18411967779054175,-0.3157894736842109,2.666666666666669,-0.1999999999999993,1
853,0.04761904761904746,-0.4232804232804235,0.18181818181818182,0.4285714285714282,0.0,0.8571428571428571,2.048780487804878,0.5569620253164195,-0.47368421052631515,2.6086956521739153,-0.3333333333333333,0
779,0.1904761904761907,-0.3809523809523811,0.12121212121212116,1.7142857142857135,-0.05000000000000004,-0.5,-0.0975609756097561,0.49712313003450365,0.26315789473684126,-0.057971014492753714,0.20000000000000048,0
1590,-0.6190476190476195,0.8677248677248677,-0.18181818181818182,7.999999999999997,-0.35000000000000026,1.0714285714285714,1.0,0.41426927502877003,-0.10526315789473696,-0.4637681159420291,-0.6666666666666666,0
239,-0.3333333333333335,0.46560846560846564,-0.787878787878788,-0.4285714285714288,0.8499999999999951,0.0,0.0,-0.02301495972381772,0.3157894736842109,-0.23188405797101486,-0.7999999999999995,1
224,0.33333333333333304,0.5291005291005292,-0.030303030303030335,-0.2857142857142859,0.1500000000000001,-0.42857142857142855,-0.24390243902439024,0.6214039125431295,-0.15789473684210661,-0.11594202898550743,-0.13333333333333286,1
146,0.09523809523809491,0.6349206349206351,0.878787878787879,-0.5714285714285715,1.8499999999999943,1.2857142857142858,2.5121951219512195,0.0,-0.7368421052631587,0.0,-0.5333333333333327,0
1490,-0.8095238095238098,0.2116402116402114,-0.4848484848484849,-0.14285714285714296,-1.5999999999999996,-0.7142857142857143,-0.6585365853658537,-1.0678941311852546,0.6842105263157892,0.8115942028985514,0.40000000000000097,1
374,-0.23809523809523814,0.12698412698412712,-0.12121212121212126,0.0,1.2999999999999996,-0.14285714285714285,0.8292682926829268,-0.41426927502877003,-1.3684210526315805,0.057971014492753714,-0.6666666666666666,0
1416,-0.8095238095238098,0.2539682539682538,-0.787878787878788,-0.8571428571428571,-0.7499999999999998,-0.42857142857142855,-0.4878048780487805,-0.09205983889527088,1.3157894736842108,1.2753623188405805,-0.5333333333333327,0
119,0.4285714285714288,0.12698412698412712,-0.6666666666666667,0.0,1.9499999999999993,0.0,0.43902439024390244,-0.2761795166858637,-0.5263157894736848,-0.11594202898550743,0.4666666666666674,1
1198,-0.09523809523809534,0.2116402116402114,-0.15151515151515157,-1.0,-0.5499999999999997,-0.7142857142857143,-0.7073170731707317,-1.021864211737619,-0.7894736842105261,-0.4637681159420291,-0.2666666666666657,1
251,1.3809523809523814,-0.8465608465608467,0.5454545454545455,-0.8571428571428571,-0.8499999999999999,0.14285714285714285,-0.024390243902439025,0.7825086306099047,-0.47368421052631515,0.9275362318840589,-0.13333333333333286,1
1540,-0.3333333333333335,-0.5502645502645503,0.18181818181818182,-0.5714285714285715,-0.7499999999999998,1.4285714285714286,0.5365853658536586,0.15650172612198093,0.7894736842105261,0.9275362318840589,-0.1999999999999993,0
1286,1.6190476190476195,-0.6349206349206351,0.7272727272727273,-0.5714285714285715,0.49999999999999967,0.42857142857142855,0.21951219512195122,0.24856156501725182,-0.8421052631578957,-0.28985507246376857,0.20000000000000048,0
10,-0.1904761904761907,-0.08465608465608475,0.303030303030303,5.571428571428569,-0.4500000000000003,0.21428571428571427,1.5609756097560976,0.4602991944764055,0.21052631578947392,1.0434782608695663,0.20000000000000048,0
450,1.904761904761905,-0.5502645502645503,1.303030303030303,0.8571428571428564,0.7499999999999998,0.21428571428571427,-0.07317073170731707,1.1967779056386236,-1.105263157894737,-0.057971014492753714,0.40000000000000097,1
1235,-0.3809523809523814,0.9735449735449736,-0.7575757575757577,0.0,-1.05,-0.21428571428571427,-0.4878048780487805,-2.0161104718066776,0.42105263157894784,-1.2753623188405805,1.7333333333333343,1
1005,0.14285714285714238,-0.3809523809523811,0.09090909090909083,-0.8571428571428571,0.05000000000000004,0.9285714285714286,0.17073170731707318,-0.3544303797468542,-0.3157894736842109,-0.4637681159420291,0.06666666666666761,0
709,-0.04761904761904788,0.10582010582010593,-0.4242424242424243,0.4285714285714282,-0.5999999999999998,-0.21428571428571427,-0.07317073170731707,-0.36823935558113463,0.15789473684210428,-0.057971014492753714,0.9333333333333336,1
256,0.04761904761904746,0.2116402116402114,-0.09090909090909091,1.4285714285714282,-0.35000000000000026,0.21428571428571427,1.975609756097561,-0.02301495972381772,-0.2631578947368436,-0.28985507246376857,-0.5999999999999991,0
883,0.23809523809523814,-0.8888888888888892,0.09090909090909083,1.2857142857142854,5.699999999999994,0.0,-0.2926829268292683,-0.6628308400460219,-0.47368421052631515,0.9275362318840589,1.2000000000000004,1
594,0.9523809523809526,-0.12698412698412712,0.9696969696969696,1.8571428571428563,0.6999999999999998,-0.35714285714285715,0.12195121951219512,1.657077100115029,-0.10526315789473696,-0.23188405797101486,-0.7999999999999995,0
390,0.8095238095238093,-0.5925925925925928,0.1515151515151515,0.4285714285714282,0.7999999999999998,0.14285714285714285,0.2682926829268293,0.6444188722669473,-0.6315789473684218,0.4637681159420291,-0.13333333333333286,1
1256,-0.8571428571428577,0.507936507936508,-0.7272727272727274,0.28571428571428525,-0.5499999999999997,0.8571428571428571,0.1951219512195122,-1.4821634062140248,0.8421052631578957,-0.9855072463768122,0.5333333333333338,0
1278,-0.4285714285714288,0.7195767195767194,-0.787878787878788,-0.4285714285714288,1.6999999999999997,-0.7857142857142857,-0.6829268292682927,-0.20253164556961636,0.21052631578947392,-0.11594202898550743,-0.3333333333333333,1
909,-0.23809523809523814,0.0,-0.393939393939394,0.28571428571428525,-0.10000000000000007,1.4285714285714286,0.5609756097560976,-0.69965477560412,0.6315789473684218,-0.17391304347826114,0.40000000000000097,1
925,0.33333333333333304,-0.21164021164021185,0.030303030303030335,0.14285714285714232,-1.2499999999999998,0.0,-0.24390243902439024,-0.7548906789412927,-0.6842105263157892,1.0434782608695663,0.6666666666666666,0
1371,0.3809523809523805,1.1005291005291007,0.7575757575757577,-0.7142857142857144,16.749999999999996,-0.14285714285714285,0.6829268292682927,-0.26237054085158334,-1.6315789473684217,3.188405797101451,-0.6666666666666666,0
1122,-0.6190476190476195,-0.08465608465608475,-0.787878787878788,-0.5714285714285715,-0.8999999999999999,0.5,-0.24390243902439024,-1.5097813578826367,0.6842105263157892,-0.4057971014492754,1.400000000000001,1
461,0.6190476190476186,-0.3809523809523811,0.787878787878788,0.14285714285714232,0.1500000000000001,0.0,-0.36585365853658536,0.36823935558113463,0.21052631578947392,-0.057971014492753714,0.7333333333333343,1
724,-0.3809523809523814,-0.8888888888888892,0.12121212121212116,0.0,-1.3499999999999999,1.5714285714285714,2.1707317073170733,-0.13808975834290632,-1.9473684210526327,5.797101449275367,-0.4666666666666662,0
1334,0.5714285714285712,1.0793650793650795,-0.12121212121212126,0.0,-0.05000000000000004,-0.14285714285714285,0.24390243902439024,0.36823935558113463,-0.6842105263157892,-0.6376811594202902,-0.39999999999999974,0
1473,-0.1428571428571432,-0.7195767195767199,1.0303030303030303,0.5714285714285712,-0.35000000000000026,0.6428571428571429,0.14634146341463414,-0.11047180667434549,0.3684210526315782,0.9855072463768125,0.6000000000000002,1
145,-1.285714285714286,-0.761904761904762,-0.787878787878788,-0.5714285714285715,-1.4999999999999996,0.9285714285714286,0.6097560975609756,-2.3935558112772983,1.9473684210526327,0.9855072463768125,2.5333333333333337,1
502,1.1904761904761907,-0.33862433862433877,1.4242424242424243,6.214285714285713,-0.3000000000000002,1.7142857142857142,0.926829268292683,1.0126582278480818,-0.7368421052631587,1.3333333333333341,1.2000000000000004,1
923,0.23809523809523814,0.42328042328042326,-0.4242424242424243,-0.5714285714285715,-0.4000000000000003,1.7142857142857142,0.1951219512195122,-0.8101265822784655,0.3684210526315782,1.565217391304349,1.0666666666666675,1
1165,0.5238095238095237,1.1216931216931219,-0.06060606060606067,-0.7142857142857144,-0.10000000000000007,-0.2857142857142857,-0.4146341463414634,0.055235903337172744,-0.10526315789473696,0.28985507246376857,-0.13333333333333286,0
740,0.5238095238095237,0.7195767195767194,-0.787878787878788,0.28571428571428525,0.3999999999999996,0.35714285714285715,0.0,1.0126582278480818,0.21052631578947392,-0.11594202898550743,-0.5999999999999991,0
1476,-1.2380952380952386,-0.21164021164021185,-0.45454545454545464,0.0,-1.5999999999999996,0.14285714285714285,1.2439024390243902,-2.2922899884924903,1.210526315789474,1.5072463768115953,2.2444444444444662,1
869,-0.5238095238095242,0.1693121693121695,-0.12121212121212126,-0.5714285714285715,-0.3000000000000002,0.07142857142857142,-0.34146341463414637,-1.11392405063289,0.47368421052631515,1.159420289855073,0.6666666666666666,1
732,0.4761904761904763,1.5026455026455028,-0.393939393939394,1.7857142857142854,0.3999999999999996,-0.7142857142857143,-0.5853658536585366,1.1967779056386236,0.6842105263157892,-0.5797101449275365,0.8666666666666671,0
178,-0.1904761904761907,0.0,0.4848484848484848,0.14285714285714232,0.34999999999999953,-0.42857142857142855,0.0,0.18411967779054175,1.4210526315789478,-0.057971014492753714,0.20000000000000048,1
1542,-0.23809523809523814,-1.142857142857143,0.09090909090909083,0.0,-1.2999999999999998,0.35714285714285715,0.2682926829268293,-0.06444188722671006,0.47368421052631515,0.8115942028985514,0.4666666666666674,1
698,-0.4285714285714288,0.5502645502645503,-0.7272727272727274,-0.14285714285714296,-0.6999999999999998,-0.42857142857142855,-0.3170731707317073,0.18411967779054175,0.8421052631578957,0.28985507246376857,-0.4666666666666662,1
1507,-0.5238095238095242,1.227513227513228,-0.6363636363636365,-0.2857142857142859,-0.49999999999999967,-0.5714285714285714,-0.5853658536585366,-0.5431530494821901,1.0526315789473673,0.23188405797101486,0.40000000000000097,1
1111,0.1904761904761907,0.042328042328042374,-0.787878787878788,-1.142857142857143,-0.49999999999999967,-0.5714285714285714,-0.5853658536585366,-0.40046029919448967,-0.3157894736842109,0.11594202898550743,-0.13333333333333286,1
1158,-1.333333333333334,-0.042328042328042374,-0.24242424242424251,-0.14285714285714296,-1.8999999999999997,0.14285714285714285,1.5365853658536586,-2.0253164556962147,0.7894736842105261,1.4492753623188417,1.8000000000000007,1
1023,-0.4285714285714288,-0.042328042328042374,-0.5151515151515152,-0.14285714285714296,-0.8999999999999999,-0.7142857142857143,-0.7073170731707317,-0.44188722669738195,0.21052631578947392,-0.4637681159420291,0.20000000000000048,0
1592,-1.1904761904761907,0.9312169312169313,-0.5151515151515152,-0.7142857142857144,0.4499999999999996,0.14285714285714285,-0.2926829268292683,-1.2796317606444083,1.894736842105263,-0.3478260869565217,0.9333333333333336,1
8,-0.28571428571428603,0.5502645502645503,-0.787878787878788,-1.4285714285714286,-0.7499999999999998,0.07142857142857142,-0.4146341463414634,-1.0126582278480818,0.42105263157894784,-0.8695652173913051,-0.13333333333333286,1
984,0.5714285714285712,-0.08465608465608475,0.12121212121212116,-0.4285714285714288,-0.7499999999999998,-0.42857142857142855,-0.5121951219512195,0.4326812428077936,0.052631578947367315,0.5217391304347828,0.20000000000000048,1
668,1.6190476190476195,-0.761904761904762,0.5757575757575758,-0.2857142857142859,0.09999999999999522,-0.5714285714285714,-0.5609756097560976,0.920598388952811,-1.9473684210526327,0.23188405797101486,-0.6666666666666666,1
1234,1.095238095238095,-1.227513227513228,0.3333333333333333,0.0,-1.1499999999999997,0.0,-0.04878048780487805,-0.30379746835442456,-0.42105263157894784,-0.7536231884057977,-0.5999999999999991,0
358,1.2380952380952381,-0.4232804232804235,1.2121212121212124,1.0714285714285712,1.7999999999999943,-0.14285714285714285,-0.21951219512195122,0.09205983889527088,-0.3684210526315782,0.7536231884057977,1.0,1
968,0.2857142857142856,0.5925925925925928,-0.18181818181818182,-0.14285714285714296,0.8499999999999951,0.6428571428571429,1.829268292682927,0.2439585730725087,-0.9473684210526326,-0.8115942028985514,-0.6666666666666666,0
784,-0.666666666666667,-0.253968253968254,-0.36363636363636365,0.28571428571428525,1.6999999999999997,-0.35714285714285715,-0.024390243902439025,0.2393555811277145,1.8421052631578958,0.17391304347826114,-0.2666666666666657,0
736,-0.09523809523809534,1.8835978835978837,-0.4848484848484849,-0.14285714285714296,1.5999999999999948,-0.21428571428571427,-0.3902439024390244,-0.2301495972382283,-0.2631578947368436,-0.6956521739130439,-0.4666666666666662,0
330,1.333333333333333,-0.253968253968254,0.393939393939394,-0.2857142857142859,-0.95,-0.5,-0.5609756097560976,0.5983889528193118,-0.6842105263157892,0.0,-0.4666666666666662,0
1117,-0.4285714285714288,0.7195767195767194,-0.5757575757575758,0.4285714285714282,0.5499999999999997,0.07142857142857142,-0.4146341463414634,-0.49712313003450365,0.3684210526315782,-0.11594202898550743,0.7333333333333343,1
971,1.1904761904761907,-1.1005291005291007,0.6666666666666666,-0.4285714285714288,-0.6999999999999998,-0.5714285714285714,-0.6829268292682927,0.20253164556961636,0.10526315789473696,1.4492753623188417,0.4666666666666674,1
953,0.14285714285714238,-0.8888888888888892,0.4242424242424243,0.0,-1.100000000000005,-0.5714285714285714,-0.6829268292682927,-0.6628308400460219,0.0,0.3478260869565223,0.6666666666666666,1
1222,1.4285714285714288,-0.8465608465608467,0.787878787878788,-0.5714285714285715,2.5999999999999996,0.21428571428571427,0.14634146341463414,0.24856156501725182,-0.15789473684210661,0.8695652173913051,0.8666666666666671,1
1188,-0.4285714285714288,-0.3809523809523811,0.12121212121212116,-0.2857142857142859,0.25000000000000017,-0.5714285714285714,0.024390243902439025,-1.5373993095511973,0.10526315789473696,-0.9275362318840585,1.133333333333334,1
259,-0.09523809523809534,-0.46560846560846586,1.5151515151515154,-0.5714285714285715,26.549999999999997,-0.42857142857142855,0.17073170731707318,0.0,-1.3157894736842108,3.7101449275362346,-0.5333333333333327,0
1250,-0.3809523809523814,0.3386243386243385,-0.7575757575757577,0.14285714285714232,-0.05000000000000004,0.7142857142857143,-0.024390243902439025,-0.76409666283083,0.47368421052631515,-0.057971014492753714,0.4666666666666674,1
373,0.5714285714285712,-1.015873015873016,0.6666666666666666,-0.5714285714285715,-0.6499999999999998,0.8571428571428571,0.1951219512195122,-0.04602991944763544,0.052631578947367315,2.434782608695654,0.2666666666666669,1
1358,-0.28571428571428603,-0.3809523809523811,-0.06060606060606067,0.4285714285714282,-0.10000000000000007,0.9285714285714286,0.7073170731707317,-0.14729574223244363,1.5263157894736847,-0.17391304347826114,0.6000000000000002,1
415,0.4285714285714288,0.0,0.24242424242424251,0.7142857142857141,0.34999999999999953,0.7142857142857143,2.048780487804878,0.6444188722669473,-0.2631578947368436,-0.057971014492753714,-0.4666666666666662,0
526,1.1904761904761907,0.507936507936508,-0.06060606060606067,0.8571428571428564,1.2499999999999996,1.0714285714285714,0.36585365853658536,1.3808975834292165,-0.3684210526315782,0.28985507246376857,-0.1999999999999993,0
1209,-0.3333333333333335,-0.6772486772486775,0.6060606060606062,-0.14285714285714296,-0.3000000000000002,0.7142857142857143,0.14634146341463414,-0.6720368239355592,0.47368421052631515,1.3333333333333341,0.5333333333333338,1
233,0.2857142857142856,-0.6349206349206351,-0.18181818181818182,0.8571428571428564,0.49999999999999967,0.2857142857142857,0.4878048780487805,0.5523590333716764,0.15789473684210428,0.4637681159420291,-0.39999999999999974,1
1192,-0.666666666666667,1.544973544973545,-0.787878787878788,0.14285714285714232,4.3,-0.5714285714285714,-0.6341463414634146,-0.5937859608745687,1.3157894736842108,-0.6376811594202902,0.40000000000000097,0
1579,-0.5238095238095242,0.6349206349206351,-0.3333333333333334,-0.5714285714285715,1.8999999999999992,-0.07142857142857142,-0.43902439024390244,-0.6444188722669983,0.5789473684210521,0.28985507246376857,0.7333333333333343,1
441,2.238095238095238,-0.8888888888888892,1.393939393939394,0.0,-0.4000000000000003,-0.5714285714285714,-0.21951219512195122,0.8745684695051755,-2.2631578947368434,1.159420289855073,-0.2666666666666657,1
532,1.904761904761905,-0.5925925925925928,0.696969696969697,0.7142857142857141,0.8999999999999999,-0.14285714285714285,0.0975609756097561,1.657077100115029,-0.7894736842105261,-0.057971014492753714,0.06666666666666761,0
1279,0.04761904761904746,0.8253968253968254,-0.12121212121212126,0.14285714285714232,-0.25000000000000017,-0.07142857142857142,1.048780487804878,0.03682393555809813,-0.3684210526315782,-0.4637681159420291,-0.4666666666666662,1
227,0.4761904761904763,0.2962962962962961,0.7272727272727273,-0.2857142857142859,12.849999999999998,0.9285714285714286,1.048780487804878,-0.18411967779059285,-1.4210526315789478,5.739130434782614,-0.4666666666666662,1
1097,-0.6190476190476195,0.8677248677248677,-0.5151515151515152,4.714285714285713,1.8499999999999943,-0.35714285714285715,-0.5121951219512195,-0.11507479861908859,0.21052631578947392,-0.7536231884057977,0.40000000000000097,1
229,-0.09523809523809534,-0.3809523809523811,-0.030303030303030335,0.5714285714285712,-0.35000000000000026,1.0714285714285714,0.6097560975609756,-0.29919447640968144,0.3157894736842109,-0.23188405797101486,0.20000000000000048,1
1362,0.1904761904761907,1.396825396825397,-0.36363636363636365,0.4285714285714282,0.6499999999999998,-0.07142857142857142,0.3902439024390244,0.20253164556961636,0.26315789473684126,-0.4637681159420291,-0.06666666666666643,0
1381,-0.1904761904761907,0.2116402116402114,-0.7272727272727274,0.5714285714285712,-0.1500000000000001,-0.21428571428571427,-0.07317073170731707,-0.5661680092060078,0.26315789473684126,0.0,0.40000000000000097,1
213,1.7619047619047619,-0.33862433862433877,1.1515151515151516,-0.14285714285714296,-1.05,-0.6428571428571429,-0.5609756097560976,0.5523590333716764,-0.5263157894736848,0.28985507246376857,0.0,1
886,0.4761904761904763,0.9735449735449736,-0.36363636363636365,0.4285714285714282,0.2999999999999995,-0.35714285714285715,-0.1951219512195122,0.6628308400460219,0.15789473684210428,0.11594202898550743,0.20000000000000048,0
80,0.1904761904761907,0.4444444444444444,-0.18181818181818182,-1.0,0.0,0.9285714285714286,1.975609756097561,0.18411967779054175,-0.7894736842105261,2.898550724637684,-0.7333333333333331,0
815,2.238095238095238,-0.46560846560846586,0.8484848484848486,0.8571428571428564,1.1499999999999995,0.35714285714285715,0.07317073170731707,1.1921749136938806,-0.5263157894736848,0.8115942028985514,0.7333333333333343,1
1028,-0.7142857142857144,1.1640211640211644,-0.787878787878788,0.0,-0.7499999999999998,1.0,0.34146341463414637,-1.3901035673187538,0.9473684210526326,-0.5797101449275365,0.9333333333333336,0
1425,0.1904761904761907,-1.1005291005291007,0.3333333333333333,-1.142857142857143,-0.20000000000000015,-0.42857142857142855,-0.36585365853658536,0.27617951668581264,-0.2631578947368436,0.4637681159420291,-0.39999999999999974,1
1229,-1.333333333333334,-0.4232804232804235,-0.787878787878788,-0.5714285714285715,-1.7999999999999998,0.2857142857142857,1.2195121951219512,-2.40736478711163,1.9473684210526327,0.6376811594202902,2.266666666666667,1
556,3.6190476190476195,0.5291005291005292,0.696969696969697,2.8571428571428563,0.7499999999999998,-0.2857142857142857,-0.36585365853658536,2.922899884925157,-2.0526315789473695,0.6956521739130439,0.6000000000000002,0
58,-0.1904761904761907,0.46560846560846564,-0.4242424242424243,4.1428571428571415,1.5499999999999996,2.5714285714285716,1.7560975609756098,0.6904487917145827,-0.2631578947368436,0.8695652173913051,-0.5333333333333327,0
134,-0.6190476190476195,-0.08465608465608475,-0.7575757575757577,-1.0,-1.0,0.21428571428571427,-0.2926829268292683,-0.7364787111622693,0.47368421052631515,-0.23188405797101486,-0.2666666666666657,1
934,-0.23809523809523814,0.3809523809523809,-0.7575757575757577,-0.2857142857142859,-0.3000000000000002,-0.07142857142857142,0.0,0.31300345224396187,0.894736842105263,0.17391304347826114,-0.2666666666666657,0
1423,-0.4285714285714288,0.08465608465608475,-0.787878787878788,-0.14285714285714296,-0.05000000000000004,1.7857142857142858,0.4146341463414634,-0.5523590333716764,0.42105263157894784,1.2753623188405805,0.8000000000000007,1
824,-0.5714285714285716,0.08465608465608475,-0.393939393939394,-0.2857142857142859,-0.20000000000000015,0.07142857142857142,-0.04878048780487805,0.23014959723817718,1.5789473684210522,0.11594202898550743,-0.2666666666666657,0
409,1.1904761904761907,-0.761904761904762,0.9696969696969696,2.1428571428571423,4.699999999999998,-0.5714285714285714,-0.5365853658536586,0.09205983889527088,-0.6315789473684218,0.4637681159420291,0.7333333333333343,1
369,1.1428571428571432,-0.761904761904762,0.787878787878788,0.8571428571428564,3.9499999999999993,0.07142857142857142,0.9024390243902439,1.3808975834292165,-0.6842105263157892,0.11594202898550743,-0.5333333333333327,0
508,1.5714285714285712,0.6349206349206351,0.878787878787879,0.14285714285714232,0.20000000000000015,-0.5714285714285714,-0.6097560975609756,1.4729574223244875,-0.7368421052631587,0.5217391304347828,-0.4666666666666662,1
1332,-0.04761904761904788,1.4814814814814816,0.0,2.2857142857142847,1.3499999999999996,1.2142857142857142,0.7073170731707317,-0.055235903337172744,-0.2631578947368436,-0.9275362318840585,-0.6666666666666666,0
1420,-0.09523809523809534,0.507936507936508,-0.15151515151515157,0.0,-0.1500000000000001,1.2857142857142858,2.317073170731707,-0.5523590333716764,-0.21052631578947392,-0.9855072463768122,-0.1999999999999993,0
1413,0.14285714285714238,-1.1851851851851856,0.24242424242424251,4.1428571428571415,-0.8999999999999999,-0.42857142857142855,-0.3902439024390244,0.27617951668581264,-0.47368421052631515,1.855072463768117,0.4666666666666674,1
387,-0.04761904761904788,0.08465608465608475,0.0,-0.2857142857142859,0.3999999999999996,0.6428571428571429,0.24390243902439024,0.5983889528193118,0.5263157894736848,0.6956521739130439,-0.6666666666666666,1
1025,-0.09523809523809534,0.2539682539682538,-0.7575757575757577,-0.5714285714285715,0.3999999999999996,-0.14285714285714285,-0.4878048780487805,-0.5155350978135782,0.052631578947367315,-0.3478260869565217,0.20000000000000048,1
895,-0.3333333333333335,0.46560846560846564,-0.6969696969696971,0.0,0.0,0.21428571428571427,1.2195121951219512,0.29919447640963037,1.1578947368421042,-0.23188405797101486,-0.2666666666666657,1
1508,-0.1904761904761907,-0.5925925925925928,0.9393939393939393,0.14285714285714232,1.2999999999999996,-0.6428571428571429,-0.6341463414634146,-0.3452243958573169,0.26315789473684126,-0.4057971014492754,0.8000000000000007,1
476,0.8095238095238093,0.6772486772486775,-0.06060606060606067,0.0,0.34999999999999953,-0.6428571428571429,-0.24390243902439024,0.920598388952811,-0.894736842105263,-0.11594202898550743,0.0,0
653,3.80952380952381,-0.6772486772486775,1.181818181818182,7.571428571428569,0.7999999999999998,0.5714285714285714,0.8048780487804879,0.36823935558113463,-1.7368421052631589,1.2753623188405805,3.133333333333334,0
173,0.04761904761904746,-0.4232804232804235,-0.27272727272727276,-0.2857142857142859,-0.35000000000000026,-0.5714285714285714,-0.4878048780487805,0.18411967779054175,-0.10526315789473696,-0.057971014492753714,-0.6666666666666666,1
39,-1.047619047619048,2.582010582010582,-0.5151515151515152,-1.0,4.599999999999999,-0.5,-0.4634146341463415,-1.2888377445339456,1.0,-0.8115942028985514,-0.2666666666666657,0
714,0.04761904761904746,-0.3809523809523811,0.303030303030303,0.14285714285714232,-0.25000000000000017,-0.2857142857142857,0.24390243902439024,0.36823935558113463,0.15789473684210428,-0.9275362318840585,-0.5333333333333327,0
91,0.0,0.0,0.0,-0.4285714285714288,-0.05000000000000004,2.0,2.4878048780487805,-0.18411967779059285,-0.42105263157894784,-0.4637681159420291,-0.4666666666666662,0
876,0.4285714285714288,-0.8888888888888892,0.4242424242424243,0.8571428571428564,1.4499999999999995,-0.5,-0.5365853658536586,-0.30379746835442456,0.0,0.9855072463768125,1.0666666666666675,1
1075,-0.1904761904761907,1.0582010582010584,-0.18181818181818182,8.428571428571425,0.8999999999999999,1.1428571428571428,1.3170731707317074,0.9758342922899838,-0.5789473684210521,-0.23188405797101486,-0.6666666666666666,0
1563,-0.3333333333333335,0.7407407407407406,-0.393939393939394,-0.2857142857142859,-0.20000000000000015,-0.14285714285714285,-0.43902439024390244,-0.6168009205983864,-0.10526315789473696,-0.4637681159420291,-0.06666666666666643,0
500,0.3809523809523805,0.7195767195767194,0.1515151515151515,1.1428571428571423,0.2999999999999995,0.6428571428571429,1.048780487804878,1.5650172612197581,0.894736842105263,0.6956521739130439,0.9333333333333336,1
339,2.1428571428571432,-0.12698412698412712,0.9696969696969696,1.1428571428571423,1.1499999999999995,1.0,1.4878048780487805,1.841196777905571,-0.7894736842105261,2.2028985507246395,0.8666666666666671,1
29,-0.3809523809523814,0.8042328042328042,-0.787878787878788,-0.4285714285714288,0.0,0.0,-0.07317073170731707,0.18411967779054175,0.8421052631578957,-0.4057971014492754,-0.5333333333333327,0
1058,-0.1428571428571432,-0.4232804232804235,-0.030303030303030335,2.4285714285714275,1.1999999999999995,1.0,1.2682926829268293,0.478711162255429,-0.8421052631578957,-0.28985507246376857,-0.7333333333333331,0
1453,-0.6190476190476195,0.2539682539682538,-0.7272727272727274,-0.2857142857142859,-0.8999999999999999,1.6428571428571428,0.36585365853658536,-1.4085155350978285,0.21052631578947392,0.8115942028985514,0.9333333333333336,1
946,1.095238095238095,-0.33862433862433877,0.4848484848484848,-0.2857142857142859,-0.4500000000000003,-0.5,-0.43902439024390244,-0.5247410817031155,-0.894736842105263,0.9855072463768125,0.6000000000000002,1
170,-0.1904761904761907,0.7830687830687829,-0.06060606060606067,-0.5714285714285715,13.999999999999996,0.07142857142857142,0.6097560975609756,-0.18411967779059285,-1.6315789473684217,5.623188405797106,-0.4666666666666662,0
913,1.0,-0.253968253968254,0.5454545454545455,0.9999999999999993,-0.7499999999999998,-0.7142857142857143,-0.7317073170731707,-0.027617951668611924,0.10526315789473696,0.0,1.3333333333333333,1
492,0.6190476190476186,-0.46560846560846586,0.7272727272727273,0.4285714285714282,-1.2499999999999998,-0.14285714285714285,-0.3170731707317073,-0.7364787111622693,0.15789473684210428,0.9855072463768125,2.0666666666666678,1
954,1.095238095238095,-0.761904761904762,0.6666666666666666,-0.14285714285714296,-1.4,-0.6428571428571429,-0.7073170731707317,-1.021864211737619,-0.5789473684210521,0.4057971014492754,1.2666666666666668,1
1033,0.09523809523809491,1.2698412698412698,-0.787878787878788,2.7142857142857126,0.7499999999999998,-0.6428571428571429,-0.5853658536585366,0.8009205983889282,0.26315789473684126,-0.5217391304347828,-0.39999999999999974,0
588,-0.28571428571428603,0.8888888888888888,-0.06060606060606067,-0.4285714285714288,1.3999999999999997,0.2857142857142857,1.5609756097560976,-0.04602991944763544,-0.2631578947368436,-0.17391304347826114,-0.5999999999999991,0
751,0.1904761904761907,0.5502645502645503,-0.4848484848484849,0.9999999999999993,0.4499999999999996,0.21428571428571427,0.04878048780487805,0.5661680092059568,-0.10526315789473696,-0.4057971014492754,-0.4666666666666662,0
658,1.9523809523809526,-0.08465608465608475,1.0,-1.142857142857143,-0.35000000000000026,0.6428571428571429,0.0975609756097561,0.5523590333716764,-2.0526315789473695,0.3478260869565223,0.20000000000000048,1
235,0.14285714285714238,2.031746031746032,-0.5151515151515152,0.14285714285714232,-0.7499999999999998,-0.5,-0.024390243902439025,0.02301495972381772,0.052631578947367315,-0.4057971014492754,-0.7999999999999995,1
733,-0.28571428571428603,1.3333333333333333,-0.6969696969696971,-0.14285714285714296,0.5999999999999998,-0.2857142857142857,-0.4634146341463415,-0.09205983889527088,0.42105263157894784,-0.8695652173913051,-0.39999999999999974,0
1306,-0.1904761904761907,0.3809523809523809,0.0,-0.4285714285714288,-0.35000000000000026,0.7142857142857143,1.2195121951219512,-0.31300345224396187,-0.05263157894736965,-0.5217391304347828,-0.2666666666666657,0
935,-0.6190476190476195,0.3809523809523809,-0.7575757575757577,-0.4285714285714288,0.0,-0.42857142857142855,-0.3170731707317073,0.30379746835442456,2.0,0.6376811594202902,0.20000000000000048,0
109,0.04761904761904746,-0.8042328042328044,0.8181818181818183,0.4285714285714282,0.5499999999999997,0.2857142857142857,1.024390243902439,0.36823935558113463,0.3157894736842109,1.0434782608695663,-0.39999999999999974,1
569,0.9047619047619051,-0.08465608465608475,0.696969696969697,0.5714285714285712,8.499999999999998,-0.6428571428571429,-0.43902439024390244,1.0126582278480818,0.0,0.9855072463768125,0.3333333333333333,1
891,-0.3333333333333335,-0.761904761904762,-0.06060606060606067,-0.2857142857142859,-0.4500000000000003,1.1428571428571428,0.34146341463414637,-0.4787111622554801,0.6842105263157892,-0.23188405797101486,-0.06666666666666643,0
948,0.1904761904761907,-1.015873015873016,0.6666666666666666,-0.14285714285714296,0.6499999999999998,-0.5714285714285714,-0.6341463414634146,-1.2520138089758475,-0.2631578947368436,0.0,1.4666666666666675,1
1049,0.666666666666667,-0.12698412698412712,0.303030303030303,-0.7142857142857144,0.05000000000000004,-0.7857142857142857,-0.5853658536585366,0.10126582278480818,-0.21052631578947392,0.9275362318840589,0.4666666666666674,1
885,0.4285714285714288,0.3809523809523809,-0.21212121212121215,2.5714285714285707,0.6999999999999998,1.1428571428571428,0.7560975609756098,0.49252013808976053,-0.47368421052631515,-0.6956521739130439,-0.13333333333333286,1
1346,0.14285714285714238,-0.33862433862433877,-0.06060606060606067,0.14285714285714232,-0.8499999999999999,-0.2857142857142857,-0.24390243902439024,-0.30840046029921875,-0.3157894736842109,-0.5217391304347828,0.0,1
851,0.666666666666667,-0.3809523809523811,0.5454545454545455,-0.4285714285714288,0.25000000000000017,-0.35714285714285715,-0.3902439024390244,0.12888377445336902,-0.15789473684210661,-0.4057971014492754,-0.4666666666666662,0
735,-0.09523809523809534,0.1693121693121695,-0.18181818181818182,-0.2857142857142859,-0.25000000000000017,-0.35714285714285715,0.024390243902439025,0.8745684695051755,0.894736842105263,0.0,-0.5999999999999991,0
718,-0.1428571428571432,-0.253968253968254,-0.45454545454545464,0.5714285714285712,-0.05000000000000004,-0.14285714285714285,0.2682926829268293,0.0,-0.5263157894736848,-0.28985507246376857,-0.13333333333333286,0
455,-0.4285714285714288,-1.227513227513228,0.4242424242424243,-0.8571428571428571,-0.8499999999999999,0.5,0.7073170731707317,-0.7364787111622693,1.0,0.057971014492753714,0.6000000000000002,0
265,2.1904761904761907,0.1693121693121695,0.696969696969697,0.28571428571428525,-0.7999999999999998,-0.6428571428571429,-0.2682926829268293,1.426927502876852,-1.210526315789474,1.4492753623188417,0.4666666666666674,0
76,0.4285714285714288,-0.46560846560846586,1.1515151515151516,0.0,0.6499999999999998,-0.35714285714285715,0.0975609756097561,0.8285385500575401,1.210526315789474,0.23188405797101486,0.20000000000000048,0
445,-1.2380952380952386,0.2116402116402114,-0.7575757575757577,-0.7142857142857144,-1.2999999999999998,-0.6428571428571429,-0.2682926829268293,-1.5650172612198094,1.3684210526315783,1.2753623188405805,1.5333333333333339,1
396,1.9523809523809526,-0.6349206349206351,1.5151515151515154,2.8571428571428563,-0.6999999999999998,-0.5,0.0,1.657077100115029,-0.47368421052631515,-0.11594202898550743,1.8666666666666671,1
177,-0.28571428571428603,-0.5925925925925928,-0.15151515151515157,-0.2857142857142859,0.0,-0.5,-0.07317073170731707,-0.32220943613349917,0.10526315789473696,-0.8695652173913051,-0.4666666666666662,0
1118,-0.4285714285714288,0.7195767195767194,-0.5757575757575758,0.4285714285714282,0.5499999999999997,0.07142857142857142,-0.4146341463414634,-0.49712313003450365,0.3684210526315782,-0.11594202898550743,0.7333333333333343,1
1160,1.095238095238095,-0.46560846560846586,0.5151515151515151,0.0,1.4999999999999996,-0.21428571428571427,-0.024390243902439025,0.22094361334869098,-0.7894736842105261,0.28985507246376857,0.40000000000000097,0
596,0.4761904761904763,0.31746031746031733,0.4545454545454545,8.14285714285714,0.2999999999999995,1.1428571428571428,1.7317073170731707,1.3808975834292165,-0.21052631578947392,-0.28985507246376857,-0.5999999999999991,0
873,-0.28571428571428603,-0.7195767195767199,-0.06060606060606067,-0.2857142857142859,-0.6499999999999998,1.0,0.24390243902439024,-0.4787111622554801,0.6315789473684218,-0.4637681159420291,-0.13333333333333286,0
1191,0.5714285714285712,-0.507936507936508,0.9393939393939393,3.428571428571427,0.0,-0.5714285714285714,-0.43902439024390244,-0.1288837744534201,-0.15789473684210661,-0.28985507246376857,1.5333333333333339,1
1498,-0.4761904761904763,0.9312169312169313,-0.6969696969696971,0.14285714285714232,-1.2999999999999998,-0.5,-0.5365853658536586,-0.791714614499442,0.7368421052631587,0.057971014492753714,0.8666666666666671,1
279,1.1428571428571432,-0.8465608465608467,0.5757575757575758,5.999999999999999,-0.35000000000000026,-0.6428571428571429,-0.6097560975609756,0.36823935558113463,-0.42105263157894784,1.159420289855073,1.6000000000000003,1
37,-0.04761904761904788,0.3386243386243385,-0.36363636363636365,0.28571428571428525,0.2999999999999995,-0.7857142857142857,-0.5609756097560976,0.32220943613349917,0.5789473684210521,-0.11594202898550743,0.40000000000000097,1
663,-0.3333333333333335,0.2116402116402114,-0.6060606060606062,-0.8571428571428571,-0.20000000000000015,-0.35714285714285715,-0.2682926829268293,0.18411967779054175,0.26315789473684126,0.4637681159420291,-0.39999999999999974,1
1443,-0.4761904761904763,0.46560846560846564,-0.7272727272727274,-0.4285714285714288,-0.10000000000000007,0.2857142857142857,-0.1951219512195122,0.14729574223244363,0.47368421052631515,0.7536231884057977,-0.2666666666666657,0
1487,-0.5238095238095242,0.6772486772486775,-0.15151515151515157,-0.14285714285714296,-0.49999999999999967,-0.35714285714285715,-0.36585365853658536,-0.6168009205983864,0.3684210526315782,-0.11594202898550743,0.06666666666666761,0
978,0.23809523809523814,0.2962962962962961,0.09090909090909083,0.5714285714285712,1.4499999999999995,1.2142857142857142,1.975609756097561,0.5569620253164195,-0.8421052631578957,-0.6956521739130439,-0.7333333333333331,0
739,0.5238095238095237,-0.253968253968254,-0.09090909090909091,0.8571428571428564,0.5999999999999998,1.0,1.6097560975609757,0.6904487917145827,-1.105263157894737,-0.3478260869565217,-0.6666666666666666,0
192,-0.7142857142857144,-0.6349206349206351,-0.030303030303030335,-0.4285714285714288,-0.3000000000000002,0.5,0.2682926829268293,0.27617951668581264,1.3684210526315783,0.0,-0.2666666666666657,1
920,0.23809523809523814,0.42328042328042326,-0.4242424242424243,-0.5714285714285715,-0.4000000000000003,1.7142857142857142,0.1951219512195122,-0.8101265822784655,0.3684210526315782,1.565217391304349,1.0666666666666675,1
457,0.4761904761904763,0.2962962962962961,0.393939393939394,0.14285714285714232,0.7499999999999998,-0.6428571428571429,-0.3902439024390244,0.8285385500575401,0.3157894736842109,-0.23188405797101486,0.06666666666666761,0
676,0.666666666666667,-0.46560846560846586,0.393939393939394,0.0,-0.7999999999999998,-0.14285714285714285,-0.17073170731707318,0.7364787111622181,-0.2631578947368436,0.17391304347826114,0.0,0
761,0.5238095238095237,0.2539682539682538,-0.030303030303030335,0.8571428571428564,-0.25000000000000017,-0.35714285714285715,1.6097560975609757,0.4556962025316113,-0.42105263157894784,-0.28985507246376857,-0.3333333333333333,0
1444,-0.4761904761904763,0.2539682539682538,-0.18181818181818182,-0.6428571428571429,-1.100000000000005,-0.42857142857142855,-0.3902439024390244,-1.6478711162255428,0.3684210526315782,-0.7536231884057977,1.0,0
729,-0.7142857142857144,0.2116402116402114,-0.7272727272727274,-0.5714285714285715,-0.6499999999999998,-0.7142857142857143,-0.6585365853658537,0.09205983889527088,0.7894736842105261,0.3478260869565223,-0.4666666666666662,0
413,-0.3809523809523814,0.9100529100529101,-0.3030303030303031,-0.4285714285714288,1.0,0.07142857142857142,0.9512195121951219,-0.09205983889527088,-0.21052631578947392,0.11594202898550743,-0.5999999999999991,0
1099,0.04761904761904746,-0.8888888888888892,0.5757575757575758,-0.14285714285714296,6.799999999999999,-0.6428571428571429,-0.5365853658536586,-1.4821634062140248,-0.8421052631578957,1.10144927536232,1.5333333333333339,1
826,-0.3809523809523814,-0.253968253968254,-0.36363636363636365,0.8571428571428564,-0.20000000000000015,0.07142857142857142,-0.024390243902439025,-0.2577675489067891,0.26315789473684126,-0.7536231884057977,0.3333333333333333,0
617,0.8095238095238093,0.3386243386243385,0.7272727272727273,0.14285714285714232,-0.05000000000000004,1.0,0.8048780487804879,1.334867663981581,1.0,-0.28985507246376857,-0.3333333333333333,0
115,-0.04761904761904788,0.1693121693121695,-0.21212121212121215,-0.5714285714285715,1.1999999999999995,-0.14285714285714285,0.21951219512195122,-0.18411967779059285,-0.6315789473684218,1.7971014492753639,-0.4666666666666662,0
418,-0.4285714285714288,0.2539682539682538,-0.4242424242424243,-0.4285714285714288,0.5499999999999997,1.4285714285714286,2.097560975609756,-0.5523590333716764,0.6842105263157892,-0.8115942028985514,0.20000000000000048,0
1522,-0.4761904761904763,-0.1693121693121695,-0.18181818181818182,-0.4285714285714288,0.09999999999999522,-0.35714285714285715,-0.36585365853658536,-0.43728423475258776,0.42105263157894784,-1.1014492753623197,-0.7666666666666657,0
970,-0.5714285714285716,0.1693121693121695,-0.5151515151515152,0.9999999999999993,-0.05000000000000004,-0.5,-0.3902439024390244,-0.05063291139242965,0.7894736842105261,-0.057971014492753714,0.0,0
605,0.1904761904761907,0.2539682539682538,-0.393939393939394,0.9999999999999993,0.7999999999999998,0.0,0.6097560975609756,0.7364787111622181,-0.7368421052631587,0.0,-0.7333333333333331,1
1528,-0.3809523809523814,0.042328042328042374,-0.5757575757575758,-0.7142857142857144,-0.4500000000000003,0.07142857142857142,-0.34146341463414637,-0.7825086306099047,-0.10526315789473696,0.23188405797101486,0.40000000000000097,1
1527,-0.5238095238095242,-0.21164021164021185,-0.5454545454545455,0.0,-0.7999999999999998,0.2857142857142857,0.0,-0.5845799769850314,-0.05263157894736965,0.17391304347826114,-0.39999999999999974,1
754,0.1904761904761907,0.5502645502645503,-0.4848484848484849,0.9999999999999993,0.4499999999999996,0.21428571428571427,0.04878048780487805,0.5661680092059568,-0.10526315789473696,-0.4057971014492754,-0.4666666666666662,0
499,1.333333333333333,-0.7195767195767199,0.8181818181818183,0.5714285714285712,-0.49999999999999967,-0.6428571428571429,-0.5365853658536586,0.18411967779054175,-0.8421052631578957,0.17391304347826114,0.5333333333333338,1
12,-0.1904761904761907,-0.08465608465608475,0.303030303030303,5.571428571428569,-0.4500000000000003,0.21428571428571427,1.5609756097560976,0.4602991944764055,0.21052631578947392,1.0434782608695663,0.20000000000000048,0
397,-0.6190476190476195,0.9100529100529101,-0.7272727272727274,8.14285714285714,2.099999999999999,3.857142857142857,2.097560975609756,1.1967779056386236,0.8421052631578957,-0.5217391304347828,-0.1999999999999993,0
285,0.9523809523809526,0.2962962962962961,-0.5757575757575758,1.7142857142857135,1.0999999999999994,1.2857142857142858,0.8048780487804879,1.5420023014959916,0.0,0.5217391304347828,-0.2666666666666657,0
1067,-0.6190476190476195,0.0,-0.5454545454545455,0.28571428571428525,-0.49999999999999967,-0.07142857142857142,-0.2926829268292683,-1.4821634062140248,0.47368421052631515,0.5797101449275365,1.5333333333333339,1
691,-0.23809523809523814,2.8148148148148153,-0.787878787878788,2.9285714285714275,0.8499999999999951,-0.6428571428571429,-0.5853658536585366,-0.09205983889527088,1.6842105263157892,-0.4637681159420291,0.3333333333333333,0
1309,0.8571428571428568,0.7195767195767194,0.18181818181818182,0.4285714285714282,0.3999999999999996,0.5714285714285714,1.2926829268292683,0.5063291139240409,-0.10526315789473696,0.0,-0.06666666666666643,0
1495,-0.7142857142857144,-0.8888888888888892,-0.5151515151515152,-1.142857142857143,-0.6999999999999998,0.07142857142857142,-0.24390243902439024,-1.017261219792876,0.5789473684210521,0.4637681159420291,-0.13333333333333286,1
690,0.09523809523809491,-0.5925925925925928,0.6666666666666666,-0.5714285714285715,3.849999999999999,-0.6428571428571429,-0.5121951219512195,0.36823935558113463,-0.05263157894736965,2.492753623188408,-0.5333333333333327,0
160,-0.5238095238095242,0.3386243386243385,-0.24242424242424251,-0.4285714285714288,-0.05000000000000004,0.2857142857142857,1.170731707317073,0.0,1.4736842105263153,-0.28985507246376857,-0.5999999999999991,1
896,-0.3809523809523814,0.2962962962962961,-0.7575757575757577,0.14285714285714232,0.0,0.9285714285714286,0.12195121951219512,-0.5983889528193118,0.5789473684210521,-0.23188405797101486,0.3333333333333333,1
1446,-0.23809523809523814,1.1216931216931219,-0.21212121212121215,4.285714285714285,0.6999999999999998,0.35714285714285715,1.4634146341463414,0.15189873417718672,-0.7894736842105261,-0.5797101449275365,-0.39999999999999974,1
258,-0.6190476190476195,0.7407407407407406,-0.787878787878788,-0.14285714285714296,-0.25000000000000017,-0.14285714285714285,0.43902439024390244,0.0,0.9473684210526326,0.28985507246376857,-0.6666666666666666,0
336,1.904761904761905,0.7407407407407406,0.8181818181818183,1.7142857142857135,2.3999999999999995,-0.5,-0.4146341463414634,1.1047180667433527,-0.7368421052631587,1.2753623188405805,1.3333333333333333,1
1499,-0.6190476190476195,1.5873015873015877,-0.6666666666666667,0.14285714285714232,-0.5999999999999998,-0.5,-0.6097560975609756,-0.4510932105868682,1.1578947368421042,-0.23188405797101486,0.40000000000000097,1
1040,0.4761904761904763,-0.08465608465608475,-0.15151515151515157,0.0,0.3999999999999996,0.5,0.024390243902439025,0.055235903337172744,0.10526315789473696,1.2173913043478268,0.6000000000000002,1
1016,1.2380952380952381,-0.5502645502645503,0.6060606060606062,0.0,-0.25000000000000017,0.0,-0.2682926829268293,-0.37744533947067194,-1.3157894736842108,1.2753623188405805,0.8000000000000007,1
769,-0.3809523809523814,0.2962962962962961,-0.7272727272727274,0.14285714285714232,0.09999999999999522,0.7142857142857143,1.3658536585365855,0.29459148446488725,1.2631578947368411,-0.5217391304347828,-0.3333333333333333,1
762,0.666666666666667,0.5714285714285715,0.0,-0.2857142857142859,0.7999999999999998,-0.6428571428571429,-0.07317073170731707,0.2669735327963264,-0.3157894736842109,-1.1594202898550734,-0.39999999999999974,0
1171,0.6190476190476186,-0.6772486772486775,0.24242424242424251,-0.8571428571428571,-0.8999999999999999,-0.6428571428571429,-0.6341463414634146,-0.05983889528196695,-0.5789473684210521,0.28985507246376857,0.20000000000000048,1
1585,-0.5714285714285716,-0.8465608465608467,0.5454545454545455,0.28571428571428525,-0.95,0.7142857142857143,-0.0975609756097561,-0.9021864211737874,-0.10526315789473696,1.0434782608695663,0.9333333333333336,1
522,-0.1428571428571432,-0.46560846560846586,0.696969696969697,-0.2857142857142859,0.3999999999999996,0.14285714285714285,0.12195121951219512,0.5523590333716764,0.894736842105263,0.11594202898550743,-0.7333333333333331,0
23,0.0,-0.3809523809523811,-0.15151515151515157,-0.8571428571428571,1.2999999999999996,-0.2857142857142857,-0.024390243902439025,-0.09205983889527088,-0.7368421052631587,1.6811594202898565,-0.4666666666666662,0
357,1.7142857142857144,-0.46560846560846586,0.787878787878788,1.1428571428571423,0.0,1.0714285714285714,0.4146341463414634,1.5189873417721227,-0.2631578947368436,1.5072463768115953,0.5333333333333338,0
1354,-0.1428571428571432,0.5291005291005292,-0.6969696969696971,-0.4285714285714288,0.2999999999999995,0.0,0.4634146341463415,0.04602991944763544,0.3157894736842109,-0.9275362318840585,0.06666666666666761,0
341,2.0476190476190474,-0.761904761904762,0.7272727272727273,0.28571428571428525,-0.6999999999999998,-0.2857142857142857,-0.4146341463414634,1.4729574223244875,-1.0,3.246376811594205,-0.6666666666666666,1
432,-0.04761904761904788,0.12698412698412712,0.27272727272727265,0.0,-0.3000000000000002,0.5,0.6829268292682927,0.27617951668581264,-0.3157894736842109,-0.3478260869565217,-0.6666666666666666,0
218,0.09523809523809491,0.8677248677248677,-0.12121212121212126,0.0,-0.4000000000000003,-0.21428571428571427,0.07317073170731707,-0.04602991944763544,0.26315789473684126,-0.4057971014492754,-0.7333333333333331,0
912,0.5714285714285712,-1.015873015873016,0.6060606060606062,9.714285714285712,1.6999999999999997,-0.7857142857142857,-0.7073170731707317,1.017261219792825,-0.6842105263157892,-0.11594202898550743,0.4666666666666674,1
1012,0.4761904761904763,-0.8465608465608467,0.1515151515151515,-0.2857142857142859,0.3999999999999996,-0.14285714285714285,-0.4634146341463415,-0.5063291139240409,-0.7368421052631587,-0.4057971014492754,0.13333333333333405,1
1556,-0.4285714285714288,0.1693121693121695,-0.27272727272727276,-0.7142857142857144,-0.7499999999999998,0.07142857142857142,-0.34146341463414637,-0.76409666283083,0.6842105263157892,0.3478260869565223,0.23333333333333428,1
94,-0.09523809523809534,-0.12698412698412712,0.0,-0.4285714285714288,-0.8999999999999999,-0.35714285714285715,-0.17073170731707318,-0.09205983889527088,0.42105263157894784,0.11594202898550743,-0.39999999999999974,0
1071,0.666666666666667,-0.8042328042328044,0.5757575757575758,-1.0,-1.1499999999999997,0.35714285714285715,-0.024390243902439025,-0.8377445339470774,-0.6842105263157892,1.565217391304349,0.6000000000000002,1
1093,-0.4285714285714288,0.08465608465608475,-0.5151515151515152,-0.2857142857142859,0.05000000000000004,-0.2857142857142857,-0.5365853658536586,-0.9252013808976052,0.6315789473684218,-0.17391304347826114,0.8666666666666671,1
697,-0.4285714285714288,0.5502645502645503,-0.7272727272727274,-0.14285714285714296,-0.6999999999999998,-0.42857142857142855,-0.3170731707317073,0.18411967779054175,0.8421052631578957,0.28985507246376857,-0.4666666666666662,1
1432,-0.1428571428571432,-0.3809523809523811,0.1515151515151515,-0.14285714285714296,-0.5499999999999997,-0.07142857142857142,0.8780487804878049,-0.4602991944764055,-0.2631578947368436,-0.4637681159420291,-0.1999999999999993,1
997,-1.0952380952380958,0.5925925925925928,-0.787878787878788,0.0,0.34999999999999953,-0.7857142857142857,-0.6585365853658537,-1.3901035673187538,2.105263157894737,0.057971014492753714,1.7333333333333343,1
154,-0.1904761904761907,0.3386243386243385,-0.6969696969696971,-0.5714285714285715,0.7499999999999998,0.7857142857142857,1.4878048780487805,-0.8285385500575401,0.21052631578947392,-0.4637681159420291,-0.06666666666666643,0
1100,0.33333333333333304,0.0,0.36363636363636365,-1.0,0.7999999999999998,-0.6428571428571429,-0.4878048780487805,-0.06444188722671006,-0.5789473684210521,-0.5797101449275365,-0.5333333333333327,0
1411,-0.6190476190476195,1.8624338624338626,-0.787878787878788,-0.5714285714285715,0.09999999999999522,-0.6428571428571429,-0.5365853658536586,-1.4729574223244875,1.0,-1.0434782608695659,1.133333333333334,1
1597,-0.7619047619047623,-0.042328042328042374,-0.393939393939394,0.14285714285714232,-0.20000000000000015,1.0714285714285714,0.04878048780487805,-0.4879171461450174,0.5789473684210521,0.7536231884057977,0.5333333333333338,1
790,0.33333333333333304,0.46560846560846564,-0.27272727272727276,0.9999999999999993,0.95,0.5,1.975609756097561,0.5523590333716764,-1.1578947368421066,-0.5797101449275365,-0.5999999999999991,0
581,2.095238095238096,-0.08465608465608475,0.696969696969697,0.0,0.4499999999999996,-0.6428571428571429,-0.5853658536585366,1.5650172612197581,-0.6315789473684218,-1.0434782608695659,-0.39999999999999974,0
704,-0.1904761904761907,-0.5925925925925928,0.6666666666666666,0.5714285714285712,-0.35000000000000026,0.5714285714285714,1.1219512195121952,0.18411967779054175,0.052631578947367315,0.4637681159420291,-0.39999999999999974,0
1340,-0.1904761904761907,-0.042328042328042374,-0.7272727272727274,-0.7142857142857144,0.20000000000000015,-0.07142857142857142,-0.17073170731707318,-0.6536248561564846,0.26315789473684126,-0.4637681159420291,0.20000000000000048,1
560,2.428571428571429,-0.21164021164021185,0.696969696969697,2.9999999999999987,0.25000000000000017,-0.5714285714285714,0.21951219512195122,2.4395857307249336,-0.05263157894736965,0.3478260869565223,1.6666666666666667,1
1142,0.14285714285714238,-0.5925925925925928,0.18181818181818182,0.4285714285714282,0.0,0.7142857142857143,0.8048780487804879,-0.2577675489067891,-0.21052631578947392,1.3333333333333341,0.5333333333333338,1
1120,-1.0952380952380958,0.5925925925925928,-0.787878787878788,0.4285714285714282,-0.6999999999999998,-0.5,-0.5609756097560976,-1.9516685845799675,1.105263157894737,-0.23188405797101486,1.8000000000000007,0
513,1.333333333333333,-0.507936507936508,0.6666666666666666,-0.14285714285714296,2.2499999999999996,0.07142857142857142,0.2682926829268293,0.5523590333716764,-1.4736842105263175,1.10144927536232,-0.3333333333333333,1
1180,0.14285714285714238,-0.7195767195767199,0.21212121212121215,0.28571428571428525,-0.20000000000000015,-0.21428571428571427,0.21951219512195122,-0.3728423475258777,-0.21052631578947392,1.10144927536232,0.5333333333333338,1
1428,-0.1428571428571432,-0.46560846560846586,0.21212121212121215,0.4285714285714282,-0.10000000000000007,-0.5714285714285714,-0.36585365853658536,-0.5063291139240409,-0.05263157894736965,-0.23188405797101486,0.6666666666666666,0
1151,0.14285714285714238,-0.8042328042328044,0.18181818181818182,0.8571428571428564,-0.6499999999999998,-0.7142857142857143,-0.6341463414634146,-0.952819332566166,-0.05263157894736965,0.8115942028985514,1.7333333333333343,1
791,-0.23809523809523814,-0.6349206349206351,0.5151515151515151,0.5714285714285712,0.09999999999999522,0.2857142857142857,1.0731707317073171,0.12888377445336902,0.10526315789473696,0.3478260869565223,-0.3333333333333333,1
117,0.1904761904761907,0.08465608465608475,0.06060606060606067,-0.4285714285714288,-0.1500000000000001,-0.21428571428571427,0.04878048780487805,0.4602991944764055,0.42105263157894784,-0.057971014492753714,-0.13333333333333286,1
741,0.1904761904761907,1.015873015873016,0.09090909090909083,2.8571428571428563,-0.25000000000000017,-0.14285714285714285,-0.5365853658536586,-0.13808975834290632,0.7368421052631587,0.3478260869565223,0.8666666666666671,1
1082,0.0,-0.9312169312169315,1.272727272727273,8.714285714285714,-1.4999999999999996,1.6785714285714286,6.121951219512195,-1.6754890678941037,-1.5789473684210544,-0.6376811594202902,1.400000000000001,1
831,-0.1904761904761907,0.6984126984126987,-0.5757575757575758,0.4285714285714282,-1.100000000000005,-0.6428571428571429,-0.7073170731707317,-0.22094361334869098,0.3684210526315782,-0.4057971014492754,0.4666666666666674,0
120,-0.4285714285714288,0.7195767195767194,-0.5454545454545455,-0.5714285714285715,0.8499999999999951,0.5714285714285714,1.2439024390243902,-0.41426927502877003,0.15789473684210428,-0.4637681159420291,-0.6666666666666666,1
657,1.333333333333333,-0.3809523809523811,0.393939393939394,0.0,1.2999999999999996,-0.42857142857142855,-0.14634146341463414,0.8285385500575401,-2.210526315789474,-0.6956521739130439,-0.39999999999999974,0
1519,-0.23809523809523814,-0.21164021164021185,0.6060606060606062,0.0,1.6999999999999997,-0.5,-0.43902439024390244,-0.15189873417723784,0.052631578947367315,0.057971014492753714,0.20000000000000048,0
636,0.3809523809523805,1.3544973544973544,-0.787878787878788,-1.142857142857143,-0.7499999999999998,0.7142857142857143,-0.12195121951219512,-0.6444188722669983,-0.21052631578947392,-0.4057971014492754,-0.3333333333333333,0
370,0.7142857142857144,-1.0582010582010584,0.8181818181818183,0.28571428571428525,-0.3000000000000002,-0.5714285714285714,-0.4878048780487805,-0.2761795166858637,-0.5789473684210521,2.9565217391304364,1.2000000000000004,1
269,-0.4761904761904763,0.08465608465608475,-0.6666666666666667,1.1428571428571423,-0.1500000000000001,-0.5,-0.2682926829268293,0.8745684695051755,2.0,1.6811594202898565,-0.5333333333333327,1
656,0.8571428571428568,0.12698412698412712,-0.27272727272727276,0.9999999999999993,0.34999999999999953,0.42857142857142855,0.36585365853658536,1.657077100115029,-0.894736842105263,-0.057971014492753714,-0.5333333333333327,0
936,0.4285714285714288,-0.9312169312169315,0.36363636363636365,0.14285714285714232,-1.0,0.35714285714285715,0.8292682926829268,-0.6306098964326668,0.42105263157894784,0.5797101449275365,1.0666666666666675,1
823,-0.5714285714285716,0.08465608465608475,-0.393939393939394,-0.2857142857142859,-0.20000000000000015,0.07142857142857142,-0.04878048780487805,0.23014959723817718,1.5789473684210522,0.11594202898550743,-0.2666666666666657,0
867,-0.5238095238095242,-0.12698412698412712,-0.12121212121212126,0.14285714285714232,-0.4500000000000003,-0.07142857142857142,-0.34146341463414637,-1.11392405063289,0.5263157894736848,1.2173913043478268,0.7333333333333343,1
47,-0.09523809523809534,1.756613756613757,0.5151515151515151,0.0,1.6999999999999997,0.5714285714285714,1.853658536585366,0.09205983889527088,-0.3157894736842109,0.6376811594202902,-0.6666666666666666,0
1374,-0.09523809523809534,0.9735449735449736,0.030303030303030335,2.2857142857142847,1.4999999999999996,1.4285714285714286,1.2439024390243902,-0.07364787111624736,-0.3684210526315782,-0.9855072463768122,-0.5999999999999991,0
992,-0.3809523809523814,-0.761904761904762,0.06060606060606067,-0.2857142857142859,0.09999999999999522,1.2142857142857142,0.7317073170731707,0.06444188722671006,0.7368421052631587,-0.8115942028985514,-0.5333333333333327,0
877,-0.3809523809523814,-0.21164021164021185,-0.787878787878788,0.0,-0.6499999999999998,-0.5,-0.5853658536585366,-0.7502876869965497,0.47368421052631515,-0.23188405797101486,0.4666666666666674,0
774,0.0,-0.507936507936508,0.09090909090909083,-0.5714285714285715,3.849999999999999,-0.9285714285714286,0.14634146341463414,0.23014959723817718,-0.05263157894736965,1.7391304347826102,-0.4666666666666662,1
1599,-0.9047619047619051,-0.8888888888888892,0.6363636363636364,1.9999999999999993,-0.6499999999999998,0.2857142857142857,0.0975609756097561,-0.602991944764106,0.42105263157894784,0.23188405797101486,0.5333333333333338,1
5,-0.23809523809523814,0.7619047619047618,-0.787878787878788,-0.4285714285714288,-0.20000000000000015,-0.21428571428571427,-0.0975609756097561,0.4602991944764055,1.0526315789473673,-0.3478260869565217,-0.5333333333333327,0
1004,-0.5238095238095242,-0.6772486772486775,0.18181818181818182,-0.5714285714285715,-0.6499999999999998,-0.7142857142857143,-0.7317073170731707,-1.841196777905622,0.26315789473684126,-0.4057971014492754,1.7333333333333343,1
1385,-0.3809523809523814,0.9947089947089949,-0.3333333333333334,-0.5714285714285715,1.3499999999999996,0.42857142857142855,1.1219512195121952,-0.40046029919448967,-0.6315789473684218,-0.6956521739130439,-0.4666666666666662,0
264,0.0,-0.6349206349206351,-0.09090909090909091,-0.5714285714285715,-0.1500000000000001,0.6428571428571429,0.2682926829268293,-0.2301495972382283,-0.15789473684210661,0.28985507246376857,-0.5999999999999991,0
1259,-0.5238095238095242,0.507936507936508,-0.787878787878788,0.7142857142857141,2.1499999999999995,0.07142857142857142,-0.12195121951219512,-0.6536248561564846,0.6842105263157892,0.057971014492753714,0.7333333333333343,1
1461,-0.7142857142857144,-0.4232804232804235,-0.5151515151515152,0.14285714285714232,-1.2999999999999998,1.4285714285714286,0.6341463414634146,0.20253164556961636,0.5263157894736848,0.3478260869565223,0.13333333333333405,1
444,1.0,-0.33862433862433877,0.696969696969697,0.7142857142857141,-0.1500000000000001,-0.21428571428571427,-0.4634146341463415,-0.2301495972382283,-0.42105263157894784,0.057971014492753714,0.9333333333333336,1
1003,0.5714285714285712,-0.9735449735449738,0.21212121212121215,-0.21428571428571475,-0.8499999999999999,-0.07142857142857142,-0.2682926829268293,-0.7548906789412927,-0.2631578947368436,1.2753623188405805,1.0,1
1078,0.33333333333333304,-0.6349206349206351,1.181818181818182,5.999999999999999,0.0,-0.7857142857142857,-0.7317073170731707,0.6306098964326668,-0.21052631578947392,-0.23188405797101486,0.5333333333333338,0
838,-0.5714285714285716,-1.015873015873016,0.06060606060606067,0.28571428571428525,-3.3999999999999995,1.5714285714285714,1.5121951219512195,-2.8354430379746804,-0.2631578947368436,-1.3333333333333341,1.0,1
1430,0.0,-1.4391534391534395,0.4242424242424243,0.0,-1.5499999999999996,1.7142857142857142,0.7073170731707317,-0.36823935558113463,0.10526315789473696,1.7971014492753639,0.7333333333333343,0
305,0.23809523809523814,0.5502645502645503,1.0303030303030303,-0.14285714285714296,1.5999999999999948,-0.14285714285714285,1.2682926829268293,0.23014959723817718,-0.5789473684210521,-0.5797101449275365,-0.6666666666666666,0
314,0.33333333333333304,-0.21164021164021185,0.12121212121212116,1.1428571428571423,-0.20000000000000015,1.1428571428571428,2.3658536585365852,0.36823935558113463,-0.05263157894736965,-0.5217391304347828,-0.5333333333333327,0
150,0.14285714285714238,-0.507936507936508,0.5454545454545455,0.8571428571428564,0.4499999999999996,-0.21428571428571427,0.12195121951219512,0.32220943613349917,1.1578947368421042,-0.057971014492753714,0.20000000000000048,1
1149,-0.04761904761904788,-0.5502645502645503,0.4848484848484848,-0.2857142857142859,0.2999999999999995,-0.35714285714285715,-0.4146341463414634,-0.7088607594936573,0.42105263157894784,0.23188405797101486,0.9333333333333336,1
1214,0.8095238095238093,-0.5925925925925928,0.4848484848484848,-0.4285714285714288,-0.4500000000000003,-0.6428571428571429,-0.6097560975609756,-0.09666283084006508,-0.8421052631578957,0.7536231884057977,0.20000000000000048,1
575,1.2857142857142856,-0.761904761904762,0.696969696969697,1.4285714285714282,-0.10000000000000007,0.42857142857142855,0.975609756097561,1.1047180667433527,-0.6315789473684218,0.4637681159420291,-0.13333333333333286,1
51,0.4285714285714288,0.5925925925925928,0.0,-0.7142857142857144,-0.3000000000000002,-0.7142857142857143,-0.36585365853658536,0.13808975834290632,-0.8421052631578957,0.6956521739130439,-0.6666666666666666,0
1246,-0.23809523809523814,0.12698412698412712,-0.21212121212121215,-0.5714285714285715,0.09999999999999522,0.07142857142857142,-0.0975609756097561,-0.11507479861908859,0.9473684210526326,0.3478260869565223,0.20000000000000048,0
727,0.09523809523809491,0.8465608465608465,-0.5151515151515152,0.8571428571428564,0.20000000000000015,0.2857142857142857,0.2682926829268293,1.1967779056386236,0.6315789473684218,0.5797101449275365,0.6000000000000002,1
834,1.7619047619047619,-0.21164021164021185,0.5454545454545455,-0.8571428571428571,3.3499999999999988,1.5714285714285714,0.3170731707317073,0.7180667433831947,0.3684210526315782,1.3913043478260878,-0.1999999999999993,0
1116,-0.4285714285714288,0.7195767195767194,-0.5757575757575758,0.4285714285714282,0.5499999999999997,0.07142857142857142,-0.4146341463414634,-0.49712313003450365,0.3684210526315782,-0.11594202898550743,0.7333333333333343,1
1167,0.9523809523809526,0.08465608465608475,0.0,-0.2857142857142859,1.5499999999999996,-0.5,0.5365853658536586,0.1334867663981632,-1.9473684210526327,2.0869565217391317,0.0,0
471,2.428571428571429,-0.8465608465608467,1.181818181818182,0.5714285714285712,0.6499999999999998,0.07142857142857142,0.21951219512195122,1.2888377445339456,-1.3684210526315805,-0.057971014492753714,0.2666666666666669,0
654,0.7142857142857144,-0.8042328042328044,1.0,0.8571428571428564,-0.05000000000000004,-0.35714285714285715,-0.1951219512195122,0.36823935558113463,-1.0,-0.4637681159420291,1.2000000000000004,1
512,1.0,0.2962962962962961,0.1515151515151515,0.0,0.49999999999999967,0.8571428571428571,0.5853658536585366,1.1967779056386236,-0.6842105263157892,0.057971014492753714,0.0,1
321,0.9047619047619051,0.5925925925925928,0.393939393939394,1.4285714285714282,0.1500000000000001,0.5,0.5121951219512195,0.9666283084004464,0.3157894736842109,0.5217391304347828,0.8666666666666671,1
20,0.0,-0.8465608465608467,0.7575757575757577,-0.5714285714285715,13.049999999999997,0.21428571428571427,0.43902439024390244,0.04602991944763544,-1.4210526315789478,2.666666666666669,-0.6666666666666666,1
685,0.9047619047619051,1.9470899470899472,0.18181818181818182,0.14285714285714232,-0.10000000000000007,1.5,2.7804878048780486,0.5523590333716764,-0.3157894736842109,-0.8115942028985514,-0.5333333333333327,0
36,-0.04761904761904788,0.5291005291005292,-0.787878787878788,4.714285714285713,0.2999999999999995,-0.6428571428571429,-0.4878048780487805,0.8285385500575401,0.47368421052631515,-0.4057971014492754,-0.39999999999999974,1
903,-0.23809523809523814,0.4867724867724868,-0.4848484848484849,0.28571428571428525,0.0,0.14285714285714285,-0.12195121951219512,0.2577675489067891,1.4210526315789478,0.4057971014492754,0.40000000000000097,1
828,-0.3809523809523814,-0.253968253968254,-0.36363636363636365,0.8571428571428564,-0.20000000000000015,0.07142857142857142,-0.024390243902439025,-0.2577675489067891,0.26315789473684126,-0.7536231884057977,0.3333333333333333,0
1435,1.095238095238095,0.08465608465608475,0.3333333333333333,18.85714285714285,6.699999999999999,2.9285714285714284,1.3902439024390243,3.171461449942409,-0.6842105263157892,0.8695652173913051,-0.7999999999999995,1
408,1.9523809523809526,-0.5502645502645503,1.2121212121212124,1.1428571428571423,0.6499999999999998,-0.14285714285714285,-0.1951219512195122,1.2888377445339456,-0.6842105263157892,0.057971014492753714,0.40000000000000097,1
538,0.09523809523809491,1.291005291005291,-0.06060606060606067,-0.14285714285714296,0.20000000000000015,-0.6428571428571429,-0.6097560975609756,0.18411967779054175,0.3157894736842109,0.8695652173913051,0.3333333333333333,1
759,0.09523809523809491,1.4814814814814816,-0.787878787878788,0.0,0.20000000000000015,-0.2857142857142857,-0.17073170731707318,-0.11047180667434549,-0.3157894736842109,-0.6956521739130439,-0.2666666666666657,0
1063,0.04761904761904746,-0.5925925925925928,0.5454545454545455,-0.4285714285714288,0.8999999999999999,-0.5714285714285714,-0.5609756097560976,-0.5523590333716764,-0.05263157894736965,0.11594202898550743,0.8000000000000007,1
1200,0.0,0.2539682539682538,-0.09090909090909091,0.14285714285714232,-0.20000000000000015,0.6428571428571429,1.3658536585365855,0.027617951668560823,-0.5263157894736848,-0.23188405797101486,-0.4666666666666662,1
246,-0.28571428571428603,0.5925925925925928,-0.787878787878788,-0.2857142857142859,0.20000000000000015,-0.5714285714285714,-0.36585365853658536,0.6904487917145827,1.5789473684210522,1.9710144927536244,-0.1999999999999993,1
1128,-0.7619047619047623,1.015873015873016,-0.787878787878788,0.9999999999999993,-0.4000000000000003,0.8571428571428571,0.34146341463414637,-1.3855005753740106,1.0526315789473673,-0.11594202898550743,0.8666666666666671,1
785,-0.3809523809523814,0.2962962962962961,-0.7575757575757577,0.4285714285714282,-0.1500000000000001,0.42857142857142855,1.146341463414634,0.30379746835442456,1.2631578947368411,-0.17391304347826114,-0.2666666666666657,0
490,0.666666666666667,-0.5502645502645503,0.4242424242424243,0.5714285714285712,-0.35000000000000026,-0.2857142857142857,-0.2926829268292683,0.7364787111622181,0.15789473684210428,0.7536231884057977,0.0,1
962,-0.3809523809523814,0.1693121693121695,-0.36363636363636365,-0.8571428571428571,-0.10000000000000007,-0.5,-0.4878048780487805,-0.40506329113923273,-0.21052631578947392,0.0,-0.5999999999999991,0
854,0.666666666666667,-0.6772486772486775,0.393939393939394,-1.0,0.0,1.9285714285714286,0.4146341463414634,-0.1288837744534201,0.8421052631578957,0.6376811594202902,0.4666666666666674,1
626,-0.5238095238095242,0.7195767195767194,-0.787878787878788,4.857142857142855,2.1999999999999993,0.5,0.4878048780487805,1.334867663981581,0.7894736842105261,0.5797101449275365,0.0,0
686,0.09523809523809491,1.1005291005291007,-0.09090909090909091,0.5714285714285712,-1.05,-0.6428571428571429,-0.5609756097560976,0.09205983889527088,0.3157894736842109,-0.3478260869565217,0.7333333333333343,0
570,-0.8095238095238098,-0.6772486772486775,-0.06060606060606067,0.0,0.7499999999999998,0.35714285714285715,0.0975609756097561,-1.0126582278480818,1.3684210526315783,-0.28985507246376857,1.0,1
1520,-0.6190476190476195,0.7619047619047618,-0.5454545454545455,0.5714285714285712,1.2999999999999996,0.0,-0.2682926829268293,-0.06904487917145316,0.6842105263157892,-0.23188405797101486,0.0,0
18,0.09523809523809491,0.1693121693121695,0.06060606060606067,-0.7142857142857144,14.399999999999997,0.14285714285714285,0.43902439024390244,0.0,-1.0526315789473697,3.826086956521742,-0.5999999999999991,0
128,0.09523809523809491,3.4285714285714293,-0.787878787878788,-0.5714285714285715,0.09999999999999522,-0.7857142857142857,-0.6341463414634146,-0.18411967779059285,1.210526315789474,-0.8115942028985514,0.4666666666666674,0
1572,-0.7142857142857144,-0.5925925925925928,-0.36363636363636365,0.0,-2.0999999999999996,0.07142857142857142,-0.3170731707317073,-0.76409666283083,0.6842105263157892,0.17391304347826114,0.6000000000000002,1
928,0.23809523809523814,0.6349206349206351,-0.21212121212121215,0.0,0.6499999999999998,-0.21428571428571427,0.9024390243902439,0.2577675489067891,-0.5789473684210521,-0.17391304347826114,-0.6666666666666666,0
981,0.5714285714285712,-0.08465608465608475,0.12121212121212116,-0.4285714285714288,-0.7499999999999998,-0.42857142857142855,-0.5121951219512195,0.4326812428077936,0.052631578947367315,0.5217391304347828,0.20000000000000048,1
1568,-0.3333333333333335,0.7407407407407406,-0.393939393939394,-0.2857142857142859,-0.20000000000000015,-0.14285714285714285,-0.43902439024390244,-0.6168009205983864,-0.10526315789473696,-0.4637681159420291,-0.06666666666666643,0
191,0.14285714285714238,-0.08465608465608475,0.27272727272727265,0.9999999999999993,-0.1500000000000001,0.5,2.1707317073170733,0.36823935558113463,-0.42105263157894784,0.0,-0.5333333333333327,0
1140,0.14285714285714238,-0.042328042328042374,-0.06060606060606067,-0.2857142857142859,-0.05000000000000004,0.14285714285714285,1.170731707317073,0.3866513233601581,0.15789473684210428,0.11594202898550743,-0.4666666666666662,1
993,-0.666666666666667,-0.507936507936508,-0.4848484848484849,-0.2857142857142859,-0.20000000000000015,1.1428571428571428,0.21951219512195122,-0.5799769850402883,0.26315789473684126,-0.8115942028985514,-0.5333333333333327,1
1561,-0.04761904761904788,0.3386243386243385,0.0,-0.2857142857142859,0.0,1.2142857142857142,2.268292682926829,-0.2669735327963264,-0.5263157894736848,-0.5797101449275365,-0.1999999999999993,0
1331,-0.23809523809523814,0.3386243386243385,0.0,-0.14285714285714296,0.1500000000000001,0.21428571428571427,1.2926829268292683,-0.29459148446488725,-0.10526315789473696,-0.3478260869565217,-0.2666666666666657,1
607,0.7142857142857144,-0.46560846560846586,0.6666666666666666,3.428571428571427,-0.4000000000000003,-0.2857142857142857,-0.43902439024390244,0.23014959723817718,0.15789473684210428,0.9855072463768125,1.3333333333333333,1
181,0.4285714285714288,0.3809523809523809,-0.36363636363636365,0.28571428571428525,-0.6499999999999998,-0.2857142857142857,0.0975609756097561,0.04602991944763544,-0.6315789473684218,-0.17391304347826114,-0.4666666666666662,0
302,1.5238095238095237,-1.4391534391534395,0.6666666666666666,-1.0,-0.5999999999999998,-0.5,-0.5609756097560976,0.23014959723817718,-0.47368421052631515,0.11594202898550743,-0.06666666666666643,1
497,-0.04761904761904788,0.0,-0.030303030303030335,-0.4285714285714288,0.05000000000000004,0.0,0.0,0.7364787111622181,0.6315789473684218,0.17391304347826114,-0.7999999999999995,1
1375,-0.5238095238095242,1.2486772486772486,-0.787878787878788,-1.4285714285714286,9.349999999999998,0.14285714285714285,-0.21951219512195122,-0.9620253164557033,0.052631578947367315,-0.6376811594202902,-0.2666666666666657,0
1336,-0.6190476190476195,0.2539682539682538,-0.7272727272727274,0.28571428571428525,-0.5499999999999997,0.35714285714285715,0.04878048780487805,-1.3486766398158614,0.3684210526315782,0.23188405797101486,1.6000000000000003,1
1316,-0.1904761904761907,0.46560846560846564,0.030303030303030335,-0.2857142857142859,0.1500000000000001,0.21428571428571427,1.2926829268292683,-0.29459148446488725,-0.2631578947368436,-0.23188405797101486,-0.2666666666666657,1
518,1.1904761904761907,0.3809523809523809,0.696969696969697,-0.14285714285714296,5.999999999999999,-0.6428571428571429,-0.5365853658536586,1.1967779056386236,-0.7894736842105261,0.057971014492753714,-1.1999999999999993,0
477,0.666666666666667,-1.0582010582010584,0.4545454545454545,-0.2857142857142859,0.5499999999999997,-0.5714285714285714,-0.5365853658536586,0.5523590333716764,-0.15789473684210661,0.4637681159420291,-0.3333333333333333,0
158,-0.3809523809523814,-0.3809523809523811,0.4848484848484848,4.714285714285713,-0.4500000000000003,1.0,2.1951219512195124,0.23014959723817718,0.5789473684210521,0.5217391304347828,0.20000000000000048,0
1244,0.1904761904761907,0.1693121693121695,-0.12121212121212126,0.28571428571428525,0.09999999999999522,-0.2857142857142857,1.170731707317073,0.6904487917145827,0.3157894736842109,0.0,-0.4666666666666662,0
1196,-0.8095238095238098,-0.3809523809523811,-0.12121212121212126,-0.5714285714285715,-0.10000000000000007,0.5,0.43902439024390244,-0.2163406214038968,1.105263157894737,-0.11594202898550743,-0.4666666666666662,1
17,0.2857142857142856,-1.015873015873016,0.9090909090909093,-0.5714285714285715,0.5999999999999998,1.5,1.5853658536585367,0.04602991944763544,-0.05263157894736965,0.7536231884057977,0.20000000000000048,1
1073,-0.3333333333333335,-0.7195767195767199,0.0,-0.5714285714285715,0.1500000000000001,1.3571428571428572,0.9024390243902439,0.0,0.47368421052631515,-0.23188405797101486,-0.4666666666666662,1
1575,-1.0952380952380958,-0.8888888888888892,1.575757575757576,16.714285714285708,-0.3000000000000002,0.6428571428571429,1.3170731707317074,-0.013808975834280411,0.42105263157894784,-0.8115942028985514,0.20000000000000048,1
547,-0.1904761904761907,0.12698412698412712,-0.06060606060606067,-0.2857142857142859,-0.10000000000000007,-0.2857142857142857,-0.24390243902439024,0.6904487917145827,0.7368421052631587,0.9275362318840589,-0.4666666666666662,1
659,-0.3333333333333335,0.0,-0.5757575757575758,-1.142857142857143,-0.3000000000000002,-0.6428571428571429,-0.43902439024390244,0.23014959723817718,0.052631578947367315,1.10144927536232,-0.39999999999999974,1
1304,0.04761904761904746,-1.015873015873016,0.5454545454545455,-0.5714285714285715,0.05000000000000004,1.0,0.7317073170731707,-0.823935558112797,0.26315789473684126,0.23188405797101486,0.6666666666666666,0
1337,-0.9047619047619051,-0.08465608465608475,-0.787878787878788,-1.142857142857143,-1.1499999999999997,0.07142857142857142,-0.2926829268292683,-1.0678941311852546,0.26315789473684126,-0.9855072463768122,-0.4666666666666662,0
960,0.04761904761904746,0.2962962962962961,-0.6363636363636365,-0.2857142857142859,0.4499999999999996,-0.14285714285714285,-0.14634146341463414,0.2531645569619949,0.26315789473684126,-0.057971014492753714,-0.13333333333333286,0
1518,-0.666666666666667,0.042328042328042374,-0.6060606060606062,-0.2857142857142859,-0.8499999999999999,1.0714285714285714,0.14634146341463414,-0.8791714614499186,0.3684210526315782,1.2173913043478268,0.06666666666666761,1
284,0.4761904761904763,-0.507936507936508,0.18181818181818182,4.857142857142855,0.34999999999999953,-0.2857142857142857,0.21951219512195122,1.0586881472957173,0.3684210526315782,0.8695652173913051,0.20000000000000048,1
226,-0.09523809523809534,-0.3809523809523811,-0.030303030303030335,0.5714285714285712,-0.35000000000000026,1.0714285714285714,0.6097560975609756,-0.29919447640968144,0.3157894736842109,-0.23188405797101486,0.20000000000000048,1
27,-0.1428571428571432,-0.46560846560846586,-0.06060606060606067,-0.5714285714285715,0.0,-0.7142857142857143,-0.6585365853658537,-0.2761795166858637,-0.15789473684210661,-0.17391304347826114,-0.4666666666666662,0
438,1.5238095238095237,-0.2962962962962964,1.4242424242424243,1.4285714285714282,-0.6999999999999998,-0.5714285714285714,-0.3902439024390244,0.8285385500575401,-0.7368421052631587,0.23188405797101486,0.6666666666666666,1
1555,-0.6190476190476195,1.4179894179894181,-0.7272727272727274,0.28571428571428525,-0.8999999999999999,0.07142857142857142,-0.36585365853658536,-0.2439585730725087,1.210526315789474,-0.11594202898550743,0.5333333333333338,1
230,-0.4761904761904763,0.0,-0.030303030303030335,0.5714285714285712,0.05000000000000004,-0.2857142857142857,-0.024390243902439025,0.02301495972381772,0.7894736842105261,-0.6956521739130439,0.5333333333333338,0
38,0.09523809523809491,-0.5925925925925928,0.06060606060606067,-0.14285714285714296,-0.6999999999999998,-0.07142857142857142,-0.1951219512195122,0.0,-0.42105263157894784,0.6376811594202902,-0.3333333333333333,1
750,-0.28571428571428603,-0.042328042328042374,-0.24242424242424251,-0.14285714285714296,-0.49999999999999967,-0.14285714285714285,-0.24390243902439024,0.40506329113923273,1.105263157894737,0.6376811594202902,-0.4666666666666662,1
1046,-0.4761904761904763,-0.33862433862433877,-0.787878787878788,-1.142857142857143,-0.49999999999999967,1.2857142857142858,0.0,-1.11392405063289,0.052631578947367315,-0.23188405797101486,0.8000000000000007,1
1361,0.6190476190476186,0.08465608465608475,0.1515151515151515,0.14285714285714232,1.5999999999999948,-0.21428571428571427,0.0,0.08745684695052777,-0.3684210526315782,-0.3478260869565217,0.4666666666666674,0
1571,-0.7142857142857144,-0.6772486772486775,0.8181818181818183,0.0,7.5,0.35714285714285715,-0.07317073170731707,-1.5650172612198094,0.3157894736842109,1.7971014492753639,1.4666666666666675,1
1470,-0.28571428571428603,1.9470899470899472,-0.6363636363636365,-0.14285714285714296,-0.95,0.42857142857142855,0.2682926829268293,0.11507479861908859,0.0,-0.4057971014492754,-0.3333333333333333,0
640,0.4761904761904763,-0.9735449735449738,0.27272727272727265,-0.4285714285714288,-0.6499999999999998,0.7857142857142857,0.4634146341463415,0.09205983889527088,-0.6842105263157892,4.289855072463772,0.06666666666666761,1
1378,-1.285714285714286,-0.12698412698412712,0.0,0.14285714285714232,0.49999999999999967,0.6428571428571429,0.8780487804878049,-0.6904487917146338,2.105263157894737,0.0,1.3333333333333333,1
1219,0.14285714285714238,-0.507936507936508,0.1515151515151515,-0.4285714285714288,0.09999999999999522,-0.42857142857142855,-0.34146341463414637,-0.36823935558113463,-0.3684210526315782,0.4057971014492754,0.2666666666666669,1
1159,-0.5714285714285716,-0.46560846560846586,0.5151515151515151,0.8571428571428564,-0.20000000000000015,0.5714285714285714,0.3902439024390244,-0.49712313003450365,0.5789473684210521,3.1304347826086976,0.2666666666666669,1
1330,-0.23809523809523814,0.3386243386243385,0.0,-0.14285714285714296,0.1500000000000001,0.21428571428571427,1.2926829268292683,-0.29459148446488725,-0.10526315789473696,-0.3478260869565217,-0.2666666666666657,1
1301,-1.285714285714286,0.5291005291005292,-0.787878787878788,-0.07142857142857179,0.0,0.07142857142857142,-0.24390243902439024,-1.0863060989643292,2.473684210526315,-0.057971014492753714,1.5333333333333339,1
801,-0.3333333333333335,0.3809523809523809,-0.5454545454545455,2.5714285714285707,0.09999999999999522,0.8571428571428571,1.7073170731707317,-0.17951668584579866,-0.3157894736842109,-0.6376811594202902,-0.5333333333333327,0
161,-0.1428571428571432,1.8201058201058202,-0.6969696969696971,-0.2857142857142859,0.49999999999999967,-0.5,-0.43902439024390244,-0.41426927502877003,-0.5789473684210521,-0.3478260869565217,-0.39999999999999974,0
957,0.5238095238095237,-0.6772486772486775,0.787878787878788,-0.14285714285714296,1.5499999999999996,-0.6428571428571429,-0.6829268292682927,-0.5155350978135782,0.0,0.0,0.7333333333333343,1
1187,-0.6190476190476195,1.1851851851851856,-0.6969696969696971,7.999999999999997,-0.05000000000000004,-0.5714285714285714,-0.6341463414634146,-0.2301495972382283,1.105263157894737,-0.6956521739130439,1.3333333333333333,0
1353,-0.1428571428571432,0.5291005291005292,-0.6969696969696971,-0.4285714285714288,0.2999999999999995,0.0,0.4634146341463415,0.04602991944763544,0.3157894736842109,-0.9275362318840585,0.06666666666666761,0
878,-0.09523809523809534,0.8253968253968254,-0.7575757575757577,-0.14285714285714296,-0.7999999999999998,1.2142857142857142,0.12195121951219512,-1.4223245109321088,0.5263157894736848,-0.28985507246376857,1.0666666666666675,1
914,0.7142857142857144,-0.5291005291005292,0.6060606060606062,3.428571428571427,0.6999999999999998,-0.7857142857142857,-0.6829268292682927,-0.18872266973533597,-0.21052631578947392,0.11594202898550743,1.3333333333333333,1
1465,-0.5238095238095242,0.2962962962962961,-0.4848484848484849,-0.7142857142857144,-0.8499999999999999,1.4285714285714286,0.36585365853658536,-0.4602991944764055,0.5263157894736848,0.28985507246376857,-0.3333333333333333,0
1136,0.04761904761904746,-1.142857142857143,0.5151515151515151,-0.7142857142857144,-0.6499999999999998,0.5714285714285714,0.2926829268292683,-1.0126582278480818,0.3684210526315782,-0.11594202898550743,1.133333333333334,1
1251,-0.3809523809523814,0.3386243386243385,-0.7575757575757577,0.14285714285714232,-0.05000000000000004,0.7142857142857143,-0.024390243902439025,-0.76409666283083,0.47368421052631515,-0.057971014492753714,0.4666666666666674,1
1570,-0.8095238095238098,-0.042328042328042374,-0.36363636363636365,-0.4285714285714288,-1.200000000000005,0.07142857142857142,-0.0975609756097561,-1.3072497123130202,0.894736842105263,-0.28985507246376857,0.8666666666666671,1
587,1.5238095238095237,-0.8888888888888892,0.696969696969697,0.7142857142857141,0.6999999999999998,0.14285714285714285,0.21951219512195122,0.8285385500575401,-1.0,2.318840579710147,0.2666666666666669,1
1521,-0.666666666666667,0.042328042328042374,-0.6060606060606062,-0.2857142857142859,-0.8499999999999999,1.0714285714285714,0.14634146341463414,-0.8791714614499186,0.3684210526315782,1.2173913043478268,0.06666666666666761,1
1144,-0.4285714285714288,-1.2698412698412702,0.12121212121212116,-0.5714285714285715,-0.7499999999999998,0.14285714285714285,-0.43902439024390244,-0.03682393555809813,1.5789473684210522,1.159420289855073,-0.13333333333333286,1
54,0.33333333333333304,-0.5925925925925928,0.303030303030303,1.1428571428571423,0.05000000000000004,1.1428571428571428,1.975609756097561,0.09205983889527088,-0.5789473684210521,-0.3478260869565217,-0.5333333333333327,0
152,0.6190476190476186,0.0,2.2424242424242427,1.7142857142857135,26.499999999999996,1.2857142857142858,0.7560975609756098,1.2888377445339456,-3.0,8.000000000000005,-0.5333333333333327,0
404,1.666666666666667,0.3386243386243385,0.696969696969697,0.7142857142857141,0.25000000000000017,-0.2857142857142857,0.07317073170731707,1.1967779056386236,-0.8421052631578957,0.057971014492753714,0.20000000000000048,1
1551,-0.3809523809523814,0.6772486772486775,-0.787878787878788,0.14285714285714232,0.34999999999999953,0.21428571428571427,-0.2926829268292683,0.4741081703106859,0.7368421052631587,-0.5217391304347828,-0.4666666666666662,0
208,-0.04761904761904788,0.2116402116402114,0.1515151515151515,-0.5714285714285715,-0.5499999999999997,0.8571428571428571,2.0,-0.25316455696204604,-0.10526315789473696,-0.5217391304347828,-0.5999999999999991,0
1510,0.0,-1.4391534391534395,0.4242424242424243,-0.5714285714285715,-0.8999999999999999,-0.5,-0.43902439024390244,-1.2428078250863102,-0.15789473684210661,0.4637681159420291,0.6000000000000002,0
1123,-0.7619047619047623,-0.21164021164021185,-0.787878787878788,-1.142857142857143,-1.2499999999999998,0.9285714285714286,-0.12195121951219512,-2.1173762945914856,0.7368421052631587,-0.8115942028985514,1.400000000000001,1
9,-0.04761904761904788,0.2539682539682538,-0.7272727272727274,-0.2857142857142859,-0.35000000000000026,-0.35714285714285715,-0.4878048780487805,0.0,0.26315789473684126,-0.28985507246376857,-0.4666666666666662,1
1015,0.04761904761904746,0.2539682539682538,-0.3030303030303031,-0.2857142857142859,1.9999999999999993,-0.7857142857142857,-0.7560975609756098,-1.0402761795166937,-0.47368421052631515,-0.23188405797101486,0.6666666666666666,1
1434,-0.8571428571428577,-0.507936507936508,-0.3030303030303031,-0.5714285714285715,-0.5499999999999997,-0.21428571428571427,-0.3170731707317073,-0.5983889528193118,0.5789473684210521,0.6956521739130439,-0.06666666666666643,1
1061,1.7619047619047619,-1.227513227513228,0.9393939393939393,-0.5714285714285715,-0.3000000000000002,-0.7857142857142857,-0.7317073170731707,0.5983889528193118,-0.894736842105263,0.4637681159420291,-0.1999999999999993,1
453,-0.5238095238095242,0.1693121693121695,-0.6969696969696971,-0.7142857142857144,0.20000000000000015,0.2857142857142857,-0.07317073170731707,0.0,0.6842105263157892,0.057971014492753714,-0.13333333333333286,1
254,-0.09523809523809534,1.0793650793650795,0.4848484848484848,-0.4285714285714288,0.5999999999999998,-0.42857142857142855,1.170731707317073,-0.41426927502877003,-0.42105263157894784,-0.17391304347826114,-0.4666666666666662,0
1328,-0.5714285714285716,-0.253968253968254,-0.06060606060606067,-0.7142857142857144,-0.1500000000000001,0.2857142857142857,-0.0975609756097561,-0.920598388952811,0.42105263157894784,-0.11594202898550743,0.2666666666666669,1
897,0.1904761904761907,-0.8888888888888892,0.393939393939394,0.28571428571428525,-0.10000000000000007,0.21428571428571427,0.12195121951219512,-1.0863060989643292,0.0,0.8695652173913051,1.5333333333333339,1
1392,0.04761904761904746,0.507936507936508,-0.12121212121212126,0.28571428571428525,0.6999999999999998,-0.6428571428571429,-0.12195121951219512,-0.31300345224396187,0.3157894736842109,-0.23188405797101486,0.5333333333333338,0
1505,-0.1904761904761907,-0.5925925925925928,0.9393939393939393,0.14285714285714232,1.2999999999999996,-0.6428571428571429,-0.6341463414634146,-0.3452243958573169,0.26315789473684126,-0.4057971014492754,0.8000000000000007,1
624,0.0,-0.042328042328042374,-0.030303030303030335,0.9999999999999993,-0.1500000000000001,0.5,0.17073170731707318,0.27617951668581264,0.9473684210526326,1.9710144927536244,1.2666666666666668,1
346,-0.4285714285714288,0.6984126984126987,-0.787878787878788,-0.4285714285714288,-0.6499999999999998,1.8571428571428572,0.6097560975609756,0.5063291139240409,1.5263157894736847,1.10144927536232,-0.1999999999999993,0
1538,-1.1904761904761907,0.2539682539682538,-0.5454545454545455,-0.4285714285714288,-1.05,0.42857142857142855,-0.17073170731707318,-0.9021864211737874,1.0,0.11594202898550743,0.0,1
263,0.04761904761904746,0.0,-0.6969696969696971,-0.7142857142857144,-0.49999999999999967,-0.2857142857142857,-0.07317073170731707,-0.4833141542002232,0.15789473684210428,-0.28985507246376857,-0.13333333333333286,0
1322,-1.3809523809523814,0.9312169312169313,-0.787878787878788,-1.4285714285714286,-1.9500000000000048,0.14285714285714285,0.1951219512195122,-1.9424626006904302,3.684210526315789,-0.17391304347826114,1.5333333333333339,1
473,2.1904761904761907,-0.6349206349206351,0.878787878787879,0.5714285714285712,0.1500000000000001,0.7857142857142857,0.7317073170731707,1.2428078250863102,-0.8421052631578957,1.159420289855073,0.13333333333333405,1
641,0.9523809523809526,0.08465608465608475,0.5757575757575758,0.14285714285714232,-0.4500000000000003,0.14285714285714285,0.04878048780487805,1.0586881472957173,0.42105263157894784,0.0,-0.5333333333333327,0
1584,-0.8095238095238098,-0.253968253968254,0.09090909090909083,-0.14285714285714296,-0.3000000000000002,1.2857142857142858,1.4634146341463414,-0.4695051783659428,0.10526315789473696,0.0,-0.2666666666666657,0
1502,-0.04761904761904788,1.2698412698412698,0.09090909090909083,2.9999999999999987,0.1500000000000001,0.5,0.6341463414634146,-0.17491369390105554,-0.7894736842105261,-0.5217391304347828,-0.5333333333333327,0
551,-0.5238095238095242,-0.042328042328042374,-0.7575757575757577,-0.14285714285714296,-0.3000000000000002,-0.35714285714285715,-0.3170731707317073,-0.4602991944764055,0.10526315789473696,-0.3478260869565217,-0.4666666666666662,1
929,0.33333333333333304,-0.21164021164021185,0.030303030303030335,0.14285714285714232,-1.2499999999999998,0.0,-0.24390243902439024,-0.7548906789412927,-0.6842105263157892,1.0434782608695663,0.6666666666666666,0
489,1.7619047619047619,-0.8465608465608467,0.878787878787879,0.8571428571428564,0.05000000000000004,1.5,0.7073170731707317,1.5650172612197581,0.052631578947367315,1.7391304347826102,0.40000000000000097,1
1448,-0.5238095238095242,0.6349206349206351,-0.787878787878788,-0.4285714285714288,0.0,0.5714285714285714,0.024390243902439025,0.09666283084001398,0.47368421052631515,0.6956521739130439,-0.3333333333333333,0
1172,-0.3809523809523814,0.2962962962962961,-0.787878787878788,0.0,-0.10000000000000007,0.8571428571428571,0.14634146341463414,-0.727272727272732,0.5789473684210521,0.3478260869565223,0.40000000000000097,1
147,-1.0000000000000004,0.6772486772486775,-0.7272727272727274,-0.5714285714285715,0.34999999999999953,0.5,1.3658536585365855,-1.1047180667434038,1.210526315789474,-0.5797101449275365,-0.13333333333333286,0
1497,-0.09523809523809534,0.08465608465608475,0.0,-0.4285714285714288,0.4499999999999996,0.6428571428571429,2.658536585365854,-0.20253164556961636,-0.2631578947368436,-0.17391304347826114,-0.3333333333333333,0
660,-0.3809523809523814,1.3544973544973544,-0.7272727272727274,3.1428571428571423,0.7999999999999998,-0.6428571428571429,-0.6097560975609756,0.09205983889527088,0.5263157894736848,-0.28985507246376857,0.5333333333333338,0
464,0.09523809523809491,0.5925925925925928,1.3333333333333333,0.0,0.8999999999999999,0.7857142857142857,2.2195121951219514,0.18411967779054175,-1.210526315789474,-0.5217391304347828,-0.7999999999999995,0
1350,-0.4761904761904763,0.2116402116402114,-0.787878787878788,0.8571428571428564,0.05000000000000004,0.5,0.07317073170731707,-0.7456846950518066,0.5263157894736848,-0.5797101449275365,0.40000000000000097,0
187,-0.23809523809523814,-0.5502645502645503,0.6666666666666666,-0.2857142857142859,0.09999999999999522,0.0,0.7073170731707317,0.18411967779054175,0.15789473684210428,-0.4057971014492754,-0.6666666666666666,0
1148,1.0,-0.46560846560846586,0.5757575757575758,5.714285714285713,-0.4500000000000003,-0.5714285714285714,-0.5853658536585366,0.10126582278480818,-0.5263157894736848,-0.7536231884057977,1.0666666666666675,1
1225,2.238095238095238,-0.5502645502645503,0.696969696969697,0.4285714285714282,0.0,-0.42857142857142855,-0.43902439024390244,1.1047180667433527,-1.2631578947368436,1.159420289855073,0.06666666666666761,1
609,1.0476190476190474,0.5502645502645503,0.3333333333333333,4.1428571428571415,1.4999999999999996,-0.21428571428571427,0.6585365853658537,2.669735327963111,0.052631578947367315,0.11594202898550743,0.13333333333333405,1
144,-0.7619047619047623,-0.5502645502645503,-0.5454545454545455,-0.7142857142857144,-0.6999999999999998,-0.7857142857142857,-0.43902439024390244,-0.6444188722669983,0.15789473684210428,-0.23188405797101486,-0.5333333333333327,0
752,0.1904761904761907,0.5502645502645503,-0.4848484848484849,0.9999999999999993,0.4499999999999996,0.21428571428571427,0.04878048780487805,0.5661680092059568,-0.10526315789473696,-0.4057971014492754,-0.4666666666666662,0
982,0.7619047619047619,1.4391534391534393,0.0,-0.4285714285714288,-0.05000000000000004,-0.07142857142857142,-0.24390243902439024,0.14729574223244363,-0.3157894736842109,0.0,-0.13333333333333286,0
198,1.7142857142857144,-0.9312169312169315,1.0303030303030303,-0.2857142857142859,-0.6499999999999998,-0.14285714285714285,-0.2682926829268293,0.5983889528193118,-1.0526315789473697,2.0289855072463783,-0.06666666666666643,1
280,0.4761904761904763,-0.507936507936508,0.18181818181818182,4.857142857142855,0.34999999999999953,-0.2857142857142857,0.21951219512195122,1.0586881472957173,0.3684210526315782,0.8695652173913051,0.20000000000000048,1
294,-0.4761904761904763,-0.6772486772486775,-0.030303030303030335,0.28571428571428525,0.8999999999999999,-0.6428571428571429,-0.5365853658536586,-0.18411967779059285,0.5263157894736848,-0.11594202898550743,-0.06666666666666643,1
1456,-0.666666666666667,1.6084656084656088,-0.787878787878788,-0.8571428571428571,-1.4,-0.35714285714285715,-0.5121951219512195,-0.9804372842347269,1.0,0.057971014492753714,0.4666666666666674,1
401,-0.6190476190476195,0.9100529100529101,-0.7272727272727274,8.14285714285714,2.099999999999999,3.857142857142857,2.097560975609756,1.1967779056386236,0.8421052631578957,-0.5217391304347828,-0.1999999999999993,0
1208,0.9523809523809526,0.8465608465608465,0.878787878787879,-0.7142857142857144,2.8,0.7142857142857143,0.34146341463414637,0.33141542002298535,0.21052631578947392,1.855072463768117,-0.13333333333333286,0
203,-0.5238095238095242,-0.08465608465608475,-0.45454545454545464,-1.0,-0.25000000000000017,0.14285714285714285,0.2682926829268293,-0.6214039125431806,0.26315789473684126,0.9855072463768125,-0.4666666666666662,0
836,-0.1428571428571432,0.613756613756614,-0.4848484848484849,-1.0,-0.6999999999999998,0.9285714285714286,0.4146341463414634,-0.11507479861908859,0.42105263157894784,-0.6376811594202902,-0.5999999999999991,0
247,-0.3809523809523814,0.6772486772486775,-0.5757575757575758,-0.4285714285714288,-0.25000000000000017,0.14285714285714285,0.3170731707317073,0.02301495972381772,0.3684210526315782,-0.5797101449275365,-0.4666666666666662,0
1515,-0.4761904761904763,1.3544973544973544,-0.15151515151515157,2.7142857142857126,-0.3000000000000002,0.14285714285714285,0.6585365853658537,0.7456846950517554,1.1578947368421042,0.5797101449275365,-0.6444444444444457,1
1562,-0.04761904761904788,0.3386243386243385,0.0,-0.2857142857142859,0.0,1.2142857142857142,2.268292682926829,-0.2669735327963264,-0.5263157894736848,-0.5797101449275365,-0.1999999999999993,0
1154,0.8095238095238093,-0.4232804232804235,0.27272727272727265,-0.14285714285714296,0.1500000000000001,0.21428571428571427,0.0,-0.2669735327963264,-0.42105263157894784,0.23188405797101486,0.6000000000000002,1
385,-0.09523809523809534,-0.042328042328042374,0.06060606060606067,-0.14285714285714296,0.34999999999999953,0.6428571428571429,0.3902439024390244,0.5523590333716764,0.5789473684210521,0.6956521739130439,-0.6666666666666666,0
1407,0.14285714285714238,-1.1851851851851856,0.24242424242424251,4.1428571428571415,-0.8999999999999999,-0.42857142857142855,-0.3902439024390244,0.27617951668581264,-0.47368421052631515,1.855072463768117,0.4666666666666674,1
220,-0.04761904761904788,0.042328042328042374,0.21212121212121215,0.28571428571428525,0.0,0.7142857142857143,2.5853658536585367,-0.11507479861908859,-0.05263157894736965,-0.11594202898550743,-0.4666666666666662,0
642,0.7619047619047619,0.2962962962962961,0.5454545454545455,0.14285714285714232,-0.4500000000000003,0.5,0.7317073170731707,1.1047180667433527,0.7894736842105261,0.057971014492753714,-0.4666666666666662,0
113,0.23809523809523814,0.3386243386243385,-0.4848484848484849,0.0,0.25000000000000017,0.0,1.7804878048780488,-0.18411967779059285,-0.8421052631578957,0.23188405797101486,-0.2666666666666657,0
699,0.7142857142857144,0.4021164021164021,0.06060606060606067,1.4285714285714282,0.34999999999999953,0.2857142857142857,0.8292682926829268,1.5189873417721227,0.0,-0.5217391304347828,-0.3333333333333333,0
1525,-0.9047619047619051,-0.4232804232804235,-0.21212121212121215,-0.2857142857142859,-0.25000000000000017,0.5714285714285714,0.21951219512195122,-0.727272727272732,0.42105263157894784,0.9275362318840589,-0.13333333333333286,1
952,0.1904761904761907,-1.015873015873016,0.6666666666666666,-0.14285714285714296,0.6499999999999998,-0.5714285714285714,-0.6341463414634146,-1.2520138089758475,-0.2631578947368436,0.0,1.4666666666666675,1
1417,1.0,-0.8465608465608467,1.0,0.0,-0.1500000000000001,-0.7857142857142857,-0.5609756097560976,1.1967779056386236,-0.5789473684210521,0.9275362318840589,-0.39999999999999974,0
1292,0.14285714285714238,0.4867724867724868,-0.4848484848484849,-0.14285714285714296,-0.35000000000000026,0.7857142857142857,0.5365853658536586,-0.19332566168007906,-0.10526315789473696,0.7536231884057977,0.4666666666666674,1
1445,-0.28571428571428603,0.6349206349206351,-0.7272727272727274,0.0,-0.4000000000000003,1.2142857142857142,1.3170731707317074,-0.5247410817031155,0.052631578947367315,0.3478260869565223,0.6000000000000002,1
442,1.904761904761905,-0.507936507936508,1.181818181818182,-0.07142857142857179,-0.5999999999999998,-0.5,-0.2682926829268293,0.920598388952811,-1.3157894736842108,0.3478260869565223,0.7333333333333343,1
1137,1.1904761904761907,0.0,0.5757575757575758,-0.2857142857142859,0.0,-0.5714285714285714,-0.6097560975609756,0.4326812428077936,-0.47368421052631515,0.8115942028985514,0.8000000000000007,1
1257,-0.1904761904761907,0.2962962962962961,-0.12121212121212126,-0.5714285714285715,0.09999999999999522,2.0714285714285716,0.5365853658536586,-0.8331415420022832,-1.105263157894737,-1.1594202898550734,-0.6666666666666666,0
664,1.0476190476190474,-1.015873015873016,0.6060606060606062,-0.5714285714285715,-1.4999999999999996,-0.6428571428571429,-0.6097560975609756,0.27617951668581264,-1.4210526315789478,0.9855072463768125,0.0,1
1464,-0.4761904761904763,0.46560846560846564,-0.7575757575757577,0.28571428571428525,-0.20000000000000015,0.0,0.024390243902439025,-0.727272727272732,0.15789473684210428,-0.5217391304347828,0.40000000000000097,1
1258,-0.4285714285714288,0.2539682539682538,0.06060606060606067,3.7142857142857126,0.25000000000000017,-0.14285714285714285,0.7560975609756098,-0.2163406214038968,0.052631578947367315,0.4637681159420291,0.5333333333333338,1
1419,-0.04761904761904788,0.042328042328042374,-0.7575757575757577,-0.8571428571428571,-0.1500000000000001,-0.7857142857142857,-0.4634146341463415,-0.8285385500575401,-0.7894736842105261,-0.9275362318840585,-0.2666666666666657,0
318,0.8095238095238093,1.0582010582010584,-0.4242424242424243,0.9999999999999993,0.09999999999999522,1.1428571428571428,0.8780487804878049,0.8515535097813578,-0.05263157894736965,0.11594202898550743,0.13333333333333405,1
649,0.3809523809523805,-0.1693121693121695,0.12121212121212116,0.8571428571428564,-0.6999999999999998,-0.2857142857142857,-0.24390243902439024,-0.18411967779059285,0.10526315789473696,0.28985507246376857,0.6666666666666666,1
710,0.8571428571428568,-0.8888888888888892,0.6363636363636364,-0.8571428571428571,-0.8999999999999999,-0.07142857142857142,-0.12195121951219512,0.6904487917145827,-0.21052631578947392,0.23188405797101486,-0.13333333333333286,1
1383,0.04761904761904746,0.3386243386243385,-0.12121212121212126,-0.14285714285714296,0.0,0.7857142857142857,1.6341463414634145,-0.30840046029921875,-0.05263157894736965,-0.7536231884057977,-0.1999999999999993,0
1283,0.0,1.0370370370370372,-0.787878787878788,-0.2857142857142859,0.20000000000000015,-0.35714285714285715,-0.3902439024390244,-0.28078250863060683,0.10526315789473696,0.3478260869565223,0.4666666666666674,1
973,1.0476190476190474,-0.5925925925925928,0.7272727272727273,0.28571428571428525,1.1999999999999995,-0.5714285714285714,-0.6097560975609756,-0.17031070195626136,-0.47368421052631515,0.17391304347826114,0.9333333333333336,1
628,0.4285714285714288,0.3386243386243385,0.09090909090909083,0.0,0.8999999999999999,-0.6428571428571429,-0.5609756097560976,0.920598388952811,0.26315789473684126,-0.7536231884057977,-0.7333333333333331,0
633,-0.1428571428571432,-0.46560846560846586,-0.36363636363636365,1.1428571428571423,0.34999999999999953,0.5,0.12195121951219512,-0.18411967779059285,0.052631578947367315,-0.28985507246376857,0.20000000000000048,1
1307,0.8571428571428568,0.7195767195767194,0.18181818181818182,0.4285714285714282,0.3999999999999996,0.5714285714285714,1.2926829268292683,0.5063291139240409,-0.10526315789473696,0.0,-0.06666666666666643,0
1401,0.0,0.7195767195767194,-0.15151515151515157,-0.14285714285714296,0.0,1.3571428571428572,2.5121951219512195,-0.2761795166858637,-0.3157894736842109,-0.6376811594202902,-0.1999999999999993,0
1409,0.09523809523809491,-0.9735449735449738,0.303030303030303,0.0,-1.5999999999999996,1.5,0.36585365853658536,-0.8285385500575401,-0.21052631578947392,2.260869565217393,1.4666666666666675,1
1249,-0.4761904761904763,-0.46560846560846586,0.21212121212121215,0.0,0.05000000000000004,0.5714285714285714,-0.04878048780487805,-0.8745684695051755,0.5263157894736848,0.7536231884057977,0.6000000000000002,1
1559,-0.4761904761904763,0.46560846560846564,0.21212121212121215,6.428571428571427,7.749999999999997,3.7142857142857144,1.8780487804878048,0.49252013808976053,-0.47368421052631515,-0.3478260869565217,-0.4666666666666662,0
1255,-0.04761904761904788,0.7619047619047618,-0.6060606060606062,-0.4285714285714288,-0.05000000000000004,0.42857142857142855,-0.07317073170731707,-0.2393555811277145,0.47368421052631515,0.4057971014492754,0.4666666666666674,0
1372,-0.1904761904761907,0.2539682539682538,0.9090909090909093,1.2857142857142854,3.649999999999999,-0.6428571428571429,-0.5853658536585366,-0.9390103567318856,-0.5263157894736848,2.3768115942029002,0.9333333333333336,1
1355,-0.3333333333333335,0.2539682539682538,-0.6969696969696971,0.14285714285714232,-0.1500000000000001,-0.5,-0.24390243902439024,-0.5155350978135782,0.21052631578947392,-0.5797101449275365,-0.13333333333333286,0
1535,-0.6190476190476195,0.1693121693121695,-0.36363636363636365,0.28571428571428525,-0.7999999999999998,-0.07142857142857142,-0.21951219512195122,-1.302646720368226,0.5789473684210521,0.0,1.0,1
1475,0.9523809523809526,-0.08465608465608475,0.7272727272727273,16.57142857142857,6.249999999999998,2.4285714285714284,1.0731707317073171,2.5868814729574283,-0.7894736842105261,0.7536231884057977,-0.9333333333333323,0
796,1.3809523809523814,1.5661375661375665,0.12121212121212116,0.5714285714285712,2.5999999999999996,-0.5,0.5365853658536586,0.48791714614496634,-1.6842105263157892,3.246376811594205,0.0,0
646,-0.04761904761904788,0.507936507936508,-0.4848484848484849,5.428571428571427,1.7499999999999998,-0.6428571428571429,-0.6585365853658537,0.7364787111622181,0.3157894736842109,0.4057971014492754,-0.06666666666666643,1
1013,-0.09523809523809534,2.0529100529100526,-0.3333333333333334,-0.14285714285714296,1.0999999999999994,-0.21428571428571427,-0.14634146341463414,-0.34982738780206,-0.42105263157894784,-0.8115942028985514,-0.13333333333333286,0
557,1.4285714285714288,0.042328042328042374,0.696969696969697,3.428571428571427,1.8999999999999992,-0.2857142857142857,-0.5121951219512195,1.5650172612197581,-1.2631578947368436,-0.3478260869565217,1.0,1
682,0.04761904761904746,-0.2962962962962964,-0.09090909090909091,0.0,0.6999999999999998,0.14285714285714285,-0.21951219512195122,-0.2761795166858637,-0.5263157894736848,-0.7536231884057977,0.0,1
578,0.4285714285714288,-0.33862433862433877,0.696969696969697,0.8571428571428564,0.1500000000000001,0.2857142857142857,1.7804878048780488,0.6444188722669473,-0.05263157894736965,-0.11594202898550743,-0.4666666666666662,0
1110,1.3809523809523814,-0.21164021164021185,0.5151515151515151,-0.14285714285714296,4.55,0.9285714285714286,0.6829268292682927,0.6444188722669473,-0.7368421052631587,0.8115942028985514,0.40000000000000097,1
1267,-0.3333333333333335,0.2116402116402114,-0.6363636363636365,0.14285714285714232,0.05000000000000004,0.14285714285714285,-0.04878048780487805,-0.5339470655926528,0.3684210526315782,-0.11594202898550743,0.06666666666666761,1
1184,-0.5238095238095242,0.5925925925925928,-0.5757575757575758,-0.8571428571428571,-0.49999999999999967,0.14285714285714285,0.5609756097560976,-0.49712313003450365,-0.10526315789473696,-0.11594202898550743,-0.5999999999999991,0
525,0.6190476190476186,-0.3809523809523811,0.696969696969697,0.28571428571428525,0.2999999999999995,0.6428571428571429,1.9024390243902438,0.36823935558113463,-0.42105263157894784,0.11594202898550743,-0.4666666666666662,0
1060,0.4761904761904763,-0.1693121693121695,0.8181818181818183,2.5714285714285707,1.0499999999999945,-0.7857142857142857,-0.6829268292682927,-0.43268124280784465,-0.5263157894736848,-0.17391304347826114,1.2666666666666668,1
1195,-0.4285714285714288,0.9523809523809524,-0.4242424242424243,-0.5714285714285715,1.6999999999999997,0.07142857142857142,0.6341463414634146,-0.42347525891830734,-0.47368421052631515,-0.17391304347826114,-0.4666666666666662,1
749,-0.3333333333333335,-0.08465608465608475,-0.24242424242424251,-0.14285714285714296,-0.4500000000000003,-0.14285714285714285,-0.17073170731707318,0.3728423475258777,1.105263157894737,0.5797101449275365,-0.39999999999999974,1
1478,-1.2380952380952386,-0.21164021164021185,-0.45454545454545464,0.0,-1.5999999999999996,0.14285714285714285,1.2439024390243902,-2.2922899884924903,1.210526315789474,1.5072463768115953,2.266666666666667,1
1431,-0.23809523809523814,-0.46560846560846586,-0.06060606060606067,-0.5714285714285715,-0.6999999999999998,0.2857142857142857,0.21951219512195122,-0.5523590333716764,0.3157894736842109,0.0,0.13333333333333405,0
485,1.2857142857142856,-0.33862433862433877,1.272727272727273,2.7142857142857126,1.6999999999999997,-0.5714285714285714,-0.34146341463414637,0.09205983889527088,-1.3157894736842108,0.23188405797101486,2.133333333333334,1
96,-1.5238095238095242,0.3386243386243385,-0.27272727272727276,0.14285714285714232,-1.100000000000005,0.21428571428571427,1.6585365853658536,-1.6570771001150801,2.8421052631578956,-0.11594202898550743,1.8000000000000007,1
1021,1.6190476190476195,-0.6772486772486775,1.2121212121212124,0.28571428571428525,2.1499999999999995,-0.7857142857142857,-0.7317073170731707,-0.17491369390105554,-0.5789473684210521,-0.5217391304347828,1.133333333333334,1
564,-0.1428571428571432,-0.9735449735449738,0.696969696969697,0.7142857142857141,0.5999999999999998,0.7857142857142857,0.5365853658536586,0.13808975834290632,0.0,-0.057971014492753714,-0.06666666666666643,1
1265,0.2857142857142856,-0.6349206349206351,0.18181818181818182,-0.5714285714285715,-0.6999999999999998,0.8571428571428571,0.3170731707317073,-1.0310701956271564,0.3684210526315782,0.5797101449275365,1.0666666666666675,1
743,-0.666666666666667,0.4021164021164021,-0.787878787878788,-0.4285714285714288,-0.7499999999999998,-0.35714285714285715,-0.4878048780487805,0.18411967779054175,0.7894736842105261,0.17391304347826114,-0.6666666666666666,0
864,-0.3333333333333335,0.42328042328042326,-0.6060606060606062,0.4285714285714282,-0.10000000000000007,0.21428571428571427,1.1219512195121952,0.30379746835442456,1.0526315789473673,-0.5217391304347828,-0.3333333333333333,0
892,-0.3333333333333335,0.5925925925925928,-0.6969696969696971,0.14285714285714232,-0.10000000000000007,0.14285714285714285,1.170731707317073,0.28998849252014414,1.1578947368421042,-0.28985507246376857,-0.3333333333333333,0
207,2.333333333333334,-0.9312169312169315,1.4545454545454546,0.5714285714285712,0.7499999999999998,-0.35714285714285715,-0.24390243902439024,1.1967779056386236,-0.5789473684210521,0.8695652173913051,0.40000000000000097,1
393,0.7619047619047619,-0.6349206349206351,0.787878787878788,-0.2857142857142859,0.09999999999999522,-0.5714285714285714,-0.2926829268292683,0.5523590333716764,-0.6842105263157892,-0.6376811594202902,-0.4666666666666662,0
795,1.0476190476190474,-1.0582010582010584,0.8484848484848486,0.14285714285714232,-0.7499999999999998,-0.5,-0.2926829268292683,-0.6858457997698396,-0.7368421052631587,-0.5217391304347828,1.5333333333333339,1
871,-0.09523809523809534,0.8253968253968254,-0.7575757575757577,-0.14285714285714296,-0.7999999999999998,1.2142857142857142,0.12195121951219512,-1.4223245109321088,0.5263157894736848,-0.28985507246376857,1.0666666666666675,1
398,1.7142857142857144,0.2962962962962961,1.0,0.5714285714285712,0.34999999999999953,-0.07142857142857142,0.2682926829268293,0.920598388952811,-0.6842105263157892,0.17391304347826114,0.5333333333333338,1
767,0.4285714285714288,0.2962962962962961,-0.24242424242424251,0.9999999999999993,0.4499999999999996,-0.14285714285714285,0.8780487804878049,0.2669735327963264,-0.894736842105263,-0.4637681159420291,-0.5333333333333327,0
1468,-0.5714285714285716,2.2010582010582014,-0.5454545454545455,0.14285714285714232,-0.6499999999999998,0.35714285714285715,-0.14634146341463414,-0.14729574223244363,1.105263157894737,-0.28985507246376857,0.5333333333333338,0
1242,0.9047619047619051,-0.6349206349206351,0.393939393939394,0.4285714285714282,-0.05000000000000004,1.0,0.6585365853658537,0.2255466052934341,-0.7894736842105261,-0.17391304347826114,-0.2666666666666657,0
1029,-0.3333333333333335,-0.761904761904762,-0.15151515151515157,0.4285714285714282,-0.25000000000000017,1.9285714285714286,0.7317073170731707,-0.43268124280784465,0.3157894736842109,-0.4637681159420291,-0.06666666666666643,1
643,0.9523809523809526,0.08465608465608475,0.5757575757575758,0.14285714285714232,-0.4500000000000003,0.14285714285714285,0.04878048780487805,1.0586881472957173,0.42105263157894784,0.0,-0.5333333333333327,0
613,-0.1904761904761907,0.507936507936508,-0.787878787878788,0.28571428571428525,-0.1500000000000001,0.2857142857142857,-0.21951219512195122,-0.13808975834290632,0.052631578947367315,-0.11594202898550743,-0.13333333333333286,1
961,0.2857142857142856,-0.21164021164021185,0.030303030303030335,-0.4285714285714288,-1.100000000000005,0.2857142857142857,0.0,-0.7456846950518066,-0.7894736842105261,1.3333333333333341,0.6000000000000002,1
726,0.5238095238095237,0.5925925925925928,-0.27272727272727276,1.1428571428571423,-0.1500000000000001,-0.6428571428571429,-0.6097560975609756,0.36823935558113463,-0.10526315789473696,-0.4057971014492754,0.13333333333333405,0
684,0.09523809523809491,1.1005291005291007,-0.09090909090909091,0.5714285714285712,-1.05,-0.6428571428571429,-0.5609756097560976,0.09205983889527088,0.3157894736842109,-0.3478260869565217,0.7333333333333343,0
99,-0.1428571428571432,1.6084656084656088,-0.6060606060606062,0.4285714285714282,-0.05000000000000004,-0.6428571428571429,-0.6829268292682927,-0.04602991944763544,0.42105263157894784,-0.3478260869565217,-0.2666666666666657,0
805,0.23809523809523814,0.0,-0.12121212121212126,0.7142857142857141,0.20000000000000015,-0.7142857142857143,-0.4878048780487805,0.00920598388953731,-0.2631578947368436,-0.28985507246376857,-0.1999999999999993,1
407,0.9047619047619051,-0.33862433862433877,0.6363636363636364,0.4285714285714282,-0.8499999999999999,-0.35714285714285715,-0.24390243902439024,0.5983889528193118,-0.3684210526315782,0.17391304347826114,0.40000000000000097,1
503,1.1904761904761907,-0.33862433862433877,1.4242424242424243,6.214285714285713,-0.3000000000000002,1.7142857142857142,0.926829268292683,1.0126582278480818,-0.7368421052631587,1.3333333333333341,1.2000000000000004,1
1072,-0.1904761904761907,1.0582010582010584,-0.18181818181818182,8.428571428571425,0.8999999999999999,1.1428571428571428,1.3170731707317074,0.9758342922899838,-0.5789473684210521,-0.23188405797101486,-0.6666666666666666,0
1057,0.4761904761904763,-0.1693121693121695,0.8181818181818183,2.5714285714285707,1.0499999999999945,-0.7857142857142857,-0.6829268292682927,-0.43268124280784465,-0.5263157894736848,-0.17391304347826114,1.2666666666666668,1
930,0.3809523809523805,-0.8042328042328044,0.36363636363636365,1.5714285714285705,-0.8499999999999999,-0.2857142857142857,-0.4634146341463415,-0.9758342922899838,-0.05263157894736965,0.6376811594202902,1.2000000000000004,1
780,-0.3809523809523814,0.0,-0.6969696969696971,0.5714285714285712,-0.20000000000000015,0.5,1.3170731707317074,0.29919447640963037,1.0,-0.11594202898550743,-0.2666666666666657,0
201,0.8095238095238093,-0.8465608465608467,0.6363636363636364,-1.142857142857143,-1.200000000000005,-0.35714285714285715,-0.34146341463414637,0.06904487917145316,-0.47368421052631515,1.159420289855073,0.06666666666666761,1
135,0.0,2.2010582010582014,-0.6363636363636365,0.0,0.20000000000000015,-0.07142857142857142,-0.21951219512195122,-0.41426927502877003,-0.47368421052631515,-0.4057971014492754,-0.1999999999999993,1
1052,0.2857142857142856,-0.253968253968254,1.0,-1.142857142857143,16.699999999999996,0.14285714285714285,0.17073170731707318,0.10126582278480818,-1.4736842105263175,4.173913043478264,-0.6666666666666666,0
41,-0.28571428571428603,-0.2962962962962964,0.303030303030303,5.285714285714285,-0.3000000000000002,-0.14285714285714285,1.1951219512195121,0.4602991944764055,0.10526315789473696,1.2173913043478268,0.20000000000000048,0
1018,0.04761904761904746,-1.4391534391534395,0.3333333333333333,-1.857142857142857,-1.5499999999999996,1.5714285714285714,1.7317073170731707,-3.0978135788262127,-2.210526315789474,-1.0434782608695659,1.6666666666666667,1
379,1.666666666666667,0.4444444444444444,1.2121212121212124,5.714285714285713,0.3999999999999996,-0.5714285714285714,-0.34146341463414637,0.920598388952811,-1.0526315789473697,2.1449275362318856,2.0666666666666678,1
289,0.3809523809523805,0.0,-0.5151515151515152,0.4285714285714282,0.5499999999999997,0.42857142857142855,0.2682926829268293,0.36823935558113463,0.15789473684210428,1.3913043478260878,0.2666666666666669,1
419,1.904761904761905,-0.5925925925925928,0.7575757575757577,-0.2857142857142859,2.0499999999999994,-0.5,-0.43902439024390244,1.2888377445339456,-0.3684210526315782,0.8115942028985514,0.13333333333333405,1
392,2.761904761904762,-0.4444444444444447,1.272727272727273,0.9999999999999993,0.25000000000000017,0.21428571428571427,0.12195121951219512,2.1173762945914856,-1.3157894736842108,1.0434782608695663,-0.13333333333333286,1
593,0.5238095238095237,-0.2962962962962964,0.696969696969697,0.5714285714285712,0.20000000000000015,0.5,0.9024390243902439,0.8745684695051755,0.21052631578947392,-0.28985507246376857,-0.3333333333333333,0
1163,0.2857142857142856,-0.8465608465608467,0.4848484848484848,0.14285714285714232,-0.25000000000000017,-0.14285714285714285,-0.4634146341463415,-1.1323360184119646,-0.894736842105263,0.5217391304347828,1.0666666666666675,1
1087,0.2857142857142856,-0.761904761904762,0.4242424242424243,3.5714285714285707,-1.2499999999999998,-0.7857142857142857,-0.7073170731707317,0.2669735327963264,0.3684210526315782,0.23188405797101486,0.9333333333333336,1
1153,0.1904761904761907,0.3386243386243385,-0.030303030303030335,0.0,1.8999999999999992,-0.35714285714285715,0.0,-0.29459148446488725,-0.8421052631578957,-0.5217391304347828,-0.2666666666666657,0
1368,-0.4761904761904763,0.08465608465608475,0.12121212121212116,0.0,0.3999999999999996,-0.35714285714285715,1.6341463414634145,0.20713463751435948,-0.3157894736842109,3.246376811594205,0.20000000000000048,1
521,0.9047619047619051,-1.142857142857143,0.696969696969697,0.7142857142857141,0.3999999999999996,0.07142857142857142,-0.12195121951219512,0.6444188722669473,0.5789473684210521,1.6231884057971029,-0.13333333333333286,1
65,-0.3333333333333335,0.8677248677248677,-0.6363636363636365,3.4999999999999996,0.2999999999999995,-0.7142857142857143,-0.6585365853658537,-0.2761795166858637,0.5263157894736848,-1.3333333333333341,0.4666666666666674,0
15,0.4761904761904763,0.42328042328042326,-0.24242424242424251,2.2857142857142847,4.799999999999998,2.7142857142857144,2.6097560975609757,0.8285385500575401,-0.7894736842105261,1.5072463768115953,-0.6666666666666666,0
1181,0.14285714285714238,-0.7195767195767199,0.21212121212121215,0.28571428571428525,-0.20000000000000015,-0.21428571428571427,0.21951219512195122,-0.3728423475258777,-0.21052631578947392,1.10144927536232,0.5333333333333338,1
1065,0.14285714285714238,0.9312169312169313,-0.5151515151515152,-0.2857142857142859,-0.6499999999999998,-0.6428571428571429,-0.6829268292682927,-1.205983889528212,-0.15789473684210661,-0.28985507246376857,1.0666666666666675,1
380,0.1904761904761907,-0.4232804232804235,0.36363636363636365,0.4285714285714282,0.6999999999999998,0.7142857142857143,0.5365853658536586,0.5063291139240409,0.0,0.4637681159420291,0.40000000000000097,1
188,-0.09523809523809534,0.7830687830687829,-0.4848484848484849,0.5714285714285712,0.20000000000000015,-0.35714285714285715,-0.2926829268292683,0.36823935558113463,0.42105263157894784,-0.7536231884057977,-0.3333333333333333,0
764,0.666666666666667,0.5714285714285715,0.0,-0.2857142857142859,0.7999999999999998,-0.6428571428571429,-0.07317073170731707,0.2669735327963264,-0.3157894736842109,-1.1594202898550734,-0.39999999999999974,0
217,0.3809523809523805,0.4444444444444444,-0.3030303030303031,-0.2857142857142859,1.0499999999999945,-0.07142857142857142,0.2682926829268293,-0.2761795166858637,-0.894736842105263,-0.28985507246376857,0.5333333333333338,0
792,0.4285714285714288,0.507936507936508,-0.27272727272727276,0.9999999999999993,0.20000000000000015,0.7857142857142857,2.2439024390243905,0.63521288837741,-0.42105263157894784,-0.4637681159420291,-0.39999999999999974,0
1077,0.9523809523809526,-0.8465608465608467,0.9090909090909093,-0.2857142857142859,-0.35000000000000026,-0.7857142857142857,-0.7317073170731707,-0.6720368239355592,-0.8421052631578957,0.6376811594202902,0.8000000000000007,1
879,0.4285714285714288,0.3809523809523809,-0.21212121212121215,2.5714285714285707,0.6999999999999998,1.1428571428571428,0.7560975609756098,0.49252013808976053,-0.47368421052631515,-0.6956521739130439,-0.13333333333333286,1
338,-0.04761904761904788,-0.3809523809523811,0.18181818181818182,0.8571428571428564,0.0,1.0714285714285714,0.4878048780487805,0.27617951668581264,0.0,0.11594202898550743,0.06666666666666761,0
720,-0.3809523809523814,0.5925925925925928,-0.787878787878788,2.4285714285714275,0.2999999999999995,0.21428571428571427,0.17073170731707318,0.36823935558113463,0.7894736842105261,-0.4637681159420291,-0.4666666666666662,0
296,1.3809523809523814,-0.08465608465608475,0.6060606060606062,0.4285714285714282,-0.35000000000000026,-0.6428571428571429,-0.2682926829268293,1.5189873417721227,-1.3684210526315805,0.11594202898550743,-0.4666666666666662,0
1017,0.4761904761904763,-0.5925925925925928,0.4242424242424243,0.0,-0.5999999999999998,-0.14285714285714285,-0.24390243902439024,-0.8929804372842501,-0.21052631578947392,0.7536231884057977,1.6000000000000003,1
1276,0.04761904761904746,0.8253968253968254,-0.12121212121212126,0.14285714285714232,-0.25000000000000017,-0.07142857142857142,1.048780487804878,0.03682393555809813,-0.3684210526315782,-0.4637681159420291,-0.4666666666666662,1
1486,-0.4285714285714288,0.5714285714285715,-0.3030303030303031,-0.14285714285714296,-0.3000000000000002,-0.42857142857142855,-0.3170731707317073,-0.3406214039125738,0.3157894736842109,-0.4057971014492754,-0.3333333333333333,0
456,1.6190476190476195,0.42328042328042326,1.2424242424242427,4.285714285714285,0.2999999999999995,-0.5714285714285714,-0.4634146341463415,0.920598388952811,-0.47368421052631515,0.4057971014492754,2.133333333333334,1
1596,-0.9523809523809526,0.12698412698412712,-0.4848484848484849,0.0,-0.8999999999999999,1.7857142857142858,0.3170731707317073,-0.7733026467203673,1.105263157894737,0.8115942028985514,0.6666666666666666,1
816,1.3809523809523814,-0.2962962962962964,0.21212121212121215,0.4285714285714282,0.95,0.42857142857142855,0.0,0.63521288837741,-0.3684210526315782,0.5217391304347828,0.40000000000000097,0
270,1.7142857142857144,-1.4391534391534395,0.7575757575757577,2.5714285714285707,1.1999999999999995,-0.7142857142857143,-0.36585365853658536,1.2888377445339456,-0.15789473684210661,2.0289855072463783,-0.06666666666666643,1
996,-0.09523809523809534,0.3386243386243385,-0.6060606060606062,-0.2857142857142859,-0.05000000000000004,0.35714285714285715,0.07317073170731707,0.07825086306099047,0.42105263157894784,0.0,-0.06666666666666643,1
202,0.4285714285714288,-0.6349206349206351,0.6666666666666666,-0.14285714285714296,0.8499999999999951,1.7857142857142858,2.6097560975609757,0.32220943613349917,-1.4210526315789478,2.3768115942029002,-0.5999999999999991,0
162,-0.1428571428571432,0.6772486772486775,-0.7272727272727274,-1.2857142857142856,-0.4000000000000003,-0.35714285714285715,-0.43902439024390244,-0.13808975834290632,-0.7368421052631587,2.666666666666669,-0.6666666666666666,0
730,-0.7142857142857144,1.4603174603174605,-0.6969696969696971,1.4285714285714282,-0.4500000000000003,0.9285714285714286,0.4878048780487805,-0.8285385500575401,1.5789473684210522,-0.7536231884057977,1.6666666666666667,1
402,-0.09523809523809534,-1.1005291005291007,0.12121212121212116,-0.7142857142857144,-1.05,0.42857142857142855,0.0,-0.8745684695051755,-0.10526315789473696,-0.8695652173913051,0.40000000000000097,1
703,-0.4285714285714288,0.507936507936508,-0.7272727272727274,-0.14285714285714296,-0.6499999999999998,-0.35714285714285715,-0.36585365853658536,0.09205983889527088,0.8421052631578957,0.28985507246376857,-0.5333333333333327,1
1501,-0.1904761904761907,0.8677248677248677,-0.6666666666666667,-1.0,-0.20000000000000015,-0.42857142857142855,-0.5609756097560976,-0.791714614499442,-0.2631578947368436,-0.5217391304347828,-0.39999999999999974,0
1130,1.2380952380952381,-0.3809523809523811,0.27272727272727265,1.5714285714285705,0.5999999999999998,0.7142857142857143,0.7804878048780488,0.543153049482139,-0.5263157894736848,0.4057971014492754,0.20000000000000048,1
1414,0.9523809523809526,0.2116402116402114,-0.030303030303030335,-0.2857142857142859,1.1999999999999995,-0.14285714285714285,1.2439024390243902,-0.2301495972382283,-1.4210526315789478,1.6231884057971029,-0.06666666666666643,0
1022,1.6190476190476195,-0.6772486772486775,1.2121212121212124,0.28571428571428525,2.1499999999999995,-0.7857142857142857,-0.7317073170731707,-0.17491369390105554,-0.5789473684210521,-0.5217391304347828,1.133333333333334,1
1026,0.33333333333333304,1.312169312169312,-0.787878787878788,0.8571428571428564,0.7499999999999998,0.21428571428571427,0.12195121951219512,0.6536248561564846,0.10526315789473696,-0.11594202898550743,0.13333333333333405,1
1412,-0.7142857142857144,-0.21164021164021185,0.4242424242424243,0.28571428571428525,-0.4500000000000003,-0.42857142857142855,-0.4634146341463415,-0.2301495972382283,1.3157894736842108,0.6376811594202902,0.2666666666666669,1
1105,0.04761904761904746,-0.1693121693121695,0.24242424242424251,0.0,-0.35000000000000026,0.14285714285714285,-0.3170731707317073,-1.4729574223244875,-0.15789473684210661,0.23188405797101486,1.4666666666666675,1
206,2.333333333333334,-0.9312169312169315,1.4545454545454546,0.5714285714285712,0.7499999999999998,-0.35714285714285715,-0.24390243902439024,1.1967779056386236,-0.5789473684210521,0.8695652173913051,0.40000000000000097,1
35,-1.285714285714286,-0.8465608465608467,-0.030303030303030335,-0.5714285714285715,1.1499999999999995,-0.07142857142857142,0.2926829268292683,-0.5063291139240409,0.3684210526315782,-0.4057971014492754,-0.6666666666666666,0
776,-0.3333333333333335,2.031746031746032,-0.787878787878788,1.1428571428571423,1.0999999999999994,-0.5,-0.5365853658536586,-0.43268124280784465,0.6315789473684218,-0.9275362318840585,-0.13333333333333286,0
509,1.0,0.2962962962962961,0.1515151515151515,0.0,0.49999999999999967,0.8571428571428571,0.5853658536585366,1.1967779056386236,-0.6842105263157892,0.057971014492753714,0.0,1
1479,-0.3809523809523814,1.5026455026455028,-0.6363636363636365,4.999999999999999,0.09999999999999522,-0.7857142857142857,-0.5853658536585366,0.5891829689297745,0.47368421052631515,-0.5797101449275365,0.0,0
1574,-0.9047619047619051,0.2539682539682538,-0.18181818181818182,0.28571428571428525,-0.25000000000000017,0.07142857142857142,0.2926829268292683,-0.9804372842347269,1.4210526315789478,0.28985507246376857,1.5333333333333339,1
92,0.33333333333333304,-0.12698412698412712,0.06060606060606067,-0.4285714285714288,1.4999999999999996,0.42857142857142855,2.3902439024390243,0.18411967779054175,-2.0,7.710144927536238,-0.1999999999999993,1
1364,0.04761904761904746,1.312169312169312,0.030303030303030335,-0.2857142857142859,0.0,-0.21428571428571427,0.6097560975609756,-0.1288837744534201,-0.10526315789473696,-0.8115942028985514,-0.2666666666666657,0
898,-0.3809523809523814,0.2962962962962961,-0.7575757575757577,0.14285714285714232,0.0,0.9285714285714286,0.12195121951219512,-0.5983889528193118,0.5789473684210521,-0.23188405797101486,0.3333333333333333,1
565,2.428571428571429,-0.21164021164021185,0.696969696969697,2.9999999999999987,0.25000000000000017,-0.5714285714285714,0.21951219512195122,2.4395857307249336,-0.05263157894736965,0.3478260869565223,1.6666666666666667,1
1370,-0.6190476190476195,0.3809523809523809,-0.787878787878788,-0.8571428571428571,-0.5499999999999997,-0.7142857142857143,-0.7317073170731707,-1.3072497123130202,0.10526315789473696,-1.4492753623188417,0.13333333333333405,0
777,-0.4761904761904763,1.0370370370370372,-0.24242424242424251,0.28571428571428525,8.149999999999997,-0.6071428571428571,0.24390243902439024,-0.31300345224396187,0.47368421052631515,-0.11594202898550743,0.06666666666666761,1
242,1.9523809523809526,-0.5925925925925928,0.9090909090909093,-0.14285714285714296,0.6499999999999998,-0.5714285714285714,-0.34146341463414637,1.1277330264671706,-0.894736842105263,0.5217391304347828,0.4666666666666674,1
14,-0.04761904761904788,0.3809523809523809,0.09090909090909083,-0.8571428571428571,1.6999999999999997,-0.35714285714285715,-0.21951219512195122,0.27617951668581264,-0.2631578947368436,5.449275362318845,-0.7333333333333331,0
316,-0.3809523809523814,-0.7195767195767199,0.09090909090909083,0.4285714285714282,0.7999999999999998,0.42857142857142855,0.36585365853658536,-0.2761795166858637,0.5789473684210521,0.17391304347826114,0.5333333333333338,1
601,0.14285714285714238,1.6719576719576723,0.030303030303030335,-0.14285714285714296,0.3999999999999996,-0.5,-0.36585365853658536,-0.2761795166858637,-0.2631578947368436,-0.8695652173913051,-0.13333333333333286,0
388,0.1904761904761907,0.5925925925925928,-0.3333333333333334,-0.4285714285714288,-0.05000000000000004,0.21428571428571427,0.0975609756097561,0.18411967779054175,0.0,-0.4637681159420291,-0.39999999999999974,1
1298,-0.3333333333333335,0.042328042328042374,-0.36363636363636365,-0.14285714285714296,-0.7999999999999998,0.07142857142857142,-0.21951219512195122,-1.6432681242807998,0.21052631578947392,-0.057971014492753714,1.2666666666666668,1
167,-0.5238095238095242,0.507936507936508,-0.4848484848484849,-0.14285714285714296,0.25000000000000017,0.2857142857142857,1.5365853658536586,-0.5523590333716764,0.15789473684210428,-0.5797101449275365,0.0,0
841,1.5238095238095237,-0.4232804232804235,0.6363636363636364,0.6428571428571423,0.25000000000000017,-0.35714285714285715,-0.0975609756097561,0.2577675489067891,-0.3684210526315782,0.8695652173913051,1.2666666666666668,1
21,0.4761904761904763,-1.2698412698412702,0.6666666666666666,-0.5714285714285715,-0.1500000000000001,1.0714285714285714,0.5365853658536586,0.0,0.42105263157894784,-0.5217391304347828,-0.5333333333333327,1
1509,-0.3809523809523814,-1.0582010582010584,1.0303030303030303,-0.14285714285714296,-0.3000000000000002,0.21428571428571427,-0.3170731707317073,0.6168009205983864,0.3684210526315782,0.5797101449275365,0.2666666666666669,1
1155,-0.6190476190476195,0.2539682539682538,-0.787878787878788,0.0,1.0,2.5714285714285716,0.6097560975609756,-0.6260069044879237,1.4736842105263153,0.3478260869565223,0.8000000000000007,1
1529,0.0,-0.9735449735449738,0.696969696969697,0.0,0.7999999999999998,0.5,0.5121951219512195,0.15650172612198093,0.0,0.28985507246376857,-0.06666666666666643,1
832,-0.9523809523809526,0.3809523809523809,-0.5454545454545455,-0.14285714285714296,-0.4500000000000003,0.14285714285714285,-0.34146341463414637,-1.3993095512082911,1.3157894736842108,0.8695652173913051,0.6000000000000002,1
1268,1.1904761904761907,-0.3809523809523811,0.7272727272727273,0.14285714285714232,-0.5999999999999998,-0.07142857142857142,-0.4634146341463415,-0.36823935558113463,-1.105263157894737,1.4492753623188417,0.8000000000000007,1
563,0.5238095238095237,0.08465608465608475,0.696969696969697,0.9999999999999993,0.6999999999999998,1.9285714285714286,1.7560975609756098,0.6444188722669473,-1.210526315789474,-0.057971014492753714,-0.6666666666666666,0
1558,-0.6190476190476195,1.4179894179894181,-0.7272727272727274,0.28571428571428525,-0.8999999999999999,0.07142857142857142,-0.36585365853658536,-0.2439585730725087,1.210526315789474,-0.11594202898550743,0.5333333333333338,1
687,-0.3809523809523814,0.5502645502645503,-0.24242424242424251,-0.5714285714285715,-0.49999999999999967,-0.07142857142857142,0.04878048780487805,0.09205983889527088,0.6842105263157892,-0.11594202898550743,-0.7333333333333331,0
958,0.7619047619047619,-0.6349206349206351,0.787878787878788,-0.2857142857142859,0.3999999999999996,-0.14285714285714285,0.3170731707317073,-0.30840046029921875,-0.10526315789473696,-0.23188405797101486,0.6000000000000002,1
190,0.0,-0.12698412698412712,0.18181818181818182,-0.4285714285714288,0.09999999999999522,0.21428571428571427,2.5853658536585367,0.0,-0.5789473684210521,-0.4057971014492754,-0.4666666666666662,0
976,-0.3333333333333335,-0.46560846560846586,0.12121212121212116,-0.14285714285714296,0.1500000000000001,1.5,0.8292682926829268,0.09205983889527088,0.6842105263157892,-0.5797101449275365,-0.5333333333333327,0
700,1.8571428571428577,-0.5925925925925928,0.878787878787879,-0.14285714285714296,-0.4500000000000003,-0.6428571428571429,-0.4634146341463415,0.8285385500575401,-1.0526315789473697,0.0,0.40000000000000097,1
1500,-0.4761904761904763,0.9312169312169313,-0.6969696969696971,0.14285714285714232,-1.2999999999999998,-0.5,-0.5365853658536586,-0.791714614499442,0.7368421052631587,0.057971014492753714,0.8666666666666671,1
511,2.1428571428571432,-0.4232804232804235,0.696969696969697,3.428571428571427,-0.35000000000000026,0.35714285714285715,0.12195121951219512,0.4602991944764055,-1.5263157894736847,-0.057971014492753714,-0.4666666666666662,0
1083,-0.3333333333333335,-0.5925925925925928,0.12121212121212116,-0.5714285714285715,-0.35000000000000026,1.2142857142857142,0.7804878048780488,0.02301495972381772,0.5789473684210521,-0.17391304347826114,-0.4666666666666662,1
475,1.2380952380952381,-1.015873015873016,0.7575757575757577,-0.7142857142857144,0.0,-0.2857142857142857,-0.34146341463414637,0.6444188722669473,-0.5789473684210521,1.565217391304349,-0.5333333333333327,1
857,0.666666666666667,-0.6772486772486775,0.393939393939394,-1.0,0.0,1.9285714285714286,0.4146341463414634,-0.1288837744534201,0.8421052631578957,0.6376811594202902,0.4666666666666674,1
748,0.33333333333333304,-0.8042328042328044,0.4242424242424243,0.5714285714285712,0.1500000000000001,0.14285714285714285,0.7317073170731707,0.4695051783659428,-0.05263157894736965,-0.8115942028985514,-0.5333333333333327,0
253,1.5238095238095237,-0.7195767195767199,0.6666666666666666,1.2857142857142854,0.49999999999999967,-0.6428571428571429,-0.4146341463414634,0.8285385500575401,-0.7368421052631587,-0.5217391304347828,0.20000000000000048,0
22,-0.1428571428571432,-0.5502645502645503,0.1515151515151515,0.14285714285714232,0.09999999999999522,0.6428571428571429,0.8048780487804879,0.6444188722669473,1.105263157894737,0.17391304347826114,-0.3333333333333333,0
1338,-0.9047619047619051,-0.08465608465608475,-0.787878787878788,-1.142857142857143,-1.1499999999999997,0.07142857142857142,-0.2926829268292683,-1.0678941311852546,0.26315789473684126,-0.9855072463768122,-0.4666666666666662,0
460,1.7619047619047619,0.2539682539682538,1.2121212121212124,0.0,-0.3000000000000002,-0.2857142857142857,0.21951219512195122,1.841196777905571,-0.3157894736842109,-0.28985507246376857,-0.7999999999999995,0
1185,-0.5714285714285716,0.507936507936508,-0.09090909090909091,-0.14285714285714296,0.0,-0.21428571428571427,1.975609756097561,-0.6536248561564846,0.26315789473684126,0.4637681159420291,0.4666666666666674,0
277,-0.4761904761904763,0.08465608465608475,-0.6666666666666667,1.1428571428571423,-0.1500000000000001,-0.5,-0.2682926829268293,0.8745684695051755,2.0,1.6811594202898565,-0.5333333333333327,1
956,0.2857142857142856,-1.3121693121693125,0.787878787878788,-0.4285714285714288,0.49999999999999967,-0.35714285714285715,-0.36585365853658536,-0.14729574223244363,0.26315789473684126,0.28985507246376857,0.13333333333333405,0
1216,0.4285714285714288,-1.0582010582010584,0.6060606060606062,-0.14285714285714296,0.7499999999999998,0.42857142857142855,-0.21951219512195122,-0.8837744533947128,-0.2631578947368436,-0.3478260869565217,0.7333333333333343,1
386,-0.23809523809523814,0.46560846560846564,-0.5757575757575758,0.28571428571428525,0.49999999999999967,-0.21428571428571427,-0.024390243902439025,0.5063291139240409,0.6315789473684218,0.8115942028985514,-0.3333333333333333,1
806,0.14285714285714238,-1.015873015873016,0.4242424242424243,0.28571428571428525,-1.4,-0.7142857142857143,-0.6829268292682927,-1.491369390103562,0.10526315789473696,0.4637681159420291,1.7333333333333343,1
1438,-0.5238095238095242,1.6719576719576723,0.09090909090909083,3.7142857142857126,-0.49999999999999967,0.07142857142857142,0.024390243902439025,-0.4741081703106859,1.1578947368421042,-0.4637681159420291,0.6000000000000002,0
1516,-0.4761904761904763,1.3544973544973544,-0.15151515151515157,2.7142857142857126,-0.3000000000000002,0.14285714285714285,0.6585365853658537,0.7456846950517554,1.1578947368421042,0.5797101449275365,-0.6333333333333329,1
344,1.4285714285714288,-0.5502645502645503,0.6363636363636364,-0.5714285714285715,1.8999999999999992,-0.5714285714285714,-0.5853658536585366,0.6444188722669473,-0.05263157894736965,0.7536231884057977,-0.2666666666666657,1
770,0.0,0.8465608465608465,-0.7575757575757577,-0.4285714285714288,-0.20000000000000015,-0.5,-0.14634146341463414,-0.055235903337172744,0.42105263157894784,-0.4637681159420291,-0.39999999999999974,0
1333,0.23809523809523814,-0.5502645502645503,-0.4848484848484849,-0.7142857142857144,-0.25000000000000017,-0.5714285714285714,-0.3170731707317073,-0.4556962025316624,-1.1578947368421066,-1.1014492753623197,-0.3333333333333333,1
131,0.04761904761904746,0.9523809523809524,0.9090909090909093,-0.2857142857142859,1.8999999999999992,1.1428571428571428,2.341463414634146,0.0,-0.3684210526315782,0.23188405797101486,-0.5333333333333327,0
872,-0.4761904761904763,0.1693121693121695,-0.6969696969696971,-1.0,0.2999999999999995,1.5714285714285714,0.1951219512195122,-0.727272727272732,1.1578947368421042,-0.28985507246376857,0.2666666666666669,0
1124,1.333333333333333,-0.507936507936508,0.3333333333333333,-0.4285714285714288,0.05000000000000004,0.21428571428571427,-0.21951219512195122,-0.027617951668611924,-1.0,0.17391304347826114,0.6666666666666666,1
88,-0.09523809523809534,-0.12698412698412712,0.0,-0.4285714285714288,-0.8999999999999999,-0.35714285714285715,-0.17073170731707318,-0.09205983889527088,0.42105263157894784,0.11594202898550743,-0.39999999999999974,0
1483,-0.3333333333333335,0.2539682539682538,0.8484848484848486,-0.14285714285714296,1.6999999999999997,-0.7857142857142857,-0.7073170731707317,0.17951668584579866,0.10526315789473696,-0.28985507246376857,0.06666666666666761,0
331,1.095238095238095,-0.6772486772486775,1.1515151515151516,0.9999999999999993,2.099999999999999,-0.2857142857142857,0.07317073170731707,0.5523590333716764,-0.42105263157894784,0.23188405797101486,1.5333333333333339,1
122,0.4285714285714288,0.12698412698412712,-0.6666666666666667,0.0,1.9499999999999993,0.0,0.43902439024390244,-0.2761795166858637,-0.5263157894736848,-0.11594202898550743,0.4666666666666674,1
1045,-0.7142857142857144,-0.5502645502645503,0.21212121212121215,1.5714285714285705,-1.6999999999999997,-0.14285714285714285,0.36585365853658536,-1.776754890678912,0.26315789473684126,0.0,1.3333333333333333,1
1131,0.5714285714285712,0.3386243386243385,-0.787878787878788,-0.4285714285714288,-1.100000000000005,-0.6428571428571429,-0.6829268292682927,0.41426927502877003,-0.6842105263157892,0.057971014492753714,0.13333333333333405,1
1295,0.14285714285714238,0.4867724867724868,-0.4848484848484849,-0.14285714285714296,-0.35000000000000026,0.7857142857142857,0.5365853658536586,-0.19332566168007906,-0.10526315789473696,0.7536231884057977,0.4666666666666674,1
861,-0.3333333333333335,0.42328042328042326,-0.6060606060606062,0.7142857142857141,-0.1500000000000001,0.07142857142857142,1.146341463414634,0.30379746835442456,1.0526315789473673,-0.4637681159420291,-0.4666666666666662,0
1460,0.0,-1.3544973544973546,0.27272727272727265,-0.7142857142857144,-1.2999999999999998,-0.5,-0.5609756097560976,-1.021864211737619,0.052631578947367315,1.0434782608695663,1.133333333333334,1
1127,-1.0000000000000004,-0.9735449735449738,0.0,-0.7142857142857144,-0.8499999999999999,-0.7857142857142857,-0.6585365853658537,-2.4395857307249336,0.42105263157894784,-0.4637681159420291,2.2000000000000006,1
